Rank,EntryId,EntryName,TimeRemaining,Points,Lineup,,Player,Roster Position,%Drafted,FPTS
1,5183742253,mknob87 (16/20),0,597.5,G Rory McIlroy G Min Woo Lee G Patrick Reed G Tom Kim G Ryan Fox G John Keefer,,Alex Fitzpatrick,G,27.33%,24.5
2,5184426633,jram409 (17/20),0,596.5,G Tommy Fleetwood G Robert MacIntyre G Si Woo Kim G Min Woo Lee G Tom Kim G Matti Schmid,,Tommy Fleetwood,G,24.55%,77.5
3,5185311433,dignan16 (12/20),0,589.5,G Chris Gotterup G Robert MacIntyre G Si Woo Kim G Min Woo Lee G Tom Kim G Nick Taylor,,Matt Fitzpatrick,G,23.02%,106.5
4,5184144534,khp5050 (10/20),0,586.5,G Matt Fitzpatrick G Robert MacIntyre G Kurt Kitayama G Min Woo Lee G Tom Kim G Jesper Svensson,,Tyrrell Hatton,G,19.28%,85
5,5184643537,kytyvince (19/20),0,586,G Matt Fitzpatrick G Wyndham Clark G Tyrrell Hatton G Tom Kim G Ryan Fox G John Keefer,,Wyndham Clark,G,18.24%,85
6,5184927682,dksmith0713 (16/20),0,581.5,G Matt Fitzpatrick G Chris Gotterup G Tyrrell Hatton G Tom Kim G Jordan L. Smith G John Keefer,,Nicolai Hojgaard,G,18.22%,69
7,5185188876,hhubbard (14/20),0,575,G Robert MacIntyre G Tyrrell Hatton G Justin Thomas G Min Woo Lee G Patrick Reed G Tom Kim,,Shane Lowry,G,16.48%,29
8,5183841012,rpough911 (1/15),0,565,G Rory McIlroy G Matt Fitzpatrick G Tom Kim G John Keefer G Mikael Lindberg G Calum Hill,,Chris Gotterup,G,16.32%,79
9,5184148128,rkowitz,0,564,G Matt Fitzpatrick G Wyndham Clark G Si Woo Kim G Patrick Reed G Tom Kim G Matti Schmid,,Tom Kim,G,16.04%,123.5
9,5184824089,MiamiSKC (4/20),0,564,G Matt Fitzpatrick G Tommy Fleetwood G Si Woo Kim G Tom Kim G Corey Conners G John Keefer,,Rory McIlroy,G,15.50%,92
11,5184257387,chacchi (3/3),0,559,G Wyndham Clark G Robert MacIntyre G Tyrrell Hatton G Tom Kim G Ryan Gerard G Victor Perez,,Ludvig Aberg,G,15.17%,29.5
11,5185143815,auweglman (15/20),0,559,G Rory McIlroy G Si Woo Kim G Min Woo Lee G Tom Kim G Casey Jarvis G Oliver Lindell,,Xander Schauffele,G,14.92%,22.5
13,5183794451,JcClark18 (1/20),0,558.5,G Tommy Fleetwood G Chris Gotterup G Tyrrell Hatton G Min Woo Lee G Tom Kim G Alejandro Del Rey,,Kristoffer Reitan,G,13.61%,24.5
14,5184880653,dcuff (9/20),0,557,G Tommy Fleetwood G Wyndham Clark G Tyrrell Hatton G Min Woo Lee G Tom Kim G Laurie Canter,,Robert MacIntyre,G,13.13%,110.5
15,5183506948,TattersDean (1/20),0,556.5,G Matt Fitzpatrick G Tommy Fleetwood G Min Woo Lee G Nicolai Hojgaard G Tom Kim G Calum Hill,,Justin Thomas,G,11.91%,60
15,5184586164,cjharden (1/2),0,556.5,G Wyndham Clark G Robert MacIntyre G Tyrrell Hatton G Nicolai Hojgaard G Tom Kim G Victor Perez,,Aaron Rai,G,11.80%,23
15,5185297933,rhowell3569 (4/20),0,556.5,G Rory McIlroy G Robert MacIntyre G Tom Kim G Corey Conners G Sudarshan Yellamaraju G John Keefer,,Scottie Scheffler,G,11.72%,30
15,5185336934,jcrowepls (3/3),0,556.5,G Tommy Fleetwood G Si Woo Kim G Kurt Kitayama G Min Woo Lee G Patrick Reed G Tom Kim,,Kurt Kitayama,G,11.06%,69.5
19,5185282529,ajbryk (10/11),0,555.5,G Matt Fitzpatrick G Robert MacIntyre G Min Woo Lee G Nicolai Hojgaard G Tom Kim G Sepp Straka,,Patrick Reed,G,10.56%,80
20,5184104416,TEDDYB12345y (1/4),0,555,G Tommy Fleetwood G Robert MacIntyre G Kurt Kitayama G Min Woo Lee G Tom Kim G Corey Conners,,Viktor Hovland,G,10.30%,79.5
20,5184432866,sclott22 (3/7),0,555,G Tommy Fleetwood G Robert MacIntyre G Tyrrell Hatton G Min Woo Lee G Rasmus Hojgaard G Victor Perez,,Oliver Lindell,G,10.12%,63
20,5184432868,sclott22 (5/7),0,555,G Tommy Fleetwood G Wyndham Clark G Robert MacIntyre G Min Woo Lee G Rasmus Hojgaard G Victor Perez,,Si Woo Kim,G,9.47%,90
20,5184896496,Tiny_Classified_Ads (17/20),0,555,G Matt Fitzpatrick G Tommy Fleetwood G Tyrrell Hatton G Tom Kim G Jordan L. Smith G Victor Perez,,Sahith Theegala,G,9.14%,54
24,5184432867,sclott22 (4/7),0,554.5,G Viktor Hovland G Robert MacIntyre G Tyrrell Hatton G Min Woo Lee G Patrick Reed G Victor Perez,,Min Woo Lee,G,8.75%,116
25,5184573877,diegoseis (18/20),0,554,G Matt Fitzpatrick G Robert MacIntyre G Min Woo Lee G Nicolai Hojgaard G Tom Kim G Kevin Yu,,Adam Scott,G,8.24%,55.5
26,5184491794,bearpaw8791 (6/10),0,553.5,G Chris Gotterup G Robert MacIntyre G Min Woo Lee G Nicolai Hojgaard G Adam Scott G Tom Kim,,Corey Conners,G,7.80%,58
27,5183586937,rawf (1/8),0,552.5,G Chris Gotterup G Wyndham Clark G Min Woo Lee G Nicolai Hojgaard G Patrick Reed G Tom Kim,,Jake Knapp,G,7.49%,24
28,5185303312,AbeD4,0,552,G Matt Fitzpatrick G Robert MacIntyre G Si Woo Kim G Tom Kim G Corey Conners G Michael Brennan,,Eugenio Lopez-Chacarra,G,6.64%,58.5
29,5184112112,TEDDYB12345y (3/4),0,551,G Tommy Fleetwood G Robert MacIntyre G Kurt Kitayama G Min Woo Lee G Tom Kim G Sahith Theegala,,Jon Rahm,G,6.55%,69
30,5184966425,Klyde56 (20/20),0,550.5,G Chris Gotterup G Wyndham Clark G Kurt Kitayama G Min Woo Lee G Tom Kim G Ryan Fox,,Patrick Cantlay,G,6.46%,31
31,5185264942,jberg2222 (1/4),0,548,G Matt Fitzpatrick G Wyndham Clark G Robert MacIntyre G Tom Kim G Corey Conners G Nicolas Echavarria,,Marco Penge,G,6.27%,30
32,5183747145,harley122 (1/12),0,547.5,G Tommy Fleetwood G Chris Gotterup G Min Woo Lee G Patrick Reed G Tom Kim G Ryan Gerard,,Victor Perez,G,6.20%,83.5
32,5184582452,debborn,0,547.5,G Matt Fitzpatrick G Robert MacIntyre G Justin Thomas G Kurt Kitayama G Tom Kim G Alejandro Del Rey,,Doug Ghim,G,6.20%,31.5
32,5184848117,2briar (10/20),0,547.5,G Matt Fitzpatrick G Robert MacIntyre G Tyrrell Hatton G Tom Kim G Corey Conners G Calum Hill,,Ryan Gerard,G,6.18%,71.5
35,5183861967,youngbc107 (1/2),0,546.5,G Wyndham Clark G Viktor Hovland G Robert MacIntyre G Nicolai Hojgaard G Tom Kim G Jordan L. Smith,,Harris English,G,5.73%,25.5
36,5183985351,baaaariggs (3/8),0,546,G Wyndham Clark G Viktor Hovland G Robert MacIntyre G Patrick Reed G Tom Kim G Brian Harman,,Bud Cauley,G,5.69%,14
37,5185286051,tpsreportstx (8/20),0,545,G Matt Fitzpatrick G Wyndham Clark G Si Woo Kim G Min Woo Lee G Victor Perez G Calum Hill,,Jesper Svensson,G,5.47%,60.5
37,5185298363,rhowell3569 (5/20),0,545,G Rory McIlroy G Robert MacIntyre G Patrick Reed G Nick Taylor G Victor Perez G John Keefer,,Eric Cole,G,5.44%,47
39,5184143558,Heavyd88 (3/5),0,544,G Matt Fitzpatrick G Tommy Fleetwood G Robert MacIntyre G Tom Kim G Brian Harman G Andrew Putnam,,Brian Harman,G,5.26%,67.5
39,5184860005,ajwert (1/3),0,544,G Matt Fitzpatrick G Wyndham Clark G Robert MacIntyre G Tom Kim G Corey Conners G Jesper Svensson,,J.J. Spaun,G,4.91%,66
41,5183653754,ronmexicoburgundy (10/20),0,541.5,G Robert MacIntyre G Si Woo Kim G Kurt Kitayama G Min Woo Lee G Brooks Koepka G Tom Kim,,Brooks Koepka,G,4.77%,32
42,5183979850,6Tino4 (6/6),0,540.5,G Chris Gotterup G Wyndham Clark G Tyrrell Hatton G Tom Kim G Michael Thorbjornsen G Mac Meissner,,David Puig,G,4.51%,36
42,5184723563,sellycell17 (7/10),0,540.5,G Wyndham Clark G Robert MacIntyre G Tyrrell Hatton G Nicolai Hojgaard G Tom Kim G Brian Harman,,Ryan Fox,G,4.42%,77.5
42,5185072781,brianpalladino,0,540.5,G Matt Fitzpatrick G Si Woo Kim G Min Woo Lee G Alex Fitzpatrick G Patrick Reed G Tom Kim,,Matt Wallace,G,4.03%,20.5
42,5185180989,Mige1 (20/20),0,540.5,G Tommy Fleetwood G Robert MacIntyre G Tyrrell Hatton G Min Woo Lee G Tom Kim G Zachary Bauchou,,Alex Smalley,G,3.79%,24
46,5184143556,Heavyd88 (1/5),0,539,G Chris Gotterup G Wyndham Clark G Robert MacIntyre G Nicolai Hojgaard G Tom Kim G Marcus Armitage,,Kevin Yu,G,3.72%,28.5
47,5185170126,meyers2305 (19/20),0,538.5,G Matt Fitzpatrick G Wyndham Clark G Min Woo Lee G Jake Knapp G Tom Kim G Victor Perez,,Mac Meissner,G,3.69%,71.5
48,5184941119,cashyobe (19/20),0,538,G Matt Fitzpatrick G Tommy Fleetwood G Wyndham Clark G Tom Kim G Rasmus Hojgaard G Oliver Lindell,,Sam Stevens,G,3.56%,26.5
48,5185286050,tpsreportstx (7/20),0,538,G Matt Fitzpatrick G Chris Gotterup G Si Woo Kim G Min Woo Lee G Victor Perez G Oliver Lindell,,Michael Brennan,G,3.56%,63.5
50,5184086459,clamdiggerball (2/20),0,537,G Matt Fitzpatrick G Chris Gotterup G Tyrrell Hatton G Patrick Reed G Tom Kim G Oliver Lindell,,Nick Taylor,G,3.29%,70.5
50,5184256021,clausing999,0,537,G Chris Gotterup G Wyndham Clark G Robert MacIntyre G Tom Kim G Brian Harman G Mac Meissner,,Angel Ayora Fanegas,G,3.18%,29
50,5184279708,shooberto (6/8),0,537,G Matt Fitzpatrick G Chris Gotterup G Tyrrell Hatton G Patrick Reed G Tom Kim G Oliver Lindell,,Alex Noren,G,3.06%,20
50,5185369679,ryno2siu (2/2),0,537,G Chris Gotterup G Wyndham Clark G Robert MacIntyre G Adam Scott G Tom Kim G Victor Perez,,Harry Hall,G,2.99%,26
54,5184514208,naughttj (19/20),0,536.5,G Matt Fitzpatrick G Tommy Fleetwood G Wyndham Clark G Tom Kim G Victor Perez G Jesper Svensson,,Jordan L. Smith,G,2.82%,79
54,5184646277,bastropgambler (1/6),0,536.5,G Chris Gotterup G Si Woo Kim G Kurt Kitayama G Min Woo Lee G Tom Kim G Eugenio Lopez-Chacarra,,Calum Hill,G,2.79%,64
54,5184912879,theSScorona,0,536.5,G Matt Fitzpatrick G Wyndham Clark G Si Woo Kim G Tom Kim G Sahith Theegala G Ryan Fox,,Sepp Straka,G,2.73%,30
54,5185310460,peytman (5/10),0,536.5,G Robert MacIntyre G Tyrrell Hatton G Si Woo Kim G Nicolai Hojgaard G Tom Kim G Eugenio Lopez-Chacarra,,Aldrich Potgieter,G,2.59%,32
58,5185127367,DFeerrar (15/15),0,536,G Matt Fitzpatrick G Robert MacIntyre G Tyrrell Hatton G Tom Kim G Doug Ghim G Jordan L. Smith,,Sungjae Im,G,2.54%,18
59,5184831602,meesedrum7 (2/2),0,535.5,G Matt Fitzpatrick G Robert MacIntyre G Si Woo Kim G Tom Kim G Corey Conners G Eric Cole,,John Parry,G,2.47%,18
59,5185265665,WadeMan2424 (8/20),0,535.5,G Matt Fitzpatrick G Chris Gotterup G Si Woo Kim G Tom Kim G Ryan Gerard G Ricky Castillo,,Rasmus Hojgaard,G,2.44%,82.5
61,5184723560,sellycell17 (4/10),0,535,G Viktor Hovland G Robert MacIntyre G Tyrrell Hatton G Nicolai Hojgaard G Tom Kim G Brian Harman,,Hennie Du Plessis,G,2.39%,53
61,5185383445,jdsalter25 (8/15),0,535,G Matt Fitzpatrick G Viktor Hovland G Tyrrell Hatton G Patrick Reed G Tom Kim G Jesper Svensson,,Austin Eckroat,G,2.35%,71
63,5184000884,paul937,0,534.5,G Tommy Fleetwood G Wyndham Clark G Robert MacIntyre G Tom Kim G Brian Harman G Nick Taylor,,Bernd Wiesberger,G,2.35%,32.5
63,5184126889,coldcut1984,0,534.5,G Matt Fitzpatrick G Chris Gotterup G Wyndham Clark G Tom Kim G Ryan Fox G Oliver Lindell,,Michael Kim,G,2.34%,27
65,5183863351,woodsheddrew (9/20),0,534,G Matt Fitzpatrick G Viktor Hovland G Si Woo Kim G Michael Thorbjornsen G Rasmus Hojgaard G Jordan L. Smith,,Daniel Hillier,G,2.21%,23
65,5184285851,TheBlueFinch (1/2),0,534,G Wyndham Clark G Robert MacIntyre G Tyrrell Hatton G Kurt Kitayama G Tom Kim G Jesper Svensson,,Pierceson Coody,G,2.21%,21
67,5184514625,darbyfootball (7/20),0,533.5,G Rory McIlroy G Robert MacIntyre G Tom Kim G Corey Conners G Ryan Fox G Marcus Armitage,,Tom McKibbin,G,2.17%,69
67,5184718722,davedes (3/9),0,533.5,G Robert MacIntyre G Tyrrell Hatton G Kurt Kitayama G Min Woo Lee G Shane Lowry G Tom Kim,,Ricky Castillo,G,2.14%,65
67,5185287952,WadeMan2424 (11/20),0,533.5,G Matt Fitzpatrick G Chris Gotterup G Wyndham Clark G Tom Kim G Jordan L. Smith G Jesper Svensson,,Andrew Putnam,G,2.07%,58.5
70,5183571934,ARockyW (8/20),0,533,G Matt Fitzpatrick G Tyrrell Hatton G Min Woo Lee G Alex Fitzpatrick G Tom Kim G Ryan Fox,,Sudarshan Yellamaraju,G,1.93%,64
70,5184458662,tbird1957 (1/3),0,533,G Matt Fitzpatrick G Wyndham Clark G Robert MacIntyre G Patrick Reed G Tom Kim G Grant Forrest,,Grant Forrest,G,1.76%,27.5
70,5185389737,jdsalter25 (13/15),0,533,G Matt Fitzpatrick G Wyndham Clark G Tyrrell Hatton G Tom Kim G Sahith Theegala G Jordan L. Smith,,Nicolas Echavarria,G,1.69%,64.5
73,5183794462,JcClark18 (12/20),0,532.5,G Rory McIlroy G Min Woo Lee G Nicolai Hojgaard G Tom Kim G Andrew Novak G Victor Perez,,Hao-Tong Li,G,1.63%,28.5
74,5183798110,hustlemania83 (13/20),0,531.5,G Chris Gotterup G Wyndham Clark G Robert MacIntyre G Nicolai Hojgaard G Tom Kim G Nicolas Echavarria,,Ewen Ferguson,G,1.60%,34
74,5184971865,bisht93375 (3/3),0,531.5,G Chris Gotterup G Wyndham Clark G Robert MacIntyre G Nicolai Hojgaard G Tom Kim G Nicolas Echavarria,,Michael Thorbjornsen,G,1.59%,96.5
76,5183547374,hardhatman (17/20),0,531,G Wyndham Clark G Robert MacIntyre G Tyrrell Hatton G Patrick Reed G Tom Kim G Eric Cole,,Marcus Armitage,G,1.53%,72
77,5184131471,FortGarryLions (18/20),0,530.5,G Matt Fitzpatrick G Robert MacIntyre G Tyrrell Hatton G Nicolai Hojgaard G Tom Kim G Antoine Rozner,,Andrew Novak,G,1.46%,48.5
77,5184343188,d1na (18/20),0,530.5,G Matt Fitzpatrick G Wyndham Clark G Nicolai Hojgaard G Tom Kim G Victor Perez G Oliver Lindell,,Antoine Rozner,G,1.44%,36
77,5185276288,sclott22 (7/7),0,530.5,G Tommy Fleetwood G Robert MacIntyre G Tyrrell Hatton G Min Woo Lee G Corey Conners G Victor Perez,,Matthew McCarty,G,1.42%,31.5
77,5185383488,Hoodbachi,0,530.5,G Matt Fitzpatrick G Tyrrell Hatton G Si Woo Kim G Tom Kim G Corey Conners G Brian Harman,,Max Greyserman,G,1.34%,65
81,5183631994,Trog69 (3/20),0,530,G Matt Fitzpatrick G Tommy Fleetwood G Robert MacIntyre G Tom Kim G Victor Perez G Kevin Yu,,Matti Schmid,G,1.32%,79
81,5185087127,Plug3154 (11/20),0,530,G Chris Gotterup G Wyndham Clark G Tyrrell Hatton G Patrick Reed G Tom Kim G Ryan Fox,,Jayden Trey Schaper,G,1.30%,32.5
83,5183539176,sdforever51 (2/2),0,529.5,G Tommy Fleetwood G Wyndham Clark G Robert MacIntyre G Nicolai Hojgaard G Tom Kim G Calum Hill,,Alejandro Del Rey,G,1.26%,77.5
83,5184139403,ziggitywood (8/20),0,529.5,G Matt Fitzpatrick G Chris Gotterup G Robert MacIntyre G Michael Thorbjornsen G John Keefer G Hao-Tong Li,,Padraig Harrington,G,1.18%,17
83,5184441135,sclott22 (6/7),0,529.5,G Tommy Fleetwood G Robert MacIntyre G Tyrrell Hatton G Min Woo Lee G Corey Conners G Rasmus Hojgaard,,Billy Horschel,G,1.11%,25
86,5183871949,Sportmeister77 (2/20),0,529,G Tommy Fleetwood G Robert MacIntyre G Tyrrell Hatton G Kurt Kitayama G Tom Kim G Oliver Lindell,,Kota Kaneko,G,1.09%,18.5
86,5184673850,CARBONIUMION-1 (6/10),0,529,G Robert MacIntyre G Tyrrell Hatton G Kurt Kitayama G Min Woo Lee G Alex Fitzpatrick G Tom Kim,,Rasmus Neergaard-Petersen,G,1.05%,69
86,5185165951,iowahawks40 (2/20),0,529,G Matt Fitzpatrick G Tyrrell Hatton G Min Woo Lee G Nicolai Hojgaard G Tom Kim G Angel Ayora Fanegas,,Taylor Moore,G,1.05%,17.5
86,5185442936,4squires20 (2/7),0,529,G Robert MacIntyre G Tyrrell Hatton G Kurt Kitayama G Min Woo Lee G Kristoffer Reitan G Tom Kim,,Mikael Lindberg,G,1.03%,70.5
90,5184687539,surratl (3/3),0,528.5,G Rory McIlroy G Matt Fitzpatrick G Tom Kim G Sudarshan Yellamaraju G Mikael Lindberg G Marcus Armitage,,John Keefer,G,1.03%,108.5
90,5185350902,redawg5411,0,528.5,G Matt Fitzpatrick G Chris Gotterup G Robert MacIntyre G Si Woo Kim G Marcus Armitage G Shaun Norris,,Niklas Norgaard Moller,G,1.02%,25.5
92,5184045246,dingodemon,0,527.5,G Matt Fitzpatrick G Chris Gotterup G Si Woo Kim G Min Woo Lee G Darius Van Driel G Austin Eckroat,,Zachary Bauchou,G,1.01%,28
92,5185039206,Tavius87 (14/20),0,527.5,G Matt Fitzpatrick G Viktor Hovland G Robert MacIntyre G Tom Kim G Eric Cole G Jesper Svensson,,Daniel Rodrigues,G,0.95%,23.5
94,5184171835,raiderdad3028 (7/20),0,527,G Matt Fitzpatrick G Tyrrell Hatton G Min Woo Lee G Alex Fitzpatrick G Tom Kim G Ryan Gerard,,Casey Jarvis,G,0.90%,74.5
94,5184692484,kacktrey7 (2/20),0,527,G Rory McIlroy G Tyrrell Hatton G Patrick Reed G Tom Kim G Victor Perez G Oliver Lindell,,Erik Van Rooyen,G,0.88%,29
94,5184723557,sellycell17 (1/10),0,527,G Viktor Hovland G Tyrrell Hatton G Si Woo Kim G Nicolai Hojgaard G Patrick Reed G Tom Kim,,Thorbjorn Olesen,G,0.87%,28.5
94,5184896481,Tiny_Classified_Ads (2/20),0,527,G Matt Fitzpatrick G Chris Gotterup G Tyrrell Hatton G Adam Scott G Tom Kim G Alejandro Del Rey,,Baekjun Kim,G,0.82%,18.5
94,5185190210,anyglen (2/2),0,527,G Viktor Hovland G Tyrrell Hatton G Si Woo Kim G Nicolai Hojgaard G Patrick Reed G Tom Kim,,Matthieu Pavon,G,0.67%,20.5
99,5183990794,motherjones (2/2),0,526.5,G Matt Fitzpatrick G Robert MacIntyre G Tyrrell Hatton G Shane Lowry G Tom Kim G Marcus Armitage,,Darius Van Driel,G,0.60%,65
99,5184692495,kacktrey7 (13/20),0,526.5,G Matt Fitzpatrick G Robert MacIntyre G Justin Thomas G Tom Kim G Eugenio Lopez-Chacarra G Brian Harman,,Shaun Norris,G,0.56%,70.5
101,5183810250,steemkatz (17/20),0,526,G Matt Fitzpatrick G Viktor Hovland G Tyrrell Hatton G Tom Kim G Brian Harman G Sudarshan Yellamaraju,,Laurie Canter,G,0.56%,70
101,5184896484,Tiny_Classified_Ads (5/20),0,526,G Matt Fitzpatrick G Chris Gotterup G Tyrrell Hatton G Kurt Kitayama G John Keefer G Alejandro Del Rey,,Adrian Meronk,G,0.53%,28.5
103,5184114015,TEDDYB12345y (4/4),0,525.5,G Tommy Fleetwood G Robert MacIntyre G Min Woo Lee G Nicolai Hojgaard G Shane Lowry G Tom Kim,,Nicolai Von Dellingshausen,G,0.53%,62
103,5184645637,ltjimdangle9 (3/5),0,525.5,G Viktor Hovland G Robert MacIntyre G Tyrrell Hatton G Nicolai Hojgaard G Tom Kim G Corey Conners,,Kevin Roy,G,0.51%,82
105,5183547363,hardhatman (6/20),0,525,G Chris Gotterup G Robert MacIntyre G Tyrrell Hatton G Patrick Reed G Tom Kim G Eric Cole,,Dan Bradbury,G,0.51%,43.5
105,5185134982,joeyorion55 (5/5),0,525,G Matt Fitzpatrick G Tommy Fleetwood G Min Woo Lee G Marco Penge G Tom Kim G Mac Meissner,,Max McGreevy,G,0.49%,27
105,5185426709,airman5384 (1/3),0,525,G Matt Fitzpatrick G Robert MacIntyre G Tyrrell Hatton G Tom Kim G Matt Wallace G Jordan L. Smith,,Andy Sullivan,G,0.48%,69.5
108,5183976087,chickquan (2/4),0,523.5,G Matt Fitzpatrick G Si Woo Kim G Kurt Kitayama G Min Woo Lee G Tom Kim G Sungjae Im,,Richard Mansell,G,0.47%,25.5
108,5184770319,Killerbeees (8/12),0,523.5,G Matt Fitzpatrick G Si Woo Kim G Kurt Kitayama G Min Woo Lee G Tom Kim G Sungjae Im,,Mark Hubbard,G,0.45%,21.5
108,5184788768,Patsfan688 (14/20),0,523.5,G Matt Fitzpatrick G Si Woo Kim G Kurt Kitayama G Min Woo Lee G Tom Kim G Sungjae Im,,Brandt Snedeker,G,0.43%,22.5
111,5184047971,bett2112 (9/20),0,523,G Robert MacIntyre G Si Woo Kim G Justin Thomas G Min Woo Lee G Aaron Rai G Tom Kim,,Martin Couvra,G,0.43%,16.5
111,5184260198,bigosillusions,0,523,G Tommy Fleetwood G Viktor Hovland G Tyrrell Hatton G Patrick Reed G Tom Kim G Ryan Fox,,Freddy Schott,G,0.41%,13
113,5184724063,debeers (1/8),0,522.5,G Matt Fitzpatrick G Chris Gotterup G Robert MacIntyre G Ryan Gerard G Mac Meissner G Victor Perez,,Austin Smotherman,G,0.39%,19
113,5185164343,mrrutexas (2/20),0,522.5,G Tommy Fleetwood G Robert MacIntyre G Tyrrell Hatton G Kurt Kitayama G Mac Meissner G John Keefer,,Chris Kirk,G,0.37%,65
115,5185295049,colemandizzy,0,522,G Matt Fitzpatrick G Wyndham Clark G Tyrrell Hatton G Min Woo Lee G Eugenio Lopez-Chacarra G Austin Eckroat,,Joost Luiten,G,0.36%,76
116,5183717103,Brianeli29 (10/20),0,521.5,G Rory McIlroy G Tommy Fleetwood G Tom Kim G Brian Harman G Victor Perez G Alejandro Del Rey,,Francesco Molinari,G,0.36%,84
116,5184933360,rumrunner72 (4/20),0,521.5,G Matt Fitzpatrick G Si Woo Kim G Min Woo Lee G Ryan Gerard G Casey Jarvis G Oliver Lindell,,Keita Nakajima,G,0.35%,100.5
116,5185279454,youngster201 (7/10),0,521.5,G Matt Fitzpatrick G Wyndham Clark G Robert MacIntyre G Tom Kim G Brian Harman G Kevin Yu,,Jordan Gumberg,G,0.31%,28.5
119,5183520908,GEEZY1981 (1/2),0,521,G Chris Gotterup G Robert MacIntyre G Si Woo Kim G Min Woo Lee G Ryan Gerard G Sahith Theegala,,Nacho Elvira,G,0.27%,47
119,5183520927,GEEZY1981 (2/2),0,521,G Chris Gotterup G Robert MacIntyre G Si Woo Kim G Min Woo Lee G Ryan Gerard G Sahith Theegala,,Thriston Lawrence,G,0.27%,15.5
119,5184699066,KDKelleys (4/4),0,521,G Matt Fitzpatrick G Chris Gotterup G Robert MacIntyre G Tom Kim G Sungjae Im G Victor Perez,,Marcel Siem,G,0.25%,21
119,5185115558,ckat1985 (16/20),0,521,G Rory McIlroy G Wyndham Clark G Tom Kim G Brian Harman G Rasmus Hojgaard G Mikael Lindberg,,Dylan Frittelli,G,0.25%,36
119,5185377352,jdsalter25 (5/15),0,521,G Wyndham Clark G Viktor Hovland G Tyrrell Hatton G Nicolai Hojgaard G Tom Kim G Jordan L. Smith,,Matteo Manassero,G,0.23%,24.5
119,5185384058,jdsalter25 (9/15),0,521,G Wyndham Clark G Viktor Hovland G Tyrrell Hatton G Nicolai Hojgaard G Tom Kim G Jordan L. Smith,,Pablo Larrazabal,G,0.23%,24.5
125,5185386667,Dendogg86 (13/20),0,520.5,G Chris Gotterup G Wyndham Clark G Robert MacIntyre G Tyrrell Hatton G Victor Perez G Alejandro Del Rey,,Junghwan Lee,G,0.23%,21
126,5184535614,tom4texans (1/4),0,520,G Matt Fitzpatrick G Chris Gotterup G Wyndham Clark G Tom Kim G Sahith Theegala G Marcus Armitage,,Adrian Otaegui,G,0.22%,21
126,5184927685,dksmith0713 (19/20),0,520,G Matt Fitzpatrick G Chris Gotterup G Viktor Hovland G Tom Kim G Daniel Hillier G John Keefer,,Connor Syme,G,0.22%,19.5
126,5185300746,Sheening,0,520,G Rory McIlroy G Robert MacIntyre G Tom Kim G Michael Thorbjornsen G Tom McKibbin G Thorbjorn Olesen,,Joakim Lagergren,G,0.22%,28.5
129,5185205607,Clydeahart (1/4),0,519.5,G Chris Gotterup G Wyndham Clark G Min Woo Lee G Nicolai Hojgaard G Tom Kim G Eric Cole,,Davis Riley,G,0.22%,58.5
130,5184911640,darragh8 (10/20),0,519,G Rory McIlroy G Robert MacIntyre G Kurt Kitayama G Victor Perez G Keita Nakajima G Oliver Lindell,,Julien Guerrier,G,0.20%,24.5
130,5185243527,eebob2072 (8/8),0,519,G Jon Rahm G Tyrrell Hatton G Patrick Reed G Tom Kim G Rasmus Hojgaard G Jordan L. Smith,,Ashun Wu,G,0.18%,24.5
132,5183859895,giboceps (8/20),0,518.5,G Matt Fitzpatrick G Tommy Fleetwood G Chris Gotterup G Tom Kim G Tom McKibbin G Oliver Lindell,,Paul Waring,G,0.17%,26
132,5184075770,youdontsay (1/2),0,518.5,G Matt Fitzpatrick G Chris Gotterup G Viktor Hovland G Tom Kim G Mac Meissner G Andrew Putnam,,Jacques Kruyswijk,G,0.17%,55.5
132,5184229969,ritztiki (8/8),0,518.5,G Rory McIlroy G Robert MacIntyre G Min Woo Lee G Corey Conners G Matti Schmid G Oliver Lindell,,Seungbin Choi,G,0.16%,23
132,5184582630,pack88 (15/16),0,518.5,G Matt Fitzpatrick G Wyndham Clark G Robert MacIntyre G Tyrrell Hatton G Jesper Svensson G Austin Eckroat,,Frederic Lacroix,G,0.15%,13.5
132,5185020563,mika0015 (1/10),0,518.5,G Matt Fitzpatrick G Viktor Hovland G Robert MacIntyre G Patrick Reed G Ryan Gerard G Mikael Lindberg,,Richard Sterne,G,0.15%,23
132,5185282760,hustleboy (1/2),0,518.5,G Matt Fitzpatrick G Chris Gotterup G Patrick Reed G Tom Kim G Corey Conners G Mac Meissner,,David Ravetto,G,0.15%,20
138,5183963618,tuggmc (4/7),0,518,G Matt Fitzpatrick G Viktor Hovland G Min Woo Lee G Nicolai Hojgaard G Michael Brennan G Victor Perez,,Karl Vilips,G,0.14%,75.5
138,5184270145,cbizz151 (7/20),0,518,G Viktor Hovland G Tyrrell Hatton G Si Woo Kim G Min Woo Lee G Tom Kim G Alex Smalley,,Daniel Brown,G,0.13%,34.5
138,5184612229,pnf2,0,518,G Wyndham Clark G Robert MacIntyre G Si Woo Kim G Shane Lowry G Patrick Reed G Tom Kim,,Ryggs Johnston,G,0.12%,22
138,5185348803,Dakota945,0,518,G Matt Fitzpatrick G Chris Gotterup G Si Woo Kim G Tom Kim G Sahith Theegala G Ricky Castillo,,Cameron Davis,G,0.12%,71
138,5185438983,BaronVon89 (6/9),0,518,G Matt Fitzpatrick G Viktor Hovland G Robert MacIntyre G Patrick Reed G Ryan Fox G Calum Hill,,Guido Migliozzi,G,0.11%,60
143,5184086474,clamdiggerball (17/20),0,517.5,G Rory McIlroy G Wyndham Clark G Tom Kim G Ryan Fox G Jordan L. Smith G Jesper Svensson,,Danny Willett,G,0.11%,69.5
143,5185168044,TurboTime95 (17/20),0,517.5,G Matt Fitzpatrick G Robert MacIntyre G Tyrrell Hatton G Shane Lowry G Tom Kim G Oliver Lindell,,Brian Campbell,G,0.11%,21.5
145,5184503382,jrstanjr (2/3),0,517,G Matt Fitzpatrick G Viktor Hovland G Nicolai Hojgaard G Patrick Reed G Tom Kim G Eugenio Lopez-Chacarra,,Yuto Katsuragawa,G,0.11%,53
145,5185143461,gjcampbell7 (8/8),0,517,G Tommy Fleetwood G Viktor Hovland G Robert MacIntyre G Tom Kim G Eugenio Lopez-Chacarra G Brian Harman,,Rikuya Hoshino,G,0.10%,18
147,5184987665,JLR1985 (7/20),0,516.5,G Chris Gotterup G Robert MacIntyre G Tyrrell Hatton G J.J. Spaun G Brian Harman G John Keefer,,Scott Jamieson,G,0.09%,48.5
147,5185004979,texasfrog90 (9/13),0,516.5,G Matt Fitzpatrick G Tyrrell Hatton G Kurt Kitayama G Nicolai Hojgaard G Tom Kim G Oliver Lindell,,Angel Hidalgo,G,0.08%,23
149,5184279705,shooberto (3/8),0,516,G Rory McIlroy G Tommy Fleetwood G Tom Kim G Ryan Fox G Rasmus Hojgaard G Oliver Lindell,,Taehoon Ok,G,0.07%,18.5
149,5185077175,anon1983 (10/20),0,516,G Wyndham Clark G Robert MacIntyre G Kurt Kitayama G Nicolai Hojgaard G Tom Kim G Eugenio Lopez-Chacarra,,Adrien Saddier,G,0.06%,60
151,5184521498,gman26 (3/20),0,515,G Matt Fitzpatrick G Tommy Fleetwood G Min Woo Lee G Nicolai Hojgaard G Michael Brennan G Rasmus Hojgaard,,Yurav Premlall,G,0.06%,16
151,5185384175,jdsalter25 (10/15),0,515,G Chris Gotterup G Viktor Hovland G Tyrrell Hatton G Nicolai Hojgaard G Tom Kim G Jordan L. Smith,,Joe Highsmith,G,0.06%,25.5
153,5185000957,twit (2/2),0,514.5,G Matt Fitzpatrick G Si Woo Kim G Min Woo Lee G Alex Fitzpatrick G Tom Kim G Sahith Theegala,,Charley Hoffman,G,0.04%,22
153,5185126102,Weasel0757 (2/2),0,514.5,G Rory McIlroy G J.J. Spaun G Tom Kim G Michael Thorbjornsen G Sahith Theegala G Rasmus Hojgaard,,Dylan Naidoo,G,0.04%,25
155,5183510578,Astros7 (7/14),0,514,G Tommy Fleetwood G Tyrrell Hatton G Si Woo Kim G Patrick Reed G Tom Kim G Corey Conners,,Johannes Veerman,G,0.02%,24.5
155,5184766715,WentziderRider (16/20),0,514,G Wyndham Clark G Robert MacIntyre G Si Woo Kim G Min Woo Lee G Shane Lowry G Victor Perez,,Ockie Strydom,G,0.01%,26.5
155,5184909855,bkess4807 (7/10),0,514,G Matt Fitzpatrick G Chris Gotterup G Robert MacIntyre G Tom Kim G Brian Harman G Michael Kim,,,
155,5185288586,Teddy2Toes (1/5),0,514,G Matt Fitzpatrick G Robert MacIntyre G Tyrrell Hatton G Kurt Kitayama G Ryan Gerard G Austin Eckroat,,,
159,5184911643,darragh8 (13/20),0,513.5,G Matt Fitzpatrick G Tyrrell Hatton G Si Woo Kim G Justin Thomas G Mac Meissner G Keita Nakajima,,,
160,5184579370,warwagon1,0,513,G Chris Gotterup G Tyrrell Hatton G Si Woo Kim G Adam Scott G Patrick Reed G Tom Kim,,,
160,5185164925,snifterful (7/7),0,513,G Matt Fitzpatrick G Robert MacIntyre G Nicolai Hojgaard G Kristoffer Reitan G Tom Kim G Jordan L. Smith,,,
160,5185273693,draftmeSFS (1/2),0,513,G Matt Fitzpatrick G Robert MacIntyre G Tyrrell Hatton G Alex Fitzpatrick G Tom Kim G Oliver Lindell,,,
163,5184426631,jram409 (15/20),0,512.5,G Wyndham Clark G Robert MacIntyre G Tyrrell Hatton G Si Woo Kim G Tom Kim G Kota Kaneko,,,
164,5183759942,Deethree,0,512,G Matt Fitzpatrick G Wyndham Clark G Robert MacIntyre G Tom Kim G Corey Conners G Kevin Yu,,,
164,5183963615,tuggmc (2/7),0,512,G Robert MacIntyre G Si Woo Kim G Justin Thomas G Kurt Kitayama G Tom Kim G Eugenio Lopez-Chacarra,,,
166,5183742256,mknob87 (19/20),0,511.5,G Matt Fitzpatrick G Tommy Fleetwood G Min Woo Lee G Patrick Reed G Sahith Theegala G Ryan Fox,,,
166,5183798556,preeves4 (19/20),0,511.5,G Jon Rahm G Matt Fitzpatrick G Min Woo Lee G Tom Kim G Niklas Norgaard Moller G Cameron Davis,,,
166,5184195360,Stuckcee (8/20),0,511.5,G Tommy Fleetwood G Robert MacIntyre G Min Woo Lee G Nicolai Hojgaard G Patrick Reed G Eugenio Lopez-Chacarra,,,
166,5184212968,Stuckcee (18/20),0,511.5,G Tommy Fleetwood G Robert MacIntyre G Min Woo Lee G Nicolai Hojgaard G Patrick Reed G Eugenio Lopez-Chacarra,,,
166,5184338500,spielvogela0523 (19/20),0,511.5,G Matt Fitzpatrick G Si Woo Kim G Justin Thomas G Tom Kim G Sahith Theegala G Ryan Fox,,,
166,5184375566,iamtenbears,0,511.5,G Rory McIlroy G Si Woo Kim G Patrick Reed G Tom Kim G Sahith Theegala G Marcus Armitage,,,
166,5184882051,Scotlynn,0,511.5,G Matt Fitzpatrick G Robert MacIntyre G Si Woo Kim G Patrick Reed G Eric Cole G Ryan Fox,,,
173,5184692487,kacktrey7 (5/20),0,511,G Matt Fitzpatrick G Tommy Fleetwood G Tyrrell Hatton G Tom Kim G Corey Conners G Jesper Svensson,,,
174,5183891381,1033 (2/4),0,510.5,G Matt Fitzpatrick G Tommy Fleetwood G Robert MacIntyre G Tom Kim G Corey Conners G Daniel Brown,,,
174,5184675473,spurser (3/5),0,510.5,G Tommy Fleetwood G Wyndham Clark G Viktor Hovland G Tom Kim G Brian Harman G Ryan Fox,,,
176,5183507370,TattersDean (2/20),0,510,G Matt Fitzpatrick G Tommy Fleetwood G Kurt Kitayama G Nicolai Hojgaard G Tom Kim G Calum Hill,,,
176,5183951077,Paddyboy2156 (15/20),0,510,G Robert MacIntyre G Tyrrell Hatton G Si Woo Kim G Kurt Kitayama G Tom Kim G Doug Ghim,,,
176,5184190692,annamw10 (2/2),0,510,G Matt Fitzpatrick G Si Woo Kim G Justin Thomas G Tom Kim G Eugenio Lopez-Chacarra G Ryan Gerard,,,
176,5184364066,SandlotHero (5/13),0,510,G Jon Rahm G Tyrrell Hatton G Patrick Reed G Tom Kim G Tom McKibbin G Victor Perez,,,
176,5184859185,daegusk,0,510,G Rory McIlroy G Wyndham Clark G Tom Kim G Brian Harman G Jordan L. Smith G Oliver Lindell,,,
181,5185036134,HAVA303 (9/20),0,509.5,G Matt Fitzpatrick G Tommy Fleetwood G Robert MacIntyre G Sahith Theegala G Ryan Fox G Victor Perez,,,
181,5185279453,youngster201 (6/10),0,509.5,G Chris Gotterup G Robert MacIntyre G Tyrrell Hatton G Patrick Reed G Tom Kim G Doug Ghim,,,
183,5183717105,Brianeli29 (12/20),0,509,G Tommy Fleetwood G Robert MacIntyre G Tyrrell Hatton G Shane Lowry G Tom Kim G Victor Perez,,,
183,5184868447,stock2mail (11/20),0,509,G Rory McIlroy G Robert MacIntyre G Tom Kim G Mac Meissner G Andrew Novak G Oliver Lindell,,,
183,5184979067,lowprolope,0,509,G Matt Fitzpatrick G Robert MacIntyre G Tyrrell Hatton G Aaron Rai G Tom Kim G Jesper Svensson,,,
183,5185238780,Straw801 (6/12),0,509,G Matt Fitzpatrick G Robert MacIntyre G Tyrrell Hatton G Aaron Rai G Tom Kim G Jesper Svensson,,,
183,5185316435,scooter8174 (18/20),0,509,G Chris Gotterup G Viktor Hovland G Robert MacIntyre G Tom Kim G Eugenio Lopez-Chacarra G Corey Conners,,,
183,5185355473,youngster201 (8/10),0,509,G Matt Fitzpatrick G Wyndham Clark G Viktor Hovland G Tom Kim G Sahith Theegala G Jesper Svensson,,,
189,5183929260,matauer (3/6),0,508.5,G Viktor Hovland G Robert MacIntyre G Tyrrell Hatton G Patrick Reed G Marco Penge G Tom Kim,,,
189,5184043372,Darkmoon52,0,508.5,G Matt Fitzpatrick G Robert MacIntyre G Justin Thomas G Shane Lowry G Tom Kim G Jordan L. Smith,,,
189,5184548956,supatwan,0,508.5,G Matt Fitzpatrick G Chris Gotterup G Min Woo Lee G Aaron Rai G Tom Kim G Jesper Svensson,,,
189,5184648618,msur67,0,508.5,G Matt Fitzpatrick G Chris Gotterup G Tyrrell Hatton G Tom Kim G Sahith Theegala G Jesper Svensson,,,
189,5185297902,davebla (1/2),0,508.5,G Wyndham Clark G Si Woo Kim G Kurt Kitayama G Min Woo Lee G Alex Fitzpatrick G Tom Kim,,,
194,5183686870,kvoight84 (2/13),0,508,G Tommy Fleetwood G Robert MacIntyre G Tyrrell Hatton G Min Woo Lee G Eugenio Lopez-Chacarra G Jesper Svensson,,,
194,5184919363,darbyfootball (18/20),0,508,G Matt Fitzpatrick G Chris Gotterup G J.J. Spaun G Min Woo Lee G Ryan Fox G Oliver Lindell,,,
196,5184290182,Quake33,0,507.5,G Rory McIlroy G Viktor Hovland G Min Woo Lee G Ryan Fox G Mac Meissner G Austin Eckroat,,,
196,5184351135,cwatt1994,0,507.5,G Tommy Fleetwood G Robert MacIntyre G Tyrrell Hatton G Nicolai Hojgaard G Michael Thorbjornsen G Rasmus Neergaard-Petersen,,,
196,5184706923,RunTheBasesMLB (20/20),0,507.5,G Matt Fitzpatrick G Xander Schauffele G Si Woo Kim G Michael Thorbjornsen G Victor Perez G John Keefer,,,
196,5184817188,rgn57,0,507.5,G Tommy Fleetwood G Wyndham Clark G Robert MacIntyre G Min Woo Lee G Sahith Theegala G Nicolas Echavarria,,,
196,5185144328,BSteelz34 (11/20),0,507.5,G Matt Fitzpatrick G Tommy Fleetwood G Robert MacIntyre G Tyrrell Hatton G Oliver Lindell G Darius Van Driel,,,
196,5185339635,dtozz22 (6/20),0,507.5,G Matt Fitzpatrick G Viktor Hovland G Min Woo Lee G Patrick Reed G Corey Conners G Brian Harman,,,
202,5183693338,bigbuckeye71 (13/20),0,507,G Matt Fitzpatrick G Wyndham Clark G Tyrrell Hatton G Kurt Kitayama G Victor Perez G Alejandro Del Rey,,,
202,5184343175,d1na (5/20),0,507,G Matt Fitzpatrick G Tyrrell Hatton G Justin Thomas G Nicolai Hojgaard G Tom Kim G Oliver Lindell,,,
202,5184880661,dcuff (17/20),0,507,G Tommy Fleetwood G Wyndham Clark G Tyrrell Hatton G Justin Thomas G Tom Kim G Joost Luiten,,,
205,5184506593,AresArrow (7/10),0,506.5,G Wyndham Clark G Viktor Hovland G Robert MacIntyre G Tyrrell Hatton G Victor Perez G Oliver Lindell,,,
205,5184506594,AresArrow (8/10),0,506.5,G Wyndham Clark G Viktor Hovland G Robert MacIntyre G Tyrrell Hatton G Victor Perez G Oliver Lindell,,,
205,5184572260,blakethemega (3/10),0,506.5,G Matt Fitzpatrick G Tyrrell Hatton G Kurt Kitayama G Nicolai Hojgaard G Tom Kim G Hennie Du Plessis,,,
205,5184813024,Carrseagles1,0,506.5,G Tyrrell Hatton G Si Woo Kim G Justin Thomas G Min Woo Lee G Brooks Koepka G Tom Kim,,,
205,5184880657,dcuff (13/20),0,506.5,G Tommy Fleetwood G Wyndham Clark G Tyrrell Hatton G J.J. Spaun G Tom Kim G Danny Willett,,,
205,5185160245,Montymack23,0,506.5,G Wyndham Clark G Viktor Hovland G Robert MacIntyre G Tyrrell Hatton G Tom Kim G Richard Sterne,,,
205,5185385814,jdsalter25 (11/15),0,506.5,G Chris Gotterup G Wyndham Clark G Tyrrell Hatton G Patrick Reed G Tom Kim G Sahith Theegala,,,
205,5185429444,LLCHILE (3/3),0,506.5,G Wyndham Clark G Viktor Hovland G Robert MacIntyre G Tyrrell Hatton G Victor Perez G Oliver Lindell,,,
213,5183777052,ThickStick2 (4/20),0,506,G Matt Fitzpatrick G Viktor Hovland G Robert MacIntyre G Aaron Rai G Tom Kim G Oliver Lindell,,,
213,5184582399,nadusku (8/20),0,506,G Matt Fitzpatrick G Justin Thomas G Kurt Kitayama G Nicolai Hojgaard G Tom Kim G Ryan Fox,,,
213,5184769545,bett2112 (17/20),0,506,G Matt Fitzpatrick G Wyndham Clark G Robert MacIntyre G Min Woo Lee G Oliver Lindell G Billy Horschel,,,
213,5185294842,rhowell3569 (1/20),0,506,G Rory McIlroy G Tyrrell Hatton G Tom Kim G Brian Harman G Ryan Fox G Jesper Svensson,,,
217,5185288588,Teddy2Toes (3/5),0,505.5,G Rory McIlroy G Wyndham Clark G Patrick Reed G Tom Kim G Sahith Theegala G Austin Eckroat,,,
218,5183828005,LolaMae01 (4/5),0,505,G Chris Gotterup G Wyndham Clark G Tyrrell Hatton G Kurt Kitayama G Tom Kim G Oliver Lindell,,,
218,5184130802,B32044 (1/20),0,505,G Tommy Fleetwood G Wyndham Clark G Harris English G Min Woo Lee G Tom Kim G Ryan Fox,,,
218,5184573870,diegoseis (11/20),0,505,G Matt Fitzpatrick G Tyrrell Hatton G Nicolai Hojgaard G Kristoffer Reitan G Tom Kim G Michael Thorbjornsen,,,
218,5185132322,Yesman24,0,505,G Rory McIlroy G Tyrrell Hatton G Tom Kim G Corey Conners G Brian Harman G Matti Schmid,,,
218,5185168037,TurboTime95 (10/20),0,505,G Matt Fitzpatrick G Robert MacIntyre G Kurt Kitayama G Alex Fitzpatrick G Tom Kim G Nick Taylor,,,
223,5184343172,d1na (2/20),0,504.5,G Chris Gotterup G Wyndham Clark G Tyrrell Hatton G Nicolai Hojgaard G Tom Kim G Oliver Lindell,,,
223,5184514197,naughttj (8/20),0,504.5,G Tommy Fleetwood G Wyndham Clark G Si Woo Kim G Tom Kim G Corey Conners G Nick Taylor,,,
223,5185326100,fillyfan2002 (12/20),0,504.5,G Matt Fitzpatrick G Si Woo Kim G Kurt Kitayama G Min Woo Lee G Eugenio Lopez-Chacarra G Sudarshan Yellamaraju,,,
226,5184024222,edarbz9 (2/20),0,504,G Matt Fitzpatrick G Viktor Hovland G Min Woo Lee G Adam Scott G Tom Kim G Daniel Hillier,,,
226,5184702417,onealrac11 (3/10),0,504,G Jon Rahm G Robert MacIntyre G Aaron Rai G Tom Kim G Ryan Fox G Keita Nakajima,,,
226,5184801804,slpanthers24 (5/6),0,504,G Tommy Fleetwood G Chris Gotterup G Robert MacIntyre G Min Woo Lee G Corey Conners G Oliver Lindell,,,
226,5184885963,sboynton10 (16/20),0,504,G Matt Fitzpatrick G Robert MacIntyre G Justin Thomas G Patrick Reed G Michael Brennan G Victor Perez,,,
230,5183681822,Wmgarvin09 (6/20),0,503.5,G Matt Fitzpatrick G Tommy Fleetwood G Nicolai Hojgaard G Adam Scott G Tom Kim G Mac Meissner,,,
230,5183846628,princepsmith (2/4),0,503.5,G Rory McIlroy G Si Woo Kim G Patrick Reed G Tom Kim G Sahith Theegala G Calum Hill,,,
230,5184101490,Houli208 (2/6),0,503.5,G Rory McIlroy G Si Woo Kim G Tom Kim G Eugenio Lopez-Chacarra G Jordan L. Smith G Jesper Svensson,,,
230,5184403145,silentjoe4 (1/10),0,503.5,G Matt Fitzpatrick G Si Woo Kim G Kurt Kitayama G Adam Scott G Tom Kim G Eugenio Lopez-Chacarra,,,
230,5184614765,logan7777,0,503.5,G Matt Fitzpatrick G Wyndham Clark G Justin Thomas G Tom Kim G Corey Conners G Nick Taylor,,,
235,5183717107,Brianeli29 (14/20),0,503,G Tommy Fleetwood G Robert MacIntyre G Tyrrell Hatton G Shane Lowry G Tom Kim G Ryan Fox,,,
235,5184233328,FarmHallFalls (2/2),0,503,G Viktor Hovland G Tyrrell Hatton G J.J. Spaun G Nicolai Hojgaard G Patrick Reed G Tom Kim,,,
235,5184520135,weszy (2/20),0,503,G Viktor Hovland G Robert MacIntyre G Si Woo Kim G Min Woo Lee G Alex Fitzpatrick G Rasmus Hojgaard,,,
238,5184857719,Hammerbeck (1/5),0,502.5,G Matt Fitzpatrick G Robert MacIntyre G Justin Thomas G Aaron Rai G Tom Kim G Jordan L. Smith,,,
238,5185401424,CrusadersEagles (2/8),0,502.5,G Matt Fitzpatrick G Robert MacIntyre G Kurt Kitayama G Min Woo Lee G Ryan Gerard G Kevin Yu,,,
240,5183602579,GenaroP (8/20),0,502,G Matt Fitzpatrick G Chris Gotterup G Wyndham Clark G Ryan Fox G Mac Meissner G Rasmus Hojgaard,,,
240,5183654944,mconnolly88 (15/20),0,502,G Ludvig Aberg G Tommy Fleetwood G Robert MacIntyre G Tom Kim G Ryan Fox G Victor Perez,,,
240,5184106243,FortGarryLions (1/20),0,502,G Rory McIlroy G Matt Fitzpatrick G Tom Kim G Victor Perez G Jesper Svensson G Antoine Rozner,,,
240,5184165538,worm1977 (10/20),0,502,G Tommy Fleetwood G Chris Gotterup G Robert MacIntyre G Patrick Reed G Tom Kim G Matthew McCarty,,,
240,5184635352,Bank_Swish_Maniac (1/20),0,502,G Matt Fitzpatrick G Wyndham Clark G Tyrrell Hatton G Kristoffer Reitan G Tom Kim G Alejandro Del Rey,,,
240,5184698388,shyguy15,0,502,G Tommy Fleetwood G Wyndham Clark G Si Woo Kim G Adam Scott G Tom Kim G Nick Taylor,,,
240,5184877206,pranger (5/20),0,502,G Chris Gotterup G Wyndham Clark G Viktor Hovland G Min Woo Lee G Nick Taylor G Marcus Armitage,,,
240,5185432823,gman26 (20/20),0,502,G Matt Fitzpatrick G Robert MacIntyre G Tyrrell Hatton G Alex Noren G Michael Thorbjornsen G Victor Perez,,,
248,5184383944,kenplong (18/20),0,501,G Rory McIlroy G Tyrrell Hatton G Tom Kim G Eugenio Lopez-Chacarra G Jordan L. Smith G Oliver Lindell,,,
248,5184880509,ChrisG95 (17/20),0,501,G Tommy Fleetwood G Si Woo Kim G Justin Thomas G Min Woo Lee G Patrick Reed G Ryan Fox,,,
248,5184890741,pranger (17/20),0,501,G Jon Rahm G Robert MacIntyre G Patrick Reed G Tom Kim G Sahith Theegala G Calum Hill,,,
248,5184918376,Griffdee24 (14/20),0,501,G Chris Gotterup G Si Woo Kim G Kurt Kitayama G Min Woo Lee G Aaron Rai G Tom Kim,,,
252,5183797780,hustlemania83 (12/20),0,500.5,G Chris Gotterup G Wyndham Clark G Viktor Hovland G Nicolai Hojgaard G Tom Kim G Nicolas Echavarria,,,
252,5184251684,BEARATTACK,0,500.5,G Matt Fitzpatrick G Tommy Fleetwood G Si Woo Kim G Patrick Reed G Victor Perez G Oliver Lindell,,,
252,5184859251,flagrentfoul (4/4),0,500.5,G Rory McIlroy G Si Woo Kim G Tom Kim G Eugenio Lopez-Chacarra G Victor Perez G Hennie Du Plessis,,,
252,5185213716,arweaver8 (7/20),0,500.5,G Matt Fitzpatrick G Wyndham Clark G Kurt Kitayama G Adam Scott G Tom Kim G Jesper Svensson,,,
252,5185238785,Straw801 (11/12),0,500.5,G Matt Fitzpatrick G Tommy Fleetwood G Kurt Kitayama G Min Woo Lee G Nicolai Hojgaard G Nicolai Von Dellingshausen,,,
252,5185284541,evarze (3/3),0,500.5,G Chris Gotterup G Tyrrell Hatton G Si Woo Kim G Nicolai Hojgaard G Tom Kim G Sahith Theegala,,,
258,5184644916,jdsalter25 (2/15),0,500,G Wyndham Clark G Viktor Hovland G Tyrrell Hatton G Patrick Reed G Tom Kim G Eric Cole,,,
258,5184858977,TheKid2430 (19/20),0,500,G Tommy Fleetwood G Chris Gotterup G Wyndham Clark G Min Woo Lee G Max Greyserman G Alejandro Del Rey,,,
258,5185130587,Xmanpike (2/2),0,500,G Rory McIlroy G Chris Gotterup G Nicolai Hojgaard G Tom Kim G Jesper Svensson G Joost Luiten,,,
258,5185394236,chippingferbogey (5/5),0,500,G Rory McIlroy G Viktor Hovland G Min Woo Lee G Ryan Fox G Marcus Armitage G Oliver Lindell,,,
262,5184279703,shooberto (1/8),0,499.5,G Tommy Fleetwood G Wyndham Clark G Tyrrell Hatton G Tom Kim G Corey Conners G Nick Taylor,,,
262,5184702415,onealrac11 (1/10),0,499.5,G Rory McIlroy G Tommy Fleetwood G Tom Kim G Corey Conners G Ryan Fox G Austin Eckroat,,,
262,5184880645,dcuff (1/20),0,499.5,G Matt Fitzpatrick G Tommy Fleetwood G Wyndham Clark G Tyrrell Hatton G Joost Luiten G Danny Willett,,,
262,5185105323,rcb814,0,499.5,G Rory McIlroy G Matt Fitzpatrick G Alex Fitzpatrick G Tom Kim G Kevin Roy G Austin Eckroat,,,
262,5185209858,PoolAid13 (12/20),0,499.5,G Matt Fitzpatrick G Wyndham Clark G Viktor Hovland G Patrick Reed G Victor Perez G Ricky Castillo,,,
262,5185391318,justindakota (2/2),0,499.5,G Matt Fitzpatrick G Tyrrell Hatton G Justin Thomas G Tom Kim G Sahith Theegala G Nick Taylor,,,
268,5183695202,MTRgolfer,0,499,G Matt Fitzpatrick G Wyndham Clark G Kurt Kitayama G Tom Kim G Eric Cole G Brian Harman,,,
268,5185074521,Spocker14 (4/20),0,499,G Rory McIlroy G Matt Fitzpatrick G Michael Brennan G Mac Meissner G Victor Perez G Kevin Roy,,,
268,5185317203,sturkdawg_trsturk (1/2),0,499,G Robert MacIntyre G Tyrrell Hatton G Patrick Cantlay G Nicolai Hojgaard G Patrick Reed G Tom Kim,,,
271,5183889016,PTM1 (6/6),0,498.5,G Chris Gotterup G Wyndham Clark G Tyrrell Hatton G Tom Kim G Eugenio Lopez-Chacarra G Brian Harman,,,
271,5184169972,Dthomas0428 (5/5),0,498.5,G Tommy Fleetwood G Robert MacIntyre G Justin Thomas G Nicolai Hojgaard G Tom Kim G Corey Conners,,,
271,5184414332,breal7 (8/20),0,498.5,G Matt Fitzpatrick G Viktor Hovland G Tyrrell Hatton G Tom Kim G Matt Wallace G Victor Perez,,,
274,5183941990,changchunweiwayne (10/20),0,498,G Matt Fitzpatrick G Wyndham Clark G Robert MacIntyre G Corey Conners G Brian Harman G Nick Taylor,,,
274,5184582394,nadusku (3/20),0,498,G Chris Gotterup G Robert MacIntyre G Tyrrell Hatton G Patrick Reed G Tom Kim G Alex Noren,,,
274,5184692185,BAMA33 (5/7),0,498,G Matt Fitzpatrick G Wyndham Clark G Kurt Kitayama G Marco Penge G Tom Kim G Victor Perez,,,
274,5184859624,Breezy_Matthew (5/7),0,498,G Matt Fitzpatrick G Wyndham Clark G Viktor Hovland G Si Woo Kim G Marcus Armitage G Darius Van Driel,,,
274,5184908833,schulza23 (8/20),0,498,G Tommy Fleetwood G Chris Gotterup G Wyndham Clark G Min Woo Lee G Ryan Fox G Oliver Lindell,,,
274,5185019686,garyslidell,0,498,G Chris Gotterup G Wyndham Clark G Si Woo Kim G Jake Knapp G Tom Kim G Michael Thorbjornsen,,,
280,5183871739,MoeJontana16 (8/20),0,497.5,G Matt Fitzpatrick G Si Woo Kim G Justin Thomas G Nicolai Hojgaard G Tom Kim G Andrew Novak,,,
280,5184424955,Gerberville12 (10/10),0,497.5,G Wyndham Clark G Viktor Hovland G Min Woo Lee G Nicolai Hojgaard G Alex Fitzpatrick G Tom Kim,,,
282,5183973005,Carolinakidz (6/11),0,497,G Tommy Fleetwood G Wyndham Clark G Tyrrell Hatton G Tom Kim G Eugenio Lopez-Chacarra G Brian Harman,,,
282,5184247509,kylehaeussler (1/20),0,497,G Chris Gotterup G Robert MacIntyre G Kurt Kitayama G Min Woo Lee G Eugenio Lopez-Chacarra G Michael Brennan,,,
282,5185213510,Theoutlier1,0,497,G Matt Fitzpatrick G Robert MacIntyre G Tyrrell Hatton G Patrick Reed G Doug Ghim G Victor Perez,,,
285,5183705124,Wmgarvin09 (13/20),0,496.5,G Rory McIlroy G Robert MacIntyre G Ryan Gerard G Michael Thorbjornsen G Brian Harman G Andrew Putnam,,,
285,5184139412,ziggitywood (17/20),0,496.5,G Matt Fitzpatrick G Tommy Fleetwood G Chris Gotterup G Michael Thorbjornsen G John Keefer G Kevin Yu,,,
285,5184573873,diegoseis (14/20),0,496.5,G Matt Fitzpatrick G Chris Gotterup G Robert MacIntyre G Nicolai Hojgaard G Sahith Theegala G Alejandro Del Rey,,,
285,5184699188,ChiefKeith12 (1/20),0,496.5,G Rory McIlroy G Robert MacIntyre G Nicolai Hojgaard G Nick Taylor G Victor Perez G Austin Eckroat,,,
285,5184713045,weswilliams4 (14/20),0,496.5,G Rory McIlroy G Matt Fitzpatrick G Tom Kim G Jordan L. Smith G Bernd Wiesberger G Oliver Lindell,,,
290,5183535353,jmchillbertram (1/5),0,496,G Matt Fitzpatrick G Tommy Fleetwood G Tyrrell Hatton G Tom Kim G Mac Meissner G Aldrich Potgieter,,,
290,5183602591,GenaroP (20/20),0,496,G Tommy Fleetwood G Robert MacIntyre G Si Woo Kim G Aaron Rai G Tom Kim G Ryan Gerard,,,
290,5185069270,drcobosjr (8/20),0,496,G Matt Fitzpatrick G Si Woo Kim G Nicolai Hojgaard G Alex Fitzpatrick G Tom Kim G Rasmus Hojgaard,,,
290,5185276236,mjkfree,0,496,G Wyndham Clark G Robert MacIntyre G Tyrrell Hatton G Kristoffer Reitan G Tom Kim G Brian Harman,,,
290,5185307979,RiceDrWho (5/5),0,496,G Matt Fitzpatrick G Si Woo Kim G Nicolai Hojgaard G Alex Fitzpatrick G Tom Kim G Rasmus Hojgaard,,,
295,5184025072,caxton22 (1/20),0,495.5,G Tommy Fleetwood G Tyrrell Hatton G Min Woo Lee G Nicolai Hojgaard G Alex Fitzpatrick G Tom Kim,,,
295,5184424953,Gerberville12 (8/10),0,495.5,G Tommy Fleetwood G Tyrrell Hatton G Min Woo Lee G Nicolai Hojgaard G Alex Fitzpatrick G Tom Kim,,,
295,5185071021,kushking609 (2/2),0,495.5,G Xander Schauffele G Tommy Fleetwood G Robert MacIntyre G Tom Kim G Rasmus Hojgaard G Jordan L. Smith,,,
295,5185108203,RiceDrWho (3/5),0,495.5,G Matt Fitzpatrick G Viktor Hovland G Min Woo Lee G Aaron Rai G Tom Kim G Eric Cole,,,
295,5185156783,shon28 (5/10),0,495.5,G Matt Fitzpatrick G Wyndham Clark G Nicolai Hojgaard G Patrick Reed G Eugenio Lopez-Chacarra G Michael Thorbjornsen,,,
295,5185192796,rctru31 (16/16),0,495.5,G Wyndham Clark G Tyrrell Hatton G Kurt Kitayama G Nicolai Hojgaard G Tom Kim G Michael Brennan,,,
301,5184368851,gramps543,0,495,G Jon Rahm G Tyrrell Hatton G Si Woo Kim G Tom Kim G Nicolas Echavarria G Oliver Lindell,,,
301,5184828847,cmiddleton9437 (1/6),0,495,G Wyndham Clark G Viktor Hovland G Robert MacIntyre G Nicolai Hojgaard G Tom Kim G Grant Forrest,,,
301,5184920799,flanders21 (20/20),0,495,G Rory McIlroy G Matt Fitzpatrick G Patrick Reed G Victor Perez G Laurie Canter G Oliver Lindell,,,
304,5183600214,ikeekatouchdown (1/2),0,494.5,G Matt Fitzpatrick G Tyrrell Hatton G Si Woo Kim G Alex Fitzpatrick G Tom Kim G Ricky Castillo,,,
304,5184195357,Stuckcee (5/20),0,494.5,G Rory McIlroy G Robert MacIntyre G Nicolai Hojgaard G Jordan L. Smith G Victor Perez G Jesper Svensson,,,
304,5184195361,Stuckcee (9/20),0,494.5,G Rory McIlroy G Robert MacIntyre G Nicolai Hojgaard G Jordan L. Smith G Victor Perez G Jesper Svensson,,,
304,5184212965,Stuckcee (15/20),0,494.5,G Rory McIlroy G Robert MacIntyre G Nicolai Hojgaard G Jordan L. Smith G Victor Perez G Jesper Svensson,,,
304,5184212969,Stuckcee (19/20),0,494.5,G Rory McIlroy G Robert MacIntyre G Nicolai Hojgaard G Jordan L. Smith G Victor Perez G Jesper Svensson,,,
304,5184926493,ronron670 (1/3),0,494.5,G Matt Fitzpatrick G Chris Gotterup G Kurt Kitayama G Adam Scott G Tom Kim G Jesper Svensson,,,
304,5184940922,cashyobe (18/20),0,494.5,G Matt Fitzpatrick G Tommy Fleetwood G Wyndham Clark G Patrick Reed G Rasmus Hojgaard G Oliver Lindell,,,
304,5184972725,raiderron93306 (2/20),0,494.5,G Rory McIlroy G Min Woo Lee G Tom Kim G Eugenio Lopez-Chacarra G Ryan Fox G Michael Kim,,,
304,5185016607,luka0077 (13/20),0,494.5,G Tommy Fleetwood G Chris Gotterup G Tyrrell Hatton G Nicolai Hojgaard G Tom Kim G Jesper Svensson,,,
304,5185066425,HavanaHaywire (2/20),0,494.5,G Chris Gotterup G Wyndham Clark G Tyrrell Hatton G Tom Kim G Eugenio Lopez-Chacarra G Michael Brennan,,,
304,5185332265,fillyfan2002 (20/20),0,494.5,G Wyndham Clark G Robert MacIntyre G Si Woo Kim G Adam Scott G Marco Penge G Tom Kim,,,
304,5185384801,WhittBreaker (1/2),0,494.5,G Matt Fitzpatrick G Tommy Fleetwood G Si Woo Kim G Ryan Gerard G Ryan Fox G Mac Meissner,,,
304,5185390621,WhittBreaker (2/2),0,494.5,G Matt Fitzpatrick G Tommy Fleetwood G Si Woo Kim G Ryan Gerard G Ryan Fox G Mac Meissner,,,
317,5184520068,K1ngOfHearts (7/20),0,494,G Matt Fitzpatrick G Patrick Cantlay G Kurt Kitayama G Patrick Reed G Tom Kim G Victor Perez,,,
317,5184594525,teeling1990 (2/20),0,494,G Rory McIlroy G Nicolai Hojgaard G Tom Kim G Eugenio Lopez-Chacarra G Brian Harman G Victor Perez,,,
317,5184865022,jimlexxx (12/20),0,494,G Wyndham Clark G Robert MacIntyre G Tyrrell Hatton G Min Woo Lee G Nicolai Hojgaard G Thorbjorn Olesen,,,
317,5185100662,sosamightygg22 (9/20),0,494,G Matt Fitzpatrick G Robert MacIntyre G Tyrrell Hatton G Adam Scott G Sahith Theegala G Rasmus Hojgaard,,,
317,5185395068,labman069 (2/2),0,494,G Matt Fitzpatrick G Si Woo Kim G Brooks Koepka G Tom Kim G Eugenio Lopez-Chacarra G Victor Perez,,,
322,5184197573,kozy31 (1/3),0,493.5,G Tommy Fleetwood G Viktor Hovland G Kurt Kitayama G Patrick Reed G Tom Kim G Michael Brennan,,,
322,5184361466,Wolf3D (4/6),0,493.5,G Wyndham Clark G Si Woo Kim G J.J. Spaun G Min Woo Lee G Nicolai Hojgaard G Brian Harman,,,
322,5184999326,torbo71,0,493.5,G Wyndham Clark G Viktor Hovland G Robert MacIntyre G Tyrrell Hatton G Mikael Lindberg G Oliver Lindell,,,
322,5185231078,CartoGuy (5/20),0,493.5,G Wyndham Clark G Robert MacIntyre G Si Woo Kim G Nicolai Hojgaard G Adam Scott G Victor Perez,,,
322,5185274159,jacobsjon (3/4),0,493.5,G Matt Fitzpatrick G Chris Gotterup G Si Woo Kim G Ryan Gerard G Victor Perez G Oliver Lindell,,,
322,5185274655,Dragon63 (8/15),0,493.5,G Chris Gotterup G Wyndham Clark G Si Woo Kim G Min Woo Lee G Eugenio Lopez-Chacarra G Ricky Castillo,,,
328,5183717106,Brianeli29 (13/20),0,493,G Tommy Fleetwood G Robert MacIntyre G Tyrrell Hatton G Shane Lowry G Tom Kim G Brian Harman,,,
328,5183928529,Davedk23,0,493,G Tommy Fleetwood G Robert MacIntyre G Tyrrell Hatton G Shane Lowry G Tom Kim G Brian Harman,,,
328,5184441791,Jas037 (1/6),0,493,G Rory McIlroy G Chris Gotterup G Robert MacIntyre G Mikael Lindberg G Chris Kirk G Joost Luiten,,,
328,5184896493,Tiny_Classified_Ads (14/20),0,493,G Matt Fitzpatrick G Tommy Fleetwood G Tyrrell Hatton G Nicolai Hojgaard G Ryan Fox G Alejandro Del Rey,,,
328,5185069505,depalma13 (6/17),0,493,G Tommy Fleetwood G Wyndham Clark G Robert MacIntyre G Nicolai Hojgaard G Tom Kim G Grant Forrest,,,
328,5185213710,arweaver8 (1/20),0,493,G Matt Fitzpatrick G Tommy Fleetwood G Kurt Kitayama G Adam Scott G Tom Kim G Jesper Svensson,,,
328,5185274661,Dragon63 (14/15),0,493,G Chris Gotterup G Si Woo Kim G Kurt Kitayama G Min Woo Lee G Patrick Reed G Eugenio Lopez-Chacarra,,,
335,5183628711,andybonds (16/20),0,492.5,G Tommy Fleetwood G Wyndham Clark G Robert MacIntyre G Tyrrell Hatton G Mikael Lindberg G Calum Hill,,,
335,5183951686,eedore (3/4),0,492.5,G Matt Fitzpatrick G Robert MacIntyre G Nicolai Hojgaard G Alex Fitzpatrick G Tom Kim G Eugenio Lopez-Chacarra,,,
335,5184569276,georgephillips75 (2/2),0,492.5,G Rory McIlroy G Matt Fitzpatrick G Tom Kim G Brian Harman G Aldrich Potgieter G Austin Eckroat,,,
335,5184637759,bryhudson90 (2/2),0,492.5,G Rory McIlroy G Tommy Fleetwood G Tom Kim G Sahith Theegala G Rasmus Hojgaard G Oliver Lindell,,,
335,5184735568,carebearks (1/5),0,492.5,G Chris Gotterup G Wyndham Clark G Viktor Hovland G Tom Kim G Ryan Gerard G Sahith Theegala,,,
340,5183550774,Knickeless (17/20),0,492,G Rory McIlroy G Robert MacIntyre G Alex Fitzpatrick G Tom Kim G Calum Hill G Alejandro Del Rey,,,
340,5184291606,Uniontownunicorns (1/20),0,492,G Matt Fitzpatrick G Wyndham Clark G Tyrrell Hatton G Shane Lowry G Tom Kim G Oliver Lindell,,,
340,5184291609,Uniontownunicorns (4/20),0,492,G Matt Fitzpatrick G Wyndham Clark G Tyrrell Hatton G Tom Kim G Doug Ghim G Jesper Svensson,,,
340,5184291610,Uniontownunicorns (5/20),0,492,G Matt Fitzpatrick G Wyndham Clark G Tyrrell Hatton G Tom Kim G Doug Ghim G Jesper Svensson,,,
340,5184307925,rodmartin23 (3/3),0,492,G Tommy Fleetwood G Viktor Hovland G Robert MacIntyre G Tyrrell Hatton G Jesper Svensson G Matti Schmid,,,
340,5184345379,bkess4807 (5/10),0,492,G Matt Fitzpatrick G Wyndham Clark G Tyrrell Hatton G Shane Lowry G Tom Kim G Oliver Lindell,,,
340,5185168036,TurboTime95 (9/20),0,492,G Wyndham Clark G Robert MacIntyre G Tyrrell Hatton G Si Woo Kim G Eugenio Lopez-Chacarra G Oliver Lindell,,,
340,5185213724,arweaver8 (15/20),0,492,G Matt Fitzpatrick G Justin Thomas G Kurt Kitayama G Nicolai Hojgaard G Tom Kim G Michael Brennan,,,
348,5184170091,bigwheelio (16/20),0,491.5,G Matt Fitzpatrick G Chris Gotterup G Nicolai Hojgaard G Adam Scott G Tom Kim G Corey Conners,,,
349,5183520950,HAGEYB,0,491,G Wyndham Clark G Robert MacIntyre G Tyrrell Hatton G Shane Lowry G Tom Kim G Corey Conners,,,
349,5183538408,jrevelle3 (9/20),0,491,G Matt Fitzpatrick G Tyrrell Hatton G Si Woo Kim G Justin Thomas G Mikael Lindberg G Matti Schmid,,,
349,5184215039,jnorox (6/20),0,491,G Wyndham Clark G Viktor Hovland G Robert MacIntyre G Patrick Reed G Eugenio Lopez-Chacarra G Ryan Fox,,,
349,5184304317,Tbred (2/2),0,491,G Matt Fitzpatrick G Chris Gotterup G Tyrrell Hatton G Tom Kim G Nick Taylor G Sam Stevens,,,
353,5183779591,mattholloway (3/7),0,490.5,G Chris Gotterup G Robert MacIntyre G Tyrrell Hatton G Shane Lowry G Tom Kim G Michael Brennan,,,
353,5183790998,TundraThumper (9/11),0,490.5,G Tommy Fleetwood G Wyndham Clark G J.J. Spaun G Patrick Reed G Tom Kim G Eugenio Lopez-Chacarra,,,
353,5183919273,yawkeyway8 (19/20),0,490.5,G Matt Fitzpatrick G Chris Gotterup G Wyndham Clark G Tom Kim G Doug Ghim G Chris Kirk,,,
353,5184011554,cglenn91 (1/20),0,490.5,G Tommy Fleetwood G Chris Gotterup G Tyrrell Hatton G Tom Kim G Corey Conners G Brian Harman,,,
353,5184011555,cglenn91 (2/20),0,490.5,G Tommy Fleetwood G Chris Gotterup G Tyrrell Hatton G Tom Kim G Corey Conners G Brian Harman,,,
353,5184011556,cglenn91 (3/20),0,490.5,G Tommy Fleetwood G Chris Gotterup G Tyrrell Hatton G Tom Kim G Corey Conners G Brian Harman,,,
353,5184011557,cglenn91 (4/20),0,490.5,G Tommy Fleetwood G Chris Gotterup G Tyrrell Hatton G Tom Kim G Corey Conners G Brian Harman,,,
353,5184011558,cglenn91 (5/20),0,490.5,G Tommy Fleetwood G Chris Gotterup G Tyrrell Hatton G Tom Kim G Corey Conners G Brian Harman,,,
353,5184011559,cglenn91 (6/20),0,490.5,G Tommy Fleetwood G Chris Gotterup G Tyrrell Hatton G Tom Kim G Corey Conners G Brian Harman,,,
353,5184011560,cglenn91 (7/20),0,490.5,G Tommy Fleetwood G Chris Gotterup G Tyrrell Hatton G Tom Kim G Corey Conners G Brian Harman,,,
353,5184011561,cglenn91 (8/20),0,490.5,G Tommy Fleetwood G Chris Gotterup G Tyrrell Hatton G Tom Kim G Corey Conners G Brian Harman,,,
353,5184011562,cglenn91 (9/20),0,490.5,G Tommy Fleetwood G Chris Gotterup G Tyrrell Hatton G Tom Kim G Corey Conners G Brian Harman,,,
353,5184011563,cglenn91 (10/20),0,490.5,G Tommy Fleetwood G Chris Gotterup G Tyrrell Hatton G Tom Kim G Corey Conners G Brian Harman,,,
353,5184011564,cglenn91 (11/20),0,490.5,G Tommy Fleetwood G Chris Gotterup G Tyrrell Hatton G Tom Kim G Corey Conners G Brian Harman,,,
353,5184011565,cglenn91 (12/20),0,490.5,G Tommy Fleetwood G Chris Gotterup G Tyrrell Hatton G Tom Kim G Corey Conners G Brian Harman,,,
353,5184011566,cglenn91 (13/20),0,490.5,G Tommy Fleetwood G Chris Gotterup G Tyrrell Hatton G Tom Kim G Corey Conners G Brian Harman,,,
353,5184011567,cglenn91 (14/20),0,490.5,G Tommy Fleetwood G Chris Gotterup G Tyrrell Hatton G Tom Kim G Corey Conners G Brian Harman,,,
353,5184011568,cglenn91 (15/20),0,490.5,G Tommy Fleetwood G Chris Gotterup G Tyrrell Hatton G Tom Kim G Corey Conners G Brian Harman,,,
353,5184011569,cglenn91 (16/20),0,490.5,G Tommy Fleetwood G Chris Gotterup G Tyrrell Hatton G Tom Kim G Corey Conners G Brian Harman,,,
353,5184011570,cglenn91 (17/20),0,490.5,G Tommy Fleetwood G Chris Gotterup G Tyrrell Hatton G Tom Kim G Corey Conners G Brian Harman,,,
353,5184011571,cglenn91 (18/20),0,490.5,G Tommy Fleetwood G Chris Gotterup G Tyrrell Hatton G Tom Kim G Corey Conners G Brian Harman,,,
353,5184011572,cglenn91 (19/20),0,490.5,G Tommy Fleetwood G Chris Gotterup G Tyrrell Hatton G Tom Kim G Corey Conners G Brian Harman,,,
353,5184011573,cglenn91 (20/20),0,490.5,G Tommy Fleetwood G Chris Gotterup G Tyrrell Hatton G Tom Kim G Corey Conners G Brian Harman,,,
353,5184024230,edarbz9 (10/20),0,490.5,G Rory McIlroy G Wyndham Clark G Tom Kim G Corey Conners G Rasmus Neergaard-Petersen G Oliver Lindell,,,
353,5184083405,taugust7 (19/20),0,490.5,G Jon Rahm G Tommy Fleetwood G John Keefer G Keita Nakajima G Marcus Armitage G Oliver Lindell,,,
353,5184127233,MFORCE27 (1/2),0,490.5,G Matt Fitzpatrick G Wyndham Clark G Nicolai Hojgaard G Shane Lowry G Tom Kim G Ryan Fox,,,
353,5184780716,Sandbagger227,0,490.5,G Rory McIlroy G Robert MacIntyre G Corey Conners G Brian Harman G Sahith Theegala G John Keefer,,,
353,5185081277,anon1983 (13/20),0,490.5,G Wyndham Clark G Tyrrell Hatton G Kurt Kitayama G Nicolai Hojgaard G Tom Kim G Eugenio Lopez-Chacarra,,,
353,5185192560,rctru31 (15/16),0,490.5,G Wyndham Clark G Tyrrell Hatton G Kurt Kitayama G Nicolai Hojgaard G Tom Kim G Eugenio Lopez-Chacarra,,,
353,5185219916,NATION81 (2/3),0,490.5,G Matt Fitzpatrick G Robert MacIntyre G Nicolai Hojgaard G Aaron Rai G Tom Kim G Corey Conners,,,
353,5185327080,shankerami22 (2/2),0,490.5,G Wyndham Clark G Tyrrell Hatton G Kurt Kitayama G Nicolai Hojgaard G Tom Kim G Eugenio Lopez-Chacarra,,,
353,5185399052,mattsib (19/20),0,490.5,G Ludvig Aberg G Tommy Fleetwood G Min Woo Lee G Patrick Reed G Tom Kim G Sudarshan Yellamaraju,,,
385,5183677371,KevMike15 (2/2),0,490,G Matt Fitzpatrick G Chris Gotterup G Kurt Kitayama G Patrick Reed G Ryan Gerard G Victor Perez,,,
385,5184189828,csorcic,0,490,G Tommy Fleetwood G Robert MacIntyre G Tyrrell Hatton G Kristoffer Reitan G Tom Kim G Rasmus Neergaard-Petersen,,,
385,5184214900,jahnyb (8/20),0,490,G Matt Fitzpatrick G Robert MacIntyre G J.J. Spaun G Adam Scott G Rasmus Neergaard-Petersen G Rasmus Hojgaard,,,
385,5184343117,jlerma33 (1/4),0,490,G Rory McIlroy G Min Woo Lee G Patrick Reed G Brian Harman G Nick Taylor G Sudarshan Yellamaraju,,,
385,5184573876,diegoseis (17/20),0,490,G Matt Fitzpatrick G Viktor Hovland G Tyrrell Hatton G Min Woo Lee G Jayden Trey Schaper G Shaun Norris,,,
385,5184935416,cashyobe (14/20),0,490,G Matt Fitzpatrick G Ludvig Aberg G Wyndham Clark G Tom Kim G Rasmus Hojgaard G Oliver Lindell,,,
385,5185188875,hhubbard (13/20),0,490,G Tommy Fleetwood G Robert MacIntyre G Kurt Kitayama G Shane Lowry G Patrick Reed G Tom Kim,,,
385,5185398427,nlang003 (5/20),0,490,G Robert MacIntyre G Tyrrell Hatton G Justin Thomas G Min Woo Lee G Adam Scott G Oliver Lindell,,,
393,5183929517,zehman1972 (3/4),0,489.5,G Matt Fitzpatrick G Viktor Hovland G Tyrrell Hatton G Tom Kim G Harry Hall G Tom McKibbin,,,
393,5184377750,Manniekels (1/2),0,489.5,G Wyndham Clark G Viktor Hovland G Si Woo Kim G Patrick Reed G Tom Kim G Doug Ghim,,,
393,5184804458,capps24 (2/3),0,489.5,G Matt Fitzpatrick G Chris Gotterup G Tyrrell Hatton G Alex Fitzpatrick G Tom Kim G Austin Eckroat,,,
393,5184880662,dcuff (18/20),0,489.5,G Tommy Fleetwood G Wyndham Clark G Tyrrell Hatton G Si Woo Kim G Tom Kim G Joakim Lagergren,,,
393,5185273986,MOMAN81 (3/3),0,489.5,G Rory McIlroy G Robert MacIntyre G Patrick Reed G Ryan Fox G Tom McKibbin G Jesper Svensson,,,
398,5183889013,PTM1 (3/6),0,489,G Matt Fitzpatrick G Chris Gotterup G Wyndham Clark G Tom Kim G Brian Harman G Grant Forrest,,,
398,5184342157,craigger34 (2/10),0,489,G Rory McIlroy G Kurt Kitayama G Min Woo Lee G Michael Brennan G Rasmus Neergaard-Petersen G Matti Schmid,,,
398,5184893342,LTskelter (14/20),0,489,G Ludvig Aberg G Tommy Fleetwood G Min Woo Lee G Tom Kim G Ryan Fox G Max Greyserman,,,
398,5184896485,Tiny_Classified_Ads (6/20),0,489,G Matt Fitzpatrick G Robert MacIntyre G Tyrrell Hatton G Alex Fitzpatrick G Jordan L. Smith G Victor Perez,,,
398,5185284010,evarze (2/3),0,489,G Robert MacIntyre G Tyrrell Hatton G Si Woo Kim G Alex Fitzpatrick G Adam Scott G Tom Kim,,,
403,5183529292,Rollintr (1/4),0,488.5,G Matt Fitzpatrick G Tyrrell Hatton G Nicolai Hojgaard G Alex Fitzpatrick G Patrick Reed G Tom Kim,,,
403,5183594504,flanders21 (1/20),0,488.5,G Matt Fitzpatrick G Chris Gotterup G Wyndham Clark G Tom Kim G Doug Ghim G Oliver Lindell,,,
403,5184034213,XrockoutX,0,488.5,G Matt Fitzpatrick G Tyrrell Hatton G Nicolai Hojgaard G Alex Fitzpatrick G Patrick Reed G Tom Kim,,,
403,5184824530,Duke5353 (7/10),0,488.5,G Matt Fitzpatrick G Tyrrell Hatton G Nicolai Hojgaard G Alex Fitzpatrick G Patrick Reed G Tom Kim,,,
403,5184942790,Buffnutts (2/2),0,488.5,G Matt Fitzpatrick G Tommy Fleetwood G Nicolai Hojgaard G Tom Kim G Corey Conners G Sahith Theegala,,,
403,5184974061,mikerob1404,0,488.5,G Matt Fitzpatrick G Tyrrell Hatton G Nicolai Hojgaard G Alex Fitzpatrick G Patrick Reed G Tom Kim,,,
403,5185025190,uni777444 (6/20),0,488.5,G Matt Fitzpatrick G Viktor Hovland G Nicolai Hojgaard G Patrick Reed G Marco Penge G Tom Kim,,,
403,5185098139,dmoss62 (2/2),0,488.5,G Matt Fitzpatrick G Tyrrell Hatton G Nicolai Hojgaard G Alex Fitzpatrick G Patrick Reed G Tom Kim,,,
403,5185104235,FlatzKixAss,0,488.5,G Matt Fitzpatrick G Tyrrell Hatton G Nicolai Hojgaard G Alex Fitzpatrick G Patrick Reed G Tom Kim,,,
403,5185231089,CartoGuy (16/20),0,488.5,G Wyndham Clark G Robert MacIntyre G Tyrrell Hatton G Nicolai Hojgaard G Adam Scott G Victor Perez,,,
403,5185321343,bkess4807 (8/10),0,488.5,G Matt Fitzpatrick G Chris Gotterup G Wyndham Clark G Tom Kim G Doug Ghim G Oliver Lindell,,,
414,5183867585,rebelplaya (3/4),0,488,G Rory McIlroy G Chris Gotterup G Adam Scott G Tom Kim G Jesper Svensson G Alejandro Del Rey,,,
414,5183872707,NCPirateman (2/2),0,488,G Matt Fitzpatrick G Tommy Fleetwood G Nicolai Hojgaard G Patrick Reed G Tom Kim G Doug Ghim,,,
414,5184237746,cptnspaulding (8/20),0,488,G Viktor Hovland G Robert MacIntyre G Si Woo Kim G Min Woo Lee G Nicolai Hojgaard G Daniel Hillier,,,
414,5184251874,edmadn (3/6),0,488,G Rory McIlroy G Kurt Kitayama G Min Woo Lee G Sahith Theegala G Ryan Fox G Matti Schmid,,,
414,5184634321,dang727,0,488,G Tommy Fleetwood G Chris Gotterup G Robert MacIntyre G Tom Kim G Max Greyserman G Bernd Wiesberger,,,
414,5184692486,kacktrey7 (4/20),0,488,G Matt Fitzpatrick G Tommy Fleetwood G Nicolai Hojgaard G Patrick Reed G Tom Kim G Doug Ghim,,,
414,5184771033,bett2112 (19/20),0,488,G Matt Fitzpatrick G Wyndham Clark G Robert MacIntyre G Nicolai Hojgaard G Sahith Theegala G Oliver Lindell,,,
414,5184996402,TBooch (3/8),0,488,G Tommy Fleetwood G Wyndham Clark G Kurt Kitayama G Nicolai Hojgaard G Tom Kim G Michael Brennan,,,
414,5185023405,gobraves18,0,488,G Wyndham Clark G Tyrrell Hatton G Si Woo Kim G Alex Fitzpatrick G Patrick Reed G Tom Kim,,,
414,5185267934,kwink18,0,488,G Matt Fitzpatrick G Tyrrell Hatton G Min Woo Lee G Aaron Rai G Patrick Reed G Ryan Fox,,,
414,5185321982,lulu1327,0,488,G Matt Fitzpatrick G Tommy Fleetwood G Tyrrell Hatton G Alex Fitzpatrick G Tom Kim G Austin Eckroat,,,
425,5184280757,CartoGuy (1/20),0,487.5,G Chris Gotterup G Robert MacIntyre G Si Woo Kim G Nicolai Hojgaard G Adam Scott G Victor Perez,,,
425,5184311527,luby7586,0,487.5,G Matt Fitzpatrick G Robert MacIntyre G Tyrrell Hatton G Si Woo Kim G Bernd Wiesberger G Oliver Lindell,,,
425,5184319461,skool43 (3/3),0,487.5,G Chris Gotterup G Wyndham Clark G Viktor Hovland G Robert MacIntyre G Mikael Lindberg G Oliver Lindell,,,
425,5184548922,Swish69 (5/8),0,487.5,G Rory McIlroy G Patrick Reed G Tom Kim G Ryan Gerard G Alex Smalley G Michael Thorbjornsen,,,
425,5184674712,OMG-CottonHill (1/2),0,487.5,G Matt Fitzpatrick G Wyndham Clark G Nicolai Hojgaard G Alex Fitzpatrick G Tom Kim G Jordan L. Smith,,,
425,5184674722,OMG-CottonHill (2/2),0,487.5,G Matt Fitzpatrick G Wyndham Clark G Nicolai Hojgaard G Alex Fitzpatrick G Tom Kim G Jordan L. Smith,,,
425,5184767324,DriftKangs (6/20),0,487.5,G Matt Fitzpatrick G Chris Gotterup G Kurt Kitayama G Marco Penge G Tom Kim G Jordan L. Smith,,,
425,5184948332,Fievel715,0,487.5,G Wyndham Clark G Robert MacIntyre G Kurt Kitayama G Nicolai Hojgaard G Marco Penge G Tom Kim,,,
425,5185019176,watersweet16 (1/2),0,487.5,G Robert MacIntyre G Tyrrell Hatton G Kurt Kitayama G Nicolai Hojgaard G Marco Penge G Tom Kim,,,
425,5185019184,watersweet16 (2/2),0,487.5,G Robert MacIntyre G Tyrrell Hatton G Kurt Kitayama G Nicolai Hojgaard G Marco Penge G Tom Kim,,,
425,5185075576,raiderron93306 (16/20),0,487.5,G Wyndham Clark G Robert MacIntyre G Tyrrell Hatton G Aaron Rai G Tom Kim G Jesper Svensson,,,
425,5185231075,CartoGuy (2/20),0,487.5,G Chris Gotterup G Robert MacIntyre G Si Woo Kim G Nicolai Hojgaard G Adam Scott G Victor Perez,,,
437,5183871952,Sportmeister77 (5/20),0,487,G Matt Fitzpatrick G Robert MacIntyre G Kurt Kitayama G Aaron Rai G Tom Kim G Sahith Theegala,,,
437,5184255453,MFORCE27 (2/2),0,487,G Tommy Fleetwood G Chris Gotterup G Robert MacIntyre G Tyrrell Hatton G Marcus Armitage G Oliver Lindell,,,
437,5184414325,breal7 (1/20),0,487,G Matt Fitzpatrick G Wyndham Clark G Tyrrell Hatton G Patrick Reed G Ryan Fox G Hennie Du Plessis,,,
437,5184424947,Gerberville12 (2/10),0,487,G Tommy Fleetwood G Robert MacIntyre G Tyrrell Hatton G Nicolai Hojgaard G Brian Harman G Ryan Fox,,,
437,5184444974,ihags (6/20),0,487,G Matt Fitzpatrick G Tommy Fleetwood G Robert MacIntyre G Nicolai Hojgaard G Jesper Svensson G Oliver Lindell,,,
437,5184901519,marvink (8/15),0,487,G Tommy Fleetwood G Viktor Hovland G Robert MacIntyre G Tyrrell Hatton G Mikael Lindberg G Calum Hill,,,
437,5185130505,SimonSayys (2/2),0,487,G Chris Gotterup G Robert MacIntyre G Kurt Kitayama G Alex Fitzpatrick G Patrick Reed G Tom Kim,,,
437,5185327599,Raskel123 (1/8),0,487,G Tommy Fleetwood G Robert MacIntyre G Tyrrell Hatton G Aaron Rai G Tom Kim G Brian Harman,,,
437,5185327632,Raskel123 (7/8),0,487,G Tommy Fleetwood G Robert MacIntyre G Tyrrell Hatton G Aaron Rai G Tom Kim G Brian Harman,,,
446,5183645004,SLMCNM (1/20),0,486.5,G Tommy Fleetwood G Viktor Hovland G Robert MacIntyre G Kurt Kitayama G Mikael Lindberg G Matti Schmid,,,
446,5183970782,Kawabungee,0,486.5,G Matt Fitzpatrick G Viktor Hovland G Min Woo Lee G Aaron Rai G Michael Thorbjornsen G Max Greyserman,,,
446,5183973115,Gracie007 (2/8),0,486.5,G Matt Fitzpatrick G Wyndham Clark G Robert MacIntyre G Kurt Kitayama G Matti Schmid G Antoine Rozner,,,
446,5184035022,jsh1122 (8/20),0,486.5,G Tommy Fleetwood G Wyndham Clark G Viktor Hovland G Robert MacIntyre G Nicolas Echavarria G Andy Sullivan,,,
446,5184154515,anthonygt (1/2),0,486.5,G Wyndham Clark G Viktor Hovland G Robert MacIntyre G Aaron Rai G Tom Kim G Max Greyserman,,,
446,5184205834,jnorox (4/20),0,486.5,G Chris Gotterup G Tyrrell Hatton G Si Woo Kim G Shane Lowry G Patrick Reed G Tom Kim,,,
446,5184866246,schrabes (18/20),0,486.5,G Matt Fitzpatrick G Tyrrell Hatton G Kurt Kitayama G Alex Fitzpatrick G Tom Kim G Ryan Fox,,,
446,5185213546,VICARO (11/20),0,486.5,G Rory McIlroy G Min Woo Lee G Nicolai Hojgaard G Corey Conners G Rasmus Neergaard-Petersen G Rasmus Hojgaard,,,
446,5185445156,1mackDninja (1/5),0,486.5,G Rory McIlroy G Robert MacIntyre G Tom Kim G Ryan Fox G Sungjae Im G Ricky Castillo,,,
455,5183612270,DDEMERIT3 (13/20),0,486,G Matt Fitzpatrick G Wyndham Clark G Tyrrell Hatton G Aaron Rai G Tom Kim G Oliver Lindell,,,
455,5183717111,Brianeli29 (18/20),0,486,G Tommy Fleetwood G Robert MacIntyre G Tyrrell Hatton G Shane Lowry G Tom Kim G Jesper Svensson,,,
455,5184042543,cross7010 (20/20),0,486,G Rory McIlroy G Wyndham Clark G Min Woo Lee G Victor Perez G Aldrich Potgieter G Alejandro Del Rey,,,
455,5184094335,topher54 (17/20),0,486,G Matt Fitzpatrick G Robert MacIntyre G Si Woo Kim G Jake Knapp G Ryan Gerard G Victor Perez,,,
455,5184106552,FortGarryLions (2/20),0,486,G Rory McIlroy G Tyrrell Hatton G Kristoffer Reitan G Tom Kim G Victor Perez G Alejandro Del Rey,,,
455,5184171293,styntru2u,0,486,G Matt Fitzpatrick G Wyndham Clark G Tyrrell Hatton G Aaron Rai G Tom Kim G Oliver Lindell,,,
455,5184721909,TrippJ (3/4),0,486,G Chris Gotterup G Viktor Hovland G Robert MacIntyre G Aaron Rai G Tom Kim G Nick Taylor,,,
455,5184937487,temeculajohn,0,486,G Matt Fitzpatrick G Justin Thomas G Min Woo Lee G Alex Fitzpatrick G Adam Scott G Tom Kim,,,
455,5185064238,msutarik360,0,486,G Matt Fitzpatrick G Wyndham Clark G Tyrrell Hatton G Aaron Rai G Tom Kim G Oliver Lindell,,,
455,5185231079,CartoGuy (6/20),0,486,G Tommy Fleetwood G Robert MacIntyre G Si Woo Kim G Nicolai Hojgaard G Adam Scott G Victor Perez,,,
455,5185450385,brwchris88 (1/4),0,486,G Matt Fitzpatrick G Tommy Fleetwood G Justin Thomas G Adam Scott G Tom Kim G Oliver Lindell,,,
466,5184929871,coreygeng (2/3),0,485.5,G Jon Rahm G Si Woo Kim G Patrick Reed G Tom Kim G Sahith Theegala G Tom McKibbin,,,
467,5183583763,Nuby33 (18/20),0,485,G Matt Fitzpatrick G Tommy Fleetwood G Min Woo Lee G Patrick Reed G Corey Conners G Eric Cole,,,
467,5183717112,Brianeli29 (19/20),0,485,G Tommy Fleetwood G Robert MacIntyre G Tyrrell Hatton G Justin Thomas G Tom Kim G Joakim Lagergren,,,
467,5183804322,steemkatz (2/20),0,485,G Tommy Fleetwood G Chris Gotterup G Min Woo Lee G Nicolai Hojgaard G Patrick Reed G Michael Brennan,,,
467,5183871967,Sportmeister77 (20/20),0,485,G Wyndham Clark G Robert MacIntyre G Tyrrell Hatton G Aaron Rai G Tom Kim G Corey Conners,,,
467,5184025078,caxton22 (7/20),0,485,G Wyndham Clark G Robert MacIntyre G Min Woo Lee G Nicolai Hojgaard G Alex Fitzpatrick G Patrick Reed,,,
467,5184293549,omes16 (5/20),0,485,G Tommy Fleetwood G Chris Gotterup G Min Woo Lee G Nicolai Hojgaard G Patrick Reed G Michael Brennan,,,
467,5184641894,kytyvince (12/20),0,485,G Matt Fitzpatrick G Tommy Fleetwood G Min Woo Lee G Patrick Reed G Corey Conners G Eric Cole,,,
467,5184655769,hburton1 (3/6),0,485,G Tommy Fleetwood G Viktor Hovland G Robert MacIntyre G Tyrrell Hatton G Jesper Svensson G Marcus Armitage,,,
467,5184766401,bett2112 (14/20),0,485,G Wyndham Clark G Robert MacIntyre G Tyrrell Hatton G Si Woo Kim G Sahith Theegala G Jesper Svensson,,,
467,5185087597,BelizeRabbit (8/8),0,485,G Matt Fitzpatrick G Wyndham Clark G Tyrrell Hatton G Nicolai Hojgaard G Jordan L. Smith G Jesper Svensson,,,
467,5185188868,hhubbard (6/20),0,485,G Wyndham Clark G Robert MacIntyre G Min Woo Lee G Nicolai Hojgaard G Kristoffer Reitan G Patrick Reed,,,
467,5185414511,24-Seven (9/20),0,485,G Tommy Fleetwood G Chris Gotterup G Min Woo Lee G Nicolai Hojgaard G Patrick Reed G Michael Brennan,,,
479,5183496927,ryanlaughlin77 (4/20),0,484.5,G Viktor Hovland G Robert MacIntyre G Tyrrell Hatton G Nicolai Hojgaard G Aldrich Potgieter G John Keefer,,,
479,5183849791,tldrelaxen,0,484.5,G Matt Fitzpatrick G Tommy Fleetwood G Tyrrell Hatton G Tom Kim G Doug Ghim G Jesper Svensson,,,
479,5183854046,KielMoney28 (20/20),0,484.5,G Matt Fitzpatrick G Tommy Fleetwood G Wyndham Clark G Tom Kim G Sudarshan Yellamaraju G Zachary Bauchou,,,
479,5184030886,JohnZaps (7/20),0,484.5,G Tommy Fleetwood G Robert MacIntyre G Tyrrell Hatton G Marco Penge G Tom Kim G Corey Conners,,,
479,5184260311,welchy81 (18/20),0,484.5,G Matt Fitzpatrick G Tommy Fleetwood G Nicolai Hojgaard G Alex Fitzpatrick G Tom Kim G Victor Perez,,,
479,5184414342,breal7 (18/20),0,484.5,G Matt Fitzpatrick G Tommy Fleetwood G Wyndham Clark G Tom Kim G Matthew McCarty G Jesper Svensson,,,
479,5185128564,BigJoshSorensen,0,484.5,G Chris Gotterup G Wyndham Clark G Robert MacIntyre G J.J. Spaun G Victor Perez G Jesper Svensson,,,
479,5185226482,bdogthehound,0,484.5,G Matt Fitzpatrick G Si Woo Kim G Min Woo Lee G Alex Fitzpatrick G Jake Knapp G Tom Kim,,,
479,5185392869,USMBrad14 (17/20),0,484.5,G Matt Fitzpatrick G Tommy Fleetwood G Tyrrell Hatton G Tom Kim G Doug Ghim G Jesper Svensson,,,
488,5184195446,gbeasley1313 (1/3),0,484,G Wyndham Clark G Justin Thomas G J.J. Spaun G Kurt Kitayama G Patrick Reed G Tom Kim,,,
488,5184253073,jkthomps (3/20),0,484,G Wyndham Clark G Justin Thomas G J.J. Spaun G Kurt Kitayama G Patrick Reed G Tom Kim,,,
488,5184341243,craigger34 (1/10),0,484,G Matt Fitzpatrick G Tommy Fleetwood G Viktor Hovland G Corey Conners G Jordan L. Smith G Victor Perez,,,
488,5184727804,PapaDBets (12/20),0,484,G Tommy Fleetwood G Robert MacIntyre G Kurt Kitayama G Harris English G Tom Kim G Ryan Fox,,,
488,5184735569,carebearks (2/5),0,484,G Chris Gotterup G Wyndham Clark G Robert MacIntyre G Nicolai Hojgaard G Mac Meissner G Rasmus Neergaard-Petersen,,,
488,5184830798,1Cheetah (1/2),0,484,G Matt Fitzpatrick G Tommy Fleetwood G Shane Lowry G Patrick Reed G Tom Kim G Brian Harman,,,
488,5184838589,Hoody6708 (4/4),0,484,G Wyndham Clark G Viktor Hovland G Robert MacIntyre G Tom Kim G Bud Cauley G Ryan Gerard,,,
488,5185115546,ckat1985 (4/20),0,484,G Rory McIlroy G Robert MacIntyre G Alex Fitzpatrick G Tom Kim G Mikael Lindberg G Oliver Lindell,,,
488,5185115554,ckat1985 (12/20),0,484,G Rory McIlroy G Robert MacIntyre G Alex Fitzpatrick G Tom Kim G Mikael Lindberg G Oliver Lindell,,,
488,5185124232,MD_DmanDemBoyz (1/2),0,484,G Matt Fitzpatrick G Chris Gotterup G Viktor Hovland G Alex Fitzpatrick G Tom Kim G Austin Eckroat,,,
488,5185124233,MD_DmanDemBoyz (2/2),0,484,G Matt Fitzpatrick G Chris Gotterup G Viktor Hovland G Alex Fitzpatrick G Tom Kim G Austin Eckroat,,,
488,5185132810,auweglman (6/20),0,484,G Jon Rahm G Min Woo Lee G Patrick Reed G Tom Kim G Ryan Gerard G Alex Smalley,,,
488,5185213722,arweaver8 (13/20),0,484,G Matt Fitzpatrick G Si Woo Kim G Nicolai Hojgaard G Tom Kim G Michael Brennan G Doug Ghim,,,
488,5185338049,Harmiles (19/20),0,484,G Robert MacIntyre G Si Woo Kim G Min Woo Lee G Brooks Koepka G Adam Scott G Patrick Reed,,,
488,5185346165,Bones1212 (9/20),0,484,G Ludvig Aberg G Robert MacIntyre G Tyrrell Hatton G Min Woo Lee G Patrick Reed G Oliver Lindell,,,
503,5183966582,shafi01,0,483.5,G Matt Fitzpatrick G Tommy Fleetwood G Alex Fitzpatrick G Patrick Reed G Tom Kim G Ryan Gerard,,,
503,5184001186,DrewB24 (3/20),0,483.5,G Matt Fitzpatrick G Wyndham Clark G Justin Thomas G Patrick Reed G Tom Kim G Kevin Yu,,,
503,5184038464,FinallyAlive (8/19),0,483.5,G Matt Fitzpatrick G Chris Gotterup G Min Woo Lee G Aaron Rai G Patrick Reed G Jordan L. Smith,,,
503,5184332798,Zeke1819 (1/4),0,483.5,G Matt Fitzpatrick G Tommy Fleetwood G Tyrrell Hatton G Corey Conners G Ryan Fox G Jordan L. Smith,,,
503,5184977039,edantoft (12/20),0,483.5,G Tommy Fleetwood G Robert MacIntyre G Tyrrell Hatton G Nicolai Hojgaard G Corey Conners G Victor Perez,,,
503,5185115547,ckat1985 (5/20),0,483.5,G Tommy Fleetwood G Chris Gotterup G Robert MacIntyre G Tom Kim G Bud Cauley G Jordan L. Smith,,,
503,5185125764,auweglman (2/20),0,483.5,G Rory McIlroy G Nicolai Hojgaard G Tom Kim G Eugenio Lopez-Chacarra G Ryan Gerard G Rasmus Neergaard-Petersen,,,
503,5185302429,Misterears,0,483.5,G Matt Fitzpatrick G Tommy Fleetwood G Alex Fitzpatrick G Patrick Reed G Tom Kim G Ryan Gerard,,,
511,5184141448,jokingbill (20/20),0,483,G Matt Fitzpatrick G Chris Gotterup G David Puig G Patrick Reed G Tom Kim G Corey Conners,,,
511,5184678653,cyone25 (9/15),0,483,G Tommy Fleetwood G Wyndham Clark G Tyrrell Hatton G Tom Kim G Corey Conners G Sahith Theegala,,,
511,5185134311,auweglman (7/20),0,483,G Tommy Fleetwood G Tyrrell Hatton G Min Woo Lee G Nicolai Hojgaard G Adam Scott G Patrick Reed,,,
514,5184639283,byronnio,0,482.5,G Rory McIlroy G Tyrrell Hatton G Tom Kim G Michael Thorbjornsen G Corey Conners G Grant Forrest,,,
514,5185450510,MexT4GDJ (4/8),0,482.5,G Chris Gotterup G Wyndham Clark G Viktor Hovland G Robert MacIntyre G Nicolas Echavarria G Calum Hill,,,
516,5183628109,afibman,0,482,G Chris Gotterup G Wyndham Clark G Robert MacIntyre G Tyrrell Hatton G Calum Hill G Andrew Putnam,,,
516,5184238711,snoodieboys,0,482,G Matt Fitzpatrick G Tommy Fleetwood G Tyrrell Hatton G Tom Kim G Angel Ayora Fanegas G Jesper Svensson,,,
516,5184678162,Racktracker13 (15/20),0,482,G Matt Fitzpatrick G Viktor Hovland G Min Woo Lee G Eric Cole G Tom McKibbin G Sudarshan Yellamaraju,,,
516,5184911648,darragh8 (18/20),0,482,G Rory McIlroy G Matt Fitzpatrick G Eric Cole G Ryan Fox G Keita Nakajima G Andrew Putnam,,,
516,5184926265,WeymouthVols,0,482,G Matt Fitzpatrick G Tommy Fleetwood G Robert MacIntyre G Tyrrell Hatton G Matti Schmid G Daniel Rodrigues,,,
516,5185394182,jcndaburgh (4/4),0,482,G Matt Fitzpatrick G Robert MacIntyre G Justin Thomas G Alex Fitzpatrick G Patrick Reed G Keita Nakajima,,,
522,5183850923,AUGZ24 (3/4),0,481.5,G Matt Fitzpatrick G Tommy Fleetwood G Robert MacIntyre G Shane Lowry G Jordan L. Smith G Matti Schmid,,,
522,5184025086,caxton22 (15/20),0,481.5,G Chris Gotterup G Robert MacIntyre G Kurt Kitayama G Nicolai Hojgaard G Marco Penge G Tom Kim,,,
522,5184025088,caxton22 (17/20),0,481.5,G Tommy Fleetwood G Robert MacIntyre G Justin Thomas G Patrick Reed G Marco Penge G Tom Kim,,,
522,5184223567,FFScotty2,0,481.5,G Tommy Fleetwood G Wyndham Clark G Robert MacIntyre G Kristoffer Reitan G Tom Kim G Jesper Svensson,,,
522,5184298316,Purplepain777 (4/6),0,481.5,G Tommy Fleetwood G Wyndham Clark G Robert MacIntyre G Kristoffer Reitan G Tom Kim G Jesper Svensson,,,
522,5184861959,hart03 (13/20),0,481.5,G Tommy Fleetwood G Robert MacIntyre G Patrick Cantlay G Adam Scott G Tom Kim G Victor Perez,,,
528,5183517523,happyb (2/5),0,481,G Chris Gotterup G Robert MacIntyre G J.J. Spaun G Alex Fitzpatrick G Tom Kim G Ryan Fox,,,
528,5183631847,bridger_444 (4/4),0,481,G Tommy Fleetwood G Si Woo Kim G Justin Thomas G J.J. Spaun G Tom Kim G Sudarshan Yellamaraju,,,
528,5183639638,friesezz,0,481,G Matt Fitzpatrick G Tommy Fleetwood G Chris Gotterup G Ryan Gerard G Victor Perez G Oliver Lindell,,,
528,5184106266,TEDDYB12345y (2/4),0,481,G Tommy Fleetwood G Robert MacIntyre G Min Woo Lee G Alex Fitzpatrick G Shane Lowry G Tom Kim,,,
528,5184127228,eastwoodr (2/3),0,481,G Matt Fitzpatrick G Tommy Fleetwood G Wyndham Clark G Tom Kim G Ryan Gerard G Padraig Harrington,,,
528,5184253080,jkthomps (10/20),0,481,G Rory McIlroy G Kurt Kitayama G Tom Kim G Corey Conners G Brian Harman G Nick Taylor,,,
528,5184600124,MayberryQB (4/4),0,481,G Wyndham Clark G Viktor Hovland G Robert MacIntyre G Tom Kim G Eugenio Lopez-Chacarra G Alex Smalley,,,
528,5185057471,kmastrorocco (1/3),0,481,G Tommy Fleetwood G Chris Gotterup G Viktor Hovland G Tom Kim G Brian Harman G Sahith Theegala,,,
528,5185327615,Dandys (3/5),0,481,G Rory McIlroy G Robert MacIntyre G Shane Lowry G Tom Kim G Rasmus Hojgaard G Dan Bradbury,,,
528,5185331975,grump65 (1/20),0,481,G Tommy Fleetwood G Robert MacIntyre G Tyrrell Hatton G Min Woo Lee G Shane Lowry G Oliver Lindell,,,
528,5185398960,djdog09 (10/13),0,481,G Wyndham Clark G Tyrrell Hatton G Justin Thomas G Nicolai Hojgaard G Tom Kim G Eugenio Lopez-Chacarra,,,
539,5184232449,loco2dbone (4/4),0,480.5,G Matt Fitzpatrick G Robert MacIntyre G J.J. Spaun G Nicolai Hojgaard G Corey Conners G Nick Taylor,,,
539,5184247514,kylehaeussler (6/20),0,480.5,G Chris Gotterup G Robert MacIntyre G Tyrrell Hatton G Min Woo Lee G Michael Brennan G Sam Stevens,,,
539,5184343173,d1na (3/20),0,480.5,G Chris Gotterup G Wyndham Clark G Tyrrell Hatton G Alex Fitzpatrick G Tom Kim G Victor Perez,,,
539,5184893348,LTskelter (20/20),0,480.5,G Tommy Fleetwood G Chris Gotterup G Robert MacIntyre G Min Woo Lee G Tom McKibbin G Hao-Tong Li,,,
539,5184922000,cashyobe (11/20),0,480.5,G Rory McIlroy G Adam Scott G Patrick Reed G Tom Kim G Ryan Gerard G Corey Conners,,,
539,5185069503,depalma13 (4/17),0,480.5,G Rory McIlroy G Nicolai Hojgaard G Tom Kim G Corey Conners G Brian Harman G Nick Taylor,,,
539,5185089797,jaygon122 (8/10),0,480.5,G Matt Fitzpatrick G Chris Gotterup G Si Woo Kim G Aaron Rai G Tom Kim G Andrew Putnam,,,
539,5185099650,awozniak (3/3),0,480.5,G Wyndham Clark G Robert MacIntyre G Si Woo Kim G Alex Fitzpatrick G Tom Kim G Eric Cole,,,
539,5185415396,gooey911,0,480.5,G Rory McIlroy G Adam Scott G Patrick Reed G Tom Kim G Ryan Gerard G Corey Conners,,,
548,5183517395,TattersDean (14/20),0,480,G Matt Fitzpatrick G Tommy Fleetwood G Nicolai Hojgaard G Alex Fitzpatrick G Tom Kim G Jordan L. Smith,,,
548,5183742247,mknob87 (10/20),0,480,G Matt Fitzpatrick G Si Woo Kim G J.J. Spaun G Patrick Reed G Tom Kim G Bud Cauley,,,
548,5184824869,rlbender,0,480,G Ludvig Aberg G Wyndham Clark G Robert MacIntyre G Tom Kim G Sahith Theegala G Ryan Fox,,,
548,5184847824,Rickshaw_of_Iran (3/4),0,480,G Matt Fitzpatrick G Chris Gotterup G Nicolai Hojgaard G Kristoffer Reitan G Tom Kim G Ryan Fox,,,
552,5184167348,lilSumpinExtra (2/20),0,479.5,G Chris Gotterup G Wyndham Clark G Tyrrell Hatton G Kristoffer Reitan G Tom Kim G Rasmus Hojgaard,,,
552,5184227683,hazmatt94 (20/20),0,479.5,G Tommy Fleetwood G Wyndham Clark G Viktor Hovland G Robert MacIntyre G Calum Hill G Oliver Lindell,,,
552,5184480446,Carolinakidz (7/11),0,479.5,G Rory McIlroy G Wyndham Clark G Tom Kim G Ryan Fox G Victor Perez G John Parry,,,
552,5184918382,Griffdee24 (20/20),0,479.5,G Matt Fitzpatrick G Tyrrell Hatton G Shane Lowry G Adam Scott G Patrick Reed G Tom Kim,,,
552,5184987128,jemp1 (1/2),0,479.5,G Matt Fitzpatrick G Wyndham Clark G Shane Lowry G Adam Scott G Patrick Reed G Tom Kim,,,
552,5185213717,arweaver8 (8/20),0,479.5,G Matt Fitzpatrick G Wyndham Clark G Kurt Kitayama G Tom Kim G Michael Brennan G Doug Ghim,,,
552,5185366949,milligolf (12/20),0,479.5,G Matt Fitzpatrick G Tommy Fleetwood G Kurt Kitayama G Min Woo Lee G Ryan Fox G Bernd Wiesberger,,,
552,5185442453,hoopmind,0,479.5,G Rory McIlroy G Matt Fitzpatrick G Tom Kim G Casey Jarvis G Austin Smotherman G Calum Hill,,,
560,5184253079,jkthomps (9/20),0,479,G Rory McIlroy G Robert MacIntyre G Tom Kim G Sahith Theegala G Nick Taylor G Kevin Yu,,,
560,5184495695,nicklowe1 (1/4),0,479,G Rory McIlroy G Matt Fitzpatrick G Tom Kim G Ryan Fox G Bernd Wiesberger G Nacho Elvira,,,
560,5184690176,weswilliams4 (11/20),0,479,G Matt Fitzpatrick G Tommy Fleetwood G Wyndham Clark G Robert MacIntyre G Joakim Lagergren G Austin Eckroat,,,
560,5184874772,aquafinatim (3/20),0,479,G Tommy Fleetwood G Tyrrell Hatton G Justin Thomas G Min Woo Lee G Ryan Gerard G Tom McKibbin,,,
560,5185409917,brarob11 (10/10),0,479,G Tommy Fleetwood G Wyndham Clark G Kurt Kitayama G Min Woo Lee G Michael Brennan G Brian Harman,,,
565,5184705925,BADM00N,0,478.5,G Rory McIlroy G Min Woo Lee G Jake Knapp G Tom Kim G Sahith Theegala G Tom McKibbin,,,
565,5185039210,Tavius87 (18/20),0,478.5,G Matt Fitzpatrick G Tommy Fleetwood G Kurt Kitayama G Tom Kim G Ryan Gerard G Sepp Straka,,,
567,5184025082,caxton22 (11/20),0,478,G Chris Gotterup G Robert MacIntyre G Min Woo Lee G Alex Fitzpatrick G Kristoffer Reitan G Tom Kim,,,
567,5184139542,ll4363 (1/4),0,478,G Matt Fitzpatrick G Robert MacIntyre G Si Woo Kim G Marco Penge G Eugenio Lopez-Chacarra G Rasmus Hojgaard,,,
567,5184383930,kenplong (4/20),0,478,G Matt Fitzpatrick G Tommy Fleetwood G Justin Thomas G Tom Kim G Doug Ghim G Jordan L. Smith,,,
567,5184426620,jram409 (4/20),0,478,G Tommy Fleetwood G Chris Gotterup G Robert MacIntyre G Alex Fitzpatrick G Tom Kim G Oliver Lindell,,,
567,5184908751,jonytiler (15/20),0,478,G Chris Gotterup G Robert MacIntyre G Tyrrell Hatton G Min Woo Lee G Alex Fitzpatrick G Oliver Lindell,,,
567,5184944191,TBell1984 (12/20),0,478,G Matt Fitzpatrick G Chris Gotterup G Robert MacIntyre G Adam Scott G Michael Brennan G Oliver Lindell,,,
567,5185347719,Wingman91 (7/20),0,478,G Chris Gotterup G Robert MacIntyre G Tyrrell Hatton G Min Woo Lee G Alex Fitzpatrick G Oliver Lindell,,,
567,5185376504,ljstale,0,478,G Matt Fitzpatrick G Tommy Fleetwood G Si Woo Kim G Tom Kim G Sahith Theegala G Sam Stevens,,,
575,5183931141,jdrap (4/4),0,477.5,G Rory McIlroy G Min Woo Lee G Nicolai Hojgaard G Brian Harman G Sahith Theegala G Matti Schmid,,,
575,5184172441,iwanaretire (2/2),0,477.5,G Tommy Fleetwood G Wyndham Clark G Tyrrell Hatton G Aaron Rai G Tom Kim G Victor Perez,,,
575,5184389674,ccualumni (2/4),0,477.5,G Matt Fitzpatrick G Viktor Hovland G Tyrrell Hatton G Tom Kim G Corey Conners G Billy Horschel,,,
575,5184514200,naughttj (11/20),0,477.5,G Rory McIlroy G Wyndham Clark G Patrick Reed G Tom Kim G Andy Sullivan G Grant Forrest,,,
575,5184721777,wowwwwwdfs_kkc (16/20),0,477.5,G Matt Fitzpatrick G Tommy Fleetwood G Si Woo Kim G Patrick Reed G Nick Taylor G Hennie Du Plessis,,,
575,5184867339,chazstill (1/2),0,477.5,G Matt Fitzpatrick G Tommy Fleetwood G Viktor Hovland G Tom Kim G Sepp Straka G Jesper Svensson,,,
575,5185066538,jeffbertke,0,477.5,G Matt Fitzpatrick G Robert MacIntyre G Kurt Kitayama G Tom Kim G Eric Cole G Matt Wallace,,,
575,5185352683,kingmike36 (4/11),0,477.5,G Matt Fitzpatrick G Wyndham Clark G Alex Fitzpatrick G Patrick Reed G Tom Kim G Corey Conners,,,
583,5183947407,hectic1980 (15/20),0,477,G Chris Gotterup G Justin Thomas G Kurt Kitayama G Min Woo Lee G Shane Lowry G Tom Kim,,,
583,5184122646,jgovreau,0,477,G Rory McIlroy G Tyrrell Hatton G Tom Kim G Corey Conners G Sahith Theegala G Nicolas Echavarria,,,
583,5184393365,zazrak,0,477,G Tommy Fleetwood G Chris Gotterup G Tyrrell Hatton G Tom Kim G Corey Conners G Sahith Theegala,,,
583,5184678645,cyone25 (1/15),0,477,G Si Woo Kim G J.J. Spaun G Kurt Kitayama G Min Woo Lee G Adam Scott G Patrick Reed,,,
583,5184703676,Astros7 (11/14),0,477,G Tommy Fleetwood G Chris Gotterup G Tyrrell Hatton G Tom Kim G Corey Conners G Sahith Theegala,,,
583,5184795107,Maury2620 (1/2),0,477,G Matt Fitzpatrick G Tommy Fleetwood G Wyndham Clark G Eric Cole G Jesper Svensson G Keita Nakajima,,,
583,5184911631,darragh8 (1/20),0,477,G Wyndham Clark G Tyrrell Hatton G Justin Thomas G Kurt Kitayama G Tom Kim G Sahith Theegala,,,
583,5185091411,c4bradley457 (2/4),0,477,G Matt Fitzpatrick G Chris Gotterup G Kurt Kitayama G Patrick Reed G Eugenio Lopez-Chacarra G Victor Perez,,,
583,5185310464,peytman (9/10),0,477,G Matt Fitzpatrick G Wyndham Clark G Robert MacIntyre G Alex Fitzpatrick G Mac Meissner G Matti Schmid,,,
583,5185450853,bledsoe417 (5/17),0,477,G Matt Fitzpatrick G Tyrrell Hatton G Justin Thomas G Aaron Rai G Tom Kim G Jordan L. Smith,,,
593,5183538406,jrevelle3 (7/20),0,476.5,G Matt Fitzpatrick G Tommy Fleetwood G Justin Thomas G Marco Penge G Tom Kim G Matti Schmid,,,
593,5183620572,Sanoman73 (4/20),0,476.5,G Tommy Fleetwood G Wyndham Clark G Tyrrell Hatton G Aaron Rai G Tom Kim G Rasmus Hojgaard,,,
593,5183620577,Sanoman73 (9/20),0,476.5,G Tommy Fleetwood G Wyndham Clark G Tyrrell Hatton G Aaron Rai G Tom Kim G Rasmus Hojgaard,,,
593,5183620582,Sanoman73 (14/20),0,476.5,G Tommy Fleetwood G Wyndham Clark G Tyrrell Hatton G Aaron Rai G Tom Kim G Rasmus Hojgaard,,,
593,5183620587,Sanoman73 (19/20),0,476.5,G Tommy Fleetwood G Wyndham Clark G Tyrrell Hatton G Aaron Rai G Tom Kim G Rasmus Hojgaard,,,
593,5183681890,Jonnyboy6969 (3/6),0,476.5,G Chris Gotterup G Wyndham Clark G Robert MacIntyre G Tom Kim G Doug Ghim G Eric Cole,,,
593,5183917700,paintgirl (13/20),0,476.5,G Tommy Fleetwood G Robert MacIntyre G Tyrrell Hatton G Min Woo Lee G Alex Fitzpatrick G Oliver Lindell,,,
593,5183938547,roborick822 (16/20),0,476.5,G Matt Fitzpatrick G Chris Gotterup G Wyndham Clark G Nick Taylor G Mac Meissner G Sudarshan Yellamaraju,,,
593,5184139410,ziggitywood (15/20),0,476.5,G Tommy Fleetwood G Chris Gotterup G Robert MacIntyre G Ryan Gerard G Ryan Fox G Jesper Svensson,,,
593,5184462884,Rodski63 (2/2),0,476.5,G Tommy Fleetwood G Tyrrell Hatton G Si Woo Kim G Shane Lowry G Tom Kim G Ryan Gerard,,,
593,5184678152,Racktracker13 (5/20),0,476.5,G Wyndham Clark G Viktor Hovland G Tyrrell Hatton G Michael Thorbjornsen G Eric Cole G Victor Perez,,,
593,5184924387,swiftwolf69,0,476.5,G Tyrrell Hatton G Si Woo Kim G Kurt Kitayama G Min Woo Lee G David Puig G Patrick Reed,,,
593,5184949319,oicu2uno (2/4),0,476.5,G Chris Gotterup G Robert MacIntyre G Tyrrell Hatton G Alex Fitzpatrick G Tom Kim G Sahith Theegala,,,
593,5185268054,PThompson42 (18/20),0,476.5,G Tommy Fleetwood G Wyndham Clark G Tyrrell Hatton G Patrick Reed G Ryan Gerard G Ryan Fox,,,
593,5185311424,dignan16 (3/20),0,476.5,G Tommy Fleetwood G Viktor Hovland G Tyrrell Hatton G Min Woo Lee G Adam Scott G Oliver Lindell,,,
593,5185332472,SEAHAWKS_11,0,476.5,G Tommy Fleetwood G Tyrrell Hatton G Si Woo Kim G Shane Lowry G Tom Kim G Ryan Gerard,,,
609,5183589978,Ps2jr (1/2),0,476,G Chris Gotterup G Wyndham Clark G Tyrrell Hatton G Kristoffer Reitan G Tom Kim G Jordan L. Smith,,,
609,5183717110,Brianeli29 (17/20),0,476,G Tommy Fleetwood G Robert MacIntyre G Tyrrell Hatton G Justin Thomas G Tom Kim G Connor Syme,,,
609,5183790268,hustlemania83 (7/20),0,476,G Chris Gotterup G Wyndham Clark G Viktor Hovland G Marco Penge G Tom Kim G Jordan L. Smith,,,
609,5183810246,steemkatz (13/20),0,476,G Tommy Fleetwood G Wyndham Clark G Tyrrell Hatton G Tom Kim G Corey Conners G Eric Cole,,,
609,5183871958,Sportmeister77 (11/20),0,476,G Rory McIlroy G Robert MacIntyre G Aaron Rai G Tom Kim G Sudarshan Yellamaraju G Oliver Lindell,,,
609,5183926639,bbarks (4/8),0,476,G Rory McIlroy G Tyrrell Hatton G Nicolai Hojgaard G Tom Kim G Matti Schmid G Grant Forrest,,,
609,5184104860,jmostpa (2/2),0,476,G Chris Gotterup G Wyndham Clark G Tyrrell Hatton G Kristoffer Reitan G Tom Kim G Jordan L. Smith,,,
609,5184167353,lilSumpinExtra (7/20),0,476,G Chris Gotterup G Wyndham Clark G Tyrrell Hatton G Kristoffer Reitan G Tom Kim G Jordan L. Smith,,,
609,5184170082,bigwheelio (7/20),0,476,G Jon Rahm G Robert MacIntyre G Patrick Reed G Tom Kim G Angel Ayora Fanegas G Calum Hill,,,
609,5184408797,blueernie (8/20),0,476,G Wyndham Clark G Robert MacIntyre G Tyrrell Hatton G Kurt Kitayama G Eric Cole G Jordan L. Smith,,,
609,5184898856,jepst14 (2/3),0,476,G Rory McIlroy G Tyrrell Hatton G Shane Lowry G Tom Kim G Victor Perez G Oliver Lindell,,,
609,5185162342,theonlyhanch (2/20),0,476,G Matt Fitzpatrick G Tommy Fleetwood G Wyndham Clark G Tom Kim G Matt Wallace G Oliver Lindell,,,
609,5185168030,TurboTime95 (3/20),0,476,G Matt Fitzpatrick G Tommy Fleetwood G Wyndham Clark G Tom Kim G Matt Wallace G Oliver Lindell,,,
609,5185191133,kngof9ex,0,476,G Matt Fitzpatrick G Tommy Fleetwood G Wyndham Clark G Tom Kim G Matt Wallace G Oliver Lindell,,,
609,5185316564,78yellowcutlas,0,476,G Matt Fitzpatrick G Tommy Fleetwood G Patrick Reed G Marco Penge G Tom Kim G Eugenio Lopez-Chacarra,,,
624,5183569011,hatrickpatrick (17/19),0,475.5,G Chris Gotterup G Wyndham Clark G Si Woo Kim G Kurt Kitayama G Patrick Reed G Marcus Armitage,,,
624,5184049515,Glickster,0,475.5,G Rory McIlroy G Tommy Fleetwood G Min Woo Lee G Mac Meissner G Rasmus Hojgaard G Dylan Frittelli,,,
624,5184195652,jrislove (1/3),0,475.5,G Chris Gotterup G Wyndham Clark G Tyrrell Hatton G Tom Kim G Doug Ghim G Mac Meissner,,,
624,5184273585,blakethemega (1/10),0,475.5,G Chris Gotterup G Wyndham Clark G Viktor Hovland G Kurt Kitayama G Victor Perez G Matti Schmid,,,
624,5184444979,ihags (11/20),0,475.5,G Tommy Fleetwood G Chris Gotterup G Robert MacIntyre G Tyrrell Hatton G Jesper Svensson G Oliver Lindell,,,
624,5184514201,naughttj (12/20),0,475.5,G Matt Fitzpatrick G Tommy Fleetwood G Patrick Reed G Marco Penge G Tom Kim G Corey Conners,,,
624,5184865900,jah_586 (6/20),0,475.5,G Matt Fitzpatrick G Wyndham Clark G Min Woo Lee G Shane Lowry G Adam Scott G Victor Perez,,,
624,5184949435,oicu2uno (3/4),0,475.5,G Tommy Fleetwood G Chris Gotterup G Robert MacIntyre G Alex Fitzpatrick G Tom Kim G Jesper Svensson,,,
624,5184967833,publinxbob,0,475.5,G Matt Fitzpatrick G Ludvig Aberg G Si Woo Kim G Adam Scott G Tom Kim G Shaun Norris,,,
624,5185168041,TurboTime95 (14/20),0,475.5,G Rory McIlroy G Robert MacIntyre G Alex Fitzpatrick G Tom Kim G Jesper Svensson G Nicolas Echavarria,,,
624,5185459638,herrma02 (17/20),0,475.5,G Matt Fitzpatrick G Chris Gotterup G Viktor Hovland G Patrick Reed G Brian Harman G Oliver Lindell,,,
635,5183517034,samboo85 (2/8),0,475,G Matt Fitzpatrick G Tyrrell Hatton G Kristoffer Reitan G Adam Scott G Patrick Reed G Tom Kim,,,
635,5183714904,ouroboros0 (3/20),0,475,G Tommy Fleetwood G Robert MacIntyre G Min Woo Lee G Kristoffer Reitan G Aaron Rai G Tom Kim,,,
635,5183816723,Dendogg86 (6/20),0,475,G Matt Fitzpatrick G Viktor Hovland G Tyrrell Hatton G Adam Scott G Max Greyserman G Victor Perez,,,
635,5184086460,clamdiggerball (3/20),0,475,G Rory McIlroy G Tommy Fleetwood G Tom Kim G Eugenio Lopez-Chacarra G Jesper Svensson G Oliver Lindell,,,
635,5184336516,floresg (3/4),0,475,G Rory McIlroy G Tyrrell Hatton G Min Woo Lee G Sahith Theegala G Ricky Castillo G Oliver Lindell,,,
635,5184514207,naughttj (18/20),0,475,G Tommy Fleetwood G Wyndham Clark G Si Woo Kim G Kurt Kitayama G Nick Taylor G Rasmus Hojgaard,,,
635,5184683297,Kingderm123 (18/20),0,475,G Wyndham Clark G Viktor Hovland G Tyrrell Hatton G Alex Fitzpatrick G Tom Kim G Ryan Fox,,,
635,5185083172,rob32176_76,0,475,G Matt Fitzpatrick G Tommy Fleetwood G Si Woo Kim G Min Woo Lee G Bud Cauley G Austin Eckroat,,,
635,5185459623,herrma02 (2/20),0,475,G Chris Gotterup G Viktor Hovland G Tyrrell Hatton G Kristoffer Reitan G Tom Kim G Victor Perez,,,
644,5183508831,laboni64 (2/3),0,474.5,G Chris Gotterup G Wyndham Clark G Tyrrell Hatton G Aaron Rai G Tom Kim G Jordan L. Smith,,,
644,5183985990,gunner2632 (6/20),0,474.5,G Matt Fitzpatrick G Chris Gotterup G Si Woo Kim G J.J. Spaun G Laurie Canter G Oliver Lindell,,,
644,5184606251,blindpic (3/4),0,474.5,G Matt Fitzpatrick G Wyndham Clark G Tyrrell Hatton G Patrick Reed G Sahith Theegala G Sudarshan Yellamaraju,,,
644,5184843959,g1sprinter,0,474.5,G Matt Fitzpatrick G Robert MacIntyre G Tyrrell Hatton G Alex Fitzpatrick G Tom McKibbin G Jordan L. Smith,,,
644,5184848125,2briar (18/20),0,474.5,G Matt Fitzpatrick G Robert MacIntyre G Tyrrell Hatton G Tom Kim G Matt Wallace G Hao-Tong Li,,,
644,5185164346,mrrutexas (5/20),0,474.5,G Wyndham Clark G Viktor Hovland G Robert MacIntyre G Nicolai Hojgaard G Eric Cole G Victor Perez,,,
644,5185392868,USMBrad14 (16/20),0,474.5,G Matt Fitzpatrick G Wyndham Clark G Adam Scott G Patrick Reed G Jake Knapp G Tom Kim,,,
651,5184234510,jrj1980 (2/4),0,474,G Matt Fitzpatrick G Tyrrell Hatton G Min Woo Lee G Shane Lowry G Tom Kim G Bud Cauley,,,
651,5184388188,amuch,0,474,G Matt Fitzpatrick G Tommy Fleetwood G Wyndham Clark G Tom Kim G Oliver Lindell G Kota Kaneko,,,
651,5184444889,Djtch (1/4),0,474,G Chris Gotterup G Robert MacIntyre G Tyrrell Hatton G Min Woo Lee G Aaron Rai G Jesper Svensson,,,
651,5184800117,Pavich12,0,474,G Matt Fitzpatrick G Tyrrell Hatton G Si Woo Kim G Nicolai Hojgaard G Michael Thorbjornsen G Michael Kim,,,
651,5185058891,saranac34 (19/20),0,474,G Matt Fitzpatrick G Tommy Fleetwood G Wyndham Clark G Tom Kim G Sahith Theegala G Grant Forrest,,,
651,5185286054,tpsreportstx (11/20),0,474,G Matt Fitzpatrick G Wyndham Clark G Robert MacIntyre G Alex Fitzpatrick G Victor Perez G Calum Hill,,,
651,5185341694,crypto4me,0,474,G Matt Fitzpatrick G Tommy Fleetwood G Nicolai Hojgaard G Tom Kim G Alex Noren G Ryan Fox,,,
651,5185398866,mattmccann,0,474,G Wyndham Clark G Viktor Hovland G Si Woo Kim G Alex Fitzpatrick G Tom Kim G Ryan Gerard,,,
659,5183926636,bbarks (1/8),0,473.5,G Chris Gotterup G Wyndham Clark G Tyrrell Hatton G Nicolai Hojgaard G Tom Kim G Aldrich Potgieter,,,
659,5183965888,rsumrall (4/20),0,473.5,G Tommy Fleetwood G Chris Gotterup G Robert MacIntyre G Justin Thomas G Victor Perez G Oliver Lindell,,,
659,5184335649,saranac34 (12/20),0,473.5,G Wyndham Clark G Viktor Hovland G Robert MacIntyre G Tyrrell Hatton G Hennie Du Plessis G Jesper Svensson,,,
659,5184513774,ronmexicoburgundy (15/20),0,473.5,G Rory McIlroy G Min Woo Lee G Aaron Rai G Tom Kim G Sahith Theegala G Ricky Castillo,,,
659,5184625228,Jamieleepartridge (1/2),0,473.5,G Matt Fitzpatrick G Tyrrell Hatton G Si Woo Kim G Patrick Reed G Corey Conners G Sahith Theegala,,,
659,5184659208,thegoodrat,0,473.5,G Matt Fitzpatrick G Wyndham Clark G Alex Fitzpatrick G Patrick Reed G Tom Kim G Sahith Theegala,,,
659,5184692491,kacktrey7 (9/20),0,473.5,G Robert MacIntyre G Tyrrell Hatton G Justin Thomas G David Puig G Tom Kim G Eugenio Lopez-Chacarra,,,
659,5185175342,skroffke (1/2),0,473.5,G Matt Fitzpatrick G Chris Gotterup G Nicolai Hojgaard G Jake Knapp G Tom Kim G Ryan Gerard,,,
659,5185298478,TheFH (10/20),0,473.5,G Tommy Fleetwood G Chris Gotterup G Robert MacIntyre G Justin Thomas G Victor Perez G Oliver Lindell,,,
659,5185458368,SilverFox327 (8/20),0,473.5,G Matt Fitzpatrick G Tommy Fleetwood G Kurt Kitayama G Tom Kim G Doug Ghim G Max Greyserman,,,
669,5183510090,Onager41 (13/20),0,473,G Matt Fitzpatrick G Wyndham Clark G Tyrrell Hatton G Kurt Kitayama G Calum Hill G Oliver Lindell,,,
669,5183626254,DeaconDave29 (1/2),0,473,G Chris Gotterup G Wyndham Clark G Si Woo Kim G Jake Knapp G Tom Kim G Ryan Gerard,,,
669,5183929960,RAYVENZ52 (9/20),0,473,G Jon Rahm G Robert MacIntyre G Nicolai Hojgaard G Michael Brennan G Jesper Svensson G Keita Nakajima,,,
669,5183947405,hectic1980 (13/20),0,473,G Rory McIlroy G Robert MacIntyre G Adam Scott G Tom Kim G Kevin Yu G Oliver Lindell,,,
669,5184522237,smoke_401 (3/4),0,473,G Matt Fitzpatrick G Tommy Fleetwood G Si Woo Kim G Patrick Reed G Nick Taylor G Andrew Novak,,,
669,5184908744,jonytiler (8/20),0,473,G Rory McIlroy G Wyndham Clark G Shane Lowry G Tom Kim G Victor Perez G Guido Migliozzi,,,
669,5184908832,schulza23 (7/20),0,473,G Matt Fitzpatrick G Tommy Fleetwood G J.J. Spaun G Tom Kim G Angel Ayora Fanegas G Nick Taylor,,,
669,5185270025,budmcdevitt,0,473,G Chris Gotterup G Tyrrell Hatton G Kurt Kitayama G David Puig G Patrick Reed G Tom Kim,,,
677,5183507802,TattersDean (4/20),0,472.5,G Matt Fitzpatrick G Tommy Fleetwood G Nicolai Hojgaard G Brooks Koepka G Tom Kim G Calum Hill,,,
677,5184025077,caxton22 (6/20),0,472.5,G Robert MacIntyre G Tyrrell Hatton G Justin Thomas G Nicolai Hojgaard G Kristoffer Reitan G Tom Kim,,,
677,5184879740,cwcarroll2 (15/20),0,472.5,G Chris Gotterup G Wyndham Clark G Viktor Hovland G Jake Knapp G Michael Thorbjornsen G John Keefer,,,
677,5184906520,jpmtwm,0,472.5,G Matt Fitzpatrick G Tyrrell Hatton G Justin Thomas G Marco Penge G Tom Kim G Brian Harman,,,
677,5184909854,bkess4807 (6/10),0,472.5,G Matt Fitzpatrick G Chris Gotterup G Robert MacIntyre G Tom Kim G Harry Hall G Michael Kim,,,
677,5184919349,darbyfootball (17/20),0,472.5,G Tommy Fleetwood G Robert MacIntyre G Tyrrell Hatton G Adam Scott G Tom Kim G Matt Wallace,,,
677,5184996960,Astros7 (13/14),0,472.5,G Matt Fitzpatrick G Tyrrell Hatton G Nicolai Hojgaard G Marco Penge G Tom Kim G Eugenio Lopez-Chacarra,,,
677,5185170113,meyers2305 (6/20),0,472.5,G Tommy Fleetwood G Wyndham Clark G Viktor Hovland G Tom Kim G Sahith Theegala G Hennie Du Plessis,,,
677,5185188873,hhubbard (11/20),0,472.5,G Robert MacIntyre G Tyrrell Hatton G Justin Thomas G Nicolai Hojgaard G Kristoffer Reitan G Tom Kim,,,
686,5183553339,tmh9311 (1/4),0,472,G Matt Fitzpatrick G Tommy Fleetwood G Robert MacIntyre G Min Woo Lee G Ewen Ferguson G Grant Forrest,,,
686,5184114938,yepjnelz (1/20),0,472,G Matt Fitzpatrick G Si Woo Kim G Kurt Kitayama G Alex Fitzpatrick G Tom Kim G Corey Conners,,,
686,5184512031,jrj1980 (3/4),0,472,G Matt Fitzpatrick G Wyndham Clark G Kurt Kitayama G Alex Fitzpatrick G Tom Kim G Oliver Lindell,,,
686,5184531438,boylebobboyle007,0,472,G Matt Fitzpatrick G Robert MacIntyre G Si Woo Kim G Alex Fitzpatrick G Patrick Reed G Jesper Svensson,,,
686,5184732259,brandino800 (1/20),0,472,G Jon Rahm G Matt Fitzpatrick G Michael Brennan G Mac Meissner G Hennie Du Plessis G John Keefer,,,
686,5184859351,bjnfan (19/20),0,472,G Matt Fitzpatrick G Si Woo Kim G Justin Thomas G Min Woo Lee G Shane Lowry G Shaun Norris,,,
686,5184859525,mwear,0,472,G Xander Schauffele G Robert MacIntyre G Tyrrell Hatton G Min Woo Lee G Ryan Fox G Jesper Svensson,,,
686,5184944925,y2kFrog (3/20),0,472,G Matt Fitzpatrick G Tyrrell Hatton G Si Woo Kim G Nicolai Hojgaard G Eugenio Lopez-Chacarra G Oliver Lindell,,,
686,5184987659,JLR1985 (1/20),0,472,G Viktor Hovland G Robert MacIntyre G Si Woo Kim G Nicolai Hojgaard G Adam Scott G Brian Harman,,,
686,5185321671,smithcj16 (19/20),0,472,G Matt Fitzpatrick G Xander Schauffele G Tyrrell Hatton G Tom Kim G Mac Meissner G Oliver Lindell,,,
686,5185459636,herrma02 (15/20),0,472,G Matt Fitzpatrick G Si Woo Kim G Kurt Kitayama G Kristoffer Reitan G Tom Kim G Corey Conners,,,
697,5183659233,reginalddenney (3/5),0,471.5,G Rory McIlroy G Matt Fitzpatrick G Alex Fitzpatrick G Tom Kim G Oliver Lindell G Nicolai Von Dellingshausen,,,
697,5183717104,Brianeli29 (11/20),0,471.5,G Rory McIlroy G Tommy Fleetwood G Tom Kim G Brian Harman G Victor Perez G Grant Forrest,,,
697,5183798545,preeves4 (8/20),0,471.5,G Matt Fitzpatrick G Tyrrell Hatton G Kurt Kitayama G Min Woo Lee G Nicolai Hojgaard G Richard Mansell,,,
697,5183862177,rebelplaya (2/4),0,471.5,G Matt Fitzpatrick G Wyndham Clark G Robert MacIntyre G Alex Fitzpatrick G Brian Harman G Alejandro Del Rey,,,
697,5184170093,bigwheelio (18/20),0,471.5,G Matt Fitzpatrick G Chris Gotterup G Tyrrell Hatton G Michael Brennan G Sahith Theegala G Victor Perez,,,
697,5184574562,jc000000,0,471.5,G Rory McIlroy G Matt Fitzpatrick G Min Woo Lee G Corey Conners G Joost Luiten G Richard Sterne,,,
697,5184582395,nadusku (4/20),0,471.5,G Matt Fitzpatrick G Viktor Hovland G Justin Thomas G Nicolai Hojgaard G Ryan Fox G Jordan L. Smith,,,
697,5184848353,ocalairish (2/2),0,471.5,G Matt Fitzpatrick G Tommy Fleetwood G Robert MacIntyre G Ryan Gerard G Rasmus Hojgaard G Daniel Hillier,,,
697,5184966833,senor_verde17 (2/2),0,471.5,G Jon Rahm G Robert MacIntyre G Tyrrell Hatton G Victor Perez G Jesper Svensson G Oliver Lindell,,,
697,5185226575,CraigAD66 (3/18),0,471.5,G Matt Fitzpatrick G Tyrrell Hatton G Nicolai Hojgaard G Alex Fitzpatrick G Tom Kim G Oliver Lindell,,,
697,5185286817,ronnyp36,0,471.5,G Matt Fitzpatrick G Tommy Fleetwood G Nicolai Hojgaard G Alex Fitzpatrick G Tom Kim G Nick Taylor,,,
708,5183550761,Knickeless (4/20),0,471,G Ludvig Aberg G Justin Thomas G Min Woo Lee G Tom Kim G Eugenio Lopez-Chacarra G Victor Perez,,,
708,5183923308,JasonBarnes (3/4),0,471,G Matt Fitzpatrick G Wyndham Clark G Si Woo Kim G Adam Scott G Rasmus Neergaard-Petersen G Ricky Castillo,,,
708,5184476651,VICARO (9/20),0,471,G Rory McIlroy G Matt Fitzpatrick G Rasmus Hojgaard G Jordan L. Smith G Aldrich Potgieter G Matti Schmid,,,
708,5185155065,mkubitza13 (1/2),0,471,G Rory McIlroy G Kurt Kitayama G Nicolai Hojgaard G Tom Kim G Sahith Theegala G Oliver Lindell,,,
708,5185164475,ReedRothchild,0,471,G Matt Fitzpatrick G Wyndham Clark G Tyrrell Hatton G Kurt Kitayama G Jesper Svensson G Nicolas Echavarria,,,
713,5183782062,hustlemania83 (2/20),0,470.5,G Chris Gotterup G Wyndham Clark G Viktor Hovland G Kristoffer Reitan G Tom Kim G Matti Schmid,,,
713,5184863147,4to1dog (2/20),0,470.5,G Tommy Fleetwood G Wyndham Clark G Justin Thomas G Min Woo Lee G Nicolai Hojgaard G Oliver Lindell,,,
713,5184927945,fairwaykid (19/20),0,470.5,G Matt Fitzpatrick G Wyndham Clark G Nicolai Hojgaard G Patrick Reed G Eugenio Lopez-Chacarra G Ryan Gerard,,,
713,5184989563,RynosFurever (3/3),0,470.5,G Chris Gotterup G Wyndham Clark G Tyrrell Hatton G Min Woo Lee G Patrick Reed G Niklas Norgaard Moller,,,
713,5185124136,joeystorey813 (5/20),0,470.5,G Tommy Fleetwood G Wyndham Clark G Justin Thomas G Min Woo Lee G Nicolai Hojgaard G Oliver Lindell,,,
713,5185331982,grump65 (8/20),0,470.5,G Tommy Fleetwood G Wyndham Clark G Justin Thomas G Min Woo Lee G Nicolai Hojgaard G Oliver Lindell,,,
719,5184083387,taugust7 (1/20),0,470,G Matt Fitzpatrick G Robert MacIntyre G Aaron Rai G Tom Kim G Corey Conners G Andrew Novak,,,
719,5184850961,steve3258 (5/20),0,470,G Matt Fitzpatrick G Chris Gotterup G Si Woo Kim G Michael Thorbjornsen G Matt Wallace G Ryan Fox,,,
719,5184934967,cashyobe (13/20),0,470,G Matt Fitzpatrick G Tommy Fleetwood G Wyndham Clark G Adam Scott G Rasmus Hojgaard G Oliver Lindell,,,
719,5185405793,ToBoggan34 (6/7),0,470,G Matt Fitzpatrick G Chris Gotterup G Aaron Rai G Patrick Reed G Tom Kim G Corey Conners,,,
723,5183947402,hectic1980 (10/20),0,469.5,G Matt Fitzpatrick G Wyndham Clark G Robert MacIntyre G Alex Fitzpatrick G Tom Kim G Connor Syme,,,
723,5184173772,worm1977 (19/20),0,469.5,G Tommy Fleetwood G Chris Gotterup G Robert MacIntyre G Nicolai Hojgaard G Tom McKibbin G Nicolas Echavarria,,,
723,5184343182,d1na (12/20),0,469.5,G Wyndham Clark G Tyrrell Hatton G Justin Thomas G Tom Kim G Victor Perez G Bernd Wiesberger,,,
723,5184565498,jzaleski98,0,469.5,G Matt Fitzpatrick G Tommy Fleetwood G Alex Fitzpatrick G Tom Kim G Brian Harman G Laurie Canter,,,
723,5184584430,Purplepain777 (5/6),0,469.5,G Xander Schauffele G Robert MacIntyre G Tyrrell Hatton G Tom Kim G Brian Harman G Jesper Svensson,,,
723,5184711081,mknortz,0,469.5,G Chris Gotterup G Wyndham Clark G Si Woo Kim G Alex Fitzpatrick G Tom Kim G Brian Harman,,,
723,5184785358,ByronCenter (3/8),0,469.5,G Rory McIlroy G Matt Fitzpatrick G Tom Kim G Ricky Castillo G John Parry G Nicolas Echavarria,,,
723,5184874777,aquafinatim (8/20),0,469.5,G Matt Fitzpatrick G Tommy Fleetwood G Justin Thomas G Alex Fitzpatrick G Tom Kim G Alejandro Del Rey,,,
723,5184880656,dcuff (12/20),0,469.5,G Tommy Fleetwood G Wyndham Clark G Tyrrell Hatton G Kurt Kitayama G Tom Kim G Erik Van Rooyen,,,
723,5185050308,David7491 (1/6),0,469.5,G Matt Fitzpatrick G Viktor Hovland G Alex Fitzpatrick G Adam Scott G Patrick Reed G Tom Kim,,,
723,5185051540,David7491 (3/6),0,469.5,G Matt Fitzpatrick G Viktor Hovland G Alex Fitzpatrick G Adam Scott G Patrick Reed G Tom Kim,,,
723,5185100527,KKSmooth (2/2),0,469.5,G Matt Fitzpatrick G Robert MacIntyre G Alex Fitzpatrick G Kristoffer Reitan G Patrick Reed G Tom Kim,,,
723,5185168006,Natu2008 (5/20),0,469.5,G Matt Fitzpatrick G Tommy Fleetwood G Si Woo Kim G Nicolai Hojgaard G Adam Scott G Austin Eckroat,,,
723,5185206648,rybutts13,0,469.5,G Chris Gotterup G Wyndham Clark G Robert MacIntyre G Aaron Rai G Tom Kim G Andrew Novak,,,
737,5183557979,jt0378 (2/20),0,469,G Wyndham Clark G Robert MacIntyre G Tyrrell Hatton G Kristoffer Reitan G Adam Scott G John Keefer,,,
737,5183806921,SSPBASS,0,469,G Matt Fitzpatrick G Tyrrell Hatton G Si Woo Kim G Patrick Reed G Jake Knapp G Victor Perez,,,
737,5183899845,Carolinakidz (3/11),0,469,G Wyndham Clark G Tyrrell Hatton G Kurt Kitayama G Min Woo Lee G Adam Scott G Corey Conners,,,
737,5184293562,omes16 (18/20),0,469,G Rory McIlroy G Tyrrell Hatton G Aaron Rai G Tom Kim G Rasmus Hojgaard G Oliver Lindell,,,
737,5184419847,breal7 (20/20),0,469,G Chris Gotterup G Tyrrell Hatton G Kurt Kitayama G Brooks Koepka G Patrick Reed G Tom Kim,,,
737,5184696513,dwgrund1944,0,469,G Matt Fitzpatrick G Wyndham Clark G Robert MacIntyre G Marco Penge G Corey Conners G Matti Schmid,,,
737,5184748071,jmclaurin,0,469,G Matt Fitzpatrick G Tommy Fleetwood G Robert MacIntyre G Eugenio Lopez-Chacarra G Hennie Du Plessis G Oliver Lindell,,,
737,5184772079,DriftKangs (11/20),0,469,G Matt Fitzpatrick G Chris Gotterup G J.J. Spaun G Marco Penge G Tom Kim G Sudarshan Yellamaraju,,,
737,5184859682,skeeter1114,0,469,G Tommy Fleetwood G Wyndham Clark G Tyrrell Hatton G Patrick Reed G Corey Conners G Victor Perez,,,
737,5184910629,cjmahan (3/3),0,469,G Rory McIlroy G Kurt Kitayama G Nicolai Hojgaard G Tom Kim G Jordan L. Smith G Antoine Rozner,,,
737,5185127362,DFeerrar (10/15),0,469,G Matt Fitzpatrick G Wyndham Clark G Nicolai Hojgaard G Alex Fitzpatrick G Tom Kim G Jesper Svensson,,,
737,5185282526,ajbryk (7/11),0,469,G Wyndham Clark G Viktor Hovland G Tyrrell Hatton G Min Woo Lee G Harry Hall G Ryan Fox,,,
737,5185406083,shabbah,0,469,G Rory McIlroy G Si Woo Kim G Justin Thomas G Tom Kim G Jayden Trey Schaper G Austin Eckroat,,,
737,5185458000,Gilbama,0,469,G Matt Fitzpatrick G Si Woo Kim G Kurt Kitayama G Nicolai Hojgaard G Patrick Reed G Sahith Theegala,,,
751,5183567349,ronmexicoburgundy (5/20),0,468.5,G Matt Fitzpatrick G Chris Gotterup G Adam Scott G Patrick Reed G Jake Knapp G Tom Kim,,,
751,5183717108,Brianeli29 (15/20),0,468.5,G Tommy Fleetwood G Robert MacIntyre G Tyrrell Hatton G Tom Kim G Bud Cauley G Corey Conners,,,
751,5183790927,TundraThumper (6/11),0,468.5,G Matt Fitzpatrick G Chris Gotterup G Adam Scott G Patrick Reed G Jake Knapp G Tom Kim,,,
751,5183805024,drega09 (19/20),0,468.5,G Rory McIlroy G Wyndham Clark G Marco Penge G Tom Kim G Jesper Svensson G Alejandro Del Rey,,,
751,5184155150,ajmstallion13 (3/5),0,468.5,G Chris Gotterup G Wyndham Clark G Robert MacIntyre G Adam Scott G Patrick Reed G Andrew Putnam,,,
751,5184167571,Billnap (11/20),0,468.5,G Rory McIlroy G Wyndham Clark G Patrick Reed G Eugenio Lopez-Chacarra G Rasmus Hojgaard G Shaun Norris,,,
751,5184211822,Physco (2/2),0,468.5,G Matt Fitzpatrick G Robert MacIntyre G Si Woo Kim G Alex Fitzpatrick G Corey Conners G Jordan L. Smith,,,
751,5184383934,kenplong (8/20),0,468.5,G Rory McIlroy G Viktor Hovland G Tom Kim G Doug Ghim G Jordan L. Smith G Oliver Lindell,,,
751,5184399810,thomasmr10 (4/5),0,468.5,G Chris Gotterup G Wyndham Clark G Robert MacIntyre G Tyrrell Hatton G Victor Perez G Niklas Norgaard Moller,,,
751,5184621666,marksda3 (3/5),0,468.5,G Chris Gotterup G Wyndham Clark G Robert MacIntyre G Tyrrell Hatton G Victor Perez G Niklas Norgaard Moller,,,
751,5184707760,PThompson42 (8/20),0,468.5,G Matt Fitzpatrick G Chris Gotterup G Wyndham Clark G Tom Kim G Eric Cole G Grant Forrest,,,
751,5184866247,schrabes (19/20),0,468.5,G Chris Gotterup G Wyndham Clark G Robert MacIntyre G Tyrrell Hatton G Victor Perez G Niklas Norgaard Moller,,,
751,5184880648,dcuff (4/20),0,468.5,G Tommy Fleetwood G Wyndham Clark G Tyrrell Hatton G Nicolai Hojgaard G Tom Kim G Hao-Tong Li,,,
751,5184901706,JerseyBoy1955 (1/2),0,468.5,G Wyndham Clark G Robert MacIntyre G Tyrrell Hatton G Shane Lowry G Patrick Reed G Jordan L. Smith,,,
751,5184966343,Harmony76 (8/20),0,468.5,G Chris Gotterup G Wyndham Clark G Robert MacIntyre G Tyrrell Hatton G Victor Perez G Niklas Norgaard Moller,,,
751,5184990556,ebrown_ua (1/11),0,468.5,G Tommy Fleetwood G Wyndham Clark G Tyrrell Hatton G Nicolai Hojgaard G Tom Kim G Hao-Tong Li,,,
751,5185011201,BigMoe19 (1/10),0,468.5,G Rory McIlroy G Robert MacIntyre G Shane Lowry G Jordan L. Smith G Victor Perez G Casey Jarvis,,,
751,5185040850,Ckuppsrule (9/9),0,468.5,G Matt Fitzpatrick G Si Woo Kim G Min Woo Lee G Shane Lowry G Patrick Reed G Eric Cole,,,
751,5185129837,jumangibuttercup (2/20),0,468.5,G Tommy Fleetwood G Chris Gotterup G Min Woo Lee G Nicolai Hojgaard G Adam Scott G Mac Meissner,,,
751,5185240909,Moe66Moe,0,468.5,G Wyndham Clark G Viktor Hovland G Tyrrell Hatton G Jake Knapp G Tom Kim G Ryan Gerard,,,
771,5183508830,laboni64 (1/3),0,468,G Matt Fitzpatrick G Robert MacIntyre G Alex Fitzpatrick G Aaron Rai G Patrick Reed G Tom Kim,,,
771,5184067850,hawggrizz1996 (12/14),0,468,G Matt Fitzpatrick G Viktor Hovland G J.J. Spaun G Kurt Kitayama G Brian Harman G Matti Schmid,,,
771,5184102756,skullzy2015,0,468,G Matt Fitzpatrick G Viktor Hovland G Robert MacIntyre G Aaron Rai G Tom Kim G Billy Horschel,,,
771,5184514205,naughttj (16/20),0,468,G Rory McIlroy G Kurt Kitayama G Marco Penge G Tom Kim G Nick Taylor G Rasmus Hojgaard,,,
771,5185087123,Plug3154 (7/20),0,468,G Matt Fitzpatrick G Si Woo Kim G David Puig G Brooks Koepka G Patrick Reed G Tom Kim,,,
771,5185214995,hipster_dufus,0,468,G Matt Fitzpatrick G Viktor Hovland G Robert MacIntyre G Aaron Rai G Tom Kim G Billy Horschel,,,
771,5185459652,Cfreder2 (1/2),0,468,G Rory McIlroy G Robert MacIntyre G Nicolai Hojgaard G Ryan Gerard G Sahith Theegala G Austin Eckroat,,,
778,5183779589,mattholloway (1/7),0,467.5,G Matt Fitzpatrick G Tyrrell Hatton G Kurt Kitayama G Nicolai Hojgaard G Shane Lowry G John Keefer,,,
778,5183810253,steemkatz (20/20),0,467.5,G Matt Fitzpatrick G Robert MacIntyre G Tyrrell Hatton G Jake Knapp G Corey Conners G Victor Perez,,,
778,5184260307,welchy81 (14/20),0,467.5,G Matt Fitzpatrick G Ludvig Aberg G Nicolai Hojgaard G Adam Scott G Tom Kim G Victor Perez,,,
778,5184603765,mpdirusso,0,467.5,G Matt Fitzpatrick G Chris Gotterup G Viktor Hovland G Justin Thomas G Andrew Putnam G Francesco Molinari,,,
778,5184865012,jimlexxx (2/20),0,467.5,G Matt Fitzpatrick G Chris Gotterup G Justin Thomas G Min Woo Lee G Jordan L. Smith G Michael Kim,,,
778,5184906778,Skralph (15/20),0,467.5,G Xander Schauffele G Patrick Cantlay G J.J. Spaun G Min Woo Lee G Tom Kim G John Keefer,,,
778,5184907894,johnrhight,0,467.5,G Rory McIlroy G Robert MacIntyre G Patrick Reed G Nick Taylor G Rasmus Hojgaard G Aldrich Potgieter,,,
778,5184954299,croz30069 (2/3),0,467.5,G Matt Fitzpatrick G Robert MacIntyre G Aaron Rai G Patrick Reed G Jake Knapp G Tom Kim,,,
778,5184987294,Niromada (18/20),0,467.5,G Matt Fitzpatrick G Robert MacIntyre G Tyrrell Hatton G David Puig G Tom McKibbin G Jesper Svensson,,,
787,5183510626,TattersDean (13/20),0,467,G Matt Fitzpatrick G Robert MacIntyre G Alex Fitzpatrick G Kristoffer Reitan G Tom Kim G Ryan Fox,,,
787,5183532291,Billnap (1/20),0,467,G Matt Fitzpatrick G Chris Gotterup G Kurt Kitayama G Nicolai Hojgaard G Patrick Reed G Oliver Lindell,,,
787,5183714914,ouroboros0 (13/20),0,467,G Matt Fitzpatrick G Viktor Hovland G Min Woo Lee G Alex Fitzpatrick G Ryan Gerard G Tom McKibbin,,,
787,5183815291,jlpaurus (2/20),0,467,G Matt Fitzpatrick G Tyrrell Hatton G Nicolai Hojgaard G Alex Fitzpatrick G Tom Kim G Eugenio Lopez-Chacarra,,,
787,5183935475,Bigrgamer497 (14/20),0,467,G Matt Fitzpatrick G Justin Thomas G J.J. Spaun G Min Woo Lee G Adam Scott G Oliver Lindell,,,
787,5184224214,jeffbarclay (1/5),0,467,G Viktor Hovland G Robert MacIntyre G Tyrrell Hatton G Nicolai Hojgaard G Sahith Theegala G Rasmus Neergaard-Petersen,,,
787,5184237743,cptnspaulding (5/20),0,467,G Matt Fitzpatrick G Tommy Fleetwood G Tyrrell Hatton G Eric Cole G Brian Harman G Victor Perez,,,
787,5184443207,pat_the_hat2 (15/20),0,467,G Rory McIlroy G Robert MacIntyre G Jake Knapp G Tom Kim G Hennie Du Plessis G Calum Hill,,,
787,5184650441,alyeska,0,467,G Rory McIlroy G Chris Gotterup G Tom Kim G Sepp Straka G Nick Taylor G Marcus Armitage,,,
787,5184668264,Damonri (18/20),0,467,G Tommy Fleetwood G Chris Gotterup G Min Woo Lee G Tom Kim G Alex Smalley G Eric Cole,,,
787,5184673848,CARBONIUMION-1 (4/10),0,467,G Rory McIlroy G Robert MacIntyre G Tyrrell Hatton G Patrick Reed G Joakim Lagergren G Austin Eckroat,,,
787,5184708082,Recovering_Bears_Fan (4/5),0,467,G Matt Fitzpatrick G Robert MacIntyre G Si Woo Kim G Harris English G Ryan Gerard G Oliver Lindell,,,
787,5184927679,dksmith0713 (13/20),0,467,G Jon Rahm G Chris Gotterup G Tom Kim G Eugenio Lopez-Chacarra G John Keefer G Kevin Yu,,,
787,5185192888,runner23 (1/3),0,467,G Matt Fitzpatrick G Tommy Fleetwood G Nicolai Hojgaard G Aaron Rai G Tom Kim G Brian Harman,,,
787,5185405175,mskellett (19/20),0,467,G Rory McIlroy G Robert MacIntyre G Brian Harman G Sahith Theegala G Jordan L. Smith G Sudarshan Yellamaraju,,,
802,5183609438,ryno29 (19/20),0,466.5,G Matt Fitzpatrick G Tyrrell Hatton G Harris English G Tom Kim G Ryan Fox G Andrew Novak,,,
802,5183620573,Sanoman73 (5/20),0,466.5,G Matt Fitzpatrick G Tyrrell Hatton G Justin Thomas G Min Woo Lee G Brian Harman G Matthew McCarty,,,
802,5183620578,Sanoman73 (10/20),0,466.5,G Matt Fitzpatrick G Tyrrell Hatton G Justin Thomas G Min Woo Lee G Brian Harman G Matthew McCarty,,,
802,5183620583,Sanoman73 (15/20),0,466.5,G Matt Fitzpatrick G Tyrrell Hatton G Justin Thomas G Min Woo Lee G Brian Harman G Matthew McCarty,,,
802,5183620588,Sanoman73 (20/20),0,466.5,G Matt Fitzpatrick G Tyrrell Hatton G Justin Thomas G Min Woo Lee G Brian Harman G Matthew McCarty,,,
802,5183792104,Tom.Stieren,0,466.5,G Matt Fitzpatrick G Wyndham Clark G J.J. Spaun G Tom Kim G Doug Ghim G Sahith Theegala,,,
802,5184049215,Satchl (7/20),0,466.5,G Tommy Fleetwood G Chris Gotterup G Tyrrell Hatton G Nicolai Hojgaard G Tom Kim G Bernd Wiesberger,,,
802,5184110157,hugh88 (3/4),0,466.5,G Matt Fitzpatrick G Wyndham Clark G Nicolai Hojgaard G Jake Knapp G Tom Kim G Eugenio Lopez-Chacarra,,,
802,5184632041,jdsalter25 (1/15),0,466.5,G Matt Fitzpatrick G Wyndham Clark G Alex Fitzpatrick G Patrick Reed G Tom Kim G Eric Cole,,,
802,5184824238,markmoran (2/3),0,466.5,G Matt Fitzpatrick G Wyndham Clark G Nicolai Hojgaard G Alex Fitzpatrick G Tom Kim G Corey Conners,,,
802,5184848118,2briar (11/20),0,466.5,G Rory McIlroy G Patrick Cantlay G Tom Kim G Sahith Theegala G Rasmus Hojgaard G Victor Perez,,,
802,5185010216,HonusBonus (5/20),0,466.5,G Viktor Hovland G Robert MacIntyre G Harris English G Nicolai Hojgaard G Tom Kim G Eugenio Lopez-Chacarra,,,
802,5185286062,tpsreportstx (19/20),0,466.5,G Chris Gotterup G Wyndham Clark G Si Woo Kim G Min Woo Lee G Alex Fitzpatrick G Marcus Armitage,,,
815,5183507431,TattersDean (3/20),0,466,G Matt Fitzpatrick G Tommy Fleetwood G Harris English G Nicolai Hojgaard G Tom Kim G Calum Hill,,,
815,5183551641,graloc (2/2),0,466,G Rory McIlroy G Matt Fitzpatrick G Nicolai Hojgaard G Ricky Castillo G Oliver Lindell G Shaun Norris,,,
815,5184515242,Ckuppsrule (4/9),0,466,G Wyndham Clark G Robert MacIntyre G Si Woo Kim G Shane Lowry G Patrick Reed G Ryan Gerard,,,
815,5184741856,mustangs2015 (15/20),0,466,G Matt Fitzpatrick G Wyndham Clark G Robert MacIntyre G Harris English G Casey Jarvis G Calum Hill,,,
815,5184823142,jbonzoso (4/5),0,466,G Matt Fitzpatrick G Wyndham Clark G Kurt Kitayama G Min Woo Lee G Harry Hall G Oliver Lindell,,,
815,5184880512,ChrisG95 (20/20),0,466,G Chris Gotterup G Wyndham Clark G Viktor Hovland G Tyrrell Hatton G Casey Jarvis G Oliver Lindell,,,
815,5184902382,bryanbigbets (11/20),0,466,G Matt Fitzpatrick G Wyndham Clark G Robert MacIntyre G Harris English G Casey Jarvis G Calum Hill,,,
822,5183742244,mknob87 (7/20),0,465.5,G Matt Fitzpatrick G Tommy Fleetwood G Min Woo Lee G Patrick Reed G Bud Cauley G Mac Meissner,,,
822,5184015511,snifterful (4/7),0,465.5,G Matt Fitzpatrick G Tyrrell Hatton G Kurt Kitayama G Aaron Rai G Tom Kim G Corey Conners,,,
822,5184200744,kjkeelty (7/12),0,465.5,G Xander Schauffele G Wyndham Clark G Tyrrell Hatton G Tom Kim G Michael Thorbjornsen G Hennie Du Plessis,,,
822,5184422124,itsbchap6 (4/7),0,465.5,G Matt Fitzpatrick G Xander Schauffele G Robert MacIntyre G Michael Brennan G Victor Perez G Matti Schmid,,,
822,5184838385,whoisjohngalt420 (14/20),0,465.5,G Jon Rahm G Robert MacIntyre G Patrick Reed G Eugenio Lopez-Chacarra G Victor Perez G Sudarshan Yellamaraju,,,
822,5185036127,HAVA303 (2/20),0,465.5,G Matt Fitzpatrick G Tommy Fleetwood G Kurt Kitayama G Alex Fitzpatrick G Tom Kim G Calum Hill,,,
822,5185189189,supercharger,0,465.5,G Matt Fitzpatrick G Chris Gotterup G Tom Kim G Pierceson Coody G Corey Conners G Ryan Fox,,,
822,5185392666,Homertom1 (2/2),0,465.5,G Matt Fitzpatrick G Tommy Fleetwood G Si Woo Kim G David Puig G Victor Perez G Marcus Armitage,,,
830,5183740003,Wolf3D (3/6),0,465,G Chris Gotterup G Wyndham Clark G Viktor Hovland G Tom Kim G Matt Wallace G Ryan Fox,,,
830,5184307909,Amp8310 (2/2),0,465,G Matt Fitzpatrick G Robert MacIntyre G Justin Thomas G Alex Noren G Ryan Gerard G Michael Thorbjornsen,,,
830,5185098795,jaygon122 (10/10),0,465,G Matt Fitzpatrick G Viktor Hovland G Robert MacIntyre G Nicolai Hojgaard G Mac Meissner G Zachary Bauchou,,,
830,5185142228,ImaDonk11 (14/20),0,465,G Matt Fitzpatrick G Robert MacIntyre G Tyrrell Hatton G Alex Noren G Ryan Gerard G Mac Meissner,,,
834,5184024237,edarbz9 (17/20),0,464.5,G Tommy Fleetwood G Robert MacIntyre G Kurt Kitayama G Nicolai Hojgaard G Adam Scott G Rasmus Hojgaard,,,
834,5184759551,bobjustbob728 (12/20),0,464.5,G Rory McIlroy G Si Woo Kim G Adam Scott G Tom Kim G Brian Harman G Antoine Rozner,,,
834,5184851400,Srosenthal210,0,464.5,G Tommy Fleetwood G Tyrrell Hatton G Kurt Kitayama G Shane Lowry G Patrick Reed G Tom Kim,,,
834,5184868442,stock2mail (6/20),0,464.5,G Chris Gotterup G Robert MacIntyre G Si Woo Kim G Justin Thomas G Michael Thorbjornsen G Kevin Yu,,,
834,5184890265,pranger (16/20),0,464.5,G Jon Rahm G Viktor Hovland G Patrick Reed G Tom Kim G Sahith Theegala G Andrew Putnam,,,
834,5185005858,WadeMan2424 (6/20),0,464.5,G Rory McIlroy G Justin Thomas G Tom Kim G Eric Cole G Nick Taylor G Mac Meissner,,,
834,5185065896,jrmiller83,0,464.5,G Tommy Fleetwood G Robert MacIntyre G Justin Thomas G Nicolai Hojgaard G Patrick Reed G Brian Harman,,,
834,5185087594,BelizeRabbit (5/8),0,464.5,G Chris Gotterup G Viktor Hovland G Robert MacIntyre G Si Woo Kim G Sam Stevens G Matti Schmid,,,
834,5185225617,sedric1 (5/20),0,464.5,G Chris Gotterup G Viktor Hovland G Kurt Kitayama G Min Woo Lee G Adam Scott G Max Greyserman,,,
834,5185331711,Phil24M,0,464.5,G Rory McIlroy G Tyrrell Hatton G Patrick Reed G Eugenio Lopez-Chacarra G Jordan L. Smith G Laurie Canter,,,
834,5185397843,MrSour1313 (2/2),0,464.5,G Matt Fitzpatrick G Tommy Fleetwood G Robert MacIntyre G Alex Fitzpatrick G Rasmus Hojgaard G Oliver Lindell,,,
834,5185450854,bledsoe417 (6/17),0,464.5,G Matt Fitzpatrick G Wyndham Clark G Robert MacIntyre G Aaron Rai G Jordan L. Smith G Jesper Svensson,,,
846,5183720254,RMann82 (5/20),0,464,G Xander Schauffele G Si Woo Kim G Justin Thomas G Tom Kim G Ryan Gerard G Michael Thorbjornsen,,,
846,5184260329,rs430414 (13/20),0,464,G Matt Fitzpatrick G Viktor Hovland G Min Woo Lee G Aaron Rai G Brian Harman G Mac Meissner,,,
846,5184288207,ryrom11 (19/20),0,464,G Tommy Fleetwood G Robert MacIntyre G Harris English G Adam Scott G Tom Kim G Ryan Gerard,,,
846,5184520911,WadeMan2424 (1/20),0,464,G Wyndham Clark G Tyrrell Hatton G Harris English G Min Woo Lee G Shane Lowry G Tom Kim,,,
846,5184987286,Niromada (10/20),0,464,G Matt Fitzpatrick G Wyndham Clark G Min Woo Lee G Nicolai Hojgaard G Kristoffer Reitan G Oliver Lindell,,,
846,5185108717,d-nice06,0,464,G Matt Fitzpatrick G Si Woo Kim G Min Woo Lee G Alex Fitzpatrick G Adam Scott G Ryan Gerard,,,
846,5185460986,Guttersnipe,0,464,G Matt Fitzpatrick G Si Woo Kim G Min Woo Lee G Alex Fitzpatrick G Adam Scott G Ryan Gerard,,,
853,5183654943,mconnolly88 (14/20),0,463.5,G Wyndham Clark G Robert MacIntyre G Justin Thomas G Shane Lowry G Adam Scott G Tom Kim,,,
853,5183798312,hustlemania83 (15/20),0,463.5,G Chris Gotterup G Wyndham Clark G Robert MacIntyre G Nicolai Hojgaard G Adam Scott G Nicolas Echavarria,,,
853,5184719234,gamec0cks (13/20),0,463.5,G Matt Fitzpatrick G Chris Gotterup G Min Woo Lee G Aaron Rai G Ryan Gerard G Brian Harman,,,
853,5185438980,BaronVon89 (3/9),0,463.5,G Matt Fitzpatrick G Tyrrell Hatton G J.J. Spaun G Tom Kim G Eugenio Lopez-Chacarra G Alex Smalley,,,
857,5183979843,6Tino4 (1/6),0,463,G Matt Fitzpatrick G Chris Gotterup G Si Woo Kim G Tom Kim G Doug Ghim G Bernd Wiesberger,,,
857,5184261726,TrenaSeiz,0,463,G Matt Fitzpatrick G Viktor Hovland G Justin Thomas G Patrick Reed G Corey Conners G Jordan L. Smith,,,
857,5184307595,mmitch56 (9/20),0,463,G Matt Fitzpatrick G Tommy Fleetwood G Wyndham Clark G Nicolai Hojgaard G Jesper Svensson G Nicolas Echavarria,,,
857,5185243522,eebob2072 (3/8),0,463,G Matt Fitzpatrick G Kurt Kitayama G Min Woo Lee G Alex Fitzpatrick G Aaron Rai G Tom Kim,,,
857,5185310459,peytman (4/10),0,463,G Wyndham Clark G Viktor Hovland G Robert MacIntyre G Tyrrell Hatton G Jayden Trey Schaper G Mikael Lindberg,,,
857,5185320242,Mibig (4/4),0,463,G Matt Fitzpatrick G Tyrrell Hatton G Kurt Kitayama G Alex Fitzpatrick G Tom Kim G Sahith Theegala,,,
857,5185395948,WinAtFantasyFootball (1/2),0,463,G Chris Gotterup G Viktor Hovland G Tyrrell Hatton G Kristoffer Reitan G Tom Kim G Mac Meissner,,,
857,5185460902,Terminater_Elite,0,463,G Matt Fitzpatrick G Wyndham Clark G Justin Thomas G Patrick Reed G Sahith Theegala G Ryan Fox,,,
865,5183629061,andybonds (18/20),0,462.5,G Chris Gotterup G Wyndham Clark G Robert MacIntyre G Harris English G Jordan L. Smith G Victor Perez,,,
865,5183639916,partysover5 (6/8),0,462.5,G Matt Fitzpatrick G Viktor Hovland G Robert MacIntyre G Tyrrell Hatton G Calum Hill G Padraig Harrington,,,
865,5184070855,kamprath (2/2),0,462.5,G Matt Fitzpatrick G Wyndham Clark G Nicolai Hojgaard G Alex Fitzpatrick G Tom Kim G Sahith Theegala,,,
865,5184144525,khp5050 (1/20),0,462.5,G Matt Fitzpatrick G Viktor Hovland G Min Woo Lee G Nicolai Hojgaard G Alex Smalley G Brian Harman,,,
865,5184361074,ATLSeminole (5/7),0,462.5,G Wyndham Clark G Viktor Hovland G Robert MacIntyre G Patrick Reed G Jake Knapp G Victor Perez,,,
865,5184555357,Ddfla (9/20),0,462.5,G Tommy Fleetwood G Robert MacIntyre G Min Woo Lee G David Puig G Michael Thorbjornsen G Harry Hall,,,
865,5184594538,teeling1990 (15/20),0,462.5,G Xander Schauffele G Tommy Fleetwood G Tyrrell Hatton G Tom Kim G Nick Taylor G Victor Perez,,,
865,5184599379,WadeMan2424 (2/20),0,462.5,G Tommy Fleetwood G Chris Gotterup G Viktor Hovland G Tom Kim G Ryan Gerard G Matthew McCarty,,,
865,5184700105,gweedo3329 (1/8),0,462.5,G Chris Gotterup G Wyndham Clark G Viktor Hovland G Nicolai Hojgaard G Brian Harman G Rasmus Hojgaard,,,
865,5185016596,luka0077 (2/20),0,462.5,G Rory McIlroy G Matt Fitzpatrick G Tom Kim G Michael Brennan G Calum Hill G Freddy Schott,,,
865,5185039193,Tavius87 (1/20),0,462.5,G Matt Fitzpatrick G Tommy Fleetwood G Robert MacIntyre G Harry Hall G Nick Taylor G Mac Meissner,,,
865,5185149684,hatanshoes (2/2),0,462.5,G Chris Gotterup G Wyndham Clark G Tyrrell Hatton G Tom Kim G Eugenio Lopez-Chacarra G Doug Ghim,,,
865,5185170304,dphelix (2/3),0,462.5,G Rory McIlroy G Viktor Hovland G Tom McKibbin G Rasmus Neergaard-Petersen G Rasmus Hojgaard G Mikael Lindberg,,,
865,5185227100,texasfrog90 (12/13),0,462.5,G Rory McIlroy G Wyndham Clark G Jake Knapp G Tom Kim G Jesper Svensson G Alejandro Del Rey,,,
865,5185231085,CartoGuy (12/20),0,462.5,G Wyndham Clark G Viktor Hovland G Si Woo Kim G Nicolai Hojgaard G Adam Scott G Victor Perez,,,
865,5185231092,CartoGuy (19/20),0,462.5,G Wyndham Clark G Robert MacIntyre G Si Woo Kim G Nicolai Hojgaard G Alex Fitzpatrick G Victor Perez,,,
881,5183895860,dperry6969 (1/4),0,462,G Matt Fitzpatrick G Tommy Fleetwood G Robert MacIntyre G Alex Fitzpatrick G Jordan L. Smith G Calum Hill,,,
881,5184086475,clamdiggerball (18/20),0,462,G Chris Gotterup G Wyndham Clark G Viktor Hovland G Tom Kim G Michael Brennan G Doug Ghim,,,
881,5184108348,esmith911 (19/20),0,462,G Chris Gotterup G Wyndham Clark G Viktor Hovland G Alex Fitzpatrick G Tom Kim G Mikael Lindberg,,,
881,5184307599,mmitch56 (13/20),0,462,G Matt Fitzpatrick G Tommy Fleetwood G Wyndham Clark G Jake Knapp G John Keefer G Jesper Svensson,,,
881,5184520063,K1ngOfHearts (2/20),0,462,G Matt Fitzpatrick G Kurt Kitayama G Alex Fitzpatrick G Patrick Reed G Tom Kim G Corey Conners,,,
881,5184730216,greej11,0,462,G Matt Fitzpatrick G Si Woo Kim G J.J. Spaun G David Puig G Patrick Reed G Victor Perez,,,
881,5184988215,knicker111 (1/18),0,462,G Matt Fitzpatrick G Tommy Fleetwood G Min Woo Lee G Nicolai Hojgaard G Shane Lowry G Calum Hill,,,
881,5185007073,redlobo84 (2/2),0,462,G Ludvig Aberg G Chris Gotterup G Tyrrell Hatton G Tom Kim G Brian Harman G Ryan Fox,,,
881,5185069506,depalma13 (7/17),0,462,G Tommy Fleetwood G Wyndham Clark G Viktor Hovland G Nicolai Hojgaard G Tom Kim G Grant Forrest,,,
881,5185142226,ImaDonk11 (12/20),0,462,G Matt Fitzpatrick G Tommy Fleetwood G Tyrrell Hatton G Brian Harman G Sahith Theegala G Mac Meissner,,,
881,5185278867,fisherladyh (19/20),0,462,G Rory McIlroy G Wyndham Clark G Tyrrell Hatton G Marcus Armitage G Chris Kirk G Oliver Lindell,,,
892,5184462331,spydiegolf (2/3),0,461.5,G Rory McIlroy G Wyndham Clark G Tom Kim G Matt Wallace G Ryan Fox G Oliver Lindell,,,
892,5184866957,bassguy39 (18/20),0,461.5,G Wyndham Clark G Robert MacIntyre G Si Woo Kim G Alex Fitzpatrick G Patrick Reed G Ryan Gerard,,,
892,5185286045,tpsreportstx (2/20),0,461.5,G Matt Fitzpatrick G Wyndham Clark G Si Woo Kim G Alex Fitzpatrick G Victor Perez G Marcus Armitage,,,
892,5185298481,TheFH (13/20),0,461.5,G Xander Schauffele G Tommy Fleetwood G Min Woo Lee G Nicolai Hojgaard G Tom Kim G Hennie Du Plessis,,,
892,5185310462,peytman (7/10),0,461.5,G Rory McIlroy G Tyrrell Hatton G Si Woo Kim G Sudarshan Yellamaraju G Andrew Putnam G Marcus Armitage,,,
892,5185438981,BaronVon89 (4/9),0,461.5,G Matt Fitzpatrick G Chris Gotterup G Robert MacIntyre G Patrick Reed G Brian Harman G John Parry,,,
892,5185447989,ryanland (6/20),0,461.5,G Wyndham Clark G Robert MacIntyre G Si Woo Kim G Alex Fitzpatrick G Patrick Reed G Ryan Gerard,,,
899,5183496931,ryanlaughlin77 (8/20),0,461,G Rory McIlroy G Matt Fitzpatrick G Daniel Hillier G John Keefer G Jesper Svensson G Mikael Lindberg,,,
899,5184331171,blitzburgh07 (1/2),0,461,G Matt Fitzpatrick G Wyndham Clark G Patrick Cantlay G Tom Kim G Doug Ghim G Victor Perez,,,
899,5184362916,sullym11,0,461,G Tommy Fleetwood G Chris Gotterup G Nicolai Hojgaard G Brooks Koepka G Patrick Reed G Tom Kim,,,
899,5184458663,tbird1957 (2/3),0,461,G Ludvig Aberg G Robert MacIntyre G Tyrrell Hatton G Tom Kim G Eugenio Lopez-Chacarra G Sahith Theegala,,,
899,5184632005,leznets2424 (10/10),0,461,G Robert MacIntyre G Tyrrell Hatton G Si Woo Kim G Aaron Rai G Shane Lowry G Tom Kim,,,
899,5184927672,dksmith0713 (6/20),0,461,G Matt Fitzpatrick G Viktor Hovland G Nicolai Hojgaard G Alex Fitzpatrick G Tom Kim G Corey Conners,,,
899,5185326093,fillyfan2002 (5/20),0,461,G Robert MacIntyre G Patrick Cantlay G J.J. Spaun G Min Woo Lee G Tom Kim G Bud Cauley,,,
906,5183612268,DDEMERIT3 (11/20),0,460.5,G Tommy Fleetwood G Wyndham Clark G Tyrrell Hatton G Tom Kim G Corey Conners G Doug Ghim,,,
906,5183614067,chrisrobinson44,0,460.5,G Matt Fitzpatrick G Chris Gotterup G Robert MacIntyre G Nicolai Hojgaard G Bernd Wiesberger G Oliver Lindell,,,
906,5183707435,csnyd12 (6/20),0,460.5,G Justin Thomas G J.J. Spaun G Kurt Kitayama G Min Woo Lee G Nicolai Hojgaard G Patrick Reed,,,
906,5183722858,mackers5757 (1/20),0,460.5,G Viktor Hovland G Robert MacIntyre G Tyrrell Hatton G Nicolai Hojgaard G Eugenio Lopez-Chacarra G Corey Conners,,,
906,5183775062,BIGOOOS (3/20),0,460.5,G Tommy Fleetwood G Wyndham Clark G Tyrrell Hatton G Eugenio Lopez-Chacarra G Michael Thorbjornsen G Corey Conners,,,
906,5184108358,esmith911 (20/20),0,460.5,G Tommy Fleetwood G Wyndham Clark G Viktor Hovland G Alex Fitzpatrick G Tom Kim G Mikael Lindberg,,,
906,5184151786,mlief (17/20),0,460.5,G Xander Schauffele G Viktor Hovland G Si Woo Kim G Tom Kim G Brian Harman G Ryan Fox,,,
906,5184162659,saranac34 (7/20),0,460.5,G Tommy Fleetwood G Wyndham Clark G Tyrrell Hatton G Tom Kim G Corey Conners G Doug Ghim,,,
906,5184859563,grammytammy,0,460.5,G Matt Fitzpatrick G Chris Gotterup G Alex Fitzpatrick G Adam Scott G Tom Kim G Ryan Gerard,,,
906,5184903441,MojaveWolf (2/20),0,460.5,G Matt Fitzpatrick G Tommy Fleetwood G Tyrrell Hatton G Patrick Reed G Ryan Fox G Ewen Ferguson,,,
906,5185118291,colemryt (4/20),0,460.5,G Matt Fitzpatrick G Xander Schauffele G Min Woo Lee G Shane Lowry G Tom Kim G Oliver Lindell,,,
906,5185373135,oZone9 (2/2),0,460.5,G Matt Fitzpatrick G Chris Gotterup G Wyndham Clark G Corey Conners G Mac Meissner G Jesper Svensson,,,
906,5185445976,gianni21 (10/12),0,460.5,G Matt Fitzpatrick G Xander Schauffele G Min Woo Lee G Shane Lowry G Tom Kim G Oliver Lindell,,,
919,5183527969,eggnwag (1/2),0,460,G Matt Fitzpatrick G Tommy Fleetwood G Kurt Kitayama G Alex Fitzpatrick G Tom Kim G Andrew Putnam,,,
919,5183547208,saranac34 (1/20),0,460,G Ludvig Aberg G Si Woo Kim G Kurt Kitayama G Min Woo Lee G Tom Kim G Doug Ghim,,,
919,5183743404,tb2720 (1/2),0,460,G Tommy Fleetwood G Robert MacIntyre G Justin Thomas G Kurt Kitayama G Michael Brennan G Jordan L. Smith,,,
919,5183907456,gulfernut (5/20),0,460,G Ludvig Aberg G Wyndham Clark G Viktor Hovland G Tom Kim G Ryan Fox G Max Greyserman,,,
919,5183979847,6Tino4 (3/6),0,460,G Matt Fitzpatrick G Tyrrell Hatton G Tom Kim G Corey Conners G Sam Stevens G Jesper Svensson,,,
919,5184215331,hazmatt94 (1/20),0,460,G Ludvig Aberg G Si Woo Kim G Kurt Kitayama G Min Woo Lee G Tom Kim G Doug Ghim,,,
919,5184337953,Skylinks49 (3/4),0,460,G Matt Fitzpatrick G Wyndham Clark G Robert MacIntyre G Aaron Rai G Sam Stevens G John Keefer,,,
919,5184380005,ccualumni (1/4),0,460,G Matt Fitzpatrick G Tommy Fleetwood G Nicolai Hojgaard G Aaron Rai G Tom Kim G Jesper Svensson,,,
919,5184414263,jadenlilly (19/20),0,460,G Wyndham Clark G Robert MacIntyre G Tyrrell Hatton G Alex Fitzpatrick G Tom Kim G Doug Ghim,,,
919,5184467935,spydiegolf (3/3),0,460,G Matt Fitzpatrick G Robert MacIntyre G Brooks Koepka G Shane Lowry G Tom Kim G Eugenio Lopez-Chacarra,,,
919,5184513747,charleylang (1/2),0,460,G Matt Fitzpatrick G Tommy Fleetwood G Wyndham Clark G Eric Cole G Jordan L. Smith G Ricky Castillo,,,
919,5184652904,mhoey,0,460,G Matt Fitzpatrick G Tommy Fleetwood G Robert MacIntyre G Kristoffer Reitan G Rasmus Hojgaard G Andrew Putnam,,,
919,5184835604,mwilly56 (10/16),0,460,G Matt Fitzpatrick G Robert MacIntyre G Tyrrell Hatton G Justin Thomas G Ewen Ferguson G Calum Hill,,,
919,5184835804,stingerz22 (3/20),0,460,G Tommy Fleetwood G Chris Gotterup G Robert MacIntyre G Si Woo Kim G Bernd Wiesberger G Mikael Lindberg,,,
919,5184893337,LTskelter (9/20),0,460,G Matt Fitzpatrick G Tommy Fleetwood G Chris Gotterup G Max Greyserman G Andrew Novak G Victor Perez,,,
919,5185074503,raiderron93306 (15/20),0,460,G Matt Fitzpatrick G Tommy Fleetwood G Si Woo Kim G Corey Conners G Brian Harman G Jesper Svensson,,,
919,5185385146,BustaKaep420 (6/7),0,460,G Matt Fitzpatrick G Wyndham Clark G Justin Thomas G Alex Fitzpatrick G Tom Kim G Jesper Svensson,,,
936,5183551931,rdixon13 (7/20),0,459.5,G Matt Fitzpatrick G Justin Thomas G Min Woo Lee G Alex Fitzpatrick G Shane Lowry G Tom Kim,,,
936,5183557692,jt0378 (1/20),0,459.5,G Matt Fitzpatrick G Ludvig Aberg G Kurt Kitayama G Tom Kim G Eric Cole G Victor Perez,,,
936,5183805020,drega09 (15/20),0,459.5,G Wyndham Clark G Viktor Hovland G Tyrrell Hatton G Nicolai Hojgaard G Michael Brennan G Ryan Fox,,,
936,5183844816,pack88 (11/16),0,459.5,G Matt Fitzpatrick G Tommy Fleetwood G Nicolai Hojgaard G Shane Lowry G Tom Kim G Sahith Theegala,,,
936,5183929955,RAYVENZ52 (4/20),0,459.5,G Matt Fitzpatrick G Wyndham Clark G Tyrrell Hatton G Matt Wallace G Victor Perez G Matti Schmid,,,
936,5184143560,Heavyd88 (5/5),0,459.5,G Matt Fitzpatrick G Tommy Fleetwood G Nicolai Hojgaard G Kristoffer Reitan G Tom Kim G Andrew Putnam,,,
936,5184231327,MnMoney (8/20),0,459.5,G Matt Fitzpatrick G Tommy Fleetwood G Justin Thomas G Shane Lowry G Tom Kim G Oliver Lindell,,,
936,5184413556,Startsy8 (1/2),0,459.5,G Tommy Fleetwood G Wyndham Clark G Nicolai Hojgaard G Alex Fitzpatrick G Patrick Reed G Tom Kim,,,
936,5184527654,FantasyGolferKM (10/16),0,459.5,G Tommy Fleetwood G Wyndham Clark G Si Woo Kim G Adam Scott G Patrick Reed G Mac Meissner,,,
936,5184880655,dcuff (11/20),0,459.5,G Tommy Fleetwood G Wyndham Clark G Tyrrell Hatton G Harris English G Tom Kim G Oliver Lindell,,,
936,5184910972,EasyEC,0,459.5,G Matt Fitzpatrick G Tommy Fleetwood G Nicolai Hojgaard G Shane Lowry G Tom Kim G Sahith Theegala,,,
936,5185040859,Dubbzz (16/20),0,459.5,G Jon Rahm G Tyrrell Hatton G Tom Kim G Ryan Gerard G Doug Ghim G Jordan L. Smith,,,
936,5185054986,rjeestep (5/20),0,459.5,G Matt Fitzpatrick G Tommy Fleetwood G Nicolai Hojgaard G Shane Lowry G Tom Kim G Sahith Theegala,,,
936,5185192173,UltimateWin4 (10/20),0,459.5,G Chris Gotterup G Wyndham Clark G Min Woo Lee G Brooks Koepka G Tom Kim G Alex Smalley,,,
936,5185213250,Jas037 (2/6),0,459.5,G Matt Fitzpatrick G Chris Gotterup G Shane Lowry G Tom Kim G Corey Conners G Michael Brennan,,,
936,5185389001,jdsalter25 (12/15),0,459.5,G Matt Fitzpatrick G Ludvig Aberg G Wyndham Clark G Tom Kim G Jordan L. Smith G Antoine Rozner,,,
952,5183509978,Astros7 (5/14),0,459,G Chris Gotterup G Tyrrell Hatton G Min Woo Lee G Nicolai Hojgaard G Patrick Reed G Marco Penge,,,
952,5183652613,snoppy (2/4),0,459,G Matt Fitzpatrick G Tyrrell Hatton G Patrick Cantlay G Si Woo Kim G Victor Perez G Oliver Lindell,,,
952,5183943041,jwagstaffe (3/4),0,459,G Jon Rahm G Matt Fitzpatrick G Si Woo Kim G Sudarshan Yellamaraju G Andrew Putnam G Austin Eckroat,,,
952,5184546216,6donkey9 (5/6),0,459,G Tommy Fleetwood G Wyndham Clark G Robert MacIntyre G Si Woo Kim G Matthew McCarty G Nicolas Echavarria,,,
952,5185004971,texasfrog90 (1/13),0,459,G Tommy Fleetwood G Viktor Hovland G Robert MacIntyre G Nicolai Hojgaard G Corey Conners G Nicolas Echavarria,,,
952,5185006063,SandlotHero (7/13),0,459,G Tommy Fleetwood G Chris Gotterup G Si Woo Kim G Min Woo Lee G Doug Ghim G Ricky Castillo,,,
952,5185150592,Focker1 (3/12),0,459,G Rory McIlroy G Matt Fitzpatrick G Ryan Gerard G Sahith Theegala G Marcus Armitage G Oliver Lindell,,,
952,5185156779,shon28 (1/10),0,459,G Matt Fitzpatrick G Tommy Fleetwood G Nicolai Hojgaard G Patrick Reed G Eugenio Lopez-Chacarra G Brian Harman,,,
952,5185209856,PoolAid13 (10/20),0,459,G Chris Gotterup G Wyndham Clark G Patrick Cantlay G Min Woo Lee G Ryan Fox G Nick Taylor,,,
952,5185427039,Bradbrad100 (1/2),0,459,G Chris Gotterup G Wyndham Clark G Viktor Hovland G Patrick Reed G Corey Conners G Ryan Fox,,,
962,5183508832,laboni64 (3/3),0,458.5,G Wyndham Clark G Robert MacIntyre G Tyrrell Hatton G Nicolai Hojgaard G Marco Penge G Jordan L. Smith,,,
962,5183763029,hiteofbob (20/20),0,458.5,G Tommy Fleetwood G Wyndham Clark G Tyrrell Hatton G Tom Kim G Alex Noren G Brian Harman,,,
962,5183965897,rsumrall (13/20),0,458.5,G Tommy Fleetwood G Wyndham Clark G Viktor Hovland G Nicolai Hojgaard G Max Greyserman G Rasmus Hojgaard,,,
962,5184002651,sbolomo (20/20),0,458.5,G Matt Fitzpatrick G Chris Gotterup G Justin Thomas G Tom Kim G Matt Wallace G Tom McKibbin,,,
962,5184012779,inspectorb (4/8),0,458.5,G Matt Fitzpatrick G Chris Gotterup G Robert MacIntyre G Aaron Rai G Jordan L. Smith G Jesper Svensson,,,
962,5184024231,edarbz9 (11/20),0,458.5,G Matt Fitzpatrick G Wyndham Clark G J.J. Spaun G Nicolai Hojgaard G Jordan L. Smith G Hennie Du Plessis,,,
962,5184085560,topher54 (4/20),0,458.5,G Matt Fitzpatrick G Tyrrell Hatton G Si Woo Kim G Justin Thomas G Sahith Theegala G Oliver Lindell,,,
962,5184155873,Quake211 (9/20),0,458.5,G Chris Gotterup G Patrick Cantlay G Si Woo Kim G Min Woo Lee G Ryan Fox G Max Greyserman,,,
962,5184161386,jschmiegdk (1/2),0,458.5,G Matt Fitzpatrick G Wyndham Clark G Robert MacIntyre G Hennie Du Plessis G Bernd Wiesberger G Austin Eckroat,,,
962,5184238705,itsbchap6 (1/7),0,458.5,G Rory McIlroy G Robert MacIntyre G Marco Penge G Michael Brennan G Victor Perez G Matti Schmid,,,
962,5184397085,smetana,0,458.5,G Matt Fitzpatrick G Si Woo Kim G Kurt Kitayama G Patrick Reed G Eugenio Lopez-Chacarra G Sahith Theegala,,,
962,5184662979,MoesHackers,0,458.5,G Matt Fitzpatrick G Tyrrell Hatton G Si Woo Kim G Justin Thomas G Sahith Theegala G Oliver Lindell,,,
962,5184699197,ChiefKeith12 (10/20),0,458.5,G Tommy Fleetwood G Si Woo Kim G Kurt Kitayama G Nicolai Hojgaard G Shane Lowry G Tom Kim,,,
962,5184721164,RoadWarriors59,0,458.5,G Matt Fitzpatrick G Si Woo Kim G Justin Thomas G Alex Fitzpatrick G Tom Kim G Sahith Theegala,,,
962,5184741846,mustangs2015 (5/20),0,458.5,G Matt Fitzpatrick G Chris Gotterup G Justin Thomas G Tom Kim G Matt Wallace G Tom McKibbin,,,
962,5184967276,Linkman18 (3/4),0,458.5,G Wyndham Clark G Robert MacIntyre G Justin Thomas G Harris English G Tom Kim G Sahith Theegala,,,
962,5184972663,Linkman18 (4/4),0,458.5,G Wyndham Clark G Robert MacIntyre G Justin Thomas G Harris English G Tom Kim G Sahith Theegala,,,
962,5185069501,depalma13 (2/17),0,458.5,G Rory McIlroy G Robert MacIntyre G Nicolai Hojgaard G Tom Kim G Antoine Rozner G Grant Forrest,,,
962,5185170120,meyers2305 (13/20),0,458.5,G Tommy Fleetwood G Wyndham Clark G Viktor Hovland G Nicolai Hojgaard G Max Greyserman G Rasmus Hojgaard,,,
962,5185213554,VICARO (19/20),0,458.5,G Jon Rahm G Matt Fitzpatrick G Tom Kim G Tom McKibbin G Aldrich Potgieter G Andrew Putnam,,,
962,5185295756,coachp17 (9/20),0,458.5,G Rory McIlroy G Adam Scott G Patrick Reed G Jake Knapp G Tom Kim G Victor Perez,,,
962,5185295759,coachp17 (12/20),0,458.5,G Matt Fitzpatrick G Justin Thomas G Min Woo Lee G Nicolai Hojgaard G Alex Fitzpatrick G Rasmus Hojgaard,,,
962,5185389269,kvn5145 (3/3),0,458.5,G Matt Fitzpatrick G Tommy Fleetwood G J.J. Spaun G Tom Kim G Pierceson Coody G Sudarshan Yellamaraju,,,
962,5185460947,mumma44 (2/2),0,458.5,G Rory McIlroy G Robert MacIntyre G Patrick Reed G Nick Taylor G Sam Stevens G Matti Schmid,,,
986,5183589979,Ps2jr (2/2),0,458,G Wyndham Clark G Tyrrell Hatton G Justin Thomas G Alex Fitzpatrick G Patrick Reed G Tom Kim,,,
986,5183814031,ZipJip (2/5),0,458,G Rory McIlroy G Patrick Cantlay G Tom Kim G Brian Harman G Max Greyserman G Jordan L. Smith,,,
986,5183818244,ZipJip (3/5),0,458,G Rory McIlroy G Patrick Cantlay G Tom Kim G Brian Harman G Max Greyserman G Jordan L. Smith,,,
986,5183818957,ZipJip (5/5),0,458,G Rory McIlroy G Patrick Cantlay G Tom Kim G Brian Harman G Max Greyserman G Jordan L. Smith,,,
986,5184001189,DrewB24 (6/20),0,458,G Matt Fitzpatrick G Viktor Hovland G Si Woo Kim G Marco Penge G Tom Kim G Kevin Yu,,,
986,5184104856,jmostpa (1/2),0,458,G Wyndham Clark G Tyrrell Hatton G Justin Thomas G Alex Fitzpatrick G Patrick Reed G Tom Kim,,,
986,5184109195,Houli208 (5/6),0,458,G Wyndham Clark G Tyrrell Hatton G Justin Thomas G Alex Fitzpatrick G Patrick Reed G Tom Kim,,,
986,5184263899,cocosdaddy1 (1/2),0,458,G Tommy Fleetwood G Chris Gotterup G Tyrrell Hatton G Ryan Gerard G Brian Harman G Ryan Fox,,,
986,5184270150,cbizz151 (12/20),0,458,G Viktor Hovland G Tyrrell Hatton G Si Woo Kim G Kristoffer Reitan G Adam Scott G Tom Kim,,,
986,5185294813,Valrules,0,458,G Matt Fitzpatrick G Tommy Fleetwood G Alex Fitzpatrick G Adam Scott G Tom Kim G Nick Taylor,,,
986,5185446035,pigskinbandits,0,458,G Chris Gotterup G Wyndham Clark G Min Woo Lee G Kristoffer Reitan G Marco Penge G Tom Kim,,,
997,5183738158,hiteofbob (10/20),0,457.5,G Wyndham Clark G Robert MacIntyre G Tyrrell Hatton G Brooks Koepka G Brian Harman G Ryan Fox,,,
997,5184061836,bigdaddywayne69 (15/20),0,457.5,G Matt Fitzpatrick G Wyndham Clark G Tyrrell Hatton G Nicolai Hojgaard G Victor Perez G Kevin Yu,,,
997,5184215576,hazmatt94 (7/20),0,457.5,G Jon Rahm G Tyrrell Hatton G Brooks Koepka G Tom Kim G Tom McKibbin G Matti Schmid,,,
997,5185180976,Mige1 (7/20),0,457.5,G Matt Fitzpatrick G Tommy Fleetwood G Justin Thomas G Min Woo Lee G Tom McKibbin G Thorbjorn Olesen,,,
997,5185370012,Albqhokie (1/7),0,457.5,G Matt Fitzpatrick G Tommy Fleetwood G Wyndham Clark G Corey Conners G Brian Harman G Oliver Lindell,,,
997,5185389267,kvn5145 (1/3),0,457.5,G Matt Fitzpatrick G Robert MacIntyre G Kurt Kitayama G Shane Lowry G Ryan Gerard G Nick Taylor,,,
997,5185437209,n8henley68 (20/20),0,457.5,G Rory McIlroy G Matt Fitzpatrick G Nicolai Hojgaard G Sahith Theegala G Chris Kirk G Austin Eckroat,,,