Rank,EntryId,EntryName,TimeRemaining,Points,Lineup,,Player,Roster Position,%Drafted,FPTS
1,5179218327,andybonds (9/12),0,665,G Chris Gotterup G Eric Cole G Christiaan Bezuidenhout G Blades Brown G Max Homa G Ben Kohles,,Ben Griffin,G,26.53%,97.5
2,5180140796,gtsml (9/20),0,658.5,G Chris Gotterup G Ben Griffin G Blades Brown G Jackson Suber G Lucas Glover G Preston Stout,,Tom Kim,G,25.66%,73
3,5179780193,Fathead75,0,658,G Chris Gotterup G Jacob Bridgeman G Ryo Hisatsune G Jackson Suber G Ben Kohles G Zac Blair,,Blades Brown,G,23.44%,96
4,5179372943,Saintman51,0,655.5,G Chris Gotterup G Doug Ghim G Ryo Hisatsune G Christiaan Bezuidenhout G Tony Finau G Ben Kohles,,Jackson Koivun,G,21.68%,30
5,5180140790,gtsml (3/20),0,655,G Chris Gotterup G Ben Griffin G Blades Brown G Ben Kohles G Zac Blair G Zach Johnson,,Chris Gotterup,G,20.91%,137
6,5179776666,grajak (3/9),0,650.5,G Chris Gotterup G Ben Griffin G Max Homa G Emiliano Grillo G Matt Kuchar G Lucas Glover,,Ryo Hisatsune,G,20.02%,108
7,5178278809,cbizz151 (6/20),0,650,G Chris Gotterup G Eric Cole G Davis Thompson G Mac Meissner G Max Homa G Zach Johnson,,Eric Cole,G,17.91%,93
7,5180227374,989michaels,0,650,G Chris Gotterup G Rickie Fowler G Christiaan Bezuidenhout G Blades Brown G Jackson Suber G Ben Kohles,,Jacob Bridgeman,G,17.89%,81
9,5178397625,drega09 (9/20),0,648.5,G Chris Gotterup G Pierceson Coody G Ryo Hisatsune G Blades Brown G Jackson Suber G Ben Kohles,,Keith Mitchell,G,17.78%,79
10,5179388951,purpleHayz (2/2),0,648,G Chris Gotterup G J.T. Poston G Christiaan Bezuidenhout G Jackson Suber G Ben Kohles G Zac Blair,,Jackson Suber,G,15.95%,110
11,5178462323,jessicadill (2/2),0,644.5,G Chris Gotterup G Eric Cole G Doug Ghim G Jackson Suber G Ben Kohles G Mark Hubbard,,Denny McCarthy,G,15.92%,32
11,5179419123,ziggitywood (2/20),0,644.5,G Chris Gotterup G Tom Kim G Ryo Hisatsune G Jackson Suber G Kevin Yu G Ben Kohles,,J.T. Poston,G,14.55%,78
13,5178946859,boyle5000 (11/20),0,644,G Chris Gotterup G Keegan Bradley G Blades Brown G Max Homa G Jackson Suber G Matt Kuchar,,Andrew Novak,G,13.89%,26.5
14,5178820820,scooter8174 (2/20),0,643,G Chris Gotterup G Tom Kim G Ryo Hisatsune G Blades Brown G Jackson Suber G Ben Kohles,,Doug Ghim,G,12.99%,111.5
15,5178768261,ouroboros0 (5/20),0,640,G Chris Gotterup G Eric Cole G Ryo Hisatsune G Mac Meissner G Jackson Suber G Tom Hoge,,Michael Kim,G,12.87%,24
15,5180191677,PThompson42 (15/20),0,640,G Chris Gotterup G Rickie Fowler G Ryo Hisatsune G Tony Finau G Max Homa G Jackson Suber,,Sudarshan Yellamaraju,G,12.58%,33
15,5180205888,Aoteoroa (5/6),0,640,G Chris Gotterup G Eric Cole G Doug Ghim G Jackson Suber G Ben Kohles G Chan Kim,,Jordan Spieth,G,12.41%,77
15,5180212828,Aoteoroa (6/6),0,640,G Chris Gotterup G Eric Cole G Doug Ghim G Jackson Suber G Ben Kohles G Chan Kim,,Keegan Bradley,G,12.16%,87
19,5179441720,R.Bobby (2/6),0,637.5,G Chris Gotterup G Ben Griffin G Max Homa G Jackson Suber G A.J. Ewart G Lucas Glover,,Daniel Berger,G,12.10%,33
20,5178738248,slasher2017 (1/8),0,636,G Chris Gotterup G Tom Kim G Christiaan Bezuidenhout G Blades Brown G Max Homa G Jackson Suber,,Emiliano Grillo,G,11.33%,83.5
21,5178483344,ltjimdangle9 (4/6),0,635,G Chris Gotterup G Keith Mitchell G Max Homa G Emiliano Grillo G Kevin Yu G Ben Kohles,,Rickie Fowler,G,11.15%,87
22,5179075756,6donkey9 (2/5),0,632.5,G Chris Gotterup G Keegan Bradley G Christiaan Bezuidenhout G Tony Finau G Jackson Suber G Lucas Glover,,Sungjae Im,G,10.85%,69.5
23,5179850567,charlesrayallday (8/20),0,632,G Chris Gotterup G Eric Cole G Mac Meissner G Tony Finau G Max Homa G Kevin Yu,,Christiaan Bezuidenhout,G,10.82%,101
23,5179930590,Jayalger (1/4),0,632,G Chris Gotterup G Tom Kim G Davis Thompson G Christiaan Bezuidenhout G Jackson Suber G Ben Kohles,,Mac Meissner,G,10.68%,106.5
25,5179730272,naugyhound (4/4),0,629,G Chris Gotterup G Eric Cole G Mac Meissner G Blades Brown G Max Homa G Andrew Putnam,,Michael Thorbjornsen,G,10.02%,34
26,5179943845,Jayalger (3/4),0,628.5,G Chris Gotterup G J.T. Poston G Christiaan Bezuidenhout G Blades Brown G Kevin Yu G Ben Kohles,,Pierceson Coody,G,9.92%,78.5
26,5179946959,Jayalger (4/4),0,628.5,G Chris Gotterup G J.T. Poston G Christiaan Bezuidenhout G Blades Brown G Kevin Yu G Ben Kohles,,Aldrich Potgieter,G,9.76%,37.5
28,5179619854,derekdog (6/20),0,628,G Chris Gotterup G Jacob Bridgeman G Christiaan Bezuidenhout G Blades Brown G Jackson Suber G Zac Blair,,Ben Kohles,G,9.59%,119
29,5179704548,BIGOOOS (5/20),0,627.5,G Chris Gotterup G Rickie Fowler G Ryo Hisatsune G Tony Finau G Max Homa G Kevin Yu,,Tony Finau,G,9.34%,79
29,5179823063,sugurray4u (10/11),0,627.5,G Chris Gotterup G Pierceson Coody G Doug Ghim G Blades Brown G Ben Kohles G Tom Hoge,,Max Homa,G,9.24%,119
31,5178472937,shotgun17 (2/8),0,627,G Ben Griffin G Eric Cole G Mac Meissner G Christiaan Bezuidenhout G Max Homa G Jackson Suber,,John Keefer,G,8.54%,36.5
32,5179770587,BIGOOOS (14/20),0,626.5,G Chris Gotterup G Tom Kim G Ryo Hisatsune G Christiaan Bezuidenhout G Jackson Suber G Kevin Yu,,Davis Thompson,G,8.01%,92
32,5180143779,trebors (1/2),0,626.5,G Chris Gotterup G Jacob Bridgeman G Blades Brown G Max Homa G Jackson Suber G Emiliano Grillo,,Rico Hoey,G,7.68%,34.5
32,5180237951,stenzy0314 (3/3),0,626.5,G Chris Gotterup G Jacob Bridgeman G Blades Brown G Jackson Suber G Emiliano Grillo G Ben Kohles,,Matt Wallace,G,7.17%,83
35,5178582246,pat_the_hat2 (19/20),0,626,G Chris Gotterup G Keegan Bradley G Max Homa G Max McGreevy G Ben Kohles G William Mouw,,Carson Young,G,7.16%,32.5
36,5178415418,kmulligan537 (8/11),0,625.5,G Chris Gotterup G Jordan Spieth G Rickie Fowler G Ben Kohles G Zac Blair G Zach Johnson,,Max Greyserman,G,6.58%,34.5
37,5180033062,Billnap (4/9),0,624,G Chris Gotterup G Ben Griffin G Doug Ghim G Lucas Glover G Lanto Griffin G David Skinns,,Michael Brennan,G,6.56%,84.5
38,5179501909,richardbdrk1 (2/4),0,623.5,G Chris Gotterup G Keith Mitchell G Christiaan Bezuidenhout G Blades Brown G Ben Kohles G Trace Crowe,,Taylor Moore,G,6.44%,31
38,5179825901,Carolinakidz (8/10),0,623.5,G Chris Gotterup G Ben Griffin G Emiliano Grillo G Ben Kohles G Zachary Bauchou G Lucas Glover,,Kevin Yu,G,5.63%,97.5
40,5179355096,shoony,0,623,G Chris Gotterup G Jordan Spieth G Christiaan Bezuidenhout G Tony Finau G Max Homa G Jackson Suber,,Andrew Putnam,G,5.58%,77.5
41,5179600299,jnorox (5/8),0,621.5,G Chris Gotterup G Rickie Fowler G Ryo Hisatsune G Blades Brown G Jackson Suber G Emiliano Grillo,,Max McGreevy,G,5.04%,83
42,5178789593,derekdog (3/20),0,620.5,G Chris Gotterup G Eric Cole G Doug Ghim G Christiaan Bezuidenhout G Blades Brown G Davis Riley,,Zachary Bauchou,G,4.78%,68
43,5178414855,TambLim (2/20),0,620,G Chris Gotterup G Eric Cole G Mac Meissner G Blades Brown G Jackson Suber G Andrew Putnam,,Taylor Pendrith,G,4.53%,33.5
43,5180231378,EagleEye3434 (16/20),0,620,G Chris Gotterup G J.T. Poston G Christiaan Bezuidenhout G Jackson Suber G Ben Kohles G Adrien Dumont De Chassart,,A.J. Ewart,G,4.22%,55.5
45,5178265030,F___thejets (15/20),0,619.5,G Chris Gotterup G Rickie Fowler G Doug Ghim G Kevin Yu G Ben Kohles G Austin Eckroat,,Austin Eckroat,G,3.95%,67.5
45,5180148833,JLR1985 (16/20),0,619.5,G Chris Gotterup G Doug Ghim G Ryo Hisatsune G Christiaan Bezuidenhout G Tony Finau G Max McGreevy,,Patrick Rodgers,G,3.07%,0
47,5179273732,cptnspaulding (9/20),0,619,G Chris Gotterup G Matt Wallace G Ryo Hisatsune G Mac Meissner G Christiaan Bezuidenhout G Emiliano Grillo,,Austin Smotherman,G,2.98%,74
48,5179619466,FortGarryLions (19/20),0,618.5,G Chris Gotterup G Tom Kim G Doug Ghim G Jackson Suber G Ben Kohles G Zachary Bauchou,,William Mouw,G,2.73%,81
49,5178201983,Plug3154 (1/20),0,618,G Chris Gotterup G Tom Kim G Ryo Hisatsune G Christiaan Bezuidenhout G Blades Brown G Zac Blair,,Tom Hoge,G,2.67%,85.5
49,5178816021,HT1717 (2/2),0,618,G Chris Gotterup G Jordan Spieth G Pierceson Coody G Max Homa G Jackson Suber G Chandler Phillips,,Stephan Jaeger,G,2.67%,89.5
49,5178881835,keychins (2/2),0,618,G Ben Griffin G Eric Cole G Doug Ghim G Mac Meissner G Jackson Suber G Tyler Duncan,,Zac Blair,G,2.57%,103
49,5180205703,MicksEastsiders,0,618,G Chris Gotterup G Tom Kim G Ryo Hisatsune G Christiaan Bezuidenhout G Blades Brown G Zac Blair,,Seamus Power,G,2.46%,7.5
49,5180243331,Kenwalk (12/20),0,618,G Chris Gotterup G Tom Kim G Ryo Hisatsune G Christiaan Bezuidenhout G Blades Brown G Zac Blair,,Zach Johnson,G,2.30%,102.5
54,5178221985,spielvogela0523 (1/12),0,617.5,G Chris Gotterup G J.T. Poston G Ryo Hisatsune G Christiaan Bezuidenhout G Adrien Dumont De Chassart G Lucas Glover,,Hao-Tong Li,G,2.20%,29.5
55,5179574453,agabs2169 (10/10),0,617,G Chris Gotterup G Eric Cole G Tom Kim G Blades Brown G Lucas Glover G Preston Stout,,Beau Hossler,G,2.16%,77
56,5179330565,wowwwwwdfs_kkc (14/20),0,615,G Chris Gotterup G Keegan Bradley G Tony Finau G Jackson Suber G Max McGreevy G Ben Kohles,,Lucas Glover,G,1.91%,118.5
57,5179349918,Dallen19 (1/2),0,614.5,G Chris Gotterup G Jacob Bridgeman G Ryo Hisatsune G Blades Brown G Stephan Jaeger G Zac Blair,,Chan Kim,G,1.80%,69.5
58,5178848188,Onager41 (14/20),0,613,G Chris Gotterup G Eric Cole G Davis Thompson G Blades Brown G Max Homa G Patrick Fishburn,,Thorbjorn Olesen,G,1.77%,20.5
58,5179407526,bradsmith1679 (15/17),0,613,G Chris Gotterup G Tom Kim G Doug Ghim G Blades Brown G Jackson Suber G Tom Hoge,,Luke Clanton,G,1.56%,34
60,5178634590,cazz1970,0,612.5,G Chris Gotterup G Keegan Bradley G Ryo Hisatsune G Max Homa G Emiliano Grillo G Erik Van Rooyen,,Steven Fisk,G,1.44%,59.5
60,5179857742,jahnyb (17/20),0,612.5,G Chris Gotterup G Rickie Fowler G Mac Meissner G Christiaan Bezuidenhout G Emiliano Grillo G Kevin Yu,,Brian Campbell,G,1.33%,25.5
62,5178715185,74riZionup (5/7),0,612,G Chris Gotterup G Tom Kim G Ryo Hisatsune G Blades Brown G Tony Finau G Max Homa,,Adrien Dumont De Chassart,G,1.30%,75
62,5180095307,bschaper23 (7/20),0,612,G Chris Gotterup G J.T. Poston G Christiaan Bezuidenhout G Blades Brown G Ben Kohles G William Mouw,,Mark Hubbard,G,1.28%,74
64,5179784613,kevinmat1 (2/4),0,611.5,G Chris Gotterup G Pierceson Coody G Ryo Hisatsune G Mac Meissner G Blades Brown G Tom Hoge,,Matt Kuchar,G,1.10%,95
64,5179793343,Tavius87 (4/20),0,611.5,G Chris Gotterup G Ben Griffin G Jackson Suber G Ben Kohles G Hao-Tong Li G Lucas Glover,,Matthieu Pavon,G,1.03%,27
66,5179935643,monkeybrains (11/20),0,610.5,G Chris Gotterup G Keegan Bradley G Mac Meissner G Emiliano Grillo G Ben Kohles G Andrew Putnam,,Keita Nakajima,G,1.03%,80
67,5178629673,DDEMERIT3 (2/20),0,610,G Chris Gotterup G Eric Cole G Mac Meissner G Blades Brown G Jackson Suber G Austin Eckroat,,Lee Hodges,G,1.01%,114.5
67,5179100615,jrjk88 (1/2),0,610,G Chris Gotterup G Tom Kim G Doug Ghim G Ryo Hisatsune G Blades Brown G Troy Merritt,,Adam Hadwin,G,0.93%,24
69,5178750493,lakeside2220 (4/20),0,609.5,G Chris Gotterup G Doug Ghim G Ryo Hisatsune G Davis Thompson G Max McGreevy G Erik Van Rooyen,,David Skinns,G,0.93%,76
69,5180063820,MIKEMETAL (1/3),0,609.5,G Chris Gotterup G Eric Cole G Matt Wallace G Max Homa G Jackson Suber G Austin Eckroat,,Troy Merritt,G,0.90%,84.5
71,5178940006,doctor911,0,608.5,G Chris Gotterup G Ben Griffin G Ryo Hisatsune G Blades Brown G Tom Hoge G Troy Merritt,,Kevin Roy,G,0.87%,28.5
72,5179136037,Plug3154 (19/20),0,608,G Chris Gotterup G Rickie Fowler G Ryo Hisatsune G Christiaan Bezuidenhout G Kevin Yu G Andrew Putnam,,Preston Stout,G,0.85%,99.5
73,5179742102,AMayberry23 (10/20),0,607.5,G Chris Gotterup G Doug Ghim G Ryo Hisatsune G Max Greyserman G Max Homa G Kevin Yu,,Erik Van Rooyen,G,0.82%,78
73,5180139252,ChefDaveWins,0,607.5,G Chris Gotterup G Jacob Bridgeman G Christiaan Bezuidenhout G Blades Brown G Stephan Jaeger G Zac Blair,,Seung-Yul Noh,G,0.73%,18.5
73,5180140794,gtsml (7/20),0,607.5,G Ben Griffin G Keith Mitchell G Jackson Suber G Ben Kohles G Zach Johnson G Preston Stout,,Brice Garnett,G,0.70%,26.5
76,5178461836,dbsultan (5/13),0,607,G Chris Gotterup G Jacob Bridgeman G Mac Meissner G Blades Brown G Ben Kohles G Austin Eckroat,,Adam Svensson,G,0.67%,36.5
76,5178596018,grumpa782 (4/5),0,607,G Chris Gotterup G Pierceson Coody G Ryo Hisatsune G Blades Brown G Jackson Suber G Andrew Putnam,,Paul Peterson,G,0.67%,31
76,5179014858,PopFlyBoy (3/20),0,607,G Chris Gotterup G Jacob Bridgeman G Max Homa G Jackson Suber G Max McGreevy G Beau Hossler,,Garrick Higgo,G,0.63%,27
79,5178261542,GenaroP (6/20),0,606.5,G Chris Gotterup G Tom Kim G Ryo Hisatsune G Davis Thompson G Ben Kohles G Andrew Putnam,,Patrick Fishburn,G,0.63%,76
80,5178392431,Terminator0028,0,606,G Eric Cole G Pierceson Coody G Doug Ghim G Ryo Hisatsune G Blades Brown G Max Homa,,Mackenzie Hughes,G,0.62%,71.5
80,5179980640,tigolebitties91 (3/8),0,606,G Chris Gotterup G Keith Mitchell G Max Homa G Jackson Suber G Emiliano Grillo G Andrew Putnam,,David Lipsky,G,0.61%,88.5
82,5179241935,bcorbett74 (1/2),0,605.5,G Ben Griffin G Doug Ghim G Mac Meissner G Christiaan Bezuidenhout G Tony Finau G Jackson Suber,,Chandler Blanchet,G,0.61%,23
82,5179928528,danotaxman (4/5),0,605.5,G Chris Gotterup G Pierceson Coody G Mac Meissner G Blades Brown G Jackson Suber G Andrew Putnam,,Jeremy Paul,G,0.54%,19.5
84,5178760274,DannytheHokie,0,605,G Ben Griffin G Eric Cole G Ryo Hisatsune G Jackson Suber G Ben Kohles G Andrew Putnam,,Jimmy Stanger,G,0.52%,37.5
84,5179055773,Aggies_1 (2/4),0,605,G Chris Gotterup G Pierceson Coody G Tom Kim G Tony Finau G Max Homa G Lucas Glover,,Dylan Frittelli,G,0.51%,32.5
84,5179603933,minrobertson210 (1/5),0,605,G Chris Gotterup G Pierceson Coody G Mac Meissner G Blades Brown G Max Homa G Zachary Bauchou,,Hayden Springer,G,0.49%,86.5
84,5180149937,BigDBoss (12/20),0,605,G Chris Gotterup G Michael Brennan G Ryo Hisatsune G Aldrich Potgieter G Max Homa G Ben Kohles,,Joel Dahmen,G,0.45%,75
88,5180140795,gtsml (8/20),0,604.5,G Chris Gotterup G Keith Mitchell G Blades Brown G Ben Kohles G Austin Smotherman G Preston Stout,,Takumi Kanaya,G,0.44%,30.5
89,5178579175,mwdh2rcnj (1/6),0,604,G Chris Gotterup G Matt Wallace G Ryo Hisatsune G Christiaan Bezuidenhout G Blades Brown G Tony Finau,,Neal Shipley,G,0.43%,32.5
89,5178595211,pcfixerky (1/10),0,604,G Chris Gotterup G Matt Wallace G Ryo Hisatsune G Christiaan Bezuidenhout G Blades Brown G Tony Finau,,Chandler Phillips,G,0.40%,96.5
89,5179415401,gottastack (5/20),0,604,G Chris Gotterup G J.T. Poston G Doug Ghim G Jackson Suber G Stephan Jaeger G Erik Van Rooyen,,Ben Silverman,G,0.38%,20.5
92,5178656052,kvoight84 (11/12),0,603.5,G Chris Gotterup G Jacob Bridgeman G Davis Thompson G Max Homa G Ben Kohles G A.J. Ewart,,Kevin Streelman,G,0.32%,32.5
93,5178858340,JasonBarnes (4/4),0,602.5,G Eric Cole G Tom Kim G Mac Meissner G Christiaan Bezuidenhout G Jackson Suber G Ben Kohles,,Dylan Wu,G,0.31%,36
93,5179448193,AIRBHG (5/10),0,602.5,G Chris Gotterup G Keith Mitchell G Mac Meissner G Jackson Suber G Austin Eckroat G Zach Johnson,,Tyler Duncan,G,0.29%,99.5
95,5179560667,Anjelic1 (4/4),0,602,G Chris Gotterup G Ben Griffin G Max Homa G Kevin Yu G Carson Young G Lucas Glover,,Zecheng Dou,G,0.29%,89.5
95,5180245289,shooberto (4/8),0,602,G Chris Gotterup G Ben Griffin G Max Homa G Kevin Yu G Carson Young G Lucas Glover,,Chad Ramey,G,0.27%,31
97,5178697503,gulfernut (12/20),0,601.5,G Ben Griffin G Doug Ghim G Michael Brennan G Tony Finau G Max Homa G Jackson Suber,,Harry Higgs,G,0.26%,88
97,5178962736,JGaume9,0,601.5,G Keegan Bradley G J.T. Poston G Doug Ghim G Blades Brown G Max Homa G Jackson Suber,,Brendon Todd,G,0.25%,26.5
97,5179575367,ajwert (7/7),0,601.5,G Chris Gotterup G Ben Griffin G Emiliano Grillo G Kevin Yu G Austin Eckroat G Lucas Glover,,Lanto Griffin,G,0.25%,83.5
97,5179642948,totototo (17/20),0,601.5,G Chris Gotterup G Michael Brennan G Matt Wallace G Christiaan Bezuidenhout G Beau Hossler G Ben Kohles,,Adam Schenk,G,0.22%,24
101,5178732166,generals_chicken (8/8),0,601,G Jacob Bridgeman G Rickie Fowler G Doug Ghim G Mac Meissner G Blades Brown G Ben Kohles,,Fabian Gomez,G,0.21%,59
101,5180236162,mpk44 (4/12),0,601,G Ben Griffin G J.T. Poston G Davis Thompson G Blades Brown G Max Homa G Lucas Glover,,Vince Whaley,G,0.20%,38.5
103,5178397619,drega09 (3/20),0,600.5,G Chris Gotterup G Pierceson Coody G Ryo Hisatsune G Blades Brown G Emiliano Grillo G Kevin Yu,,Luke List,G,0.19%,30
104,5180193298,Binkie3461 (2/2),0,600,G Chris Gotterup G Doug Ghim G Ryo Hisatsune G Blades Brown G Aldrich Potgieter G Jackson Suber,,Kris Ventura,G,0.19%,26.5
105,5178893124,ryno29 (16/20),0,599.5,G Ben Griffin G J.T. Poston G Ryo Hisatsune G Mac Meissner G Jackson Suber G Preston Stout,,Davis Riley,G,0.19%,82
105,5179436838,spydiegolf (4/5),0,599.5,G Chris Gotterup G Michael Thorbjornsen G Doug Ghim G Emiliano Grillo G Ben Kohles G Lee Hodges,,Cameron Champ,G,0.17%,28
105,5179896354,Stree (8/20),0,599.5,G Chris Gotterup G Doug Ghim G Ryo Hisatsune G Mac Meissner G Jackson Suber G Andrew Novak,,Nick Dunlap,G,0.15%,77
105,5180042359,tdriver22671 (2/10),0,599.5,G Ben Griffin G Eric Cole G Doug Ghim G Max Homa G Emiliano Grillo G Matt Kuchar,,Karl Vilips,G,0.15%,86.5
105,5180075360,miltime (3/3),0,599.5,G Ben Griffin G Eric Cole G Doug Ghim G Max Homa G Emiliano Grillo G Matt Kuchar,,Ryan Voois,G,0.13%,56
110,5178629675,DDEMERIT3 (4/20),0,599,G Chris Gotterup G Eric Cole G Davis Thompson G Blades Brown G Emiliano Grillo G Kevin Yu,,Joe Highsmith,G,0.13%,34
111,5178216642,ep3550 (6/20),0,598.5,G Chris Gotterup G Doug Ghim G Ryo Hisatsune G Christiaan Bezuidenhout G Jackson Suber G Taylor Moore,,Jonathan Byrd,G,0.12%,57
111,5179103765,oakpark2011,0,598.5,G Chris Gotterup G Rickie Fowler G Ryo Hisatsune G Christiaan Bezuidenhout G Blades Brown G Chan Kim,,Camilo Villegas,G,0.12%,78
113,5178185179,hectic1980 (9/14),0,598,G Chris Gotterup G Tom Kim G Michael Brennan G Blades Brown G Ben Kohles G David Lipsky,,Mason Howell,G,0.12%,22.5
114,5179710568,jkennedy4 (2/20),0,597.5,G Chris Gotterup G Keith Mitchell G Doug Ghim G Max Homa G Lucas Glover G Kevin Streelman,,Hank Lebioda,G,0.12%,34
115,5179510615,heltonmar,0,597,G J.T. Poston G Doug Ghim G Christiaan Bezuidenhout G Lucas Glover G Zach Johnson G Tom Hoge,,Trace Crowe,G,0.10%,91.5
116,5178848187,Onager41 (13/20),0,596.5,G Chris Gotterup G Eric Cole G Davis Thompson G Blades Brown G Emiliano Grillo G Matt Kuchar,,Danny Walker,G,0.10%,20.5
116,5179523705,jadenlilly (10/20),0,596.5,G Ben Griffin G Eric Cole G Matt Wallace G Christiaan Bezuidenhout G Ben Kohles G Zac Blair,,Peter Malnati,G,0.09%,76
118,5179381654,MrHarper21 (6/10),0,596,G Keith Mitchell G Eric Cole G Ryo Hisatsune G Christiaan Bezuidenhout G Blades Brown G Max Homa,,Gordon Sargent,G,0.09%,64
118,5179490788,B.Banks1 (1/4),0,596,G Keith Mitchell G Eric Cole G Ryo Hisatsune G Christiaan Bezuidenhout G Blades Brown G Ben Kohles,,Kensei Hirata,G,0.08%,30
120,5178889036,Kuch66,0,595.5,G Jordan Spieth G Eric Cole G Doug Ghim G Ryo Hisatsune G Blades Brown G Jackson Suber,,Aaron Wise,G,0.08%,88
120,5179945202,RAYVENZ52 (15/20),0,595.5,G Ben Griffin G Eric Cole G Doug Ghim G Max Homa G Ben Kohles G A.J. Ewart,,Nick Hardy,G,0.08%,37
120,5180192273,dookdog7070,0,595.5,G Ben Griffin G Eric Cole G Tom Kim G Jackson Suber G Ben Kohles G Zac Blair,,Webb Simpson,G,0.07%,41
123,5180033170,Oddsjam4ever (18/20),0,595,G Chris Gotterup G Jordan Spieth G Mac Meissner G Tony Finau G William Mouw G Lee Hodges,,Jeffrey Kang,G,0.06%,32.5
124,5178592395,kingofhearts102 (7/15),0,594.5,G Chris Gotterup G Eric Cole G Mac Meissner G Christiaan Bezuidenhout G Tony Finau G Erik Van Rooyen,,Luke Gutschewski,G,0.06%,73.5
124,5178811530,Nuby33 (11/12),0,594.5,G Jacob Bridgeman G Eric Cole G Ryo Hisatsune G Mac Meissner G Blades Brown G Jackson Suber,,John VanDerLaan,G,0.06%,25
124,5179492219,thomasmr10 (2/4),0,594.5,G Ben Griffin G Tom Kim G Doug Ghim G Jackson Suber G Emiliano Grillo G Ben Kohles,,Justin Lower,G,0.05%,24
124,5179507363,vegasguy16 (2/20),0,594.5,G Ben Griffin G Tom Kim G Doug Ghim G Jackson Suber G Emiliano Grillo G Ben Kohles,,Noah Goodwin,G,0.04%,28.5
128,5178772135,Jazzy-14 (1/6),0,594,G Eric Cole G Doug Ghim G Matt Wallace G Ryo Hisatsune G Davis Thompson G Mac Meissner,,Pontus Nyholm,G,0.04%,100.5
128,5179597365,jah_586 (11/20),0,594,G Keegan Bradley G J.T. Poston G Doug Ghim G Ryo Hisatsune G Jackson Suber G Preston Stout,,Will Gordon,G,0.04%,67.5
128,5179806240,Steven_1974 (14/20),0,594,G Ben Griffin G Matt Wallace G Davis Thompson G Mac Meissner G Blades Brown G Ben Kohles,,Christo Lamprecht,G,0.03%,17
131,5178682103,phowell89 (1/2),0,593.5,G Chris Gotterup G Ben Griffin G Blades Brown G Ben Kohles G Zachary Bauchou G David Skinns,,Robert Streb,G,0.03%,31
131,5179758453,MnMoney (18/20),0,593.5,G Chris Gotterup G Rickie Fowler G Mac Meissner G Christiaan Bezuidenhout G Tony Finau G Max McGreevy,,Patton Kizzire,G,0.03%,33.5
131,5179826897,trent.adams23 (2/2),0,593.5,G Chris Gotterup G Matt Wallace G Davis Thompson G Tony Finau G Max Homa G Emiliano Grillo,,Jhonattan Vegas,G,0.03%,0
134,5178211764,afibman,0,593,G Chris Gotterup G Tom Kim G Ryo Hisatsune G Christiaan Bezuidenhout G Blades Brown G Erik Van Rooyen,,Ryan Brehm,G,0.03%,53
134,5178249209,TattersDean (3/20),0,593,G Ben Griffin G Keegan Bradley G Blades Brown G Max Homa G Jackson Suber G Emiliano Grillo,,Nicolas Echavarria,G,0.03%,0
136,5179069234,Zephyrlily (2/2),0,592.5,G Chris Gotterup G Jacob Bridgeman G Ryo Hisatsune G Blades Brown G Austin Eckroat G Zac Blair,,Alejandro Tosti,G,0.03%,29
136,5179739766,pke123 (5/5),0,592.5,G Chris Gotterup G Jacob Bridgeman G Ryo Hisatsune G Blades Brown G Austin Eckroat G Zac Blair,,Rafael Campos,G,0.03%,64
138,5179623055,BenByers,0,592,G Chris Gotterup G Tom Kim G Doug Ghim G Blades Brown G Ben Kohles G A.J. Ewart,,Michael Feagles,G,0.03%,56.5
138,5180097345,kspark911 (3/6),0,592,G Chris Gotterup G Tom Kim G Ryo Hisatsune G Blades Brown G Jackson Suber G Zachary Bauchou,,Marcelo Rozo,G,0.02%,34
140,5178667692,rctru31 (13/20),0,591.5,G Ben Griffin G Eric Cole G Davis Thompson G Mac Meissner G Emiliano Grillo G Ben Kohles,,Ben Martin,G,0.02%,37.5
140,5178804672,Nuby33 (1/12),0,591.5,G Eric Cole G Tom Kim G Doug Ghim G Ryo Hisatsune G Blades Brown G Jackson Suber,,Darin Fisher,G,0.02%,8.5
140,5180235852,UWAlums03 (2/3),0,591.5,G Chris Gotterup G Tom Kim G Ryo Hisatsune G Blades Brown G Jackson Suber G Austin Eckroat,,Martin Laird,G,0.02%,24
143,5178690885,Tiny_Classified_Ads (9/20),0,591,G Ben Griffin G Eric Cole G Mac Meissner G Blades Brown G Tony Finau G Max Homa,,Davis Chatfield,G,0.02%,76
143,5179507365,vegasguy16 (4/20),0,591,G Ben Griffin G Tom Kim G Ryo Hisatsune G Jackson Suber G Emiliano Grillo G Ben Kohles,,Augusto Nunez,G,0.02%,25.5
143,5179711971,Dr.JuiceLuiten (8/20),0,591,G Chris Gotterup G Michael Brennan G Ryo Hisatsune G Davis Thompson G Jackson Suber G Steven Fisk,,Patrick Adler,G,0.01%,33.5
143,5180175483,Hoody6708 (2/4),0,591,G Chris Gotterup G Keith Mitchell G Blades Brown G Jackson Suber G Emiliano Grillo G Tom Hoge,,Nicholas Lindheim,G,0.01%,58
147,5179442934,SmokingSquash (3/5),0,590.5,G Chris Gotterup G Ben Griffin G Emiliano Grillo G Ben Kohles G Zachary Bauchou G Tom Hoge,,,
147,5179777508,herrma02 (14/20),0,590.5,G Ben Griffin G Doug Ghim G Sungjae Im G Max Homa G Ben Kohles G Austin Smotherman,,,
147,5179957614,fjrivera2463 (19/20),0,590.5,G Chris Gotterup G Pierceson Coody G Davis Thompson G Blades Brown G Ben Kohles G Zachary Bauchou,,,
147,5180160768,kytyvince (4/20),0,590.5,G Keith Mitchell G Eric Cole G Michael Brennan G Blades Brown G Max Homa G Ben Kohles,,,
151,5178437267,DrewB24 (5/20),0,590,G Ben Griffin G Eric Cole G Christiaan Bezuidenhout G Blades Brown G Emiliano Grillo G Ben Kohles,,,
151,5178893122,ryno29 (14/20),0,590,G Chris Gotterup G Keith Mitchell G Doug Ghim G A.J. Ewart G Lucas Glover G David Lipsky,,,
151,5179525789,aquafinatim (9/20),0,590,G Ben Griffin G Keegan Bradley G Ryo Hisatsune G Tony Finau G Max Homa G Preston Stout,,,
151,5179884957,Natu2008 (7/20),0,590,G Ben Griffin G J.T. Poston G Mac Meissner G Tony Finau G Max Homa G Jackson Suber,,,
155,5178265029,F___thejets (14/20),0,589.5,G J.T. Poston G Eric Cole G Doug Ghim G Davis Thompson G Blades Brown G Max Homa,,,
155,5179383711,jkthomps (16/20),0,589.5,G Chris Gotterup G Eric Cole G Rico Hoey G Blades Brown G Max Homa G Jackson Suber,,,
155,5179419127,ziggitywood (6/20),0,589.5,G Eric Cole G Tom Kim G Doug Ghim G Matt Wallace G Max Homa G Jackson Suber,,,
155,5180187546,meyers2305 (17/20),0,589.5,G Ben Griffin G Keegan Bradley G Christiaan Bezuidenhout G Jackson Suber G Ben Kohles G Adrien Dumont De Chassart,,,
159,5178219792,marvink (1/17),0,589,G Chris Gotterup G Matt Wallace G Denny McCarthy G Ryo Hisatsune G Jackson Suber G Ben Kohles,,,
159,5178414856,TambLim (3/20),0,589,G Chris Gotterup G Eric Cole G Mac Meissner G Blades Brown G Tony Finau G Andrew Putnam,,,
159,5179781602,LRoyTheKing (8/10),0,589,G Chris Gotterup G Rickie Fowler G Mac Meissner G Christiaan Bezuidenhout G Emiliano Grillo G Austin Smotherman,,,
159,5179848790,dtozz22 (19/20),0,589,G Chris Gotterup G Keegan Bradley G Daniel Berger G Jackson Suber G Ben Kohles G Zac Blair,,,
159,5179856123,TundraThumper (11/11),0,589,G Chris Gotterup G Eric Cole G Doug Ghim G Jackson Suber G Ben Kohles G Seung-Yul Noh,,,
164,5179507376,vegasguy16 (15/20),0,588.5,G Chris Gotterup G Ben Griffin G Jackson Suber G Emiliano Grillo G Adrien Dumont De Chassart G Tom Hoge,,,
164,5179939826,GuruGreg-K-Zoo,0,588.5,G Keith Mitchell G Tom Kim G Doug Ghim G Blades Brown G Jackson Suber G Ben Kohles,,,
166,5180057481,Dea7hEa7er (20/20),0,588,G Ben Griffin G Eric Cole G Ryo Hisatsune G Blades Brown G Jackson Suber G Emiliano Grillo,,,
166,5180200391,paynis18 (2/3),0,588,G J.T. Poston G Doug Ghim G Matt Wallace G Ryo Hisatsune G Mac Meissner G Christiaan Bezuidenhout,,,
168,5178810277,JcClark18 (7/20),0,587.5,G Chris Gotterup G Denny McCarthy G Davis Thompson G Mac Meissner G Christiaan Bezuidenhout G Max Homa,,,
168,5179287870,Islam325,0,587.5,G Chris Gotterup G Jacob Bridgeman G Christiaan Bezuidenhout G Blades Brown G Zac Blair G Chan Kim,,,
168,5179425246,Tuffy7x (1/2),0,587.5,G Chris Gotterup G Eric Cole G Blades Brown G Jackson Suber G Ben Kohles G Carson Young,,,
168,5179782332,omes16 (1/20),0,587.5,G Chris Gotterup G Ben Griffin G Beau Hossler G Ben Kohles G Stephan Jaeger G Austin Eckroat,,,
168,5180178354,amarlls (12/20),0,587.5,G Ben Griffin G Tom Kim G Ryo Hisatsune G Mac Meissner G Max Homa G Emiliano Grillo,,,
168,5180242192,Bonfire_Villa8 (2/3),0,587.5,G Chris Gotterup G Ryo Hisatsune G Christiaan Bezuidenhout G Blades Brown G Zachary Bauchou G Andrew Putnam,,,
174,5178412502,edarbz9 (20/20),0,587,G Chris Gotterup G Michael Brennan G Ryo Hisatsune G Christiaan Bezuidenhout G Aldrich Potgieter G Max Homa,,,
174,5178546283,JumboDK (2/4),0,587,G Keith Mitchell G Eric Cole G Ryo Hisatsune G Christiaan Bezuidenhout G Blades Brown G Jackson Suber,,,
174,5180110362,jerrylast621 (2/2),0,587,G Chris Gotterup G Keith Mitchell G Tony Finau G Max Homa G Emiliano Grillo G Stephan Jaeger,,,
177,5180010740,Tuckfu (2/2),0,586.5,G Chris Gotterup G Jacob Bridgeman G Tom Kim G Doug Ghim G Tyler Duncan G Troy Merritt,,,
178,5178629676,DDEMERIT3 (5/20),0,586,G Chris Gotterup G Jackson Koivun G Mac Meissner G Jackson Suber G Emiliano Grillo G Ben Kohles,,,
178,5178789381,griffalicious24 (7/20),0,586,G Keith Mitchell G Keegan Bradley G Ryo Hisatsune G Jackson Suber G Max McGreevy G Ben Kohles,,,
178,5179054589,mschwieb889 (4/10),0,586,G Jacob Bridgeman G Jordan Spieth G Eric Cole G Mac Meissner G Jackson Suber G Lucas Glover,,,
178,5179545297,Smokering363 (1/2),0,586,G Keith Mitchell G Rickie Fowler G Matt Wallace G Ryo Hisatsune G Jackson Suber G Ben Kohles,,,
178,5179554385,Smokering363 (2/2),0,586,G Keith Mitchell G Rickie Fowler G Matt Wallace G Ryo Hisatsune G Jackson Suber G Ben Kohles,,,
183,5178249859,tmusales (1/20),0,585.5,G J.T. Poston G Tom Kim G Doug Ghim G Ryo Hisatsune G Blades Brown G Ben Kohles,,,
183,5178316103,jlerma33 (2/5),0,585.5,G Chris Gotterup G Sungjae Im G Max Homa G Jackson Suber G Taylor Moore G Ben Kohles,,,
183,5178804679,Nuby33 (8/12),0,585.5,G Jacob Bridgeman G Eric Cole G Ryo Hisatsune G Mac Meissner G Christiaan Bezuidenhout G Blades Brown,,,
183,5179550151,Timothy6556,0,585.5,G Chris Gotterup G Pierceson Coody G Doug Ghim G Blades Brown G Matt Kuchar G Austin Eckroat,,,
183,5179560621,schulza23 (9/20),0,585.5,G Chris Gotterup G Tom Kim G Doug Ghim G Emiliano Grillo G Kevin Yu G Max McGreevy,,,
183,5179945188,RAYVENZ52 (1/20),0,585.5,G Rickie Fowler G Pierceson Coody G Doug Ghim G Davis Thompson G Mac Meissner G Jackson Suber,,,
183,5179987882,Niromada (2/20),0,585.5,G Keegan Bradley G J.T. Poston G Doug Ghim G Blades Brown G Jackson Suber G Zac Blair,,,
190,5179945191,RAYVENZ52 (4/20),0,585,G Keith Mitchell G Doug Ghim G Davis Thompson G Mac Meissner G Max Homa G Beau Hossler,,,
190,5179995947,showmethemoneyo (5/5),0,585,G Chris Gotterup G Ben Griffin G Ryo Hisatsune G Jackson Suber G Zach Johnson G Luke List,,,
190,5180246281,jashnew (4/12),0,585,G Chris Gotterup G Ben Griffin G Blades Brown G A.J. Ewart G Zach Johnson G Chandler Phillips,,,
193,5179061502,hank1888,0,584.5,G Ben Griffin G Eric Cole G Doug Ghim G Blades Brown G Zachary Bauchou G Lucas Glover,,,
193,5179419140,ziggitywood (19/20),0,584.5,G Eric Cole G Pierceson Coody G Doug Ghim G Ryo Hisatsune G Blades Brown G Kevin Yu,,,
193,5179597369,jah_586 (15/20),0,584.5,G Keegan Bradley G Jordan Spieth G Doug Ghim G Mac Meissner G Emiliano Grillo G Ben Kohles,,,
193,5179624559,PaulBalls (3/4),0,584.5,G Chris Gotterup G Jordan Spieth G Rickie Fowler G Emiliano Grillo G Lee Hodges G Tom Hoge,,,
193,5180246278,jashnew (1/12),0,584.5,G Chris Gotterup G Keith Mitchell G Mac Meissner G Blades Brown G Andrew Putnam G David Lipsky,,,
198,5179781601,LRoyTheKing (7/10),0,584,G Chris Gotterup G J.T. Poston G Sungjae Im G Emiliano Grillo G Kevin Yu G Lucas Glover,,,
198,5179795136,He.is.a.bust (2/2),0,584,G Chris Gotterup G Keith Mitchell G Max Homa G Jackson Suber G John Keefer G Zach Johnson,,,
200,5179201848,tommyh9991 (1/4),0,583.5,G Chris Gotterup G Jordan Spieth G Rickie Fowler G Tony Finau G Max Homa G Troy Merritt,,,
200,5180245072,SilverFox327 (3/20),0,583.5,G Chris Gotterup G Jordan Spieth G Ryo Hisatsune G Michael Kim G Max Homa G Lucas Glover,,,
202,5178839101,scooter8174 (20/20),0,583,G Keegan Bradley G Eric Cole G Tom Kim G Christiaan Bezuidenhout G Jackson Suber G Ben Kohles,,,
202,5178923775,showmethemoneyo (1/5),0,583,G Chris Gotterup G Rickie Fowler G Mac Meissner G Blades Brown G Aldrich Potgieter G Ben Kohles,,,
202,5179737625,c4bradley457 (3/3),0,583,G Ben Griffin G Rickie Fowler G Matt Wallace G Christiaan Bezuidenhout G Blades Brown G Lucas Glover,,,
202,5180013177,kariev (1/2),0,583,G Chris Gotterup G Jackson Koivun G Pierceson Coody G Max Homa G Ben Kohles G Tyler Duncan,,,
202,5180187533,meyers2305 (4/20),0,583,G Chris Gotterup G Eric Cole G Jackson Suber G Andrew Novak G Kevin Yu G Ben Kohles,,,
207,5178298974,jacobhumphrey (14/20),0,582.5,G J.T. Poston G Eric Cole G Doug Ghim G Mac Meissner G Blades Brown G Kevin Yu,,,
207,5178321556,Balzak69 (2/2),0,582.5,G Chris Gotterup G Jacob Bridgeman G Mac Meissner G Christiaan Bezuidenhout G Stephan Jaeger G Austin Eckroat,,,
207,5178627107,Manchester5 (1/7),0,582.5,G Keith Mitchell G Jacob Bridgeman G Mac Meissner G Christiaan Bezuidenhout G Blades Brown G Ben Kohles,,,
207,5178787946,ManoDaOne (1/2),0,582.5,G Eric Cole G Tom Kim G Doug Ghim G Ryo Hisatsune G Christiaan Bezuidenhout G Blades Brown,,,
207,5179119931,flanders21 (5/16),0,582.5,G Keegan Bradley G Rickie Fowler G Pierceson Coody G Christiaan Bezuidenhout G Max Homa G Jackson Suber,,,
207,5179261428,gymbratmom (1/2),0,582.5,G Eric Cole G Tom Kim G Doug Ghim G Ryo Hisatsune G Christiaan Bezuidenhout G Blades Brown,,,
207,5179285170,peeknuckle_2000,0,582.5,G Chris Gotterup G Jordan Spieth G Ryo Hisatsune G Blades Brown G Adrien Dumont De Chassart G Stephan Jaeger,,,
207,5179370448,Jstagame,0,582.5,G Eric Cole G Tom Kim G Doug Ghim G Ryo Hisatsune G Christiaan Bezuidenhout G Blades Brown,,,
207,5179964570,ginswins1128 (3/4),0,582.5,G Chris Gotterup G Ben Griffin G Jackson Suber G Ben Kohles G Carson Young G Hayden Springer,,,
216,5178226704,spielvogela0523 (11/12),0,582,G Ben Griffin G Sungjae Im G Ryo Hisatsune G Christiaan Bezuidenhout G Blades Brown G Jackson Suber,,,
216,5178633288,roborick822 (9/20),0,582,G Chris Gotterup G Keith Mitchell G Rico Hoey G Jackson Suber G Ben Kohles G Zach Johnson,,,
216,5179216940,JoeMo11 (3/4),0,582,G Chris Gotterup G Tom Kim G Doug Ghim G Blades Brown G Tony Finau G Tom Hoge,,,
216,5179542870,dgriggs83 (2/3),0,582,G Ben Griffin G Eric Cole G Mac Meissner G Blades Brown G Tony Finau G Jackson Suber,,,
216,5179778648,raiderron93306 (4/20),0,582,G Chris Gotterup G Jacob Bridgeman G Ryo Hisatsune G Ben Kohles G Austin Eckroat G Chan Kim,,,
221,5179742093,AMayberry23 (1/20),0,581.5,G Chris Gotterup G Doug Ghim G Sungjae Im G Rico Hoey G Jackson Suber G Ben Kohles,,,
221,5179780590,fairwaykid (15/20),0,581.5,G Chris Gotterup G Ryo Hisatsune G Mac Meissner G Michael Kim G Blades Brown G Jackson Suber,,,
221,5179807022,gcoz629,0,581.5,G Chris Gotterup G Ben Griffin G Ryo Hisatsune G Andrew Putnam G Zach Johnson G Fabian Gomez,,,
224,5178611365,jeckleberry,0,581,G J.T. Poston G Eric Cole G Tom Kim G Ryo Hisatsune G Jackson Suber G Ben Kohles,,,
224,5180191118,hacdougduo,0,581,G Chris Gotterup G Jacob Bridgeman G Blades Brown G Jackson Suber G Stephan Jaeger G Austin Eckroat,,,
224,5180218005,AnnieWI,0,581,G Keith Mitchell G Rickie Fowler G Ryo Hisatsune G Christiaan Bezuidenhout G Blades Brown G Jackson Suber,,,
224,5180236168,mpk44 (10/12),0,581,G J.T. Poston G Eric Cole G Tom Kim G Ryo Hisatsune G Max Homa G Jackson Suber,,,
228,5178312063,clowery72 (11/20),0,580.5,G Ben Griffin G Keegan Bradley G Matt Wallace G Blades Brown G Lee Hodges G Zach Johnson,,,
228,5178427759,tedsellers86 (9/20),0,580.5,G Chris Gotterup G Keegan Bradley G Matt Wallace G Tony Finau G Jackson Suber G Troy Merritt,,,
228,5178492249,hellofadad (3/3),0,580.5,G Chris Gotterup G J.T. Poston G Davis Thompson G Christiaan Bezuidenhout G Zac Blair G Chan Kim,,,
228,5178673048,TheBabz (2/4),0,580.5,G Chris Gotterup G Doug Ghim G Sudarshan Yellamaraju G Christiaan Bezuidenhout G Tony Finau G Max Homa,,,
228,5179250270,Klyde56 (3/20),0,580.5,G Chris Gotterup G Jordan Spieth G Ryo Hisatsune G Max Homa G Jackson Suber G Hao-Tong Li,,,
228,5179597370,jah_586 (16/20),0,580.5,G Ben Griffin G Pierceson Coody G Mac Meissner G Blades Brown G Max Homa G Max McGreevy,,,
228,5179645988,jonytiler (7/20),0,580.5,G Keegan Bradley G Doug Ghim G Michael Brennan G Ryo Hisatsune G Mac Meissner G Max McGreevy,,,
228,5179662365,davedes (5/10),0,580.5,G Ben Griffin G Tom Kim G Doug Ghim G Blades Brown G Emiliano Grillo G Ben Kohles,,,
228,5179786370,krusty,0,580.5,G Chris Gotterup G Jacob Bridgeman G Ryo Hisatsune G Ben Kohles G Carson Young G Zac Blair,,,
237,5179642940,totototo (9/20),0,580,G Chris Gotterup G Tom Kim G Ryo Hisatsune G Michael Kim G Max Homa G Ben Kohles,,,
237,5179944437,blindpic (1/5),0,580,G Chris Gotterup G Doug Ghim G Sungjae Im G Daniel Berger G Max Homa G Jackson Suber,,,
237,5179953880,bobjustbob728 (12/20),0,580,G Ben Griffin G Eric Cole G Tom Kim G Tony Finau G Ben Kohles G Lucas Glover,,,
240,5178901614,giboceps (4/5),0,579.5,G Ben Griffin G Rickie Fowler G Christiaan Bezuidenhout G Blades Brown G Tony Finau G Max Homa,,,
240,5179047296,Plug3154 (15/20),0,579.5,G Jacob Bridgeman G Rickie Fowler G Ryo Hisatsune G Mac Meissner G Christiaan Bezuidenhout G Blades Brown,,,
240,5179668891,kenplong (8/20),0,579.5,G Chris Gotterup G Tom Kim G Ryo Hisatsune G Jackson Suber G Ben Kohles G Carson Young,,,
240,5180171123,firelight7 (3/3),0,579.5,G Jacob Bridgeman G Tom Kim G Doug Ghim G Ryo Hisatsune G Blades Brown G Jackson Suber,,,
244,5178203435,Carolinakidz (1/10),0,579,G Ben Griffin G Keith Mitchell G Blades Brown G Jackson Suber G Ben Kohles G Andrew Putnam,,,
244,5178650327,Kynleigh (3/4),0,579,G Chris Gotterup G Eric Cole G Mac Meissner G Blades Brown G Tony Finau G Austin Eckroat,,,
244,5178893125,ryno29 (17/20),0,579,G Keegan Bradley G Michael Brennan G Matt Wallace G Ryo Hisatsune G Mac Meissner G Jackson Suber,,,
244,5179363619,stock2mail (11/20),0,579,G J.T. Poston G Rickie Fowler G Pierceson Coody G Mac Meissner G Jackson Suber G Ben Kohles,,,
244,5179680033,hullette2000 (3/5),0,579,G Jordan Spieth G Tom Kim G Doug Ghim G Davis Thompson G Mac Meissner G Max Homa,,,
244,5179886603,BSteelz34 (19/20),0,579,G Chris Gotterup G Keith Mitchell G Jackson Suber G Taylor Moore G Ben Kohles G Zac Blair,,,
244,5179932894,thebodyspill (11/20),0,579,G Ben Griffin G Matt Wallace G Ryo Hisatsune G Mac Meissner G Christiaan Bezuidenhout G Max McGreevy,,,
244,5180208606,JL7579 (4/4),0,579,G Ben Griffin G Rickie Fowler G Ryo Hisatsune G Christiaan Bezuidenhout G Blades Brown G Stephan Jaeger,,,
252,5178882461,jgbuilderinc (2/4),0,578.5,G Chris Gotterup G Blades Brown G Aldrich Potgieter G Tony Finau G Max Homa G Jackson Suber,,,
252,5178898277,cassidy617 (12/15),0,578.5,G Eric Cole G Rickie Fowler G Matt Wallace G Ryo Hisatsune G Mac Meissner G Christiaan Bezuidenhout,,,
252,5179200748,bearpaw8791 (3/10),0,578.5,G Ben Griffin G Doug Ghim G Sungjae Im G Mac Meissner G Jackson Suber G Emiliano Grillo,,,
252,5179303148,teeling1990 (1/20),0,578.5,G Ben Griffin G Jordan Spieth G Blades Brown G Tony Finau G Max Homa G Jackson Suber,,,
252,5179778092,218RU (1/4),0,578.5,G Keegan Bradley G Jordan Spieth G Doug Ghim G Mac Meissner G Max Homa G Andrew Putnam,,,
257,5178609195,Gizmotastic (3/4),0,578,G Keegan Bradley G Eric Cole G Tom Kim G Blades Brown G Jackson Suber G Ben Kohles,,,
257,5178800727,keytons2 (2/2),0,578,G Chris Gotterup G Doug Ghim G Ryo Hisatsune G Christiaan Bezuidenhout G Aldrich Potgieter G Max McGreevy,,,
257,5179687760,chilichoppers,0,578,G Chris Gotterup G Rickie Fowler G Ryo Hisatsune G Sudarshan Yellamaraju G Jackson Suber G Zac Blair,,,
257,5179712587,BIGOOOS (8/20),0,578,G Chris Gotterup G Doug Ghim G Michael Brennan G Blades Brown G Zachary Bauchou G William Mouw,,,
257,5180105344,STIG57,0,578,G Chris Gotterup G Eric Cole G Davis Thompson G Max Greyserman G Max Homa G Zach Johnson,,,
262,5178278818,cbizz151 (15/20),0,577.5,G J.T. Poston G Jordan Spieth G Eric Cole G Ryo Hisatsune G Max Homa G Zach Johnson,,,
262,5179345677,ryanland (2/20),0,577.5,G Keegan Bradley G Michael Brennan G Matt Wallace G Ryo Hisatsune G Blades Brown G Max Homa,,,
262,5179659461,cwcarroll2 (14/20),0,577.5,G Chris Gotterup G Jacob Bridgeman G Christiaan Bezuidenhout G Blades Brown G Karl Vilips G David Skinns,,,
262,5179671343,jokerdpo (3/10),0,577.5,G Ben Griffin G Tom Kim G Doug Ghim G Tony Finau G Max Homa G Kevin Yu,,,
262,5179739591,csesti,0,577.5,G Ben Griffin G Rickie Fowler G Ryo Hisatsune G Blades Brown G Tony Finau G Jackson Suber,,,
267,5179371601,EVen11 (3/8),0,577,G Chris Gotterup G Michael Brennan G Davis Thompson G Rico Hoey G Max Homa G Jackson Suber,,,
267,5180136745,golfshot (1/2),0,577,G Chris Gotterup G J.T. Poston G Davis Thompson G Mac Meissner G Austin Smotherman G Stephan Jaeger,,,
269,5178278804,cbizz151 (1/20),0,576.5,G Chris Gotterup G Ben Griffin G Max Homa G Taylor Moore G Stephan Jaeger G Zach Johnson,,,
270,5178414873,TambLim (20/20),0,576,G Chris Gotterup G Pierceson Coody G Ryo Hisatsune G Blades Brown G Tony Finau G Andrew Putnam,,,
270,5178700274,redsnapper109,0,576,G Chris Gotterup G Denny McCarthy G Ryo Hisatsune G Christiaan Bezuidenhout G Tony Finau G Max Homa,,,
270,5179719027,gamewolf (1/2),0,576,G Eric Cole G Rickie Fowler G Tom Kim G Ryo Hisatsune G Blades Brown G Max Homa,,,
270,5179904921,Nonievaz (4/12),0,576,G Chris Gotterup G J.T. Poston G Doug Ghim G Blades Brown G Andrew Putnam G David Skinns,,,
270,5180091504,silentjoe4 (6/10),0,576,G Chris Gotterup G Eric Cole G Davis Thompson G Blades Brown G Max McGreevy G Adrien Dumont De Chassart,,,
275,5178819950,skid68 (19/20),0,575.5,G Keith Mitchell G Eric Cole G Ryo Hisatsune G Mac Meissner G Tony Finau G Jackson Suber,,,
275,5178956485,Cheng79 (17/17),0,575.5,G Ben Griffin G Keith Mitchell G Blades Brown G Max Homa G Jackson Suber G Austin Smotherman,,,
275,5179330559,wowwwwwdfs_kkc (8/20),0,575.5,G Keith Mitchell G Keegan Bradley G Mac Meissner G Christiaan Bezuidenhout G Max McGreevy G Ben Kohles,,,
275,5179945190,RAYVENZ52 (3/20),0,575.5,G Jordan Spieth G Pierceson Coody G Doug Ghim G Davis Thompson G Mac Meissner G Jackson Suber,,,
279,5178265021,F___thejets (6/20),0,575,G Keegan Bradley G Jacob Bridgeman G Ryo Hisatsune G Christiaan Bezuidenhout G Tony Finau G Max Homa,,,
279,5178412487,edarbz9 (5/20),0,575,G Keith Mitchell G Eric Cole G Doug Ghim G Christiaan Bezuidenhout G Max Homa G Mackenzie Hughes,,,
279,5179507366,vegasguy16 (5/20),0,575,G Ben Griffin G Tom Kim G Davis Thompson G Jackson Suber G Emiliano Grillo G Ben Kohles,,,
282,5178233394,louba5 (5/20),0,574.5,G Chris Gotterup G Keith Mitchell G Max Homa G Jackson Suber G Andrew Novak G Zac Blair,,,
282,5178674179,mlief (17/20),0,574.5,G Jacob Bridgeman G Jordan Spieth G Ryo Hisatsune G Mac Meissner G Max McGreevy G Ben Kohles,,,
282,5179086395,ARockyW (2/20),0,574.5,G Keith Mitchell G Jordan Spieth G Matt Wallace G Mac Meissner G Jackson Suber G Ben Kohles,,,
282,5179419113,drcobosjr (1/20),0,574.5,G Keith Mitchell G Jacob Bridgeman G Mac Meissner G Tony Finau G Max Homa G Jackson Suber,,,
286,5178220810,snoppy (3/4),0,574,G Chris Gotterup G Jacob Bridgeman G Tom Kim G Andrew Putnam G Zac Blair G Zach Johnson,,,
286,5178252292,dbsultan (1/13),0,574,G Keith Mitchell G Eric Cole G Michael Brennan G Christiaan Bezuidenhout G Kevin Yu G Ben Kohles,,,
286,5178894388,sundaybloodysunday22,0,574,G Ben Griffin G Rickie Fowler G Ryo Hisatsune G Tony Finau G Max Homa G Emiliano Grillo,,,
286,5179035300,hellouha,0,574,G Ben Griffin G Sungjae Im G Ryo Hisatsune G Christiaan Bezuidenhout G Tony Finau G Max Homa,,,
286,5179511622,patkingpin (12/20),0,574,G Chris Gotterup G Doug Ghim G Matt Wallace G Blades Brown G Jackson Suber G John Keefer,,,
286,5179765890,uni777444 (19/20),0,574,G Chris Gotterup G Michael Brennan G Mac Meissner G Christiaan Bezuidenhout G Beau Hossler G Zachary Bauchou,,,
286,5179799566,thackspaz (14/20),0,574,G Ben Griffin G Tom Kim G Ryo Hisatsune G Mac Meissner G Tony Finau G Jackson Suber,,,
286,5180140806,gtsml (19/20),0,574,G Chris Gotterup G Jackson Koivun G Doug Ghim G Ben Kohles G Austin Smotherman G Zach Johnson,,,
294,5178472496,shotgun17 (1/8),0,573.5,G Chris Gotterup G Rickie Fowler G Ryo Hisatsune G Sudarshan Yellamaraju G Ben Kohles G Stephan Jaeger,,,
294,5179919528,garrison47 (5/9),0,573.5,G Chris Gotterup G Ben Griffin G Davis Thompson G A.J. Ewart G Zac Blair G David Lipsky,,,
294,5179919562,garrison47 (6/9),0,573.5,G Chris Gotterup G Ben Griffin G Davis Thompson G A.J. Ewart G Zac Blair G David Lipsky,,,
297,5178503180,Mrboozer (1/2),0,573,G Chris Gotterup G Ben Griffin G Ryo Hisatsune G Andrew Putnam G Erik Van Rooyen G Joel Dahmen,,,
297,5178645052,816ix,0,573,G J.T. Poston G Jordan Spieth G Eric Cole G Blades Brown G Max Homa G Jackson Suber,,,
297,5179259071,TwoHearted (7/20),0,573,G Jacob Bridgeman G Tom Kim G Doug Ghim G Sungjae Im G Max Homa G Ben Kohles,,,
297,5180236380,crushindreams (1/5),0,573,G Ben Griffin G Sungjae Im G Ryo Hisatsune G Davis Thompson G Blades Brown G Jackson Suber,,,
301,5178611617,Skralph (5/20),0,572.5,G Chris Gotterup G Doug Ghim G Ryo Hisatsune G Mac Meissner G Andrew Novak G Max McGreevy,,,
301,5178612053,2briar (5/20),0,572.5,G Chris Gotterup G Doug Ghim G Ryo Hisatsune G Mac Meissner G Andrew Novak G Max McGreevy,,,
301,5178667681,rctru31 (2/20),0,572.5,G Chris Gotterup G Ben Griffin G Emiliano Grillo G William Mouw G Austin Smotherman G Preston Stout,,,
301,5179693026,bookert21 (7/20),0,572.5,G Chris Gotterup G Doug Ghim G Ryo Hisatsune G Mac Meissner G Andrew Novak G Max McGreevy,,,
301,5179776558,saltylooks93 (14/20),0,572.5,G Chris Gotterup G Doug Ghim G Michael Brennan G Denny McCarthy G Ben Kohles G David Lipsky,,,
301,5180160141,kingdavid03 (1/4),0,572.5,G Chris Gotterup G J.T. Poston G Mac Meissner G Blades Brown G Emiliano Grillo G Mackenzie Hughes,,,
301,5180234871,fillyfan2002 (2/20),0,572.5,G Ben Griffin G Doug Ghim G Sungjae Im G Blades Brown G Tony Finau G Ben Kohles,,,
308,5178588812,hueyjjones (1/4),0,572,G Ben Griffin G Eric Cole G Davis Thompson G Blades Brown G Jackson Suber G Emiliano Grillo,,,
308,5178810283,JcClark18 (13/20),0,572,G Jacob Bridgeman G Jordan Spieth G Pierceson Coody G Mac Meissner G Jackson Suber G Ben Kohles,,,
308,5179609442,Cdnwhseguy (6/8),0,572,G Ben Griffin G Jacob Bridgeman G Eric Cole G Jackson Suber G Zach Johnson G Harry Higgs,,,
308,5179880698,gregmile,0,572,G Chris Gotterup G Tom Kim G Sungjae Im G Blades Brown G Ben Kohles G Andrew Putnam,,,
308,5180137607,sugurray4u (11/11),0,572,G Chris Gotterup G Ben Griffin G Emiliano Grillo G Ben Kohles G Carson Young G Zach Johnson,,,
313,5178437278,DrewB24 (16/20),0,571.5,G Ben Griffin G Eric Cole G Doug Ghim G Emiliano Grillo G Max McGreevy G Zac Blair,,,
313,5178977142,mudtrailer (2/10),0,571.5,G Ben Griffin G Pierceson Coody G Doug Ghim G Blades Brown G Jackson Suber G Erik Van Rooyen,,,
313,5179052128,diegoseis (16/20),0,571.5,G Ben Griffin G Eric Cole G Doug Ghim G Max McGreevy G Ben Kohles G Austin Eckroat,,,
313,5179419130,ziggitywood (9/20),0,571.5,G Jackson Koivun G Eric Cole G Doug Ghim G Ryo Hisatsune G Jackson Suber G Ben Kohles,,,
317,5179842100,Gracie007 (6/8),0,571,G Keith Mitchell G J.T. Poston G Eric Cole G Max Homa G Emiliano Grillo G Lucas Glover,,,
317,5179871066,Rassy80 (11/20),0,571,G Keegan Bradley G Eric Cole G Matt Wallace G Tony Finau G Max Homa G Jackson Suber,,,
319,5178511620,DriftKangs (4/20),0,570.5,G Chris Gotterup G J.T. Poston G Davis Thompson G Christiaan Bezuidenhout G Beau Hossler G Tom Hoge,,,
319,5178511646,ratrace66 (10/10),0,570.5,G Ben Griffin G Keith Mitchell G Ryo Hisatsune G Jackson Suber G Stephan Jaeger G Hayden Springer,,,
319,5178995087,LeanWeen (18/20),0,570.5,G J.T. Poston G Eric Cole G Sungjae Im G Davis Thompson G Max Homa G Ben Kohles,,,
319,5179429664,jamiela02 (2/2),0,570.5,G Chris Gotterup G Jordan Spieth G Denny McCarthy G Blades Brown G Jackson Suber G Lucas Glover,,,
319,5179746553,dksmith0713 (20/20),0,570.5,G Chris Gotterup G Tom Kim G Doug Ghim G Emiliano Grillo G Kevin Yu G Zachary Bauchou,,,
319,5179818680,Ladyofthelake,0,570.5,G Chris Gotterup G J.T. Poston G Ryo Hisatsune G Blades Brown G Andrew Putnam G Austin Smotherman,,,
319,5180068665,rickster1001 (1/6),0,570.5,G Keith Mitchell G Tom Kim G Doug Ghim G Ryo Hisatsune G Blades Brown G Zac Blair,,,
319,5180212386,jrice54 (6/20),0,570.5,G Jacob Bridgeman G Jordan Spieth G Doug Ghim G Ryo Hisatsune G Ben Kohles G Austin Smotherman,,,
327,5178266276,stewie1963 (11/20),0,570,G Chris Gotterup G Doug Ghim G Michael Brennan G Rico Hoey G Emiliano Grillo G Ben Kohles,,,
327,5178753351,hustlemania83 (13/20),0,570,G Ben Griffin G J.T. Poston G Eric Cole G Jackson Suber G Zac Blair G David Lipsky,,,
327,5179086397,ARockyW (4/20),0,570,G Jordan Spieth G Tom Kim G Doug Ghim G Davis Thompson G Mac Meissner G Jackson Suber,,,
327,5179285043,Duke5353 (2/10),0,570,G Chris Gotterup G Rickie Fowler G Tom Kim G Christiaan Bezuidenhout G Zach Johnson G Chan Kim,,,
327,5179899570,brandyM04 (4/5),0,570,G Chris Gotterup G Keith Mitchell G Blades Brown G Emiliano Grillo G Ben Kohles G A.J. Ewart,,,
332,5178327450,ronmexicoburgundy (4/5),0,569.5,G Chris Gotterup G Pierceson Coody G Ryo Hisatsune G Sudarshan Yellamaraju G Jackson Suber G Zac Blair,,,
332,5178385895,TheBossinMyWorld,0,569.5,G Chris Gotterup G Jacob Bridgeman G Jordan Spieth G Ryo Hisatsune G Davis Riley G Troy Merritt,,,
332,5178499652,Djk21 (1/8),0,569.5,G Chris Gotterup G Tom Kim G Max Greyserman G Blades Brown G Jackson Suber G Ben Kohles,,,
332,5178887085,naughttj (16/20),0,569.5,G Chris Gotterup G Eric Cole G Doug Ghim G Beau Hossler G Carson Young G Lucas Glover,,,
332,5179250271,Klyde56 (4/20),0,569.5,G Keegan Bradley G Jordan Spieth G Doug Ghim G Ryo Hisatsune G Max McGreevy G Zac Blair,,,
332,5179298791,tw8732st (2/2),0,569.5,G Chris Gotterup G Eric Cole G Christiaan Bezuidenhout G Blades Brown G Jackson Suber G Carson Young,,,
332,5179343627,jelswa1 (2/9),0,569.5,G Chris Gotterup G Rickie Fowler G Mac Meissner G Blades Brown G Daniel Berger G Jackson Suber,,,
332,5180042364,tdriver22671 (7/10),0,569.5,G Chris Gotterup G Eric Cole G Ryo Hisatsune G Blades Brown G Carson Young G Zac Blair,,,
340,5178244921,Mousedef (14/20),0,569,G Keegan Bradley G Eric Cole G Michael Brennan G Mac Meissner G Tony Finau G Max Homa,,,
340,5178278822,cbizz151 (19/20),0,569,G Chris Gotterup G Jacob Bridgeman G Denny McCarthy G Max Homa G Kevin Yu G Zach Johnson,,,
340,5178378575,MojaveWolf (15/20),0,569,G Ben Griffin G Jacob Bridgeman G Blades Brown G Max Homa G Kevin Yu G Erik Van Rooyen,,,
340,5178427815,Rocky1965 (1/2),0,569,G Chris Gotterup G Tom Kim G Ryo Hisatsune G Christiaan Bezuidenhout G Taylor Moore G Ben Kohles,,,
340,5178436399,ThickStick2 (10/10),0,569,G Keith Mitchell G Keegan Bradley G Doug Ghim G Max McGreevy G Ben Kohles G Stephan Jaeger,,,
340,5178536892,preeves4 (7/20),0,569,G Chris Gotterup G Tom Kim G Doug Ghim G Emiliano Grillo G Max McGreevy G William Mouw,,,
340,5179882978,Incr3d1bl3_Hulk (2/2),0,569,G Chris Gotterup G Jacob Bridgeman G Ryo Hisatsune G Blades Brown G Andrew Putnam G Chan Kim,,,
340,5180094425,mailnurs (16/20),0,569,G Jordan Spieth G Pierceson Coody G Tom Kim G Doug Ghim G Jackson Suber G Ben Kohles,,,
340,5180184902,pdiddy4 (3/3),0,569,G Ben Griffin G Eric Cole G Tom Kim G Blades Brown G Jackson Suber G Preston Stout,,,
349,5178397617,drega09 (1/20),0,568.5,G Chris Gotterup G Pierceson Coody G Ryo Hisatsune G Blades Brown G Zachary Bauchou G William Mouw,,,
349,5178397618,drega09 (2/20),0,568.5,G Chris Gotterup G Jacob Bridgeman G Blades Brown G Max Homa G Zachary Bauchou G Austin Eckroat,,,
349,5178629674,DDEMERIT3 (3/20),0,568.5,G Ben Griffin G Eric Cole G Doug Ghim G Blades Brown G Zachary Bauchou G Zach Johnson,,,
349,5179603573,hazmatt94 (13/20),0,568.5,G Jacob Bridgeman G Eric Cole G Tom Kim G Mac Meissner G Blades Brown G Ben Kohles,,,
349,5180171215,Captain2238,0,568.5,G Chris Gotterup G Rickie Fowler G Ryo Hisatsune G Blades Brown G Aldrich Potgieter G Zac Blair,,,
349,5180180780,ATDowdy,0,568.5,G Keegan Bradley G Tom Kim G Doug Ghim G Ryo Hisatsune G Tony Finau G Jackson Suber,,,
349,5180226269,weszy (15/20),0,568.5,G Chris Gotterup G Rickie Fowler G Doug Ghim G Aldrich Potgieter G William Mouw G Lee Hodges,,,
356,5178511155,DriftKangs (3/20),0,568,G Chris Gotterup G Keith Mitchell G Davis Thompson G Christiaan Bezuidenhout G Beau Hossler G Davis Riley,,,
356,5178536897,preeves4 (12/20),0,568,G Chris Gotterup G Ben Griffin G Max Homa G Andrew Novak G Lucas Glover G Chan Kim,,,
356,5178759336,cdobro,0,568,G Chris Gotterup G Keegan Bradley G Blades Brown G Max Homa G Steven Fisk G Chan Kim,,,
356,5178768498,anderdan67,0,568,G Chris Gotterup G Eric Cole G Christiaan Bezuidenhout G Blades Brown G Jackson Suber G Taylor Moore,,,
356,5178822914,rsumrall (2/20),0,568,G Keith Mitchell G Jacob Bridgeman G Doug Ghim G Max Homa G Kevin Yu G Keita Nakajima,,,
356,5179378345,nolfi1,0,568,G Keegan Bradley G Jordan Spieth G Rickie Fowler G Tony Finau G Max Homa G Ben Kohles,,,
356,5179655996,pcfixerky (9/10),0,568,G Keith Mitchell G Jacob Bridgeman G Ryo Hisatsune G Christiaan Bezuidenhout G Blades Brown G Zac Blair,,,
356,5179754085,bigspook1031 (4/4),0,568,G Chris Gotterup G Ben Griffin G Christiaan Bezuidenhout G Andrew Putnam G Tom Hoge G Chan Kim,,,
356,5179781599,LRoyTheKing (5/10),0,568,G Keegan Bradley G Pierceson Coody G Sungjae Im G Ryo Hisatsune G Mac Meissner G Lucas Glover,,,
356,5179794262,sedric1 (20/20),0,568,G Keith Mitchell G Rickie Fowler G Doug Ghim G Ryo Hisatsune G Max McGreevy G Preston Stout,,,
356,5179983727,lazyboy1968 (6/20),0,568,G Chris Gotterup G Doug Ghim G Mac Meissner G Michael Kim G Tony Finau G Jackson Suber,,,
356,5179996207,realicymike,0,568,G Keegan Bradley G Jacob Bridgeman G Ryo Hisatsune G Christiaan Bezuidenhout G Blades Brown G Matt Kuchar,,,
356,5180033167,Oddsjam4ever (15/20),0,568,G Keegan Bradley G Jordan Spieth G Ryo Hisatsune G Davis Thompson G Christiaan Bezuidenhout G Zac Blair,,,
356,5180098915,crondiggity,0,568,G Chris Gotterup G Jacob Bridgeman G Ryo Hisatsune G Christiaan Bezuidenhout G Jackson Suber G Paul Peterson,,,
356,5180211342,jep4576,0,568,G Keith Mitchell G Jacob Bridgeman G Ryo Hisatsune G Christiaan Bezuidenhout G Blades Brown G Zac Blair,,,
371,5178437270,DrewB24 (8/20),0,567.5,G Ben Griffin G Tom Kim G Doug Ghim G Emiliano Grillo G Max McGreevy G Ben Kohles,,,
371,5178473310,topher54 (3/3),0,567.5,G Chris Gotterup G Rickie Fowler G Matt Wallace G Blades Brown G Tony Finau G Tom Hoge,,,
371,5179294330,Dilbert29 (7/20),0,567.5,G Ben Griffin G Doug Ghim G Michael Brennan G Blades Brown G Jackson Suber G Zachary Bauchou,,,
371,5179300707,tbone1259 (1/3),0,567.5,G Ben Griffin G Jacob Bridgeman G Ryo Hisatsune G Christiaan Bezuidenhout G Andrew Putnam G Zach Johnson,,,
371,5179603568,hazmatt94 (8/20),0,567.5,G Keith Mitchell G Keegan Bradley G Christiaan Bezuidenhout G Blades Brown G Ben Kohles G Tom Hoge,,,
371,5179777499,herrma02 (5/20),0,567.5,G Chris Gotterup G Ben Griffin G Aldrich Potgieter G Ben Kohles G Austin Smotherman G Zach Johnson,,,
371,5179793350,Tavius87 (11/20),0,567.5,G Keegan Bradley G Eric Cole G Ryo Hisatsune G Davis Thompson G Mac Meissner G William Mouw,,,
371,5179810342,dtnichols09 (15/20),0,567.5,G Chris Gotterup G Doug Ghim G Davis Thompson G Max Homa G William Mouw G Garrick Higgo,,,
371,5179855458,oldangrygamer (2/20),0,567.5,G Ben Griffin G Pierceson Coody G Ryo Hisatsune G Blades Brown G Jackson Suber G Andrew Putnam,,,
371,5180002571,fritzhoff5 (9/20),0,567.5,G Ben Griffin G Eric Cole G Davis Thompson G Mac Meissner G Max Homa G Steven Fisk,,,
371,5180218422,win1two,0,567.5,G Chris Gotterup G Ben Griffin G Blades Brown G Jackson Suber G Stephan Jaeger G Jimmy Stanger,,,
382,5178233396,louba5 (7/20),0,567,G Chris Gotterup G Ben Griffin G Max Homa G Emiliano Grillo G Zac Blair G Matthieu Pavon,,,
382,5178286426,cliffordroberts (2/3),0,567,G Chris Gotterup G Jacob Bridgeman G Max Homa G Jackson Suber G John Keefer G Emiliano Grillo,,,
382,5178307919,breal7 (17/20),0,567,G Chris Gotterup G Tom Kim G Denny McCarthy G Blades Brown G Jackson Suber G Ben Kohles,,,
382,5179793786,Dubbzz (14/20),0,567,G Chris Gotterup G Michael Brennan G Ryo Hisatsune G Davis Thompson G Andrew Novak G Ben Kohles,,,
382,5180217955,sxxydj,0,567,G Keith Mitchell G Tom Kim G Ryo Hisatsune G Christiaan Bezuidenhout G Blades Brown G Jackson Suber,,,
387,5178887071,naughttj (2/20),0,566.5,G Chris Gotterup G Sungjae Im G Matt Wallace G Blades Brown G Emiliano Grillo G Kevin Yu,,,
387,5179175520,PapaDBets (3/20),0,566.5,G Ben Griffin G Keegan Bradley G Mac Meissner G Tony Finau G Ben Kohles G Andrew Putnam,,,
387,5179668900,kenplong (17/20),0,566.5,G Chris Gotterup G Tom Kim G Doug Ghim G Jackson Suber G Carson Young G Zach Johnson,,,
387,5179714791,BIGOOOS (9/20),0,566.5,G Jordan Spieth G Eric Cole G Michael Brennan G Matt Wallace G Jackson Suber G Ben Kohles,,,
387,5179756800,jcjr240 (1/4),0,566.5,G Jacob Bridgeman G Jordan Spieth G Eric Cole G Ryo Hisatsune G Max Homa G David Lipsky,,,
387,5180024771,bwash76 (3/4),0,566.5,G Jordan Spieth G Tom Kim G Doug Ghim G Ryo Hisatsune G Christiaan Bezuidenhout G Blades Brown,,,
387,5180226316,pipolechap (1/10),0,566.5,G Chris Gotterup G Eric Cole G Ryo Hisatsune G Andrew Novak G Max McGreevy G Ben Kohles,,,
387,5180246280,jashnew (3/12),0,566.5,G Chris Gotterup G Keith Mitchell G Blades Brown G A.J. Ewart G Zach Johnson G Chandler Phillips,,,
395,5179426944,Swingnut5678,0,566,G Ben Griffin G J.T. Poston G Christiaan Bezuidenhout G Blades Brown G Jackson Suber G Emiliano Grillo,,,
395,5179507364,vegasguy16 (3/20),0,566,G Ben Griffin G Tom Kim G Matt Wallace G Jackson Suber G Emiliano Grillo G Ben Kohles,,,
395,5180050056,Coach210 (2/2),0,566,G Keith Mitchell G Keegan Bradley G Davis Thompson G Tony Finau G Max Homa G Jackson Suber,,,
395,5180083605,21mark21 (1/2),0,566,G Chris Gotterup G Tom Kim G Ryo Hisatsune G Blades Brown G Daniel Berger G Max Homa,,,
395,5180221313,Petros60 (1/5),0,566,G Eric Cole G Pierceson Coody G Tom Kim G Mac Meissner G Blades Brown G Ben Kohles,,,
395,5180227785,Petros60 (2/5),0,566,G Eric Cole G Pierceson Coody G Tom Kim G Mac Meissner G Blades Brown G Ben Kohles,,,
395,5180227786,Petros60 (3/5),0,566,G Eric Cole G Pierceson Coody G Tom Kim G Mac Meissner G Blades Brown G Ben Kohles,,,
395,5180227788,Petros60 (4/5),0,566,G Eric Cole G Pierceson Coody G Tom Kim G Mac Meissner G Blades Brown G Ben Kohles,,,
395,5180227810,Petros60 (5/5),0,566,G Eric Cole G Pierceson Coody G Tom Kim G Mac Meissner G Blades Brown G Ben Kohles,,,
404,5178301162,steemkatz (7/20),0,565.5,G Ben Griffin G Tom Kim G Doug Ghim G Blades Brown G Jackson Suber G Andrew Putnam,,,
404,5178370069,albatross012,0,565.5,G Ben Griffin G Keegan Bradley G Mac Meissner G Jackson Suber G Emiliano Grillo G William Mouw,,,
404,5179026106,mrfantasynascar (8/20),0,565.5,G Ben Griffin G J.T. Poston G Davis Thompson G Blades Brown G Emiliano Grillo G Lucas Glover,,,
404,5179825409,ljsteels1 (1/2),0,565.5,G Jacob Bridgeman G Rickie Fowler G Sungjae Im G Ryo Hisatsune G Christiaan Bezuidenhout G Ben Kohles,,,
404,5179838932,seabass690 (2/2),0,565.5,G Jacob Bridgeman G Rickie Fowler G Sungjae Im G Ryo Hisatsune G Christiaan Bezuidenhout G Ben Kohles,,,
404,5180100003,walkdaddy8 (17/20),0,565.5,G Ben Griffin G J.T. Poston G Davis Thompson G Blades Brown G Emiliano Grillo G Lucas Glover,,,
404,5180179985,Tb0n3 (1/2),0,565.5,G Chris Gotterup G Tom Kim G Ryo Hisatsune G Blades Brown G Ben Kohles G Carson Young,,,
411,5178216649,ep3550 (13/20),0,565,G Keegan Bradley G Michael Brennan G Matt Wallace G Ryo Hisatsune G Mac Meissner G Blades Brown,,,
411,5178722995,jirish35,0,565,G Chris Gotterup G Jacob Bridgeman G Pierceson Coody G Ryo Hisatsune G David Skinns G Troy Merritt,,,
411,5179086396,ARockyW (3/20),0,565,G Chris Gotterup G Tom Kim G Davis Thompson G Mac Meissner G Aldrich Potgieter G Ben Kohles,,,
411,5179565082,TheKid2430 (18/20),0,565,G Chris Gotterup G Eric Cole G Tom Kim G Tony Finau G Emiliano Grillo G Preston Stout,,,
411,5180068304,CartoGuy (11/20),0,565,G Chris Gotterup G Eric Cole G Ryo Hisatsune G Davis Thompson G Carson Young G Zach Johnson,,,
411,5180148823,JLR1985 (6/20),0,565,G Chris Gotterup G Doug Ghim G Ryo Hisatsune G Christiaan Bezuidenhout G Andrew Novak G William Mouw,,,
411,5180156249,ChipKringle (1/2),0,565,G Chris Gotterup G Jacob Bridgeman G Ryo Hisatsune G Christiaan Bezuidenhout G Tony Finau G Fabian Gomez,,,
411,5180194552,TeamZuni (3/3),0,565,G Jacob Bridgeman G Jordan Spieth G Doug Ghim G Ryo Hisatsune G Jackson Suber G Andrew Putnam,,,
419,5179787581,grajak (7/9),0,564.5,G Chris Gotterup G Ben Griffin G Daniel Berger G Emiliano Grillo G Matt Kuchar G Lucas Glover,,,
420,5178427878,hiteofbob (2/20),0,564,G Michael Thorbjornsen G Doug Ghim G Davis Thompson G Mac Meissner G Christiaan Bezuidenhout G Max Homa,,,
420,5178609194,Gizmotastic (2/4),0,564,G Chris Gotterup G Tom Kim G Ryo Hisatsune G Blades Brown G Max Homa G Taylor Moore,,,
420,5178937342,nachochopstix (2/5),0,564,G Chris Gotterup G Sungjae Im G Ryo Hisatsune G Mac Meissner G Michael Kim G Ben Kohles,,,
420,5179419132,ziggitywood (11/20),0,564,G Chris Gotterup G Eric Cole G Ryo Hisatsune G Jackson Suber G Kevin Yu G Seung-Yul Noh,,,
420,5179764259,johnsons24 (6/20),0,564,G Ben Griffin G Rickie Fowler G Doug Ghim G Christiaan Bezuidenhout G Kevin Yu G Chan Kim,,,
420,5179792625,theedeazz (8/20),0,564,G Chris Gotterup G J.T. Poston G Doug Ghim G Blades Brown G Zac Blair G Vince Whaley,,,
420,5179863333,datyoungreezy (10/20),0,564,G Chris Gotterup G Eric Cole G Kevin Yu G Max McGreevy G Andrew Putnam G Patrick Fishburn,,,
420,5179951032,jbonzoso (4/5),0,564,G Keith Mitchell G J.T. Poston G Tom Kim G Christiaan Bezuidenhout G Lee Hodges G Lucas Glover,,,
420,5180144779,jaygon122 (2/10),0,564,G Ben Griffin G Pierceson Coody G Ryo Hisatsune G Mac Meissner G Blades Brown G Andrew Putnam,,,
429,5178811529,Nuby33 (10/12),0,563.5,G Jacob Bridgeman G Eric Cole G Ryo Hisatsune G Mac Meissner G Blades Brown G Tony Finau,,,
429,5178946858,boyle5000 (10/20),0,563.5,G Chris Gotterup G Ben Griffin G Kevin Yu G William Mouw G Matt Kuchar G A.J. Ewart,,,
429,5179245108,sboynton10 (14/20),0,563.5,G Ben Griffin G Tom Kim G Ryo Hisatsune G Davis Thompson G Jackson Suber G Max McGreevy,,,
429,5179441719,R.Bobby (1/6),0,563.5,G Ben Griffin G Eric Cole G Mac Meissner G Aldrich Potgieter G Max Homa G Jackson Suber,,,
429,5179483525,lbquadz (5/10),0,563.5,G Ben Griffin G Jordan Spieth G Ryo Hisatsune G Tony Finau G Max McGreevy G Ben Kohles,,,
429,5179525798,aquafinatim (18/20),0,563.5,G Keith Mitchell G Doug Ghim G Michael Brennan G Davis Thompson G Ben Kohles G Andrew Putnam,,,
429,5179788920,Kelsey1964,0,563.5,G Chris Gotterup G J.T. Poston G Sungjae Im G Jackson Suber G Emiliano Grillo G Tom Hoge,,,
429,5180245081,SilverFox327 (12/20),0,563.5,G Keith Mitchell G Tom Kim G Ryo Hisatsune G Mac Meissner G Christiaan Bezuidenhout G Blades Brown,,,
437,5178957681,jnorox (1/8),0,563,G Keith Mitchell G Tom Kim G Ryo Hisatsune G Davis Thompson G Christiaan Bezuidenhout G Jackson Suber,,,
437,5179832969,companionij (18/18),0,563,G J.T. Poston G Eric Cole G Matt Wallace G Davis Thompson G Lee Hodges G Zach Johnson,,,
439,5178249878,tmusales (20/20),0,562.5,G Chris Gotterup G Jordan Spieth G Christiaan Bezuidenhout G Taylor Moore G Kevin Yu G Ben Kohles,,,
439,5178582240,pat_the_hat2 (13/20),0,562.5,G Chris Gotterup G Doug Ghim G Michael Brennan G Christiaan Bezuidenhout G Blades Brown G Neal Shipley,,,
439,5178875876,ryrom11 (5/20),0,562.5,G Keegan Bradley G Rickie Fowler G Doug Ghim G Blades Brown G Emiliano Grillo G Kevin Yu,,,
439,5179648525,Sanoman73 (13/20),0,562.5,G Jacob Bridgeman G Eric Cole G Doug Ghim G Blades Brown G Emiliano Grillo G Kevin Yu,,,
439,5179648526,Sanoman73 (14/20),0,562.5,G Jacob Bridgeman G Eric Cole G Doug Ghim G Blades Brown G Emiliano Grillo G Kevin Yu,,,
439,5179648527,Sanoman73 (15/20),0,562.5,G Jacob Bridgeman G Eric Cole G Doug Ghim G Blades Brown G Emiliano Grillo G Kevin Yu,,,
439,5179648528,Sanoman73 (16/20),0,562.5,G Jacob Bridgeman G Eric Cole G Doug Ghim G Blades Brown G Emiliano Grillo G Kevin Yu,,,
439,5179692204,arrownh (3/3),0,562.5,G Keegan Bradley G Jacob Bridgeman G Sungjae Im G Blades Brown G Jackson Suber G Ben Kohles,,,
439,5179855464,oldangrygamer (8/20),0,562.5,G Ben Griffin G Eric Cole G Mac Meissner G Blades Brown G Jackson Suber G Steven Fisk,,,
439,5180156701,jofo51 (1/5),0,562.5,G Chris Gotterup G Eric Cole G Pierceson Coody G Emiliano Grillo G Austin Eckroat G Zac Blair,,,
439,5180234870,fillyfan2002 (1/20),0,562.5,G Chris Gotterup G Doug Ghim G Matt Wallace G Daniel Berger G Tony Finau G Ben Kohles,,,
450,5178185181,hectic1980 (11/14),0,562,G Ben Griffin G Doug Ghim G Ryo Hisatsune G Mac Meissner G Christiaan Bezuidenhout G Jimmy Stanger,,,
450,5178233974,Bigrgamer497 (11/20),0,562,G Ben Griffin G Jacob Bridgeman G Ryo Hisatsune G Blades Brown G Beau Hossler G Zach Johnson,,,
450,5178266278,stewie1963 (13/20),0,562,G Keith Mitchell G Tom Kim G Doug Ghim G Blades Brown G Emiliano Grillo G Ben Kohles,,,
450,5178266285,stewie1963 (20/20),0,562,G Keith Mitchell G Tom Kim G Doug Ghim G Blades Brown G Emiliano Grillo G Ben Kohles,,,
450,5178365038,wallmr (4/20),0,562,G Chris Gotterup G Rickie Fowler G Ryo Hisatsune G Christiaan Bezuidenhout G Andrew Novak G Zach Johnson,,,
450,5179753337,nsteinwart (16/20),0,562,G Chris Gotterup G Michael Brennan G Mac Meissner G Tony Finau G Adrien Dumont De Chassart G Keita Nakajima,,,
450,5179964517,Anchorun99,0,562,G Eric Cole G Rickie Fowler G Pierceson Coody G Mac Meissner G Christiaan Bezuidenhout G Blades Brown,,,
450,5179968821,otbjoe (3/6),0,562,G Keith Mitchell G Jacob Bridgeman G Ryo Hisatsune G Blades Brown G Tony Finau G Ben Kohles,,,
450,5180168442,Gilbama,0,562,G Chris Gotterup G Eric Cole G Rickie Fowler G Mac Meissner G Max Homa G Jeremy Paul,,,
450,5180184900,pdiddy4 (1/3),0,562,G Jacob Bridgeman G Sungjae Im G Ryo Hisatsune G Mac Meissner G Christiaan Bezuidenhout G Blades Brown,,,
460,5178819934,skid68 (3/20),0,561.5,G Chris Gotterup G Ben Griffin G Denny McCarthy G Lucas Glover G Zach Johnson G Mark Hubbard,,,
460,5179029756,slambin45,0,561.5,G Chris Gotterup G Tom Kim G Ryo Hisatsune G Blades Brown G Aldrich Potgieter G Jackson Suber,,,
460,5179511624,patkingpin (14/20),0,561.5,G Chris Gotterup G Doug Ghim G Matt Wallace G Blades Brown G John Keefer G Kevin Yu,,,
460,5179614176,lelo2906 (8/20),0,561.5,G Chris Gotterup G Sungjae Im G Mac Meissner G Christiaan Bezuidenhout G Daniel Berger G Lee Hodges,,,
460,5179814680,kylehaeussler (14/20),0,561.5,G Ben Griffin G Pierceson Coody G Ryo Hisatsune G Mac Meissner G Blades Brown G Adrien Dumont De Chassart,,,
460,5180140802,gtsml (15/20),0,561.5,G Chris Gotterup G Keith Mitchell G Daniel Berger G Jackson Suber G Zac Blair G Preston Stout,,,
460,5180202509,MJPSevens7,0,561.5,G Chris Gotterup G Tom Kim G Blades Brown G Jackson Suber G Andrew Novak G Ben Kohles,,,
460,5180249236,CaptainCokes65,0,561.5,G Jacob Bridgeman G Sungjae Im G Matt Wallace G Ryo Hisatsune G Christiaan Bezuidenhout G Ben Kohles,,,
468,5178186750,mdmbag (8/20),0,561,G Chris Gotterup G Ben Griffin G Blades Brown G Jackson Suber G Luke Clanton G Hayden Springer,,,
468,5178789387,griffalicious24 (13/20),0,561,G Chris Gotterup G Sungjae Im G Sudarshan Yellamaraju G Mac Meissner G Blades Brown G Max Homa,,,
468,5178959497,lizardhouse,0,561,G Chris Gotterup G Rickie Fowler G Ryo Hisatsune G Tony Finau G Max Homa G Taylor Moore,,,
468,5179041712,yepjnelz (13/20),0,561,G Chris Gotterup G Eric Cole G Blades Brown G Daniel Berger G Emiliano Grillo G Lucas Glover,,,
468,5179241489,NarlyFarley (4/8),0,561,G Chris Gotterup G Keith Mitchell G Davis Thompson G Tony Finau G Tom Hoge G David Lipsky,,,
468,5179987886,Niromada (6/20),0,561,G J.T. Poston G Rickie Fowler G Tom Kim G Ryo Hisatsune G Blades Brown G Ben Kohles,,,
474,5178239520,Sportmeister77 (13/20),0,560.5,G Ben Griffin G Eric Cole G Ryo Hisatsune G Daniel Berger G Max Homa G Jackson Suber,,,
474,5178261555,GenaroP (19/20),0,560.5,G Keith Mitchell G Pierceson Coody G Tom Kim G Christiaan Bezuidenhout G Jackson Suber G Ben Kohles,,,
474,5178438387,blackbears95 (3/3),0,560.5,G Ben Griffin G Eric Cole G Ryo Hisatsune G Daniel Berger G Max Homa G Jackson Suber,,,
474,5178750507,lakeside2220 (18/20),0,560.5,G Chris Gotterup G Eric Cole G Davis Thompson G Blades Brown G Jackson Suber G Carson Young,,,
474,5178819940,skid68 (9/20),0,560.5,G Ben Griffin G Eric Cole G Ryo Hisatsune G Daniel Berger G Max Homa G Jackson Suber,,,
474,5178838679,scooter8174 (16/20),0,560.5,G Keith Mitchell G Pierceson Coody G Tom Kim G Christiaan Bezuidenhout G Jackson Suber G Ben Kohles,,,
474,5179742110,AMayberry23 (18/20),0,560.5,G Chris Gotterup G Jordan Spieth G Rico Hoey G Max Homa G Ben Kohles G Austin Smotherman,,,
474,5180034536,lee1525 (1/3),0,560.5,G Keegan Bradley G Jacob Bridgeman G Eric Cole G Emiliano Grillo G Kevin Yu G Lucas Glover,,,
474,5180042365,tdriver22671 (8/10),0,560.5,G Chris Gotterup G Ben Griffin G Blades Brown G Carson Young G Matt Kuchar G Zach Johnson,,,
474,5180072839,ttillie (18/20),0,560.5,G Ben Griffin G Jacob Bridgeman G Christiaan Bezuidenhout G Tony Finau G Max Homa G Max McGreevy,,,
484,5178259174,TattersDean (17/20),0,560,G J.T. Poston G Eric Cole G Tom Kim G Christiaan Bezuidenhout G Blades Brown G Max Homa,,,
484,5179086409,ARockyW (16/20),0,560,G Chris Gotterup G Pierceson Coody G Christiaan Bezuidenhout G Blades Brown G Aldrich Potgieter G Jackson Suber,,,
484,5180121150,zazrak,0,560,G Jordan Spieth G Rickie Fowler G Tom Kim G Ryo Hisatsune G Blades Brown G Max Homa,,,
484,5180140803,gtsml (16/20),0,560,G Chris Gotterup G Keith Mitchell G Blades Brown G Andrew Novak G Zac Blair G Lucas Glover,,,
488,5178260262,joka290 (2/2),0,559.5,G Chris Gotterup G Jacob Bridgeman G Rickie Fowler G Austin Smotherman G Zach Johnson G Erik Van Rooyen,,,
488,5178559967,rhoj99 (1/3),0,559.5,G Ben Griffin G Eric Cole G Davis Thompson G Max Homa G Max McGreevy G Adrien Dumont De Chassart,,,
488,5178677244,pke123 (3/5),0,559.5,G Chris Gotterup G Jackson Koivun G Ryo Hisatsune G Blades Brown G Ben Kohles G Chan Kim,,,
488,5178750500,lakeside2220 (11/20),0,559.5,G Chris Gotterup G Tom Kim G Ryo Hisatsune G Blades Brown G Andrew Novak G Ben Kohles,,,
488,5178803585,hectic1980 (13/14),0,559.5,G Jacob Bridgeman G J.T. Poston G Rickie Fowler G Doug Ghim G Zach Johnson G Tyler Duncan,,,
488,5178939219,BI1956 (3/6),0,559.5,G Chris Gotterup G Eric Cole G Davis Thompson G Max Greyserman G Mac Meissner G Chandler Phillips,,,
488,5179109906,hitch0403 (2/5),0,559.5,G Chris Gotterup G Ryo Hisatsune G Sudarshan Yellamaraju G Mac Meissner G Blades Brown G Tony Finau,,,
488,5179459861,sbolomo (11/20),0,559.5,G Jordan Spieth G Eric Cole G Rickie Fowler G Davis Thompson G Blades Brown G Lee Hodges,,,
488,5179669002,dcuff (2/20),0,559.5,G Chris Gotterup G Ben Griffin G Max Homa G Emiliano Grillo G Luke Clanton G David Lipsky,,,
488,5179836649,bryanbigbets (10/20),0,559.5,G Ben Griffin G Keegan Bradley G Christiaan Bezuidenhout G Max Homa G A.J. Ewart G Preston Stout,,,
488,5179863332,datyoungreezy (9/20),0,559.5,G Ben Griffin G Tom Kim G Kevin Yu G Ben Kohles G Andrew Putnam G Matt Kuchar,,,
488,5180140788,gtsml (1/20),0,559.5,G Ben Griffin G Keith Mitchell G Blades Brown G Jackson Suber G Austin Smotherman G Zac Blair,,,
488,5180200229,crews19 (1/2),0,559.5,G Chris Gotterup G Davis Thompson G Christiaan Bezuidenhout G Aldrich Potgieter G Stephan Jaeger G Zach Johnson,,,
501,5178186759,mdmbag (17/20),0,559,G Chris Gotterup G Jacob Bridgeman G Blades Brown G Aldrich Potgieter G Jackson Suber G Kevin Yu,,,
501,5178627388,RomeIsBurnin2020 (8/12),0,559,G Chris Gotterup G J.T. Poston G Tony Finau G Jackson Suber G Adrien Dumont De Chassart G Keita Nakajima,,,
501,5178677124,harley122 (1/4),0,559,G Keith Mitchell G Tom Kim G Doug Ghim G Ryo Hisatsune G Jackson Suber G Andrew Putnam,,,
501,5178758723,Paddyboy2156 (16/20),0,559,G Ben Griffin G Keegan Bradley G Max Homa G Jackson Suber G Andrew Novak G Ben Kohles,,,
501,5178827574,scooter8174 (5/20),0,559,G Chris Gotterup G Tom Kim G Sudarshan Yellamaraju G Christiaan Bezuidenhout G Blades Brown G Ben Kohles,,,
501,5178919973,marksda3 (2/5),0,559,G Ben Griffin G Tom Kim G Doug Ghim G Blades Brown G Emiliano Grillo G Kevin Yu,,,
501,5179028924,Franknitty74 (5/5),0,559,G Chris Gotterup G Jacob Bridgeman G Eric Cole G Austin Smotherman G Tom Hoge G David Lipsky,,,
501,5179383715,jkthomps (20/20),0,559,G Keith Mitchell G Eric Cole G Doug Ghim G Aldrich Potgieter G Max Homa G Ben Kohles,,,
501,5179599239,FortGarryLions (9/20),0,559,G Chris Gotterup G Eric Cole G Tom Kim G Jackson Suber G Zachary Bauchou G Erik Van Rooyen,,,
501,5179709325,pfiumano,0,559,G Keegan Bradley G J.T. Poston G Eric Cole G Tony Finau G Max Homa G Zac Blair,,,
501,5179957612,fjrivera2463 (17/20),0,559,G Pierceson Coody G Tom Kim G Doug Ghim G Ryo Hisatsune G Davis Thompson G Blades Brown,,,
501,5180138250,RINO19 (11/20),0,559,G Keith Mitchell G Keegan Bradley G Christiaan Bezuidenhout G Tony Finau G Jackson Suber G Zac Blair,,,
501,5180219612,Silverbxxck (19/20),0,559,G Jacob Bridgeman G Michael Brennan G Ryo Hisatsune G Mac Meissner G Blades Brown G Max McGreevy,,,
514,5178848183,Onager41 (9/20),0,558.5,G Chris Gotterup G Eric Cole G Denny McCarthy G Kevin Yu G Ben Kohles G Keita Nakajima,,,
514,5179031466,jonwallst (5/20),0,558.5,G Chris Gotterup G Eric Cole G Sudarshan Yellamaraju G Blades Brown G Jackson Suber G Stephan Jaeger,,,
514,5179363657,Derrk33 (1/12),0,558.5,G Jordan Spieth G Eric Cole G Sungjae Im G Ryo Hisatsune G Christiaan Bezuidenhout G Jackson Suber,,,
514,5179971942,arweaver8 (4/20),0,558.5,G Chris Gotterup G Tom Kim G Ryo Hisatsune G Daniel Berger G Jackson Suber G Kevin Yu,,,
514,5180158892,Quake211 (4/20),0,558.5,G Ben Griffin G Doug Ghim G Davis Thompson G Christiaan Bezuidenhout G Aldrich Potgieter G Ben Kohles,,,
514,5180221693,jdjay (3/12),0,558.5,G Eric Cole G Pierceson Coody G Doug Ghim G Sungjae Im G Blades Brown G Jackson Suber,,,
514,5180221694,jdjay (4/12),0,558.5,G Eric Cole G Pierceson Coody G Doug Ghim G Sungjae Im G Blades Brown G Jackson Suber,,,
521,5178278819,cbizz151 (16/20),0,558,G Chris Gotterup G Keith Mitchell G Davis Thompson G Max Homa G Kevin Roy G Zach Johnson,,,
521,5178343753,els5077 (2/20),0,558,G Jacob Bridgeman G J.T. Poston G Eric Cole G Max Homa G Ben Kohles G Zachary Bauchou,,,
521,5178993584,marvink (12/17),0,558,G Jacob Bridgeman G Rickie Fowler G Tom Kim G Ryo Hisatsune G Mac Meissner G Zach Johnson,,,
521,5179567254,AwesomemusPrime,0,558,G Chris Gotterup G Ryo Hisatsune G Sudarshan Yellamaraju G Mac Meissner G Blades Brown G Andrew Putnam,,,
521,5179702337,flanders21 (11/16),0,558,G Chris Gotterup G Tom Kim G Doug Ghim G Christiaan Bezuidenhout G Carson Young G Zac Blair,,,
521,5179702414,flanders21 (12/16),0,558,G Chris Gotterup G Tom Kim G Doug Ghim G Christiaan Bezuidenhout G Carson Young G Zac Blair,,,
521,5179770093,tds41251,0,558,G Keith Mitchell G Jordan Spieth G Ryo Hisatsune G Blades Brown G Tony Finau G Ben Kohles,,,
521,5179939816,weswilliams4 (12/18),0,558,G Chris Gotterup G Ryo Hisatsune G Sudarshan Yellamaraju G Mac Meissner G Blades Brown G Andrew Putnam,,,
521,5180042366,tdriver22671 (9/10),0,558,G Chris Gotterup G Jacob Bridgeman G Ryo Hisatsune G Jackson Suber G Carson Young G Stephan Jaeger,,,
521,5180152147,Killerbeees (8/10),0,558,G Ben Griffin G Keith Mitchell G Matt Wallace G Jackson Suber G Lee Hodges G Mark Hubbard,,,
521,5180160366,Djwakeup11 (3/20),0,558,G Jacob Bridgeman G Eric Cole G Rickie Fowler G Christiaan Bezuidenhout G Max Homa G Beau Hossler,,,
532,5178831968,scooter8174 (12/20),0,557.5,G Ben Griffin G Tom Kim G Doug Ghim G Christiaan Bezuidenhout G Ben Kohles G A.J. Ewart,,,
532,5178898322,blakethemega (8/11),0,557.5,G Chris Gotterup G Ben Griffin G Sudarshan Yellamaraju G Emiliano Grillo G Lucas Glover G Harry Higgs,,,
532,5178956482,Cheng79 (14/17),0,557.5,G Chris Gotterup G Keith Mitchell G Beau Hossler G Ben Kohles G Zachary Bauchou G Andrew Putnam,,,
532,5179306576,edanono (16/16),0,557.5,G Chris Gotterup G Jacob Bridgeman G Sungjae Im G Ben Kohles G Carson Young G Lucas Glover,,,
532,5179699476,WeymouthVols,0,557.5,G Ben Griffin G Jacob Bridgeman G Ryo Hisatsune G Jackson Suber G Emiliano Grillo G Andrew Putnam,,,
532,5179793782,Dubbzz (10/20),0,557.5,G Chris Gotterup G Doug Ghim G Michael Brennan G Aldrich Potgieter G Max Homa G Zachary Bauchou,,,
532,5179806235,Steven_1974 (9/20),0,557.5,G Chris Gotterup G Doug Ghim G Michael Brennan G Tony Finau G Andrew Novak G Ben Kohles,,,
532,5180045061,Raskel123 (7/14),0,557.5,G Chris Gotterup G Eric Cole G Christiaan Bezuidenhout G Aldrich Potgieter G Tony Finau G Jackson Suber,,,
532,5180051360,Raskel123 (14/14),0,557.5,G Chris Gotterup G Eric Cole G Christiaan Bezuidenhout G Aldrich Potgieter G Tony Finau G Jackson Suber,,,
532,5180202151,UKJEFF,0,557.5,G Keith Mitchell G Jacob Bridgeman G Ryo Hisatsune G Blades Brown G Jackson Suber G Emiliano Grillo,,,
532,5180212825,Huntman_9,0,557.5,G Doug Ghim G Michael Brennan G Sungjae Im G Matt Wallace G Ryo Hisatsune G Christiaan Bezuidenhout,,,
543,5178300723,thinkit53 (1/13),0,557,G Chris Gotterup G Sungjae Im G Sudarshan Yellamaraju G Mac Meissner G Christiaan Bezuidenhout G Jackson Suber,,,
543,5178457015,schulza23 (1/20),0,557,G J.T. Poston G Eric Cole G Tom Kim G Davis Thompson G Mac Meissner G Lee Hodges,,,
543,5178735739,goofybh207 (7/20),0,557,G Ben Griffin G Pierceson Coody G Mac Meissner G Christiaan Bezuidenhout G Blades Brown G Andrew Putnam,,,
543,5178782468,mknob87 (12/20),0,557,G Ben Griffin G Eric Cole G Christiaan Bezuidenhout G Jackson Suber G John Keefer G Ben Kohles,,,
543,5179521256,QUICKKICK (2/3),0,557,G Chris Gotterup G Eric Cole G Blades Brown G Aldrich Potgieter G Jackson Suber G Emiliano Grillo,,,
543,5180042363,tdriver22671 (6/10),0,557,G Chris Gotterup G Eric Cole G Blades Brown G Daniel Berger G Tony Finau G Max Homa,,,
549,5178261025,jpbigdog (2/6),0,556.5,G Jacob Bridgeman G Pierceson Coody G Michael Brennan G Mac Meissner G Blades Brown G Jackson Suber,,,
549,5178450975,kcweir1087 (18/20),0,556.5,G J.T. Poston G Jordan Spieth G Doug Ghim G Davis Thompson G Tony Finau G Max Homa,,,
549,5178484371,paintgirl (4/20),0,556.5,G J.T. Poston G Jordan Spieth G Pierceson Coody G Mac Meissner G Kevin Yu G Ben Kohles,,,
549,5179183565,dignan16 (16/20),0,556.5,G Jacob Bridgeman G Jackson Koivun G Eric Cole G Max Homa G Ben Kohles G Lee Hodges,,,
549,5179535425,whoisjohngalt420 (8/20),0,556.5,G J.T. Poston G Jordan Spieth G Pierceson Coody G Mac Meissner G Kevin Yu G Ben Kohles,,,
549,5179710570,jkennedy4 (4/20),0,556.5,G Chris Gotterup G J.T. Poston G Tom Kim G Jackson Suber G Emiliano Grillo G Joel Dahmen,,,
549,5179873205,kreyn (2/2),0,556.5,G Chris Gotterup G Keegan Bradley G Sungjae Im G Christiaan Bezuidenhout G Andrew Putnam G Troy Merritt,,,
549,5179983736,lazyboy1968 (15/20),0,556.5,G Keith Mitchell G Pierceson Coody G Matt Wallace G Christiaan Bezuidenhout G Blades Brown G Max Homa,,,
549,5180037020,Gugga,0,556.5,G Chris Gotterup G Jackson Koivun G Davis Thompson G Max Homa G Emiliano Grillo G Matt Kuchar,,,
549,5180063944,grump65 (18/20),0,556.5,G Keith Mitchell G Jacob Bridgeman G Ryo Hisatsune G Christiaan Bezuidenhout G Jackson Suber G Andrew Putnam,,,
549,5180106253,cdw74 (5/6),0,556.5,G J.T. Poston G Eric Cole G Pierceson Coody G Christiaan Bezuidenhout G Blades Brown G Jackson Suber,,,
549,5180249106,rycullen1999 (6/20),0,556.5,G Chris Gotterup G Jordan Spieth G Mac Meissner G Tony Finau G Max McGreevy G Austin Smotherman,,,
561,5178300725,thinkit53 (3/13),0,556,G Rickie Fowler G Pierceson Coody G Tom Kim G Doug Ghim G Blades Brown G Jackson Suber,,,
561,5178313524,rumrunner72 (18/20),0,556,G Chris Gotterup G Jordan Spieth G Ryo Hisatsune G Tony Finau G Tom Hoge G Chan Kim,,,
561,5178574282,Highlander72,0,556,G Ben Griffin G Jacob Bridgeman G Tom Kim G Emiliano Grillo G Lucas Glover G Zach Johnson,,,
561,5178782469,mknob87 (13/20),0,556,G Keegan Bradley G Eric Cole G Tom Kim G Christiaan Bezuidenhout G Max McGreevy G Ben Kohles,,,
561,5179342984,chasevisa1 (6/13),0,556,G J.T. Poston G Jordan Spieth G Eric Cole G Tony Finau G Max Homa G Jackson Suber,,,
561,5179603563,hazmatt94 (3/20),0,556,G Chris Gotterup G Rickie Fowler G Tom Kim G Blades Brown G Andrew Putnam G Tom Hoge,,,
561,5179642932,totototo (1/20),0,556,G Chris Gotterup G Matt Wallace G Davis Thompson G Christiaan Bezuidenhout G Michael Kim G Max Homa,,,
561,5180002574,fritzhoff5 (12/20),0,556,G Keith Mitchell G Eric Cole G Ryo Hisatsune G Mac Meissner G Jackson Suber G Steven Fisk,,,
561,5180010145,jpbugeater (14/20),0,556,G Jordan Spieth G Eric Cole G Rickie Fowler G Christiaan Bezuidenhout G Tony Finau G Max Homa,,,
561,5180208856,Tdoyl14 (3/5),0,556,G Ben Griffin G Ryo Hisatsune G Davis Thompson G Sudarshan Yellamaraju G Mac Meissner G Max Homa,,,
571,5178555447,A_M.5-4CAVS (3/7),0,555.5,G Chris Gotterup G Keith Mitchell G Max Homa G Jackson Suber G John Keefer G Austin Smotherman,,,
571,5178748575,300Atrain (6/10),0,555.5,G Chris Gotterup G Jacob Bridgeman G Matt Wallace G Ben Kohles G Carson Young G Zac Blair,,,
571,5178792618,Houli208 (2/7),0,555.5,G Ben Griffin G J.T. Poston G Tom Kim G Ryo Hisatsune G Zach Johnson G Chandler Phillips,,,
571,5179273737,cptnspaulding (14/20),0,555.5,G Keegan Bradley G Rickie Fowler G Tom Kim G Davis Thompson G Max Homa G Kevin Yu,,,
571,5179726091,yawkeyway8 (4/6),0,555.5,G Chris Gotterup G Jacob Bridgeman G Aldrich Potgieter G Emiliano Grillo G Kevin Yu G Ben Kohles,,,
571,5180140791,gtsml (4/20),0,555.5,G Chris Gotterup G Keith Mitchell G Blades Brown G Jackson Suber G Zach Johnson G Paul Peterson,,,
571,5180235232,mister_eddie6 (7/20),0,555.5,G Chris Gotterup G Doug Ghim G Matt Wallace G Mac Meissner G Jackson Suber G Seamus Power,,,
578,5178258776,TattersDean (15/20),0,555,G Ben Griffin G Keegan Bradley G Mac Meissner G Emiliano Grillo G Kevin Yu G Max McGreevy,,,
578,5178278815,cbizz151 (12/20),0,555,G Keith Mitchell G Jordan Spieth G Sungjae Im G Ryo Hisatsune G Max Homa G Zach Johnson,,,
578,5178352558,partysover5 (2/8),0,555,G Jacob Bridgeman G Jordan Spieth G Michael Brennan G Mac Meissner G Blades Brown G Jackson Suber,,,
578,5178592399,kingofhearts102 (11/15),0,555,G Ben Griffin G Jackson Koivun G Christiaan Bezuidenhout G Jackson Suber G Kevin Yu G Ben Kohles,,,
578,5178991360,Lechero14,0,555,G Keegan Bradley G J.T. Poston G Matt Wallace G Ryo Hisatsune G Blades Brown G Zac Blair,,,
578,5179722017,nickstorey23 (2/20),0,555,G Keegan Bradley G Jacob Bridgeman G Mac Meissner G Christiaan Bezuidenhout G Blades Brown G Emiliano Grillo,,,
578,5180073448,hardhatman (13/20),0,555,G Eric Cole G Rickie Fowler G Pierceson Coody G Doug Ghim G Jackson Suber G Adrien Dumont De Chassart,,,
585,5178721809,smw3184,0,554.5,G Chris Gotterup G Doug Ghim G Denny McCarthy G Blades Brown G Jackson Suber G Zachary Bauchou,,,
585,5178858440,jpbigdog (5/6),0,554.5,G Chris Gotterup G Rickie Fowler G Matt Wallace G Blades Brown G Ben Kohles G Carson Young,,,
585,5179272627,dismalpicker (1/4),0,554.5,G Keegan Bradley G Pierceson Coody G Tom Kim G Christiaan Bezuidenhout G Blades Brown G Max Homa,,,
585,5179277545,dismalpicker (2/4),0,554.5,G Keegan Bradley G Pierceson Coody G Tom Kim G Christiaan Bezuidenhout G Blades Brown G Max Homa,,,
585,5179277554,dismalpicker (3/4),0,554.5,G Keegan Bradley G Pierceson Coody G Tom Kim G Christiaan Bezuidenhout G Blades Brown G Max Homa,,,
585,5179277572,dismalpicker (4/4),0,554.5,G Keegan Bradley G Pierceson Coody G Tom Kim G Christiaan Bezuidenhout G Blades Brown G Max Homa,,,
585,5179662370,davedes (10/10),0,554.5,G Chris Gotterup G Tom Kim G Davis Thompson G Blades Brown G Aldrich Potgieter G Ben Kohles,,,
585,5179728914,gramps543,0,554.5,G Keegan Bradley G Jacob Bridgeman G Tom Kim G Ryo Hisatsune G Zac Blair G Zach Johnson,,,
585,5179904976,acomplexkid (5/20),0,554.5,G Chris Gotterup G Keegan Bradley G Michael Brennan G Ben Kohles G Stephan Jaeger G Jimmy Stanger,,,
585,5179904985,acomplexkid (6/20),0,554.5,G Chris Gotterup G Keegan Bradley G Michael Brennan G Ben Kohles G Stephan Jaeger G Jimmy Stanger,,,
585,5179908300,acomplexkid (7/20),0,554.5,G Chris Gotterup G Keegan Bradley G Michael Brennan G Ben Kohles G Stephan Jaeger G Jimmy Stanger,,,
585,5179908324,acomplexkid (8/20),0,554.5,G Chris Gotterup G Keegan Bradley G Michael Brennan G Ben Kohles G Stephan Jaeger G Jimmy Stanger,,,
585,5180170160,gr8487 (1/5),0,554.5,G Jacob Bridgeman G J.T. Poston G Rickie Fowler G Blades Brown G Jackson Suber G Zach Johnson,,,
598,5178442796,wolverine291,0,554,G Jacob Bridgeman G J.T. Poston G Rickie Fowler G Tony Finau G Max Homa G Jackson Suber,,,
598,5178519717,DriftKangs (10/20),0,554,G Chris Gotterup G Keith Mitchell G Sungjae Im G Christiaan Bezuidenhout G Tom Hoge G Davis Riley,,,
598,5178758719,Paddyboy2156 (12/20),0,554,G Chris Gotterup G Pierceson Coody G Ryo Hisatsune G Tony Finau G Emiliano Grillo G Zachary Bauchou,,,
598,5178946857,boyle5000 (9/20),0,554,G Chris Gotterup G Ben Griffin G Max Homa G Andrew Putnam G A.J. Ewart G Austin Eckroat,,,
598,5179026017,mrfantasynascar (5/20),0,554,G Chris Gotterup G Jackson Koivun G Blades Brown G Jackson Suber G Emiliano Grillo G Kevin Yu,,,
598,5179315950,mikerugggolfpro (2/2),0,554,G Chris Gotterup G Ben Griffin G Max Homa G Andrew Putnam G A.J. Ewart G Austin Eckroat,,,
598,5179539815,lineman32000 (3/5),0,554,G Chris Gotterup G Jackson Koivun G Blades Brown G Jackson Suber G Emiliano Grillo G Kevin Yu,,,
598,5179729962,Krystalizer (1/2),0,554,G Jacob Bridgeman G J.T. Poston G Eric Cole G Ryo Hisatsune G Max Homa G Joel Dahmen,,,
598,5179928650,JimBrows,0,554,G Jacob Bridgeman G Eric Cole G Tom Kim G Ryo Hisatsune G Blades Brown G Zac Blair,,,
598,5179942269,scottie332 (14/20),0,554,G Chris Gotterup G Keegan Bradley G Davis Thompson G Blades Brown G A.J. Ewart G Hayden Springer,,,
598,5179950994,TopAllHusle (14/20),0,554,G Keegan Bradley G Jacob Bridgeman G Matt Wallace G Ryo Hisatsune G Max Homa G Patrick Fishburn,,,
598,5180100006,walkdaddy8 (20/20),0,554,G Chris Gotterup G Jackson Koivun G Blades Brown G Jackson Suber G Emiliano Grillo G Kevin Yu,,,
598,5180243645,crushindreams (3/5),0,554,G Keith Mitchell G Keegan Bradley G Jacob Bridgeman G Zac Blair G Lucas Glover G Tom Hoge,,,
611,5178473362,Knickeless (17/20),0,553.5,G Keegan Bradley G Eric Cole G Doug Ghim G Sudarshan Yellamaraju G Jackson Suber G Ben Kohles,,,
611,5178612065,2briar (17/20),0,553.5,G Chris Gotterup G Michael Brennan G Ryo Hisatsune G Mac Meissner G Aldrich Potgieter G Keita Nakajima,,,
611,5178735738,goofybh207 (6/20),0,553.5,G Ben Griffin G Eric Cole G Mac Meissner G Blades Brown G Max McGreevy G Andrew Putnam,,,
611,5179151859,bill0037 (2/2),0,553.5,G Jordan Spieth G Eric Cole G Doug Ghim G Sungjae Im G Max Homa G Emiliano Grillo,,,
611,5179702571,Dr.JuiceLuiten (3/20),0,553.5,G Keith Mitchell G Tom Kim G Doug Ghim G Christiaan Bezuidenhout G Tony Finau G Jackson Suber,,,
611,5179764258,johnsons24 (5/20),0,553.5,G Ben Griffin G Rickie Fowler G Ryo Hisatsune G Christiaan Bezuidenhout G Max McGreevy G Beau Hossler,,,
611,5179886590,BSteelz34 (6/20),0,553.5,G Chris Gotterup G Ben Griffin G Jordan Spieth G Lucas Glover G Adam Schenk G Tyler Duncan,,,
611,5179945200,RAYVENZ52 (13/20),0,553.5,G Ben Griffin G Rickie Fowler G Pierceson Coody G Max Homa G Kevin Yu G Mark Hubbard,,,
611,5180057470,Dea7hEa7er (9/20),0,553.5,G Chris Gotterup G Eric Cole G Mac Meissner G Blades Brown G Aldrich Potgieter G Emiliano Grillo,,,
611,5180142784,VICARO (3/8),0,553.5,G J.T. Poston G Eric Cole G Pierceson Coody G Ryo Hisatsune G Beau Hossler G Ben Kohles,,,
611,5180202721,Thuff5 (2/2),0,553.5,G Chris Gotterup G Jordan Spieth G Tom Kim G Ryo Hisatsune G Austin Smotherman G Troy Merritt,,,
611,5180231373,EagleEye3434 (11/20),0,553.5,G Chris Gotterup G Ben Griffin G Daniel Berger G Emiliano Grillo G Ben Kohles G Lanto Griffin,,,
623,5178265034,F___thejets (19/20),0,553,G Keegan Bradley G Rickie Fowler G Michael Brennan G Christiaan Bezuidenhout G Blades Brown G Kevin Yu,,,
623,5178300724,thinkit53 (2/13),0,553,G Eric Cole G Tom Kim G Doug Ghim G Sungjae Im G Blades Brown G Jackson Suber,,,
623,5178612055,2briar (7/20),0,553,G Chris Gotterup G Eric Cole G Michael Brennan G Emiliano Grillo G William Mouw G Mark Hubbard,,,
623,5178682286,phowell89 (2/2),0,553,G Keith Mitchell G Eric Cole G Tom Kim G Tony Finau G Jackson Suber G Ben Kohles,,,
623,5178804675,Nuby33 (4/12),0,553,G Jackson Koivun G Doug Ghim G Ryo Hisatsune G Mac Meissner G Christiaan Bezuidenhout G Blades Brown,,,
623,5178843421,Uniontownunicorns (13/20),0,553,G Chris Gotterup G Jordan Spieth G Davis Thompson G Daniel Berger G Ben Kohles G Matt Kuchar,,,
623,5178882945,jeffwotruba,0,553,G Chris Gotterup G Keith Mitchell G Blades Brown G Ben Kohles G Carson Young G Stephan Jaeger,,,
623,5179041727,seango,0,553,G Chris Gotterup G Ben Griffin G Ben Kohles G Andrew Putnam G Carson Young G Stephan Jaeger,,,
623,5179121424,guideram1,0,553,G Keegan Bradley G Jordan Spieth G Rickie Fowler G Ryo Hisatsune G Max Homa G Joel Dahmen,,,
623,5179280305,engelg (16/20),0,553,G Ben Griffin G Jacob Bridgeman G Mac Meissner G Max Homa G Adrien Dumont De Chassart G Austin Smotherman,,,
623,5179345681,ryanland (6/20),0,553,G Keith Mitchell G Rickie Fowler G Matt Wallace G Ryo Hisatsune G Beau Hossler G Ben Kohles,,,
623,5179528462,Earlmega (2/5),0,553,G Keith Mitchell G Pierceson Coody G Matt Wallace G Max Homa G Jackson Suber G Emiliano Grillo,,,
623,5179792601,jdsalter25 (2/8),0,553,G Chris Gotterup G Eric Cole G Denny McCarthy G Jackson Suber G Emiliano Grillo G Kevin Yu,,,
623,5180134335,ByronCenter (4/4),0,553,G Jacob Bridgeman G Jordan Spieth G Rickie Fowler G Tony Finau G Max Homa G Jackson Suber,,,
623,5180151699,Killerbeees (6/10),0,553,G Chris Gotterup G Jacob Bridgeman G Davis Thompson G Blades Brown G Carson Young G Lee Hodges,,,
623,5180167171,maxangst (6/6),0,553,G Chris Gotterup G J.T. Poston G Eric Cole G Jackson Suber G Zach Johnson G Dylan Frittelli,,,
639,5178233401,louba5 (12/20),0,552.5,G Rickie Fowler G Tom Kim G Doug Ghim G Ryo Hisatsune G Davis Thompson G William Mouw,,,
639,5178423886,parlaycraig (5/12),0,552.5,G Chris Gotterup G Eric Cole G Blades Brown G Max Homa G Adrien Dumont De Chassart G Carson Young,,,
639,5178898282,cassidy617 (13/15),0,552.5,G Eric Cole G Tom Kim G Matt Wallace G Mac Meissner G Christiaan Bezuidenhout G Blades Brown,,,
639,5179363663,Derrk33 (7/12),0,552.5,G Keith Mitchell G Rickie Fowler G Pierceson Coody G Tony Finau G Max Homa G Jackson Suber,,,
639,5179507362,vegasguy16 (1/20),0,552.5,G Ben Griffin G Tom Kim G Sungjae Im G Jackson Suber G Emiliano Grillo G Ben Kohles,,,
639,5179590188,enemymine (2/20),0,552.5,G Ben Griffin G Eric Cole G Mac Meissner G Max Homa G Jackson Suber G Andrew Novak,,,
639,5179893357,talbottnall,0,552.5,G Ben Griffin G Jordan Spieth G Tom Kim G Max Homa G Emiliano Grillo G Zach Johnson,,,
639,5179909403,acomplexkid (13/20),0,552.5,G Ben Griffin G Keegan Bradley G Michael Brennan G Ben Kohles G Stephan Jaeger G Joel Dahmen,,,
639,5179909433,acomplexkid (14/20),0,552.5,G Ben Griffin G Keegan Bradley G Michael Brennan G Ben Kohles G Stephan Jaeger G Joel Dahmen,,,
639,5179909506,acomplexkid (15/20),0,552.5,G Ben Griffin G Keegan Bradley G Michael Brennan G Ben Kohles G Stephan Jaeger G Joel Dahmen,,,
639,5179909664,acomplexkid (16/20),0,552.5,G Ben Griffin G Keegan Bradley G Michael Brennan G Ben Kohles G Stephan Jaeger G Joel Dahmen,,,
639,5179909670,acomplexkid (17/20),0,552.5,G Ben Griffin G Keegan Bradley G Michael Brennan G Ben Kohles G Stephan Jaeger G Joel Dahmen,,,
639,5179909684,acomplexkid (18/20),0,552.5,G Ben Griffin G Keegan Bradley G Michael Brennan G Ben Kohles G Stephan Jaeger G Joel Dahmen,,,
639,5179909696,acomplexkid (19/20),0,552.5,G Ben Griffin G Keegan Bradley G Michael Brennan G Ben Kohles G Stephan Jaeger G Joel Dahmen,,,
639,5179976367,haldrich33 (2/2),0,552.5,G Chris Gotterup G Jacob Bridgeman G Ryo Hisatsune G Ben Kohles G Adrien Dumont De Chassart G Carson Young,,,
639,5179983722,lazyboy1968 (1/20),0,552.5,G Chris Gotterup G Jacob Bridgeman G Tony Finau G Max Homa G Jackson Suber G Andrew Novak,,,
639,5180156815,maxangst (5/6),0,552.5,G Keegan Bradley G J.T. Poston G Matt Wallace G Ryo Hisatsune G Ben Kohles G Andrew Putnam,,,
656,5178326656,floresg (3/4),0,552,G Jordan Spieth G Rickie Fowler G Matt Wallace G Ryo Hisatsune G Christiaan Bezuidenhout G Blades Brown,,,
656,5178437271,DrewB24 (9/20),0,552,G Ben Griffin G Eric Cole G Denny McCarthy G Blades Brown G Ben Kohles G Lee Hodges,,,
656,5178473135,topher54 (2/3),0,552,G Chris Gotterup G Jacob Bridgeman G Sudarshan Yellamaraju G Tony Finau G Max Homa G Zac Blair,,,
656,5178596014,daniel4nola (3/4),0,552,G Keith Mitchell G Jacob Bridgeman G Matt Wallace G Blades Brown G Jackson Suber G Zac Blair,,,
656,5178946865,boyle5000 (17/20),0,552,G Eric Cole G Tom Kim G Doug Ghim G Michael Brennan G Mac Meissner G Emiliano Grillo,,,
656,5178977482,nyytek (6/7),0,552,G Ben Griffin G Jacob Bridgeman G Christiaan Bezuidenhout G Tony Finau G Jackson Suber G Emiliano Grillo,,,
656,5178982006,Monkeysplitter (1/4),0,552,G Chris Gotterup G Sungjae Im G Sudarshan Yellamaraju G Mac Meissner G Blades Brown G Jackson Suber,,,
656,5179240338,sethug (3/3),0,552,G Jacob Bridgeman G J.T. Poston G Eric Cole G Max Homa G Emiliano Grillo G Kevin Yu,,,
656,5179748819,Harmony76 (13/20),0,552,G Chris Gotterup G Keith Mitchell G Denny McCarthy G Max McGreevy G Lucas Glover G Zach Johnson,,,
656,5179780119,chaakenson (1/3),0,552,G Chris Gotterup G Rickie Fowler G Doug Ghim G Mac Meissner G Emiliano Grillo G Brice Garnett,,,
656,5179945204,RAYVENZ52 (17/20),0,552,G Ben Griffin G Keith Mitchell G Jackson Suber G Beau Hossler G Ben Kohles G Chan Kim,,,
656,5179950082,TopAllHusle (12/20),0,552,G Chris Gotterup G Sungjae Im G Matt Wallace G Taylor Pendrith G Max Homa G Jackson Suber,,,
656,5180031719,bk1977 (1/4),0,552,G J.T. Poston G Rickie Fowler G Tom Kim G Ryo Hisatsune G Blades Brown G Jackson Suber,,,
656,5180031724,bk1977 (2/4),0,552,G J.T. Poston G Rickie Fowler G Tom Kim G Ryo Hisatsune G Blades Brown G Jackson Suber,,,
656,5180040281,bk1977 (4/4),0,552,G J.T. Poston G Rickie Fowler G Tom Kim G Ryo Hisatsune G Blades Brown G Jackson Suber,,,
671,5178911191,danblack67 (13/20),0,551.5,G Rickie Fowler G Tom Kim G Doug Ghim G Matt Wallace G Christiaan Bezuidenhout G Blades Brown,,,
671,5179300201,lineman32000 (2/5),0,551.5,G Keith Mitchell G J.T. Poston G Sungjae Im G Blades Brown G Jackson Suber G Ben Kohles,,,
671,5179499397,ryanlaughlin77 (1/20),0,551.5,G Chris Gotterup G J.T. Poston G Mac Meissner G Jackson Suber G John Keefer G Emiliano Grillo,,,
671,5179603564,hazmatt94 (4/20),0,551.5,G Chris Gotterup G J.T. Poston G Eric Cole G A.J. Ewart G Lucas Glover G Chan Kim,,,
671,5179877921,captainohio,0,551.5,G Chris Gotterup G Rickie Fowler G Tom Kim G Blades Brown G A.J. Ewart G Zac Blair,,,
671,5179902964,az350z (10/20),0,551.5,G Chris Gotterup G Doug Ghim G Matt Wallace G Michael Kim G Beau Hossler G Ben Kohles,,,
671,5179932887,thebodyspill (4/20),0,551.5,G Chris Gotterup G Sungjae Im G Matt Wallace G Mac Meissner G John Keefer G Ben Kohles,,,
671,5180013568,ronaldgolf1,0,551.5,G Jacob Bridgeman G Tom Kim G Sungjae Im G Ryo Hisatsune G Christiaan Bezuidenhout G Max Homa,,,
671,5180165084,schrabes (2/20),0,551.5,G J.T. Poston G Eric Cole G Rickie Fowler G Mac Meissner G Ben Kohles G Zachary Bauchou,,,
671,5180231381,EagleEye3434 (19/20),0,551.5,G Chris Gotterup G Michael Thorbjornsen G Michael Brennan G Christiaan Bezuidenhout G Ben Kohles G Davis Chatfield,,,
681,5178299542,SillyRabbit17 (17/20),0,551,G Ben Griffin G Jacob Bridgeman G Ryo Hisatsune G Max Homa G Zachary Bauchou G Andrew Putnam,,,
681,5178751253,Marshall2330 (4/5),0,551,G J.T. Poston G Eric Cole G Tom Kim G Christiaan Bezuidenhout G Blades Brown G Jackson Suber,,,
681,5179039519,Unreal01 (10/20),0,551,G Keith Mitchell G Keegan Bradley G Matt Wallace G Mac Meissner G Beau Hossler G Lucas Glover,,,
681,5179360239,Dilbert29 (11/20),0,551,G Chris Gotterup G Keith Mitchell G Blades Brown G Max Homa G Emiliano Grillo G Adam Svensson,,,
681,5179399946,raiderdad3028 (2/20),0,551,G Ben Griffin G Doug Ghim G Davis Thompson G Mac Meissner G Taylor Pendrith G Jackson Suber,,,
681,5179556396,bigspook1031 (3/4),0,551,G Keith Mitchell G Jacob Bridgeman G Ryo Hisatsune G Christiaan Bezuidenhout G Tony Finau G Zac Blair,,,
681,5179758233,REHRAIDERS,0,551,G Ben Griffin G Eric Cole G Doug Ghim G Blades Brown G Austin Eckroat G Tom Hoge,,,
681,5179886585,BSteelz34 (1/20),0,551,G Keith Mitchell G J.T. Poston G Jordan Spieth G Blades Brown G Lucas Glover G Zach Johnson,,,
681,5180091500,silentjoe4 (2/10),0,551,G Ben Griffin G Eric Cole G Ryo Hisatsune G Blades Brown G Tony Finau G Andrew Putnam,,,
681,5180189172,mszubinski,0,551,G Ben Griffin G Sungjae Im G Ryo Hisatsune G Davis Thompson G Mac Meissner G Andrew Putnam,,,
691,5178568132,yaya0130 (1/2),0,550.5,G Keith Mitchell G Jacob Bridgeman G Ryo Hisatsune G Christiaan Bezuidenhout G Jackson Suber G Mackenzie Hughes,,,
691,5178875877,ryrom11 (6/20),0,550.5,G Jacob Bridgeman G Rickie Fowler G Michael Brennan G Davis Thompson G Blades Brown G Jackson Suber,,,
691,5179498010,TStephan7 (2/4),0,550.5,G Jacob Bridgeman G Tom Kim G Doug Ghim G Mac Meissner G Christiaan Bezuidenhout G Andrew Putnam,,,
691,5179593823,KevMike15 (2/2),0,550.5,G Chris Gotterup G Jacob Bridgeman G Christiaan Bezuidenhout G Blades Brown G Carson Young G Zac Blair,,,
691,5180073454,hardhatman (19/20),0,550.5,G Keegan Bradley G Eric Cole G Pierceson Coody G Blades Brown G Beau Hossler G Ben Kohles,,,
691,5180083642,azcornholio,0,550.5,G Jacob Bridgeman G Eric Cole G Tom Kim G Ryo Hisatsune G Jackson Suber G Tom Hoge,,,
691,5180138836,OhVa216 (4/20),0,550.5,G Keith Mitchell G Keegan Bradley G Doug Ghim G Emiliano Grillo G Adrien Dumont De Chassart G Lee Hodges,,,
691,5180184443,killercc (4/6),0,550.5,G Keith Mitchell G Sungjae Im G Matt Wallace G Ryo Hisatsune G Christiaan Bezuidenhout G Jackson Suber,,,
699,5178249867,tmusales (9/20),0,550,G Chris Gotterup G Tom Kim G Ryo Hisatsune G Sudarshan Yellamaraju G Blades Brown G Zac Blair,,,
699,5178252646,hanyolo1983,0,550,G Keegan Bradley G Jacob Bridgeman G Sungjae Im G Ryo Hisatsune G Max Homa G Tom Hoge,,,
699,5178357531,Wolf3D (1/8),0,550,G Eric Cole G Rickie Fowler G Tom Kim G Ryo Hisatsune G Tony Finau G Jackson Suber,,,
699,5178719918,ikeekatouchdown (2/4),0,550,G Keegan Bradley G Jordan Spieth G Eric Cole G Mac Meissner G Zachary Bauchou G Lucas Glover,,,
699,5179318991,Andy126 (3/6),0,550,G Ben Griffin G Eric Cole G Max Greyserman G Blades Brown G Jackson Suber G Ben Kohles,,,
699,5179482186,coreygeng (3/3),0,550,G Chris Gotterup G Tom Kim G Ryo Hisatsune G Sudarshan Yellamaraju G Blades Brown G Zac Blair,,,
699,5179520931,jzeke1970 (3/5),0,550,G Chris Gotterup G Pierceson Coody G Tom Kim G Jackson Suber G Andrew Putnam G Austin Smotherman,,,
699,5179680035,hullette2000 (5/5),0,550,G Chris Gotterup G Tom Kim G Christiaan Bezuidenhout G Michael Kim G Blades Brown G Max Homa,,,
699,5179762659,jimlexxx (15/20),0,550,G Keith Mitchell G Jordan Spieth G Ryo Hisatsune G Mac Meissner G Blades Brown G Emiliano Grillo,,,
699,5179777171,chainsaw7021,0,550,G Keith Mitchell G Rickie Fowler G Ryo Hisatsune G Christiaan Bezuidenhout G Blades Brown G Tony Finau,,,
699,5179798536,Fishbelly19 (3/4),0,550,G Chris Gotterup G Tom Kim G Christiaan Bezuidenhout G Michael Kim G Blades Brown G Ben Kohles,,,
699,5179932897,thebodyspill (14/20),0,550,G Chris Gotterup G Ben Griffin G Daniel Berger G Jackson Suber G Zac Blair G Chan Kim,,,
699,5180043720,texasfrog90 (2/14),0,550,G Chris Gotterup G Tom Kim G Christiaan Bezuidenhout G Michael Kim G Blades Brown G Ben Kohles,,,
699,5180057464,Dea7hEa7er (3/20),0,550,G Jacob Bridgeman G Pierceson Coody G Tom Kim G Mac Meissner G Christiaan Bezuidenhout G Jackson Suber,,,
699,5180126813,B39873 (1/11),0,550,G Chris Gotterup G Tom Kim G Denny McCarthy G Tony Finau G Max Homa G Jackson Suber,,,
699,5180181734,Sportmanwin (9/20),0,550,G Keith Mitchell G Jacob Bridgeman G Ryo Hisatsune G Christiaan Bezuidenhout G Emiliano Grillo G Kevin Yu,,,
699,5180193168,robsolana (2/3),0,550,G Chris Gotterup G Rickie Fowler G Ryo Hisatsune G Blades Brown G Carson Young G Stephan Jaeger,,,
699,5180225134,Richskin94 (1/20),0,550,G Chris Gotterup G J.T. Poston G Mac Meissner G Max Homa G Andrew Novak G Max McGreevy,,,
717,5178554270,Obtuse76,0,549.5,G Keith Mitchell G Eric Cole G Ryo Hisatsune G Christiaan Bezuidenhout G Tony Finau G Stephan Jaeger,,,
717,5178731418,pcfixerky (7/10),0,549.5,G Ben Griffin G Jacob Bridgeman G Eric Cole G Jackson Suber G Emiliano Grillo G Troy Merritt,,,
717,5178878636,CARBONIUMION-1 (10/10),0,549.5,G Chris Gotterup G Jacob Bridgeman G Rickie Fowler G Stephan Jaeger G Tom Hoge G Chan Kim,,,
717,5179259078,TwoHearted (14/20),0,549.5,G Keith Mitchell G Rickie Fowler G Mac Meissner G Beau Hossler G Ben Kohles G William Mouw,,,
717,5179342963,woodsheddrew (13/20),0,549.5,G Chris Gotterup G Ben Griffin G Max Greyserman G Ben Kohles G Hayden Springer G Joel Dahmen,,,
717,5179439643,BrotherTerrance,0,549.5,G Chris Gotterup G Keith Mitchell G Blades Brown G Aldrich Potgieter G Kevin Yu G Zach Johnson,,,
717,5179671971,Ferny64 (1/2),0,549.5,G Chris Gotterup G Tom Kim G Ryo Hisatsune G Blades Brown G Carson Young G Zac Blair,,,
717,5179764268,johnsons24 (15/20),0,549.5,G Jordan Spieth G Eric Cole G Doug Ghim G Ryo Hisatsune G Max McGreevy G Beau Hossler,,,
717,5179896348,Stree (2/20),0,549.5,G Keegan Bradley G Eric Cole G Pierceson Coody G Ryo Hisatsune G Keita Nakajima G Zac Blair,,,
717,5179985902,MATTAMANIA (1/9),0,549.5,G Chris Gotterup G Ben Griffin G Max Homa G Carson Young G Austin Smotherman G Stephan Jaeger,,,
717,5179985910,MATTAMANIA (4/9),0,549.5,G Chris Gotterup G Ben Griffin G Max Homa G Carson Young G Austin Smotherman G Stephan Jaeger,,,
717,5179985920,MATTAMANIA (7/9),0,549.5,G Chris Gotterup G Ben Griffin G Max Homa G Carson Young G Austin Smotherman G Stephan Jaeger,,,
717,5180010134,jpbugeater (3/20),0,549.5,G Chris Gotterup G Ben Griffin G Max Homa G Carson Young G Austin Smotherman G Stephan Jaeger,,,
717,5180010147,jpbugeater (16/20),0,549.5,G Chris Gotterup G Ben Griffin G Max Homa G Carson Young G Austin Smotherman G Stephan Jaeger,,,
717,5180033159,Oddsjam4ever (7/20),0,549.5,G Ben Griffin G Doug Ghim G Ryo Hisatsune G John Keefer G Beau Hossler G Ben Kohles,,,
717,5180123177,jgoody (18/20),0,549.5,G Keegan Bradley G Eric Cole G Michael Brennan G Davis Thompson G Jackson Suber G Max McGreevy,,,
733,5178715182,74riZionup (2/7),0,549,G Chris Gotterup G Tom Kim G Max Greyserman G Mac Meissner G Tony Finau G Max Homa,,,
733,5178912852,hhubbard (12/20),0,549,G Keegan Bradley G Michael Brennan G Matt Wallace G Davis Thompson G Mac Meissner G Blades Brown,,,
733,5179099929,PhilsBoy3314 (2/2),0,549,G Ben Griffin G Keith Mitchell G Sungjae Im G Stephan Jaeger G Matt Kuchar G Lucas Glover,,,
733,5179109925,hitch0403 (3/5),0,549,G Ben Griffin G Eric Cole G Davis Thompson G Tony Finau G Jackson Suber G Andrew Putnam,,,
733,5179280303,engelg (14/20),0,549,G Chris Gotterup G Doug Ghim G Michael Brennan G Sudarshan Yellamaraju G Keita Nakajima G Zac Blair,,,
733,5179722032,nickstorey23 (17/20),0,549,G Jackson Koivun G Jordan Spieth G Ryo Hisatsune G Blades Brown G Max Homa G Ben Kohles,,,
733,5180094417,mailnurs (8/20),0,549,G Chris Gotterup G Ben Griffin G Ben Kohles G Andrew Putnam G Carson Young G Tom Hoge,,,
733,5180172868,strausberg (19/20),0,549,G Chris Gotterup G Ben Griffin G Blades Brown G Andrew Putnam G A.J. Ewart G Tom Hoge,,,
741,5178823665,labman069,0,548.5,G Chris Gotterup G Tom Kim G Ryo Hisatsune G Tony Finau G Max Homa G Carson Young,,,
741,5178919976,marksda3 (5/5),0,548.5,G Ben Griffin G Tom Kim G Doug Ghim G Aldrich Potgieter G Jackson Suber G Ben Kohles,,,
741,5178940856,b-rad1969 (4/5),0,548.5,G Doug Ghim G Michael Brennan G Sungjae Im G Matt Wallace G Ryo Hisatsune G Davis Thompson,,,
741,5178980037,Wmgarvin09 (11/20),0,548.5,G Ben Griffin G Pierceson Coody G Sungjae Im G Mac Meissner G Ben Kohles G Andrew Putnam,,,
741,5179003024,Plug3154 (7/20),0,548.5,G Jordan Spieth G Tom Kim G Matt Wallace G Ryo Hisatsune G Mac Meissner G Christiaan Bezuidenhout,,,
741,5179693035,bookert21 (16/20),0,548.5,G Chris Gotterup G Tom Kim G Ryo Hisatsune G Mac Meissner G Andrew Novak G Kevin Yu,,,
741,5179738562,steve3258 (18/20),0,548.5,G Chris Gotterup G Tom Kim G Ryo Hisatsune G Mac Meissner G Andrew Novak G Kevin Yu,,,
741,5180177840,cb379 (1/2),0,548.5,G Ben Griffin G Eric Cole G Sudarshan Yellamaraju G Blades Brown G Max Homa G Jackson Suber,,,
741,5180191680,PThompson42 (18/20),0,548.5,G Ben Griffin G Rickie Fowler G Pierceson Coody G Ryo Hisatsune G Stephan Jaeger G Harry Higgs,,,
741,5180235255,Aza-meeda (3/3),0,548.5,G Ben Griffin G Tom Kim G Doug Ghim G Aldrich Potgieter G Jackson Suber G Ben Kohles,,,
751,5178437265,DrewB24 (3/20),0,548,G Ben Griffin G Eric Cole G Christiaan Bezuidenhout G Blades Brown G Emiliano Grillo G Beau Hossler,,,
751,5178607822,hans2win (12/20),0,548,G Keith Mitchell G Jordan Spieth G Rickie Fowler G Ryo Hisatsune G Max Homa G Camilo Villegas,,,
751,5178682891,bridger_444 (1/4),0,548,G Chris Gotterup G Tom Kim G Ryo Hisatsune G Blades Brown G Taylor Moore G Zac Blair,,,
751,5178831979,scooter8174 (13/20),0,548,G Ben Griffin G Tom Kim G Matt Wallace G Christiaan Bezuidenhout G Jackson Suber G Emiliano Grillo,,,
751,5179888562,Unclesalty1958 (3/3),0,548,G Chris Gotterup G Jacob Bridgeman G Ryo Hisatsune G Christiaan Bezuidenhout G Carson Young G David Lipsky,,,
751,5179930591,Jayalger (2/4),0,548,G J.T. Poston G Tom Kim G Doug Ghim G Davis Thompson G Blades Brown G Kevin Yu,,,
751,5180217693,BigWooly (3/4),0,548,G Chris Gotterup G Ben Griffin G Blades Brown G Max Homa G Erik Van Rooyen G Ben Silverman,,,
751,5180256491,colemryt (6/13),0,548,G Chris Gotterup G J.T. Poston G Davis Thompson G Max McGreevy G Beau Hossler G William Mouw,,,
759,5178207761,jmchillbertram (15/20),0,547.5,G Keith Mitchell G Keegan Bradley G Davis Thompson G Blades Brown G Jackson Suber G Emiliano Grillo,,,
759,5178758716,Paddyboy2156 (9/20),0,547.5,G Chris Gotterup G Ben Griffin G Blades Brown G Keita Nakajima G Austin Eckroat G Chan Kim,,,
759,5178922110,BigNoe73 (1/2),0,547.5,G Chris Gotterup G Eric Cole G Denny McCarthy G Max Homa G Emiliano Grillo G Max McGreevy,,,
759,5179175519,PapaDBets (2/20),0,547.5,G Ben Griffin G Jacob Bridgeman G Mac Meissner G Blades Brown G Emiliano Grillo G Max McGreevy,,,
759,5179603567,hazmatt94 (7/20),0,547.5,G Chris Gotterup G Ben Griffin G Ben Kohles G Carson Young G Erik Van Rooyen G Lanto Griffin,,,
759,5180010139,jpbugeater (8/20),0,547.5,G Jacob Bridgeman G Tom Kim G Matt Wallace G Ryo Hisatsune G Mac Meissner G Blades Brown,,,
759,5180140800,gtsml (13/20),0,547.5,G Chris Gotterup G Ben Griffin G Jackson Suber G Andrew Novak G Austin Smotherman G Zach Johnson,,,
759,5180245071,SilverFox327 (2/20),0,547.5,G Chris Gotterup G Sungjae Im G Ryo Hisatsune G Christiaan Bezuidenhout G Rico Hoey G Kevin Yu,,,
759,5180245126,subpar84 (10/20),0,547.5,G Chris Gotterup G Eric Cole G Christiaan Bezuidenhout G Blades Brown G Aldrich Potgieter G Max McGreevy,,,
768,5178214811,snoppy (1/4),0,547,G Chris Gotterup G Ryo Hisatsune G Rico Hoey G Max Homa G Beau Hossler G Mackenzie Hughes,,,
768,5178216159,jahughes (3/3),0,547,G Ben Griffin G Jacob Bridgeman G Rickie Fowler G Andrew Putnam G Lucas Glover G Tom Hoge,,,
768,5178822913,rsumrall (1/20),0,547,G Keegan Bradley G J.T. Poston G Rickie Fowler G Mac Meissner G Austin Smotherman G Lee Hodges,,,
768,5179610300,sblakely,0,547,G Chris Gotterup G Doug Ghim G Sungjae Im G Tony Finau G Max Homa G Taylor Moore,,,
768,5179904312,acomplexkid (2/20),0,547,G Ben Griffin G Keegan Bradley G Michael Brennan G Ben Kohles G Stephan Jaeger G Chan Kim,,,
768,5180033162,Oddsjam4ever (10/20),0,547,G Chris Gotterup G Keegan Bradley G Mac Meissner G Michael Kim G Austin Smotherman G Lucas Glover,,,
768,5180086069,ian_solodolo (2/2),0,547,G J.T. Poston G Eric Cole G Doug Ghim G Christiaan Bezuidenhout G Blades Brown G Austin Eckroat,,,
775,5178298961,jacobhumphrey (1/20),0,546.5,G Ben Griffin G Eric Cole G Mac Meissner G Rico Hoey G Blades Brown G Ben Kohles,,,
775,5178313521,rumrunner72 (15/20),0,546.5,G Chris Gotterup G Pierceson Coody G Matt Wallace G Blades Brown G Aldrich Potgieter G Lee Hodges,,,
775,5178337431,coastrat69,0,546.5,G Keith Mitchell G Jacob Bridgeman G Ryo Hisatsune G Christiaan Bezuidenhout G Jackson Suber G Austin Eckroat,,,
775,5178384751,Wolf3D (4/8),0,546.5,G Ben Griffin G Keith Mitchell G Matt Wallace G Stephan Jaeger G Matt Kuchar G Zach Johnson,,,
775,5178414861,TambLim (8/20),0,546.5,G Chris Gotterup G Eric Cole G Sudarshan Yellamaraju G Blades Brown G Jackson Suber G Andrew Putnam,,,
775,5178575368,sethug (2/3),0,546.5,G Ben Griffin G Keith Mitchell G Tony Finau G Jackson Suber G Emiliano Grillo G Kevin Yu,,,
775,5178666714,oZone9 (2/2),0,546.5,G Chris Gotterup G Eric Cole G Denny McCarthy G Max Homa G Jackson Suber G A.J. Ewart,,,
775,5178961140,TBooch (1/8),0,546.5,G Chris Gotterup G Pierceson Coody G Tom Kim G Max Homa G Emiliano Grillo G A.J. Ewart,,,
775,5178993547,navyhmcm,0,546.5,G Chris Gotterup G Michael Brennan G Ryo Hisatsune G Sudarshan Yellamaraju G Jackson Suber G Mark Hubbard,,,
775,5179004743,ttom1195 (1/2),0,546.5,G Chris Gotterup G Eric Cole G Sudarshan Yellamaraju G Blades Brown G Jackson Suber G Andrew Putnam,,,
775,5179167926,coachp17 (18/20),0,546.5,G Chris Gotterup G J.T. Poston G Blades Brown G Aldrich Potgieter G Tony Finau G Max Homa,,,
775,5179298090,tw8732st (1/2),0,546.5,G Eric Cole G Rickie Fowler G Tom Kim G Matt Wallace G Ryo Hisatsune G Zach Johnson,,,
775,5179346106,chasevisa1 (7/13),0,546.5,G Chris Gotterup G Eric Cole G Sudarshan Yellamaraju G Blades Brown G Jackson Suber G Andrew Putnam,,,
775,5179550269,EZ3LL,0,546.5,G Chris Gotterup G Eric Cole G Sudarshan Yellamaraju G Blades Brown G Jackson Suber G Andrew Putnam,,,
775,5179608764,rs430414 (15/20),0,546.5,G Keith Mitchell G Eric Cole G Ryo Hisatsune G Aldrich Potgieter G Max Homa G Jackson Suber,,,
775,5179643532,mattels1991,0,546.5,G Chris Gotterup G Eric Cole G Sudarshan Yellamaraju G Blades Brown G Jackson Suber G Andrew Putnam,,,
775,5179777496,herrma02 (2/20),0,546.5,G Chris Gotterup G Tom Kim G Michael Kim G Jackson Suber G Emiliano Grillo G Ben Kohles,,,
775,5179855460,oldangrygamer (4/20),0,546.5,G Chris Gotterup G Eric Cole G Sudarshan Yellamaraju G Blades Brown G Jackson Suber G Andrew Putnam,,,
775,5179883302,marvink (15/17),0,546.5,G Keegan Bradley G Tom Kim G Matt Wallace G Mac Meissner G Christiaan Bezuidenhout G Blades Brown,,,
775,5179924628,ChrisG95 (19/20),0,546.5,G Keith Mitchell G Jacob Bridgeman G Doug Ghim G Jackson Suber G Kevin Yu G Austin Eckroat,,,
775,5179934962,weswilliams4 (11/18),0,546.5,G Ben Griffin G Eric Cole G Mac Meissner G Blades Brown G Zachary Bauchou G Tom Hoge,,,
775,5180128159,Jamisonsdad1 (9/20),0,546.5,G Jacob Bridgeman G Michael Brennan G Matt Wallace G Blades Brown G Max Homa G Max McGreevy,,,
775,5180177850,cb379 (2/2),0,546.5,G Keegan Bradley G Jacob Bridgeman G Tom Kim G Max Homa G Emiliano Grillo G Zac Blair,,,
775,5180207514,crews19 (2/2),0,546.5,G Chris Gotterup G Keith Mitchell G Christiaan Bezuidenhout G Aldrich Potgieter G Stephan Jaeger G Zach Johnson,,,
799,5178278814,cbizz151 (11/20),0,546,G Jacob Bridgeman G Eric Cole G Sungjae Im G Ryo Hisatsune G Davis Thompson G Zach Johnson,,,
799,5178298965,jacobhumphrey (5/20),0,546,G Keith Mitchell G Eric Cole G Michael Brennan G Christiaan Bezuidenhout G Ben Kohles G Chan Kim,,,
799,5178768263,ouroboros0 (7/20),0,546,G Chris Gotterup G Tom Kim G Ryo Hisatsune G Rico Hoey G Blades Brown G Kevin Yu,,,
799,5178782473,mknob87 (17/20),0,546,G Ben Griffin G Keegan Bradley G Blades Brown G Jackson Suber G John Keefer G Ben Kohles,,,
799,5178794099,GatorsFan1960 (9/13),0,546,G Jacob Bridgeman G Eric Cole G Rickie Fowler G Blades Brown G Tony Finau G Jackson Suber,,,
799,5178798048,clamdiggerball (17/20),0,546,G Ben Griffin G Keegan Bradley G Blades Brown G Max Homa G Jackson Suber G John Keefer,,,
799,5178909649,EBFunk,0,546,G Chris Gotterup G J.T. Poston G Doug Ghim G Rico Hoey G Tom Hoge G Preston Stout,,,
799,5179810891,gman26 (12/13),0,546,G Chris Gotterup G Michael Thorbjornsen G Davis Thompson G Blades Brown G Max Homa G Zachary Bauchou,,,
799,5179832956,companionij (5/18),0,546,G Jordan Spieth G Pierceson Coody G Doug Ghim G Christiaan Bezuidenhout G Max McGreevy G Matt Kuchar,,,
799,5180062311,vinceyoungsteakhouse (1/2),0,546,G Chris Gotterup G Tom Kim G Blades Brown G Aldrich Potgieter G Emiliano Grillo G Ben Kohles,,,
799,5180062328,vinceyoungsteakhouse (2/2),0,546,G Chris Gotterup G Tom Kim G Blades Brown G Aldrich Potgieter G Emiliano Grillo G Ben Kohles,,,
799,5180189545,briangile,0,546,G Chris Gotterup G Ben Griffin G Sungjae Im G Austin Eckroat G Erik Van Rooyen G Chandler Phillips,,,
799,5180193295,Rosco78,0,546,G Keith Mitchell G Jacob Bridgeman G Ryo Hisatsune G Blades Brown G Tony Finau G Zac Blair,,,
812,5178299541,SillyRabbit17 (16/20),0,545.5,G Chris Gotterup G Jacob Bridgeman G Ryo Hisatsune G Zachary Bauchou G Andrew Putnam G Austin Smotherman,,,
812,5178300726,thinkit53 (4/13),0,545.5,G J.T. Poston G Tom Kim G Doug Ghim G Ryo Hisatsune G Blades Brown G Tony Finau,,,
812,5178442077,ATLSeminole (4/9),0,545.5,G Keith Mitchell G Eric Cole G Doug Ghim G Christiaan Bezuidenhout G Emiliano Grillo G Andrew Putnam,,,
812,5178737691,ssgmartin (1/5),0,545.5,G Ben Griffin G Eric Cole G Tom Kim G Blades Brown G Jackson Suber G David Skinns,,,
812,5178789390,griffalicious24 (16/20),0,545.5,G Keegan Bradley G J.T. Poston G Ryo Hisatsune G Davis Thompson G Kevin Yu G Max McGreevy,,,
812,5179942287,kellyzboyz (2/4),0,545.5,G Chris Gotterup G Jordan Spieth G Sudarshan Yellamaraju G Blades Brown G Emiliano Grillo G Ben Kohles,,,
812,5180094414,mailnurs (5/20),0,545.5,G Ben Griffin G Doug Ghim G Denny McCarthy G Ryo Hisatsune G Max Homa G Andrew Putnam,,,
812,5180160087,jbonzoso (5/5),0,545.5,G Keegan Bradley G Jordan Spieth G Michael Brennan G Jackson Suber G Kevin Yu G Stephan Jaeger,,,
820,5178207756,jmchillbertram (10/20),0,545,G Ben Griffin G Keegan Bradley G J.T. Poston G Jackson Suber G David Skinns G Chandler Phillips,,,
820,5178253045,jpbigdog (1/6),0,545,G Keith Mitchell G Rickie Fowler G Pierceson Coody G Ryo Hisatsune G Stephan Jaeger G Zac Blair,,,
820,5178758724,Paddyboy2156 (17/20),0,545,G Jordan Spieth G Rickie Fowler G Tom Kim G Doug Ghim G Max Homa G Andrew Putnam,,,
820,5179233891,FantasyGolferKM (12/12),0,545,G Chris Gotterup G Sungjae Im G Ryo Hisatsune G Mac Meissner G Andrew Novak G Kevin Yu,,,
820,5179273743,cptnspaulding (20/20),0,545,G Ben Griffin G Doug Ghim G Ryo Hisatsune G Christiaan Bezuidenhout G Blades Brown G Taylor Moore,,,
820,5179411579,cj351 (1/20),0,545,G Ben Griffin G Doug Ghim G Ryo Hisatsune G Mac Meissner G Michael Kim G Kevin Yu,,,
820,5179646103,toddyd2732 (20/20),0,545,G Chris Gotterup G Keegan Bradley G Matt Wallace G Zachary Bauchou G Austin Eckroat G Zach Johnson,,,
820,5180063933,grump65 (7/20),0,545,G Ben Griffin G Doug Ghim G Ryo Hisatsune G Mac Meissner G Michael Kim G Kevin Yu,,,
820,5180183447,TheGoldenRhino,0,545,G Rickie Fowler G Tom Kim G Sungjae Im G Ryo Hisatsune G Mac Meissner G Christiaan Bezuidenhout,,,
829,5178249860,tmusales (2/20),0,544.5,G Chris Gotterup G Tom Kim G Ryo Hisatsune G Michael Kim G Emiliano Grillo G Ben Kohles,,,
829,5178313511,rumrunner72 (5/20),0,544.5,G Ben Griffin G Jacob Bridgeman G Jordan Spieth G Ryo Hisatsune G Chandler Phillips G Troy Merritt,,,
829,5178414857,TambLim (4/20),0,544.5,G Chris Gotterup G Eric Cole G Mac Meissner G Rico Hoey G Blades Brown G Andrew Putnam,,,
829,5178436403,Brue1979 (9/20),0,544.5,G Ben Griffin G Jacob Bridgeman G Mac Meissner G Blades Brown G Emiliano Grillo G Keita Nakajima,,,
829,5178510792,DriftKangs (1/20),0,544.5,G Chris Gotterup G J.T. Poston G Sungjae Im G Kevin Yu G Beau Hossler G Tom Hoge,,,
829,5178633284,roborick822 (5/20),0,544.5,G Chris Gotterup G Eric Cole G Sudarshan Yellamaraju G Blades Brown G Max McGreevy G Zach Johnson,,,
829,5178657615,Geebir (6/20),0,544.5,G Ben Griffin G Rickie Fowler G Ryo Hisatsune G Mac Meissner G Andrew Novak G Ben Kohles,,,
829,5178748572,300Atrain (3/10),0,544.5,G Ben Griffin G Jordan Spieth G Ryo Hisatsune G Daniel Berger G Jackson Suber G Ben Kohles,,,
829,5178799022,leznets2424 (3/10),0,544.5,G Ben Griffin G Jacob Bridgeman G Blades Brown G Max Homa G Emiliano Grillo G Austin Eckroat,,,
829,5178991284,jpreda (4/20),0,544.5,G Chris Gotterup G Doug Ghim G Ryo Hisatsune G Davis Thompson G Blades Brown G Patrick Rodgers,,,
829,5179053424,Naohockey (1/2),0,544.5,G Ben Griffin G Denny McCarthy G Ryo Hisatsune G Christiaan Bezuidenhout G Blades Brown G Jackson Suber,,,
829,5179497586,Brue1979 (18/20),0,544.5,G Ben Griffin G Jacob Bridgeman G Mac Meissner G Blades Brown G Emiliano Grillo G Keita Nakajima,,,
829,5179814668,kylehaeussler (2/20),0,544.5,G Jacob Bridgeman G Michael Thorbjornsen G Doug Ghim G Michael Brennan G Ben Kohles G Lee Hodges,,,
829,5180043727,texasfrog90 (9/14),0,544.5,G Chris Gotterup G Jordan Spieth G Mac Meissner G Aldrich Potgieter G Ben Kohles G Austin Eckroat,,,
829,5180043858,rgma (1/2),0,544.5,G Keegan Bradley G Jacob Bridgeman G Eric Cole G Tony Finau G Ben Kohles G Tom Hoge,,,
829,5180046606,epulsinelli (1/20),0,544.5,G Ben Griffin G Rickie Fowler G Ryo Hisatsune G Mac Meissner G Andrew Novak G Ben Kohles,,,
829,5180046607,epulsinelli (2/20),0,544.5,G Ben Griffin G Rickie Fowler G Ryo Hisatsune G Mac Meissner G Andrew Novak G Ben Kohles,,,
829,5180046608,epulsinelli (3/20),0,544.5,G Ben Griffin G Rickie Fowler G Ryo Hisatsune G Mac Meissner G Andrew Novak G Ben Kohles,,,
829,5180046609,epulsinelli (4/20),0,544.5,G Ben Griffin G Rickie Fowler G Ryo Hisatsune G Mac Meissner G Andrew Novak G Ben Kohles,,,
829,5180046610,epulsinelli (5/20),0,544.5,G Ben Griffin G Rickie Fowler G Ryo Hisatsune G Mac Meissner G Andrew Novak G Ben Kohles,,,
829,5180046611,epulsinelli (6/20),0,544.5,G Ben Griffin G Rickie Fowler G Ryo Hisatsune G Mac Meissner G Andrew Novak G Ben Kohles,,,
829,5180046612,epulsinelli (7/20),0,544.5,G Ben Griffin G Rickie Fowler G Ryo Hisatsune G Mac Meissner G Andrew Novak G Ben Kohles,,,
829,5180046613,epulsinelli (8/20),0,544.5,G Ben Griffin G Rickie Fowler G Ryo Hisatsune G Mac Meissner G Andrew Novak G Ben Kohles,,,
829,5180046614,epulsinelli (9/20),0,544.5,G Ben Griffin G Rickie Fowler G Ryo Hisatsune G Mac Meissner G Andrew Novak G Ben Kohles,,,
829,5180046615,epulsinelli (10/20),0,544.5,G Ben Griffin G Rickie Fowler G Ryo Hisatsune G Mac Meissner G Andrew Novak G Ben Kohles,,,
829,5180046616,epulsinelli (11/20),0,544.5,G Ben Griffin G Rickie Fowler G Ryo Hisatsune G Mac Meissner G Andrew Novak G Ben Kohles,,,
829,5180046617,epulsinelli (12/20),0,544.5,G Ben Griffin G Rickie Fowler G Ryo Hisatsune G Mac Meissner G Andrew Novak G Ben Kohles,,,
829,5180046618,epulsinelli (13/20),0,544.5,G Ben Griffin G Rickie Fowler G Ryo Hisatsune G Mac Meissner G Andrew Novak G Ben Kohles,,,
829,5180046619,epulsinelli (14/20),0,544.5,G Ben Griffin G Rickie Fowler G Ryo Hisatsune G Mac Meissner G Andrew Novak G Ben Kohles,,,
829,5180046620,epulsinelli (15/20),0,544.5,G Ben Griffin G Rickie Fowler G Ryo Hisatsune G Mac Meissner G Andrew Novak G Ben Kohles,,,
829,5180046621,epulsinelli (16/20),0,544.5,G Ben Griffin G Rickie Fowler G Ryo Hisatsune G Mac Meissner G Andrew Novak G Ben Kohles,,,
829,5180046622,epulsinelli (17/20),0,544.5,G Ben Griffin G Rickie Fowler G Ryo Hisatsune G Mac Meissner G Andrew Novak G Ben Kohles,,,
829,5180046623,epulsinelli (18/20),0,544.5,G Ben Griffin G Rickie Fowler G Ryo Hisatsune G Mac Meissner G Andrew Novak G Ben Kohles,,,
829,5180046624,epulsinelli (19/20),0,544.5,G Ben Griffin G Rickie Fowler G Ryo Hisatsune G Mac Meissner G Andrew Novak G Ben Kohles,,,
829,5180046625,epulsinelli (20/20),0,544.5,G Ben Griffin G Rickie Fowler G Ryo Hisatsune G Mac Meissner G Andrew Novak G Ben Kohles,,,
829,5180091503,silentjoe4 (5/10),0,544.5,G Chris Gotterup G Michael Thorbjornsen G Ryo Hisatsune G Blades Brown G Jackson Suber G Steven Fisk,,,
865,5178290659,chucklazaros,0,544,G Keith Mitchell G Jacob Bridgeman G Ryo Hisatsune G Christiaan Bezuidenhout G Stephan Jaeger G Tom Hoge,,,
865,5178427786,tedsellers86 (11/20),0,544,G Chris Gotterup G Keegan Bradley G Denny McCarthy G Jackson Suber G Ben Kohles G Fabian Gomez,,,
865,5178429488,ATLSeminole (1/9),0,544,G Keith Mitchell G Rickie Fowler G Doug Ghim G Christiaan Bezuidenhout G Jackson Suber G A.J. Ewart,,,
865,5178607812,hans2win (2/20),0,544,G J.T. Poston G Rickie Fowler G Doug Ghim G Ryo Hisatsune G Davis Thompson G Austin Eckroat,,,
865,5179501739,richardbdrk1 (1/4),0,544,G Chris Gotterup G Sungjae Im G Ryo Hisatsune G Christiaan Bezuidenhout G Blades Brown G Carson Young,,,
865,5179630216,PurplePain42 (6/20),0,544,G Chris Gotterup G Tom Kim G Christiaan Bezuidenhout G Daniel Berger G Max Homa G William Mouw,,,
865,5179965828,reeb,0,544,G Chris Gotterup G Ben Griffin G Tom Kim G Erik Van Rooyen G Mark Hubbard G Troy Merritt,,,
865,5180193639,bharpe1 (2/8),0,544,G Chris Gotterup G J.T. Poston G Michael Thorbjornsen G Blades Brown G Zach Johnson G Chandler Phillips,,,
865,5180235253,Aza-meeda (1/3),0,544,G Ben Griffin G Tom Kim G Doug Ghim G Daniel Berger G Jackson Suber G Ben Kohles,,,
874,5178239523,Sportmeister77 (16/20),0,543.5,G Keith Mitchell G Eric Cole G Tom Kim G Blades Brown G Emiliano Grillo G Ben Kohles,,,
874,5178629690,DDEMERIT3 (19/20),0,543.5,G Ben Griffin G Tom Kim G Doug Ghim G Blades Brown G Jackson Suber G A.J. Ewart,,,
874,5180010142,jpbugeater (11/20),0,543.5,G J.T. Poston G Pierceson Coody G Tom Kim G Doug Ghim G Emiliano Grillo G Ben Kohles,,,
874,5180034966,ctomsak (19/20),0,543.5,G J.T. Poston G Eric Cole G Doug Ghim G Matt Wallace G Jackson Suber G Zachary Bauchou,,,
874,5180225142,Lawboy15 (1/2),0,543.5,G Keegan Bradley G Jordan Spieth G Ryo Hisatsune G Davis Thompson G Blades Brown G Emiliano Grillo,,,
874,5180226273,weszy (19/20),0,543.5,G Chris Gotterup G Doug Ghim G Michael Brennan G Christiaan Bezuidenhout G Hao-Tong Li G Keita Nakajima,,,
874,5180234877,fillyfan2002 (8/20),0,543.5,G Keith Mitchell G Rickie Fowler G Tom Kim G Blades Brown G Ben Kohles G Stephan Jaeger,,,
881,5178782464,mknob87 (8/20),0,543,G Ben Griffin G Eric Cole G Christiaan Bezuidenhout G Blades Brown G John Keefer G Ben Kohles,,,
881,5179220402,rpough911 (9/10),0,543,G Eric Cole G Pierceson Coody G Tom Kim G Sungjae Im G Max Homa G Jackson Suber,,,
881,5179507368,vegasguy16 (7/20),0,543,G Chris Gotterup G Ben Griffin G Jackson Suber G Emiliano Grillo G Hao-Tong Li G Tom Hoge,,,
881,5179557144,Scorpion211 (2/5),0,543,G Chris Gotterup G Rickie Fowler G Ryo Hisatsune G Christiaan Bezuidenhout G Andrew Putnam G Carson Young,,,
881,5179765889,uni777444 (18/20),0,543,G Keegan Bradley G Rickie Fowler G Michael Brennan G Mac Meissner G Christiaan Bezuidenhout G Beau Hossler,,,
881,5179777656,ClovaGz34 (1/4),0,543,G Keegan Bradley G Eric Cole G Sungjae Im G Ryo Hisatsune G Blades Brown G Stephan Jaeger,,,
881,5180010141,jpbugeater (10/20),0,543,G J.T. Poston G Pierceson Coody G Tom Kim G Doug Ghim G Max McGreevy G Ben Kohles,,,
881,5180067623,Brunswick298 (5/5),0,543,G Jordan Spieth G Rickie Fowler G Doug Ghim G Sungjae Im G Tony Finau G Max Homa,,,
881,5180145661,ClovaGz34 (2/4),0,543,G Keegan Bradley G Eric Cole G Sungjae Im G Ryo Hisatsune G Blades Brown G Stephan Jaeger,,,
890,5178180752,HT1717 (1/2),0,542.5,G Chris Gotterup G Rickie Fowler G Pierceson Coody G Taylor Pendrith G Jackson Suber G Chandler Phillips,,,
890,5178363200,KielMoney28 (2/20),0,542.5,G Chris Gotterup G Jacob Bridgeman G J.T. Poston G Lucas Glover G Zach Johnson G Brian Campbell,,,
890,5178446062,mackers5757 (13/20),0,542.5,G J.T. Poston G Doug Ghim G Michael Brennan G Matt Wallace G Ryo Hisatsune G Andrew Putnam,,,
890,5178537544,ynot4greg21 (1/20),0,542.5,G Eric Cole G Michael Thorbjornsen G Pierceson Coody G Ryo Hisatsune G Jackson Suber G Ben Kohles,,,
890,5178720081,ScorpioHHH25 (2/3),0,542.5,G Ben Griffin G Keith Mitchell G Eric Cole G Ben Kohles G Chan Kim G Troy Merritt,,,
890,5178788001,freakazoid0,0,542.5,G Keith Mitchell G Rickie Fowler G Tom Kim G Blades Brown G Jackson Suber G Kevin Yu,,,
890,5179419138,ziggitywood (17/20),0,542.5,G Keith Mitchell G Tom Kim G Doug Ghim G Davis Thompson G Ben Kohles G Zachary Bauchou,,,
890,5179635250,rickybobby124,0,542.5,G Ben Griffin G Jordan Spieth G Ryo Hisatsune G Tony Finau G Emiliano Grillo G Kevin Yu,,,
890,5179710574,jkennedy4 (8/20),0,542.5,G Chris Gotterup G Tom Kim G Sungjae Im G Max Homa G Jackson Suber G Luke Clanton,,,
890,5179792631,theedeazz (14/20),0,542.5,G Chris Gotterup G Eric Cole G Ryo Hisatsune G Christiaan Bezuidenhout G Adrien Dumont De Chassart G Kevin Roy,,,
890,5179916430,raiderron93306 (13/20),0,542.5,G Jacob Bridgeman G Michael Thorbjornsen G Doug Ghim G Christiaan Bezuidenhout G Blades Brown G Max Homa,,,
890,5179924613,ChrisG95 (4/20),0,542.5,G Chris Gotterup G Keith Mitchell G Davis Thompson G Mac Meissner G Zach Johnson G Brian Campbell,,,
890,5179932899,thebodyspill (16/20),0,542.5,G Keegan Bradley G Jordan Spieth G Davis Thompson G Mac Meissner G Christiaan Bezuidenhout G Tony Finau,,,
890,5179972206,TE84 (7/9),0,542.5,G Tom Kim G Doug Ghim G Michael Brennan G Sungjae Im G Ryo Hisatsune G Blades Brown,,,
890,5179983583,mrdude (4/20),0,542.5,G Chris Gotterup G Michael Brennan G Davis Thompson G Sudarshan Yellamaraju G Max Homa G Nick Dunlap,,,
890,5180057468,Dea7hEa7er (7/20),0,542.5,G Keegan Bradley G Eric Cole G Tom Kim G Blades Brown G Jackson Suber G Emiliano Grillo,,,
890,5180091505,silentjoe4 (7/10),0,542.5,G Chris Gotterup G Jordan Spieth G Rico Hoey G Blades Brown G Tony Finau G Max Homa,,,
890,5180233202,bbair11 (4/4),0,542.5,G Keith Mitchell G Rickie Fowler G Tom Kim G Ryo Hisatsune G Jackson Suber G Tom Hoge,,,
908,5178243090,keysjam,0,542,G Jacob Bridgeman G Tom Kim G Matt Wallace G Ryo Hisatsune G Christiaan Bezuidenhout G Blades Brown,,,
908,5178261543,GenaroP (7/20),0,542,G Chris Gotterup G Keegan Bradley G Tom Kim G Matt Kuchar G Patrick Fishburn G Mark Hubbard,,,
908,5178583451,princepsmith (1/3),0,542,G Chris Gotterup G Eric Cole G Rickie Fowler G Carson Young G Stephan Jaeger G Zac Blair,,,
908,5178727567,ikeekatouchdown (4/4),0,542,G Jacob Bridgeman G Tom Kim G Matt Wallace G Ryo Hisatsune G Christiaan Bezuidenhout G Blades Brown,,,
908,5178737189,paintermanvc,0,542,G Jacob Bridgeman G Tom Kim G Matt Wallace G Ryo Hisatsune G Christiaan Bezuidenhout G Blades Brown,,,
908,5178920889,webercook,0,542,G J.T. Poston G Eric Cole G Sungjae Im G Ryo Hisatsune G Jackson Suber G Emiliano Grillo,,,
908,5179142041,Plug3154 (20/20),0,542,G Jacob Bridgeman G Tom Kim G Matt Wallace G Ryo Hisatsune G Christiaan Bezuidenhout G Blades Brown,,,
908,5179206396,JamesChrond,0,542,G Jacob Bridgeman G Tom Kim G Matt Wallace G Ryo Hisatsune G Christiaan Bezuidenhout G Blades Brown,,,
908,5179245105,sboynton10 (11/20),0,542,G Keith Mitchell G Jacob Bridgeman G Sungjae Im G Max Homa G Jackson Suber G Emiliano Grillo,,,
908,5179299624,oldstylelight,0,542,G Jacob Bridgeman G Tom Kim G Matt Wallace G Ryo Hisatsune G Christiaan Bezuidenhout G Blades Brown,,,
908,5179555194,Johnnysangels333 (1/4),0,542,G Keith Mitchell G J.T. Poston G Doug Ghim G Blades Brown G Jackson Suber G Austin Eckroat,,,
908,5179556259,Johnnysangels333 (2/4),0,542,G Keith Mitchell G J.T. Poston G Doug Ghim G Blades Brown G Jackson Suber G Austin Eckroat,,,
908,5179603934,minrobertson210 (2/5),0,542,G Ben Griffin G Keith Mitchell G Mac Meissner G Blades Brown G Andrew Putnam G Tom Hoge,,,
908,5179904928,Nonievaz (11/12),0,542,G Chris Gotterup G Doug Ghim G Matt Wallace G Blades Brown G Aldrich Potgieter G Beau Hossler,,,
908,5180010135,jpbugeater (4/20),0,542,G Jacob Bridgeman G Tom Kim G Matt Wallace G Ryo Hisatsune G Christiaan Bezuidenhout G Blades Brown,,,
908,5180095306,bschaper23 (6/20),0,542,G Chris Gotterup G Jacob Bridgeman G Davis Thompson G Jackson Suber G Seamus Power G Lee Hodges,,,
908,5180161683,firelight7 (1/3),0,542,G Keith Mitchell G Eric Cole G Ryo Hisatsune G Sudarshan Yellamaraju G Max Homa G Jackson Suber,,,
908,5180171024,firelight7 (2/3),0,542,G Keith Mitchell G Eric Cole G Ryo Hisatsune G Sudarshan Yellamaraju G Max Homa G Jackson Suber,,,
908,5180203883,rgn57,0,542,G Keith Mitchell G Jackson Koivun G Ryo Hisatsune G Blades Brown G Max Homa G Jackson Suber,,,
908,5180243166,Johnnysangels333 (3/4),0,542,G Keith Mitchell G J.T. Poston G Doug Ghim G Blades Brown G Jackson Suber G Austin Eckroat,,,
908,5180243167,Johnnysangels333 (4/4),0,542,G Keith Mitchell G J.T. Poston G Doug Ghim G Blades Brown G Jackson Suber G Austin Eckroat,,,
929,5178244917,Mousedef (10/20),0,541.5,G Keegan Bradley G Pierceson Coody G Tom Kim G Sungjae Im G Max Homa G Lee Hodges,,,
929,5178249877,tmusales (19/20),0,541.5,G Chris Gotterup G Jacob Bridgeman G Blades Brown G Taylor Moore G Ben Kohles G Andrew Putnam,,,
929,5178266279,stewie1963 (14/20),0,541.5,G Eric Cole G Tom Kim G Doug Ghim G Michael Brennan G Blades Brown G Emiliano Grillo,,,
929,5178266280,stewie1963 (15/20),0,541.5,G Eric Cole G Tom Kim G Doug Ghim G Michael Brennan G Blades Brown G Emiliano Grillo,,,
929,5178363217,KielMoney28 (19/20),0,541.5,G Chris Gotterup G Jackson Koivun G Davis Thompson G Blades Brown G Emiliano Grillo G Zac Blair,,,
929,5178473354,Knickeless (9/20),0,541.5,G Ben Griffin G Tom Kim G Michael Brennan G Ryo Hisatsune G Tony Finau G Preston Stout,,,
929,5178519337,dddtddd,0,541.5,G Jordan Spieth G Eric Cole G Tom Kim G Ryo Hisatsune G Christiaan Bezuidenhout G Stephan Jaeger,,,
929,5178520958,rpough911 (2/10),0,541.5,G Chris Gotterup G Ben Griffin G Eric Cole G Jackson Suber G Troy Merritt G Jeremy Paul,,,
929,5178690892,Tiny_Classified_Ads (16/20),0,541.5,G Jacob Bridgeman G Eric Cole G Tom Kim G Christiaan Bezuidenhout G Blades Brown G Kevin Yu,,,
929,5178694394,42Jasper (1/2),0,541.5,G Chris Gotterup G Jacob Bridgeman G Davis Thompson G Blades Brown G Carson Young G Zac Blair,,,
929,5178718989,borinick,0,541.5,G Chris Gotterup G Jacob Bridgeman G Tom Kim G Jackson Suber G Zac Blair G Jimmy Stanger,,,
929,5178735745,goofybh207 (13/20),0,541.5,G Chris Gotterup G Pierceson Coody G Sungjae Im G Blades Brown G Max McGreevy G Andrew Putnam,,,
929,5178839079,scooter8174 (19/20),0,541.5,G Jacob Bridgeman G Jordan Spieth G Tom Kim G Mac Meissner G Christiaan Bezuidenhout G Zac Blair,,,
929,5178956473,Cheng79 (5/17),0,541.5,G Chris Gotterup G Michael Brennan G Matt Wallace G Christiaan Bezuidenhout G Daniel Berger G Zac Blair,,,
929,5179215478,andybonds (3/12),0,541.5,G Ben Griffin G Eric Cole G Pierceson Coody G Ben Kohles G Zachary Bauchou G Tom Hoge,,,
929,5179904919,Nonievaz (2/12),0,541.5,G Chris Gotterup G Pierceson Coody G Doug Ghim G Christiaan Bezuidenhout G Aldrich Potgieter G David Skinns,,,
929,5179957606,fjrivera2463 (11/20),0,541.5,G Chris Gotterup G Keith Mitchell G Blades Brown G Emiliano Grillo G Ben Kohles G Garrick Higgo,,,
929,5180128160,Jamisonsdad1 (10/20),0,541.5,G Jordan Spieth G Eric Cole G Pierceson Coody G Michael Brennan G Ben Kohles G Stephan Jaeger,,,
947,5178313515,rumrunner72 (9/20),0,541,G Chris Gotterup G Eric Cole G Doug Ghim G Christiaan Bezuidenhout G Tony Finau G Jeremy Paul,,,
947,5178568133,yaya0130 (2/2),0,541,G Chris Gotterup G Jordan Spieth G Rickie Fowler G Blades Brown G Jackson Suber G Joe Highsmith,,,
947,5178648586,snifterful (1/6),0,541,G Chris Gotterup G Tom Kim G Sungjae Im G Jackson Suber G Ben Kohles G Carson Young,,,
947,5179372433,gdarb (5/11),0,541,G Keegan Bradley G Tom Kim G Doug Ghim G Christiaan Bezuidenhout G Tony Finau G Zecheng Dou,,,
947,5179425504,Mrs.VM2022 (1/2),0,541,G Keegan Bradley G Eric Cole G Ryo Hisatsune G Sudarshan Yellamaraju G Christiaan Bezuidenhout G Max Homa,,,
947,5179725888,hightopsfeet (1/5),0,541,G Chris Gotterup G Matt Wallace G Ryo Hisatsune G Max Greyserman G Christiaan Bezuidenhout G Andrew Putnam,,,
947,5179774975,cartfanusa,0,541,G Jacob Bridgeman G Eric Cole G Tom Kim G Blades Brown G Tony Finau G Max Homa,,,
947,5179934718,mt949 (1/20),0,541,G Chris Gotterup G Tom Kim G Sungjae Im G Jackson Suber G Ben Kohles G Carson Young,,,
947,5179987888,Niromada (8/20),0,541,G Jacob Bridgeman G Rickie Fowler G Tom Kim G Christiaan Bezuidenhout G Blades Brown G Zac Blair,,,
947,5180140807,gtsml (20/20),0,541,G Chris Gotterup G Jackson Koivun G Doug Ghim G Jackson Suber G Lucas Glover G Luke Clanton,,,
957,5178500935,Cards1640 (4/5),0,540.5,G Ben Griffin G Keegan Bradley G Jackson Suber G Kevin Yu G Ben Kohles G Hao-Tong Li,,,
957,5178509685,BeardyBoy (1/3),0,540.5,G Jordan Spieth G Rickie Fowler G Tom Kim G Mac Meissner G Christiaan Bezuidenhout G Blades Brown,,,
957,5178518803,BeardyBoy (2/3),0,540.5,G Jordan Spieth G Rickie Fowler G Tom Kim G Mac Meissner G Christiaan Bezuidenhout G Blades Brown,,,
957,5178740038,slasher2017 (2/8),0,540.5,G Chris Gotterup G Tom Kim G Doug Ghim G Matt Wallace G John Keefer G Tyler Duncan,,,
957,5178776865,Jazzy-14 (5/6),0,540.5,G Jordan Spieth G Rickie Fowler G Tom Kim G Mac Meissner G Christiaan Bezuidenhout G Blades Brown,,,
957,5178798049,clamdiggerball (18/20),0,540.5,G Ben Griffin G Jacob Bridgeman G Tom Kim G Ben Kohles G Austin Eckroat G Zach Johnson,,,
957,5178829033,warwagon1,0,540.5,G Eric Cole G Tom Kim G Sungjae Im G Ryo Hisatsune G Christiaan Bezuidenhout G Blades Brown,,,
957,5179223730,COLTSMITCH (3/3),0,540.5,G Ben Griffin G Eric Cole G Denny McCarthy G Blades Brown G Max Homa G Zac Blair,,,
957,5179379350,bobjustbob728 (8/20),0,540.5,G Jackson Koivun G Rickie Fowler G Doug Ghim G Matt Wallace G Max Homa G Jackson Suber,,,
957,5179419124,ziggitywood (3/20),0,540.5,G Ben Griffin G Pierceson Coody G Doug Ghim G John Keefer G Kevin Yu G Ben Kohles,,,
957,5179647838,FFScotty2,0,540.5,G Jordan Spieth G Rickie Fowler G Tom Kim G Mac Meissner G Christiaan Bezuidenhout G Blades Brown,,,
957,5179668889,kenplong (6/20),0,540.5,G Chris Gotterup G Michael Thorbjornsen G Doug Ghim G John Keefer G Ben Kohles G Zach Johnson,,,
957,5179850908,dbshankle,0,540.5,G Chris Gotterup G Jacob Bridgeman G Ryo Hisatsune G Tony Finau G Carson Young G Zac Blair,,,
957,5180010133,jpbugeater (2/20),0,540.5,G Chris Gotterup G Ben Griffin G Jackson Suber G Carson Young G Austin Smotherman G Stephan Jaeger,,,
971,5178284430,GatorsFan1960 (3/13),0,540,G Eric Cole G Rickie Fowler G Tom Kim G Ryo Hisatsune G Blades Brown G Max McGreevy,,,
971,5178374525,jsamp17 (15/20),0,540,G Chris Gotterup G Doug Ghim G Sudarshan Yellamaraju G Mac Meissner G Daniel Berger G Ben Kohles,,,
971,5178412495,edarbz9 (13/20),0,540,G Keith Mitchell G Eric Cole G Doug Ghim G Christiaan Bezuidenhout G Ben Kohles G Adam Svensson,,,
971,5178546258,chickquan (2/3),0,540,G J.T. Poston G Pierceson Coody G Doug Ghim G Sungjae Im G Max Homa G Emiliano Grillo,,,
971,5178843346,Buffnutts (1/2),0,540,G Chris Gotterup G Jacob Bridgeman G Tom Kim G Austin Smotherman G Stephan Jaeger G Tom Hoge,,,
971,5179441017,gahcpa,0,540,G Chris Gotterup G Jacob Bridgeman G Ryo Hisatsune G Blades Brown G Carson Young G Tom Hoge,,,
971,5179610616,jpreda (8/20),0,540,G Chris Gotterup G Ben Griffin G Rickie Fowler G Lucas Glover G David Skinns G Adam Schenk,,,
971,5179659460,cwcarroll2 (13/20),0,540,G Chris Gotterup G Rickie Fowler G Christiaan Bezuidenhout G Blades Brown G Carson Young G Karl Vilips,,,
971,5179677058,jimvoodoo89 (1/2),0,540,G Ben Griffin G Keith Mitchell G Blades Brown G Tony Finau G Max Homa G Chan Kim,,,
971,5179756164,uni777444 (12/20),0,540,G Chris Gotterup G Rickie Fowler G Blades Brown G Tony Finau G Jackson Suber G Taylor Moore,,,
971,5179886087,hightopsfeet (4/5),0,540,G Chris Gotterup G Ben Griffin G Sudarshan Yellamaraju G Blades Brown G David Lipsky G Harry Higgs,,,
971,5180042362,tdriver22671 (5/10),0,540,G Chris Gotterup G Ben Griffin G Matt Wallace G Matt Kuchar G Zach Johnson G John VanDerLaan,,,
971,5180068300,CartoGuy (7/20),0,540,G Chris Gotterup G Eric Cole G Ryo Hisatsune G Davis Thompson G Seamus Power G Zach Johnson,,,
971,5180149693,henry296 (14/20),0,540,G Chris Gotterup G Matt Wallace G Ryo Hisatsune G Mac Meissner G Tony Finau G Andrew Novak,,,
971,5180218364,winstonwahoos (4/4),0,540,G Chris Gotterup G Pierceson Coody G Davis Thompson G Blades Brown G Jackson Suber G Andrew Novak,,,
971,5180239674,3lbfrill (1/2),0,540,G Keith Mitchell G Jordan Spieth G Matt Wallace G Ryo Hisatsune G Ben Kohles G Austin Smotherman,,,
987,5178249871,tmusales (13/20),0,539.5,G Chris Gotterup G Doug Ghim G Ryo Hisatsune G Aldrich Potgieter G Andrew Novak G Ben Kohles,,,
987,5178607820,hans2win (10/20),0,539.5,G Keegan Bradley G Eric Cole G Rickie Fowler G Tony Finau G Jackson Suber G Emiliano Grillo,,,
987,5179026637,mrfantasynascar (19/20),0,539.5,G Chris Gotterup G Doug Ghim G Sungjae Im G Rico Hoey G Ben Kohles G Zachary Bauchou,,,
987,5179344130,moxiez (3/10),0,539.5,G Chris Gotterup G Rickie Fowler G Sungjae Im G Taylor Pendrith G Jackson Suber G Zach Johnson,,,
987,5179441722,R.Bobby (4/6),0,539.5,G Keith Mitchell G Eric Cole G Denny McCarthy G Mac Meissner G Max Homa G Jackson Suber,,,
987,5179565069,TheKid2430 (5/20),0,539.5,G Jacob Bridgeman G Rickie Fowler G Michael Brennan G Ryo Hisatsune G Blades Brown G Max McGreevy,,,
987,5179669009,dcuff (9/20),0,539.5,G Ben Griffin G Tom Kim G Doug Ghim G Mac Meissner G Emiliano Grillo G Austin Eckroat,,,
987,5179670009,stink8510 (1/4),0,539.5,G Chris Gotterup G Tom Kim G Doug Ghim G Taylor Pendrith G Blades Brown G David Lipsky,,,
987,5179706887,binghab (9/12),0,539.5,G Eric Cole G Rickie Fowler G Pierceson Coody G Matt Wallace G Tony Finau G Max Homa,,,
987,5179777582,raiderron93306 (3/20),0,539.5,G Chris Gotterup G Jordan Spieth G Mac Meissner G Ben Kohles G Carson Young G Austin Eckroat,,,
987,5179853657,tlherman (1/3),0,539.5,G Chris Gotterup G Jordan Spieth G Sudarshan Yellamaraju G Blades Brown G Max Homa G Andrew Putnam,,,
987,5179904922,Nonievaz (5/12),0,539.5,G Chris Gotterup G Doug Ghim G Michael Brennan G Max Greyserman G Blades Brown G David Skinns,,,
987,5180057465,Dea7hEa7er (4/20),0,539.5,G Jacob Bridgeman G Pierceson Coody G Tom Kim G Christiaan Bezuidenhout G Blades Brown G Jackson Suber,,,
987,5180079598,Waggnr1 (2/3),0,539.5,G Rickie Fowler G Tom Kim G Sungjae Im G Matt Wallace G Ryo Hisatsune G Max Homa,,,
987,5180099989,walkdaddy8 (3/20),0,539.5,G Chris Gotterup G Doug Ghim G Sungjae Im G Rico Hoey G Ben Kohles G Zachary Bauchou,,,
987,5180199267,leonlover07 (8/20),0,539.5,G Chris Gotterup G Pierceson Coody G Ryo Hisatsune G Blades Brown G John Keefer G Emiliano Grillo,,,