Rank,EntryId,EntryName,TimeRemaining,Points,Lineup,,Player,Roster Position,%Drafted,FPTS
1,5183631402,rocklobba,0,583.5,G Matt Fitzpatrick G Wyndham Clark G Min Woo Lee G Nicolai Hojgaard G Tom Kim G Victor Perez,,Alex Fitzpatrick,G,34.19%,24.5
2,5183917372,RLLilli,0,569,G Matt Fitzpatrick G Tommy Fleetwood G Robert MacIntyre G Patrick Reed G Tom Kim G Austin Eckroat,,Matt Fitzpatrick,G,30.28%,106.5
3,5185465296,shadyhskr,0,566,G Matt Fitzpatrick G Robert MacIntyre G Tyrrell Hatton G Kurt Kitayama G Tom Kim G Austin Eckroat,,Tommy Fleetwood,G,25.10%,77.5
4,5184473060,sigmaderby1,0,562,G Matt Fitzpatrick G Robert MacIntyre G Tyrrell Hatton G Tom Kim G Brian Harman G Tom McKibbin,,Tyrrell Hatton,G,24.93%,85
5,5184620313,WillieTheWimp,0,558.5,G Matt Fitzpatrick G Robert MacIntyre G Min Woo Lee G Aaron Rai G Tom Kim G Jordan L. Smith,,Wyndham Clark,G,22.41%,85
6,5184197947,tkanne24,0,556.5,G Tommy Fleetwood G Robert MacIntyre G Justin Thomas G Min Woo Lee G Tom Kim G Tom McKibbin,,Nicolai Hojgaard,G,21.03%,69
6,5184585953,cjharden,0,556.5,G Wyndham Clark G Robert MacIntyre G Tyrrell Hatton G Nicolai Hojgaard G Tom Kim G Victor Perez,,Tom Kim,G,20.39%,123.5
6,5184676454,bbbmoney,0,556.5,G Matt Fitzpatrick G Tommy Fleetwood G Tyrrell Hatton G Patrick Reed G Tom Kim G Francesco Molinari,,Shane Lowry,G,19.11%,29
9,5184705957,atjorace,0,555,G Matt Fitzpatrick G Tommy Fleetwood G Tyrrell Hatton G Tom Kim G Jordan L. Smith G Victor Perez,,Chris Gotterup,G,17.90%,79
10,5185263724,caseyb0710,0,554,G Tommy Fleetwood G Robert MacIntyre G Tyrrell Hatton G Patrick Reed G Tom Kim G Ryan Fox,,Robert MacIntyre,G,15.71%,110.5
11,5183581916,redfish611,0,551,G Rory McIlroy G Min Woo Lee G Tom Kim G Eugenio Lopez-Chacarra G Ryan Fox G Victor Perez,,Rory McIlroy,G,15.34%,92
11,5183924468,LSUTom123,0,551,G Wyndham Clark G Viktor Hovland G Robert MacIntyre G Nicolai Hojgaard G Tom Kim G Victor Perez,,Ludvig Aberg,G,14.74%,29.5
13,5184032002,bnast32,0,544.5,G Wyndham Clark G Robert MacIntyre G Tyrrell Hatton G Nicolai Hojgaard G Tom Kim G Mac Meissner,,Patrick Reed,G,14.50%,80
14,5184410124,drknkboot,0,544,G Matt Fitzpatrick G Wyndham Clark G Robert MacIntyre G Tom Kim G Corey Conners G Jesper Svensson,,Kristoffer Reitan,G,13.32%,24.5
15,5184797595,ShickTim,0,540.5,G Wyndham Clark G Robert MacIntyre G Tyrrell Hatton G Nicolai Hojgaard G Tom Kim G Brian Harman,,Aaron Rai,G,12.95%,23
16,5184815116,Csurcek,0,539,G Matt Fitzpatrick G Tommy Fleetwood G Wyndham Clark G Tom Kim G Victor Perez G Oliver Lindell,,Oliver Lindell,G,11.71%,63
17,5184197514,OzarkMindhunter,0,537,G Matt Fitzpatrick G Chris Gotterup G Si Woo Kim G Tom Kim G Brian Harman G Nick Taylor,,Sahith Theegala,G,11.41%,54
18,5183963250,silencer17,0,536.5,G Matt Fitzpatrick G Tommy Fleetwood G Wyndham Clark G Tom Kim G Victor Perez G Jesper Svensson,,Justin Thomas,G,10.63%,60
19,5184137336,coldcut1984,0,534.5,G Matt Fitzpatrick G Chris Gotterup G Wyndham Clark G Tom Kim G Ryan Fox G Oliver Lindell,,Xander Schauffele,G,9.89%,22.5
19,5184742643,natejacobson1,0,534.5,G Matt Fitzpatrick G Tyrrell Hatton G Si Woo Kim G Nicolai Hojgaard G Tom Kim G Jesper Svensson,,Kurt Kitayama,G,9.39%,69.5
21,5184285493,TheBlueFinch,0,534,G Wyndham Clark G Robert MacIntyre G Tyrrell Hatton G Kurt Kitayama G Tom Kim G Jesper Svensson,,Scottie Scheffler,G,8.98%,30
22,5183620799,mpontrich,0,533,G Matt Fitzpatrick G Tommy Fleetwood G Wyndham Clark G Tom Kim G Ryan Fox G Oliver Lindell,,Corey Conners,G,8.65%,58
22,5183789890,tbird1957,0,533,G Matt Fitzpatrick G Wyndham Clark G Robert MacIntyre G Patrick Reed G Tom Kim G Grant Forrest,,Viktor Hovland,G,8.41%,79.5
22,5184000905,primero0322,0,533,G Matt Fitzpatrick G Tommy Fleetwood G Wyndham Clark G Tom Kim G Ryan Fox G Oliver Lindell,,Adam Scott,G,7.94%,55.5
25,5183578664,Hermes2436,0,532,G Matt Fitzpatrick G Tommy Fleetwood G Wyndham Clark G Tom Kim G Jordan L. Smith G Jesper Svensson,,Si Woo Kim,G,7.91%,90
26,5185159813,Donny521Mac,0,530,G Rory McIlroy G Robert MacIntyre G Tom Kim G Michael Brennan G Ryan Fox G Oliver Lindell,,Eugenio Lopez-Chacarra,G,7.74%,58.5
27,5183546408,oldschool24,0,528.5,G Matt Fitzpatrick G Tommy Fleetwood G Wyndham Clark G Tom Kim G Mac Meissner G Nicolas Echavarria,,Brian Harman,G,7.10%,67.5
27,5184239102,Human_Tripod,0,528.5,G Wyndham Clark G Robert MacIntyre G Min Woo Lee G Nicolai Hojgaard G Alex Fitzpatrick G Tom Kim,,Marco Penge,G,6.56%,30
29,5184916184,scscott0212,0,527,G Wyndham Clark G Robert MacIntyre G Tyrrell Hatton G Nicolai Hojgaard G Tom Kim G Sahith Theegala,,Jake Knapp,G,6.49%,24
29,5185123247,bku0816,0,527,G Wyndham Clark G Robert MacIntyre G Tyrrell Hatton G Justin Thomas G Tom Kim G Oliver Lindell,,Jesper Svensson,G,6.36%,60.5
31,5185481430,Ricolasvegas3,0,525.5,G Viktor Hovland G Robert MacIntyre G Tyrrell Hatton G Nicolai Hojgaard G Tom Kim G Corey Conners,,Min Woo Lee,G,5.82%,116
32,5183583421,RynosFurever,0,523.5,G Matt Fitzpatrick G Robert MacIntyre G Tyrrell Hatton G Patrick Reed G Corey Conners G Victor Perez,,Doug Ghim,G,5.25%,31.5
32,5184090523,Majik1016,0,523.5,G Matt Fitzpatrick G Si Woo Kim G Kurt Kitayama G Min Woo Lee G Tom Kim G Sungjae Im,,Ryan Fox,G,5.18%,77.5
34,5184555405,jbrandt20,0,522.5,G Matt Fitzpatrick G Tyrrell Hatton G Justin Thomas G Patrick Reed G Tom Kim G Brian Harman,,Jon Rahm,G,5.11%,69
34,5184892145,dd3877,0,522.5,G Matt Fitzpatrick G Tyrrell Hatton G Kurt Kitayama G Nicolai Hojgaard G Tom Kim G Tom McKibbin,,Ryan Gerard,G,5.08%,71.5
34,5184942220,CFinch,0,522.5,G Chris Gotterup G Robert MacIntyre G Min Woo Lee G Nicolai Hojgaard G Alex Fitzpatrick G Tom Kim,,Brooks Koepka,G,5.05%,32
34,5185388196,jjobergfell,0,522.5,G Chris Gotterup G Robert MacIntyre G Min Woo Lee G Nicolai Hojgaard G Alex Fitzpatrick G Tom Kim,,Eric Cole,G,4.64%,47
38,5183815010,itsallamirage,0,522,G Tommy Fleetwood G Wyndham Clark G Robert MacIntyre G Tom Kim G Corey Conners G Brian Harman,,Bud Cauley,G,4.61%,14
38,5184553928,Chewdog68,0,522,G Matt Fitzpatrick G Tommy Fleetwood G Robert MacIntyre G Patrick Reed G Ryan Fox G Laurie Canter,,David Puig,G,4.51%,36
40,5184261517,derek831,0,521.5,G Chris Gotterup G Tyrrell Hatton G Justin Thomas G Min Woo Lee G Tom Kim G Corey Conners,,Victor Perez,G,4.51%,83.5
41,5184987737,frenaldi,0,520.5,G Matt Fitzpatrick G Si Woo Kim G Min Woo Lee G Shane Lowry G Adam Scott G Tom Kim,,Harris English,G,4.44%,25.5
42,5185300191,Sheening,0,520,G Rory McIlroy G Robert MacIntyre G Tom Kim G Michael Thorbjornsen G Tom McKibbin G Thorbjorn Olesen,,Patrick Cantlay,G,4.21%,31
42,5185317003,mrbubbles88,0,520,G Tommy Fleetwood G Wyndham Clark G Tyrrell Hatton G Patrick Reed G Tom Kim G Tom McKibbin,,Sepp Straka,G,3.53%,30
44,5184475927,beeman1031,0,519,G Matt Fitzpatrick G Wyndham Clark G Tyrrell Hatton G Tom Kim G Eugenio Lopez-Chacarra G Jesper Svensson,,J.J. Spaun,G,3.43%,66
44,5184872337,SaLTeY,0,519,G Robert MacIntyre G Tyrrell Hatton G Justin Thomas G Min Woo Lee G Patrick Reed G Brian Harman,,Austin Eckroat,G,3.10%,71
46,5184595733,Willis59,0,518.5,G Matt Fitzpatrick G Robert MacIntyre G Si Woo Kim G Patrick Reed G Sahith Theegala G Ryan Fox,,Matt Wallace,G,2.89%,20.5
47,5183594792,jpreiss,0,518,G Matt Fitzpatrick G Tommy Fleetwood G Robert MacIntyre G Shane Lowry G Tom Kim G Austin Eckroat,,Sam Stevens,G,2.76%,26.5
48,5183712253,kbw612,0,516.5,G Matt Fitzpatrick G Chris Gotterup G Tyrrell Hatton G Tom Kim G Eugenio Lopez-Chacarra G Calum Hill,,Alex Smalley,G,2.69%,24
48,5184398230,fairwayhitter,0,516.5,G Matt Fitzpatrick G Tommy Fleetwood G Nicolai Hojgaard G Tom Kim G Doug Ghim G John Keefer,,Mac Meissner,G,2.66%,71.5
48,5184835654,evanj30,0,516.5,G Matt Fitzpatrick G Wyndham Clark G Nicolai Hojgaard G Tom Kim G Michael Brennan G Tom McKibbin,,Nick Taylor,G,2.59%,70.5
51,5184368631,laser1064,0,515,G Matt Fitzpatrick G Chris Gotterup G Wyndham Clark G Tom Kim G Corey Conners G Oliver Lindell,,Kevin Yu,G,2.52%,28.5
51,5184878611,ebibby5,0,515,G Rory McIlroy G Wyndham Clark G Tom Kim G Mac Meissner G Rasmus Hojgaard G Jesper Svensson,,Rasmus Hojgaard,G,2.52%,82.5
53,5184424499,lfryo,0,514.5,G Matt Fitzpatrick G Tommy Fleetwood G Chris Gotterup G Patrick Reed G John Keefer G Oliver Lindell,,Jordan L. Smith,G,2.36%,79
54,5185168267,oouno,0,514,G Matt Fitzpatrick G Si Woo Kim G Justin Thomas G Patrick Reed G Tom Kim G Sahith Theegala,,Aldrich Potgieter,G,2.32%,32
55,5185303200,Circleville1,0,513.5,G Matt Fitzpatrick G Robert MacIntyre G Kurt Kitayama G Tom Kim G Harry Hall G Ryan Fox,,Harry Hall,G,2.29%,26
56,5184209426,ggtvb1,0,513,G Matt Fitzpatrick G Viktor Hovland G Robert MacIntyre G Patrick Reed G Mac Meissner G Ricky Castillo,,Ricky Castillo,G,2.29%,65
56,5185047863,jroman1950,0,513,G Matt Fitzpatrick G Robert MacIntyre G Tyrrell Hatton G Alex Fitzpatrick G Tom Kim G Oliver Lindell,,Sungjae Im,G,2.29%,18
58,5184656107,Steelballs505,0,512.5,G Matt Fitzpatrick G Viktor Hovland G Min Woo Lee G Shane Lowry G Tom Kim G Corey Conners,,Alex Noren,G,2.15%,20
59,5184850603,RickyBrett,0,512,G Tommy Fleetwood G Chris Gotterup G Robert MacIntyre G Tom Kim G Brian Harman G Sahith Theegala,,Bernd Wiesberger,G,2.12%,32.5
60,5185259668,Carolinakidz,0,510.5,G Chris Gotterup G Wyndham Clark G Robert MacIntyre G Tom Kim G Eugenio Lopez-Chacarra G Sahith Theegala,,Nicolas Echavarria,G,2.12%,64.5
61,5185387527,dmcbrickster,0,510,G Matt Fitzpatrick G Chris Gotterup G Wyndham Clark G Tom Kim G Victor Perez G Bernd Wiesberger,,Michael Brennan,G,2.09%,63.5
62,5185458630,BigDumbAnimal19,0,509.5,G Matt Fitzpatrick G Ludvig Aberg G Robert MacIntyre G Tom Kim G Jordan L. Smith G Jesper Svensson,,Angel Ayora Fanegas,G,2.02%,29
63,5183788053,Scodie,0,509,G Matt Fitzpatrick G Robert MacIntyre G Tyrrell Hatton G Aaron Rai G Tom Kim G Jesper Svensson,,Grant Forrest,G,2.02%,27.5
64,5184841505,otterkc,0,508.5,G Matt Fitzpatrick G Tommy Fleetwood G Robert MacIntyre G Tom Kim G Sam Stevens G Sudarshan Yellamaraju,,Andrew Putnam,G,2.02%,58.5
65,5184148419,coachspath1,0,508,G Matt Fitzpatrick G Tommy Fleetwood G Kurt Kitayama G Tom Kim G Michael Brennan G Brian Harman,,Tom McKibbin,G,1.95%,69
65,5184985773,HitThePacecar4651,0,508,G Matt Fitzpatrick G Robert MacIntyre G Tyrrell Hatton G Adam Scott G Ryan Gerard G Matti Schmid,,John Parry,G,1.92%,18
67,5185467623,brad8069,0,507,G Rory McIlroy G Tommy Fleetwood G Tom Kim G Brian Harman G Victor Perez G Oliver Lindell,,Padraig Harrington,G,1.88%,17
68,5183795154,Brneely24,0,506.5,G Chris Gotterup G Wyndham Clark G Tyrrell Hatton G Patrick Reed G Tom Kim G Sahith Theegala,,Calum Hill,G,1.72%,64
68,5184827909,Thuff5,0,506.5,G Matt Fitzpatrick G Chris Gotterup G Wyndham Clark G Tom Kim G Sahith Theegala G Andrew Putnam,,Hennie Du Plessis,G,1.68%,53
68,5185160087,Montymack23,0,506.5,G Wyndham Clark G Viktor Hovland G Robert MacIntyre G Tyrrell Hatton G Tom Kim G Richard Sterne,,Sudarshan Yellamaraju,G,1.62%,64
71,5183666762,Tpafla25,0,506,G Tommy Fleetwood G Robert MacIntyre G Min Woo Lee G Aaron Rai G Adam Scott G Tom Kim,,Michael Kim,G,1.58%,27
72,5184573181,astrosfan3434,0,505,G Chris Gotterup G Wyndham Clark G Tyrrell Hatton G Kurt Kitayama G Tom Kim G Oliver Lindell,,Matthew McCarty,G,1.55%,31.5
72,5185459739,StayWiggins,0,505,G Chris Gotterup G Wyndham Clark G Tyrrell Hatton G Kurt Kitayama G Tom Kim G Oliver Lindell,,Antoine Rozner,G,1.45%,36
74,5183554387,Berzerker1927,0,504.5,G Wyndham Clark G Robert MacIntyre G Tyrrell Hatton G Aaron Rai G Tom Kim G Ryan Fox,,Ewen Ferguson,G,1.41%,34
74,5184167567,derektreybig,0,504.5,G Chris Gotterup G Robert MacIntyre G Tyrrell Hatton G Shane Lowry G Tom Kim G Ryan Fox,,Matti Schmid,G,1.38%,79
76,5184674930,Circle_Esquire,0,504,G Matt Fitzpatrick G Tyrrell Hatton G Min Woo Lee G Nicolai Hojgaard G Eugenio Lopez-Chacarra G Tom McKibbin,,Marcus Armitage,G,1.38%,72
76,5185448505,erictheflea,0,504,G Tommy Fleetwood G Chris Gotterup G Si Woo Kim G Patrick Reed G Tom Kim G Sahith Theegala,,Jayden Trey Schaper,G,1.18%,32.5
78,5184619518,logan7777,0,503.5,G Matt Fitzpatrick G Wyndham Clark G Justin Thomas G Tom Kim G Corey Conners G Nick Taylor,,Daniel Hillier,G,1.11%,23
78,5185456812,Wulf150,0,503.5,G Tommy Fleetwood G Robert MacIntyre G Si Woo Kim G Alex Fitzpatrick G Tom Kim G Ryan Fox,,Kota Kaneko,G,1.11%,18.5
78,5185471553,Stoneman7459,0,503.5,G Rory McIlroy G Chris Gotterup G Robert MacIntyre G Jesper Svensson G Alejandro Del Rey G Francesco Molinari,,Erik Van Rooyen,G,1.08%,29
81,5185080077,luvclubs,0,502.5,G Jon Rahm G Robert MacIntyre G Nicolai Hojgaard G Tom Kim G Brian Harman G Oliver Lindell,,Billy Horschel,G,1.01%,25
82,5184800140,obeastone,0,501.5,G Matt Fitzpatrick G Robert MacIntyre G Nicolai Hojgaard G Alex Fitzpatrick G Tom Kim G Brian Harman,,Hao-Tong Li,G,0.98%,28.5
83,5185424481,otbjoe,0,501,G Rory McIlroy G Chris Gotterup G Min Woo Lee G Patrick Reed G Oliver Lindell G Austin Eckroat,,Pierceson Coody,G,0.94%,21
84,5184195469,Sloanster,0,500.5,G Matt Fitzpatrick G Tommy Fleetwood G Si Woo Kim G Tom Kim G Matt Wallace G Rasmus Hojgaard,,Mikael Lindberg,G,0.84%,70.5
84,5184259522,BEARATTACK,0,500.5,G Matt Fitzpatrick G Tommy Fleetwood G Si Woo Kim G Patrick Reed G Victor Perez G Oliver Lindell,,Alejandro Del Rey,G,0.84%,77.5
84,5184736527,haakee,0,500.5,G Matt Fitzpatrick G Robert MacIntyre G Min Woo Lee G Marco Penge G Tom Kim G Bud Cauley,,Andrew Novak,G,0.84%,48.5
84,5185245541,Rymac11,0,500.5,G Matt Fitzpatrick G Chris Gotterup G Wyndham Clark G Tom Kim G Jordan L. Smith G Grant Forrest,,Max Greyserman,G,0.77%,65
88,5185217563,jmc2501,0,500,G Tommy Fleetwood G Tyrrell Hatton G Min Woo Lee G Nicolai Hojgaard G Shane Lowry G Tom Kim,,Zachary Bauchou,G,0.74%,28
89,5184694576,onealrac11,0,499.5,G Rory McIlroy G Tommy Fleetwood G Tom Kim G Corey Conners G Ryan Fox G Austin Eckroat,,Daniel Rodrigues,G,0.74%,23.5
90,5183556109,pineda01,0,499,G Matt Fitzpatrick G Kurt Kitayama G Harris English G Min Woo Lee G Tom Kim G Corey Conners,,Darius Van Driel,G,0.71%,65
90,5184828762,rlbender,0,499,G Matt Fitzpatrick G Robert MacIntyre G Tyrrell Hatton G Tom Kim G Eric Cole G Sam Stevens,,Casey Jarvis,G,0.67%,74.5
92,5185253387,ryanmiles1,0,498.5,G Rory McIlroy G Tommy Fleetwood G Robert MacIntyre G Rasmus Hojgaard G Darius Van Driel G Austin Eckroat,,Michael Thorbjornsen,G,0.67%,96.5
93,5183952605,23luck,0,497.5,G Matt Fitzpatrick G Wyndham Clark G Tyrrell Hatton G Nicolai Hojgaard G Tom Kim G Joakim Lagergren,,Niklas Norgaard Moller,G,0.64%,25.5
93,5184396444,Vegas50,0,497.5,G Matt Fitzpatrick G Tommy Fleetwood G Kurt Kitayama G Min Woo Lee G Brian Harman G Jesper Svensson,,Rasmus Neergaard-Petersen,G,0.64%,69
95,5184247483,kylehaeussler,0,497,G Chris Gotterup G Robert MacIntyre G Kurt Kitayama G Min Woo Lee G Eugenio Lopez-Chacarra G Michael Brennan,,Taylor Moore,G,0.57%,17.5
96,5184249791,hightopsfeet,0,496.5,G Tommy Fleetwood G Wyndham Clark G Robert MacIntyre G Min Woo Lee G Jordan L. Smith G Hao-Tong Li,,Baekjun Kim,G,0.57%,18.5
96,5185409699,jimmysteam,0,496.5,G Matt Fitzpatrick G Wyndham Clark G Tyrrell Hatton G Tom Kim G Doug Ghim G Ricky Castillo,,John Keefer,G,0.54%,108.5
96,5185481458,ebaue741,0,496.5,G Matt Fitzpatrick G Viktor Hovland G Min Woo Lee G Nicolai Hojgaard G Ryan Gerard G Sahith Theegala,,Laurie Canter,G,0.54%,70
99,5184466001,jsmitti8,0,496,G Wyndham Clark G Robert MacIntyre G Tyrrell Hatton G Alex Fitzpatrick G Tom Kim G Brian Harman,,Adrian Meronk,G,0.54%,28.5
99,5184475391,AJLew,0,496,G Matt Fitzpatrick G Ludvig Aberg G Si Woo Kim G Tom Kim G Victor Perez G Oliver Lindell,,Thorbjorn Olesen,G,0.54%,28.5
99,5184969037,Pageusc7,0,496,G Matt Fitzpatrick G Robert MacIntyre G Si Woo Kim G Min Woo Lee G Sahith Theegala G Austin Smotherman,,Brandt Snedeker,G,0.50%,22.5
102,5183728139,chadybowls,0,495.5,G Rory McIlroy G Min Woo Lee G Patrick Reed G Tom Kim G Sahith Theegala G Sepp Straka,,Dan Bradbury,G,0.50%,43.5
103,5183517429,Thebillsrock,0,494.5,G Tommy Fleetwood G Tyrrell Hatton G Justin Thomas G Kurt Kitayama G Tom Kim G Jordan L. Smith,,Shaun Norris,G,0.47%,70.5
103,5184066390,jrstanjr,0,494.5,G Chris Gotterup G Wyndham Clark G Tyrrell Hatton G Tom Kim G Eugenio Lopez-Chacarra G Michael Brennan,,Matthieu Pavon,G,0.47%,20.5
103,5184931119,ronron670,0,494.5,G Matt Fitzpatrick G Chris Gotterup G Kurt Kitayama G Adam Scott G Tom Kim G Jesper Svensson,,Richard Mansell,G,0.44%,25.5
103,5185390848,WhittBreaker,0,494.5,G Matt Fitzpatrick G Tommy Fleetwood G Si Woo Kim G Ryan Gerard G Ryan Fox G Mac Meissner,,Max McGreevy,G,0.40%,27
107,5185082682,tylerbbowen,0,494,G Matt Fitzpatrick G Tommy Fleetwood G Wyndham Clark G Tom Kim G Corey Conners G Dan Bradbury,,Joost Luiten,G,0.37%,76
108,5183521166,bcwinter,0,493.5,G Matt Fitzpatrick G Robert MacIntyre G Si Woo Kim G Ryan Gerard G Doug Ghim G Victor Perez,,Mark Hubbard,G,0.37%,21.5
108,5184671568,mewsikboy,0,493.5,G Matt Fitzpatrick G Wyndham Clark G Tyrrell Hatton G Patrick Reed G Corey Conners G Matti Schmid,,Nicolai Von Dellingshausen,G,0.37%,62
108,5184796142,CDogg11,0,493.5,G Matt Fitzpatrick G Si Woo Kim G Justin Thomas G Adam Scott G Tom Kim G Corey Conners,,Nacho Elvira,G,0.34%,47
111,5183928359,Davedk23,0,493,G Tommy Fleetwood G Robert MacIntyre G Tyrrell Hatton G Shane Lowry G Tom Kim G Brian Harman,,Marcel Siem,G,0.34%,21
111,5184979382,lachlan1,0,493,G Rory McIlroy G Kurt Kitayama G Min Woo Lee G Marco Penge G Tom Kim G Nicolai Von Dellingshausen,,Adrian Otaegui,G,0.30%,21
111,5185450654,THEBMZ,0,493,G Rory McIlroy G Tyrrell Hatton G Nicolai Hojgaard G Tom Kim G Jesper Svensson G Oliver Lindell,,Andy Sullivan,G,0.30%,69.5
114,5185470652,foofighters1977,0,492.5,G Matt Fitzpatrick G Robert MacIntyre G Nicolai Hojgaard G Alex Fitzpatrick G Tom Kim G Eugenio Lopez-Chacarra,,Chris Kirk,G,0.30%,65
115,5185327849,jusa300856,0,492,G Matt Fitzpatrick G Wyndham Clark G Tyrrell Hatton G Shane Lowry G Tom Kim G Oliver Lindell,,Francesco Molinari,G,0.30%,84
116,5184993758,jkoon4201,0,491.5,G Rory McIlroy G Matt Fitzpatrick G Tom Kim G Jordan L. Smith G Oliver Lindell G Grant Forrest,,Austin Smotherman,G,0.30%,19
117,5185172989,elked12,0,491,G Matt Fitzpatrick G Tommy Fleetwood G Wyndham Clark G Patrick Reed G Victor Perez G Andrew Putnam,,Davis Riley,G,0.27%,58.5
118,5183803960,Cubbiesftw23,0,490.5,G Tommy Fleetwood G Chris Gotterup G Tyrrell Hatton G Tom Kim G Corey Conners G Brian Harman,,Kevin Roy,G,0.24%,82
118,5184011482,cglenn91,0,490.5,G Tommy Fleetwood G Chris Gotterup G Tyrrell Hatton G Tom Kim G Corey Conners G Brian Harman,,Matteo Manassero,G,0.24%,24.5
118,5184730787,mjamezrite,0,490.5,G Wyndham Clark G Tyrrell Hatton G Kurt Kitayama G Nicolai Hojgaard G Tom Kim G Eugenio Lopez-Chacarra,,Freddy Schott,G,0.24%,13
121,5183568135,ldmoney,0,489.5,G Rory McIlroy G Nicolai Hojgaard G Adam Scott G Tom Kim G Nick Taylor G Jordan L. Smith,,Dylan Frittelli,G,0.24%,36
121,5184112400,tjmontan,0,489.5,G Rory McIlroy G Tyrrell Hatton G Tom Kim G Eugenio Lopez-Chacarra G Brian Harman G Oliver Lindell,,Martin Couvra,G,0.20%,16.5
121,5184808765,capps24,0,489.5,G Matt Fitzpatrick G Chris Gotterup G Tyrrell Hatton G Alex Fitzpatrick G Tom Kim G Austin Eckroat,,Thriston Lawrence,G,0.20%,15.5
121,5184881518,Foreholestoplay,0,489.5,G Wyndham Clark G Viktor Hovland G Robert MacIntyre G Tyrrell Hatton G Eugenio Lopez-Chacarra G Austin Eckroat,,Keita Nakajima,G,0.17%,100.5
121,5185275114,Schimmy,0,489.5,G Chris Gotterup G Wyndham Clark G Kurt Kitayama G Nicolai Hojgaard G Tom Kim G Michael Brennan,,Ryggs Johnston,G,0.17%,22
126,5185431547,kena0013,0,489,G Matt Fitzpatrick G Tommy Fleetwood G Chris Gotterup G Sahith Theegala G Mac Meissner G Keita Nakajima,,Connor Syme,G,0.17%,19.5
127,5183548936,Perrymac79,0,488.5,G Matt Fitzpatrick G Chris Gotterup G Tyrrell Hatton G Tom Kim G Doug Ghim G Oliver Lindell,,Frederic Lacroix,G,0.17%,13.5
127,5184034216,XrockoutX,0,488.5,G Matt Fitzpatrick G Tyrrell Hatton G Nicolai Hojgaard G Alex Fitzpatrick G Patrick Reed G Tom Kim,,Danny Willett,G,0.17%,69.5
127,5184345349,bkess4807,0,488.5,G Matt Fitzpatrick G Chris Gotterup G Wyndham Clark G Tom Kim G Doug Ghim G Oliver Lindell,,Junghwan Lee,G,0.17%,21
127,5184579950,knightsball04,0,488.5,G Matt Fitzpatrick G Tyrrell Hatton G Nicolai Hojgaard G Alex Fitzpatrick G Patrick Reed G Tom Kim,,Julien Guerrier,G,0.13%,24.5
127,5184978357,mikerob1404,0,488.5,G Matt Fitzpatrick G Tyrrell Hatton G Nicolai Hojgaard G Alex Fitzpatrick G Patrick Reed G Tom Kim,,Joe Highsmith,G,0.13%,25.5
127,5185104209,FlatzKixAss,0,488.5,G Matt Fitzpatrick G Tyrrell Hatton G Nicolai Hojgaard G Alex Fitzpatrick G Patrick Reed G Tom Kim,,Ashun Wu,G,0.13%,24.5
127,5185256970,Starlordsdad,0,488.5,G Matt Fitzpatrick G Chris Gotterup G Wyndham Clark G Tom Kim G Doug Ghim G Oliver Lindell,,Richard Sterne,G,0.13%,23
127,5185479392,slockaby2001,0,488.5,G Matt Fitzpatrick G Tyrrell Hatton G Nicolai Hojgaard G Alex Fitzpatrick G Patrick Reed G Tom Kim,,Daniel Brown,G,0.13%,34.5
135,5183959117,brianaylward,0,488,G Rory McIlroy G Min Woo Lee G Nicolai Hojgaard G Corey Conners G Nick Taylor G Rasmus Hojgaard,,Charley Hoffman,G,0.10%,22
135,5184923559,walsher,0,488,G Matt Fitzpatrick G Chris Gotterup G Wyndham Clark G Aaron Rai G Tom Kim G Austin Eckroat,,Taehoon Ok,G,0.10%,18.5
135,5185364093,scsiport,0,488,G Wyndham Clark G Tyrrell Hatton G Si Woo Kim G Alex Fitzpatrick G Patrick Reed G Tom Kim,,Seungbin Choi,G,0.10%,23
138,5183662014,junkyardbyrd,0,487.5,G Matt Fitzpatrick G Ludvig Aberg G Min Woo Lee G Tom Kim G Corey Conners G Sahith Theegala,,Johannes Veerman,G,0.10%,24.5
138,5184681043,OMG-CottonHill,0,487.5,G Matt Fitzpatrick G Wyndham Clark G Nicolai Hojgaard G Alex Fitzpatrick G Tom Kim G Jordan L. Smith,,Angel Hidalgo,G,0.10%,23
138,5185019134,watersweet16,0,487.5,G Robert MacIntyre G Tyrrell Hatton G Kurt Kitayama G Nicolai Hojgaard G Marco Penge G Tom Kim,,Jacques Kruyswijk,G,0.10%,55.5
141,5183644693,slmckayLN,0,487,G Rory McIlroy G Viktor Hovland G Robert MacIntyre G Corey Conners G Joost Luiten G Austin Eckroat,,Cameron Davis,G,0.10%,71
141,5183923303,CDubb1083,0,487,G Matt Fitzpatrick G Robert MacIntyre G Kurt Kitayama G Aaron Rai G Tom Kim G Sahith Theegala,,Scott Jamieson,G,0.10%,48.5
143,5183821590,ttbaseball2001,0,486.5,G Tommy Fleetwood G Robert MacIntyre G Tyrrell Hatton G Min Woo Lee G Harry Hall G Mac Meissner,,Jordan Gumberg,G,0.10%,28.5
143,5183829630,elwaymh7,0,486.5,G Matt Fitzpatrick G Wyndham Clark G Nicolai Hojgaard G Adam Scott G Tom Kim G Eric Cole,,Rikuya Hoshino,G,0.10%,18
143,5184401109,msjnichols19,0,486.5,G Wyndham Clark G Robert MacIntyre G Tyrrell Hatton G Alex Fitzpatrick G Tom Kim G Corey Conners,,Joakim Lagergren,G,0.07%,28.5
143,5184686212,hamme443,0,486.5,G Wyndham Clark G Robert MacIntyre G Tyrrell Hatton G Alex Fitzpatrick G Tom Kim G Corey Conners,,David Ravetto,G,0.07%,20
143,5185018483,BlueVooDoo223,0,486.5,G Wyndham Clark G Robert MacIntyre G Kurt Kitayama G Nicolai Hojgaard G Shane Lowry G Tom Kim,,Guido Migliozzi,G,0.07%,60
143,5185451635,OhVa216,0,486.5,G Rory McIlroy G Tyrrell Hatton G Min Woo Lee G Ryan Fox G Hennie Du Plessis G Oliver Lindell,,Yuto Katsuragawa,G,0.07%,53
149,5183688210,myarwood19,0,486,G Robert MacIntyre G Tyrrell Hatton G Shane Lowry G Patrick Reed G Tom Kim G Corey Conners,,Karl Vilips,G,0.07%,75.5
149,5184171313,styntru2u,0,486,G Matt Fitzpatrick G Wyndham Clark G Tyrrell Hatton G Aaron Rai G Tom Kim G Oliver Lindell,,Paul Waring,G,0.07%,26
149,5184335562,tampayardie,0,486,G Matt Fitzpatrick G Tommy Fleetwood G Nicolai Hojgaard G Adam Scott G Tom Kim G Sahith Theegala,,Dylan Naidoo,G,0.07%,25
149,5184838410,kcoleman64,0,486,G Matt Fitzpatrick G Wyndham Clark G Tyrrell Hatton G Aaron Rai G Tom Kim G Oliver Lindell,,Brian Campbell,G,0.03%,21.5
149,5185163124,clowery72,0,486,G Matt Fitzpatrick G Tommy Fleetwood G Justin Thomas G Adam Scott G Tom Kim G Oliver Lindell,,Adrien Saddier,G,0.03%,60
149,5185179750,brownkd1,0,486,G Matt Fitzpatrick G Tommy Fleetwood G Wyndham Clark G Tom Kim G Ricky Castillo G Kevin Yu,,,
155,5183621681,thefish1868,0,485.5,G Robert MacIntyre G Tyrrell Hatton G Si Woo Kim G Justin Thomas G Kurt Kitayama G Shaun Norris,,,
155,5183864317,dexterboydk1,0,485.5,G Tommy Fleetwood G Tyrrell Hatton G Si Woo Kim G Adam Scott G Tom Kim G Sahith Theegala,,,
157,5183881608,Sportmeister77,0,485,G Wyndham Clark G Robert MacIntyre G Tyrrell Hatton G Aaron Rai G Tom Kim G Corey Conners,,,
157,5185065814,slackaholic,0,485,G Wyndham Clark G Viktor Hovland G Kurt Kitayama G Nicolai Hojgaard G Tom Kim G Eugenio Lopez-Chacarra,,,
159,5184898636,SkyU27,0,484.5,G Matt Fitzpatrick G Tommy Fleetwood G Nicolai Hojgaard G Alex Fitzpatrick G Tom Kim G Victor Perez,,,
160,5184870102,beavmanns,0,484,G Chris Gotterup G Robert MacIntyre G Min Woo Lee G Brooks Koepka G Aaron Rai G Tom Kim,,,
160,5184920828,cubmann11,0,484,G Tommy Fleetwood G Wyndham Clark G Robert MacIntyre G Tom Kim G Alex Noren G Brian Harman,,,
162,5183835125,CMW00,0,483,G Matt Fitzpatrick G Tommy Fleetwood G Patrick Reed G Jake Knapp G Tom Kim G Ryan Gerard,,,
162,5184505392,tylermadd7,0,483,G Wyndham Clark G Viktor Hovland G Robert MacIntyre G Kurt Kitayama G Nicolai Hojgaard G Danny Willett,,,
164,5183924847,bdubsfantasy,0,482.5,G Chris Gotterup G Wyndham Clark G Viktor Hovland G Robert MacIntyre G Nicolas Echavarria G Calum Hill,,,
164,5184549918,SanSouci84,0,482.5,G Matt Fitzpatrick G Tyrrell Hatton G Justin Thomas G Patrick Reed G Brian Harman G Victor Perez,,,
164,5185101295,Munkracing,0,482.5,G Rory McIlroy G Matt Fitzpatrick G Tom Kim G Mac Meissner G Sungjae Im G Austin Eckroat,,,
167,5184092411,STS22468,0,481.5,G Jon Rahm G Robert MacIntyre G Tyrrell Hatton G Min Woo Lee G Darius Van Driel G Dylan Frittelli,,,
167,5184288906,Purplepain777,0,481.5,G Tommy Fleetwood G Wyndham Clark G Robert MacIntyre G Kristoffer Reitan G Tom Kim G Jesper Svensson,,,
169,5183853780,OpenBet,0,481,G Chris Gotterup G Robert MacIntyre G Min Woo Lee G Aaron Rai G Shane Lowry G Tom Kim,,,
169,5184274232,breakjas,0,481,G Chris Gotterup G Wyndham Clark G Tyrrell Hatton G Kurt Kitayama G Jordan L. Smith G Victor Perez,,,
171,5183984461,Gunners06,0,480.5,G Chris Gotterup G Wyndham Clark G Tyrrell Hatton G Kristoffer Reitan G Tom Kim G Victor Perez,,,
171,5184038966,gooey911,0,480.5,G Rory McIlroy G Adam Scott G Patrick Reed G Tom Kim G Ryan Gerard G Corey Conners,,,
171,5185110492,mondi76,0,480.5,G Wyndham Clark G Tyrrell Hatton G Justin Thomas G Nicolai Hojgaard G Tom Kim G Corey Conners,,,
174,5185027953,Unclesalty1958,0,479.5,G Tommy Fleetwood G Robert MacIntyre G Tyrrell Hatton G Shane Lowry G Tom Kim G Sahith Theegala,,,
174,5185237277,JPME,0,479.5,G Matt Fitzpatrick G Tommy Fleetwood G Alex Fitzpatrick G Patrick Reed G Tom Kim G Brian Harman,,,
174,5185387477,brad.w.conrad,0,479.5,G Matt Fitzpatrick G Wyndham Clark G Tyrrell Hatton G Corey Conners G Brian Harman G Ryan Fox,,,
177,5183989899,atg19,0,479,G Matt Fitzpatrick G Wyndham Clark G Nicolai Hojgaard G Alex Fitzpatrick G Tom Kim G Nick Taylor,,,
177,5184150454,jaffed13,0,479,G Matt Fitzpatrick G Tyrrell Hatton G Nicolai Hojgaard G Kristoffer Reitan G Tom Kim G Nick Taylor,,,
179,5183533048,Porterhouse1975,0,478.5,G Ludvig Aberg G Viktor Hovland G Robert MacIntyre G Tom Kim G Corey Conners G Ryan Fox,,,
179,5184108327,Futterstuff,0,478.5,G Wyndham Clark G Robert MacIntyre G Tyrrell Hatton G Min Woo Lee G Angel Ayora Fanegas G Hennie Du Plessis,,,
179,5184916723,Fioson,0,478.5,G Rory McIlroy G Robert MacIntyre G Nicolai Hojgaard G Tom Kim G Andrew Putnam G Billy Horschel,,,
179,5185034210,splosh30,0,478.5,G Matt Fitzpatrick G Tommy Fleetwood G Wyndham Clark G Brian Harman G Ryan Fox G Nicolas Echavarria,,,
179,5185246695,tsteppin,0,478.5,G Rory McIlroy G Tyrrell Hatton G Min Woo Lee G Ryan Fox G Rasmus Hojgaard G Niklas Norgaard Moller,,,
184,5183593695,jjones44,0,478,G Viktor Hovland G Robert MacIntyre G Tyrrell Hatton G Nicolai Hojgaard G Patrick Reed G Sahith Theegala,,,
184,5183986881,Steak318,0,478,G Matt Fitzpatrick G Tommy Fleetwood G Harris English G Tom Kim G Brian Harman G Ryan Fox,,,
184,5184049249,mullettman8,0,478,G Matt Fitzpatrick G Tyrrell Hatton G David Puig G Nicolai Hojgaard G Tom Kim G Corey Conners,,,
184,5184155953,Quake211,0,478,G Viktor Hovland G Tyrrell Hatton G Justin Thomas G Min Woo Lee G Tom Kim G Bud Cauley,,,
184,5184331022,MakeMyDay7,0,478,G Matt Fitzpatrick G Tommy Fleetwood G Si Woo Kim G Tom Kim G Sahith Theegala G Sam Stevens,,,
184,5185481392,blank5759,0,478,G Matt Fitzpatrick G Wyndham Clark G Min Woo Lee G Nicolai Hojgaard G Sepp Straka G Mac Meissner,,,
190,5184813828,Wolfskiii77,0,477.5,G Chris Gotterup G Wyndham Clark G Viktor Hovland G Robert MacIntyre G Jesper Svensson G Oliver Lindell,,,
190,5185383371,jeffersonians,0,477.5,G Matt Fitzpatrick G Tommy Fleetwood G David Puig G Patrick Reed G Tom Kim G Sahith Theegala,,,
192,5184800399,Maury2620,0,477,G Matt Fitzpatrick G Tommy Fleetwood G Wyndham Clark G Eric Cole G Jesper Svensson G Keita Nakajima,,,
192,5185223125,PXGGOLFPRO21,0,477,G Tommy Fleetwood G Chris Gotterup G Robert MacIntyre G Kurt Kitayama G Ryan Fox G Oliver Lindell,,,
192,5185414782,buddyd,0,477,G Ludvig Aberg G Wyndham Clark G Robert MacIntyre G Tom Kim G Corey Conners G Nick Taylor,,,
195,5183601943,cjarvi,0,476,G Matt Fitzpatrick G Robert MacIntyre G Tyrrell Hatton G Kristoffer Reitan G Nick Taylor G Jordan L. Smith,,,
195,5185466761,DailyWombat,0,476,G Matt Fitzpatrick G Wyndham Clark G Kurt Kitayama G Tom Kim G Alex Smalley G Brian Harman,,,
197,5185476087,Leafshockey15,0,475.5,G Xander Schauffele G Chris Gotterup G Robert MacIntyre G Nicolai Hojgaard G Tom Kim G Austin Eckroat,,,
198,5183814181,jacques26,0,475,G Rory McIlroy G Wyndham Clark G Tom Kim G Eugenio Lopez-Chacarra G Hennie Du Plessis G Oliver Lindell,,,
198,5185436026,koondog25,0,475,G Matt Fitzpatrick G Chris Gotterup G Kurt Kitayama G Alex Fitzpatrick G Tom Kim G Marcus Armitage,,,
200,5184764050,epot,0,474.5,G Rory McIlroy G Matt Fitzpatrick G Tom Kim G Brian Harman G Nicolas Echavarria G Matthieu Pavon,,,
200,5184833903,winstonwahoos,0,474.5,G Matt Fitzpatrick G Wyndham Clark G Tyrrell Hatton G Tom Kim G Bud Cauley G Jesper Svensson,,,
202,5184800130,Pavich12,0,474,G Matt Fitzpatrick G Tyrrell Hatton G Si Woo Kim G Nicolai Hojgaard G Michael Thorbjornsen G Michael Kim,,,
202,5185350452,scaleydog,0,474,G Wyndham Clark G Robert MacIntyre G Tyrrell Hatton G Adam Scott G Patrick Reed G Corey Conners,,,
202,5185394813,mattmccann,0,474,G Wyndham Clark G Viktor Hovland G Si Woo Kim G Alex Fitzpatrick G Tom Kim G Ryan Gerard,,,
205,5185202505,ronserr,0,473.5,G Matt Fitzpatrick G Chris Gotterup G Robert MacIntyre G Alex Fitzpatrick G Rasmus Hojgaard G Mikael Lindberg,,,
206,5183625814,DeaconDave29,0,473,G Chris Gotterup G Wyndham Clark G Si Woo Kim G Jake Knapp G Tom Kim G Ryan Gerard,,,
207,5184411751,Dlhussier,0,472.5,G Robert MacIntyre G Tyrrell Hatton G Justin Thomas G Nicolai Hojgaard G Alex Fitzpatrick G Tom Kim,,,
207,5184926387,brickhouse13,0,472.5,G Matt Fitzpatrick G Tyrrell Hatton G Justin Thomas G Marco Penge G Tom Kim G Brian Harman,,,
209,5184798262,Dont-Drink-Jobu-Rum4,0,472,G Matt Fitzpatrick G Wyndham Clark G Nicolai Hojgaard G Alex Fitzpatrick G Tom Kim G Michael Brennan,,,
209,5184882031,Camandcolidad,0,472,G Matt Fitzpatrick G Wyndham Clark G Nicolai Hojgaard G Marco Penge G Tom Kim G Corey Conners,,,
209,5185062656,Cisco58,0,472,G Matt Fitzpatrick G Chris Gotterup G Alex Fitzpatrick G Patrick Reed G Tom Kim G Eugenio Lopez-Chacarra,,,
209,5185318771,bf3434,0,472,G Rory McIlroy G Matt Fitzpatrick G Corey Conners G Ryan Fox G Jesper Svensson G Alejandro Del Rey,,,
213,5184022957,the4amigos,0,471.5,G Matt Fitzpatrick G Tommy Fleetwood G Nicolai Hojgaard G Alex Fitzpatrick G Tom Kim G Nick Taylor,,,
213,5184574923,jc000000,0,471.5,G Rory McIlroy G Matt Fitzpatrick G Min Woo Lee G Corey Conners G Joost Luiten G Richard Sterne,,,
213,5185295327,ronnyp36,0,471.5,G Matt Fitzpatrick G Tommy Fleetwood G Nicolai Hojgaard G Alex Fitzpatrick G Tom Kim G Nick Taylor,,,
216,5184459039,VICARO,0,471,G Rory McIlroy G Matt Fitzpatrick G Rasmus Hojgaard G Jordan L. Smith G Aldrich Potgieter G Matti Schmid,,,
216,5185460563,fennell007,0,471,G Matt Fitzpatrick G Tyrrell Hatton G Shane Lowry G Adam Scott G Tom Kim G Mac Meissner,,,
218,5185007952,HAVA303,0,470.5,G Matt Fitzpatrick G Wyndham Clark G Tyrrell Hatton G Justin Thomas G Calum Hill G Laurie Canter,,,
219,5185225991,basschad71,0,470,G Matt Fitzpatrick G Chris Gotterup G Nicolai Hojgaard G Alex Fitzpatrick G Tom Kim G Brian Harman,,,
219,5185474715,hwarne76,0,470,G Matt Fitzpatrick G Chris Gotterup G Si Woo Kim G Ryan Gerard G Sahith Theegala G Tom McKibbin,,,
221,5184292108,Lisar,0,469.5,G Matt Fitzpatrick G Tommy Fleetwood G Tyrrell Hatton G Tom Kim G Bud Cauley G Oliver Lindell,,,
221,5184567892,jzaleski98,0,469.5,G Matt Fitzpatrick G Tommy Fleetwood G Alex Fitzpatrick G Tom Kim G Brian Harman G Laurie Canter,,,
221,5184856986,tjkozal,0,469.5,G Jon Rahm G Wyndham Clark G Tom Kim G Eugenio Lopez-Chacarra G Tom McKibbin G Nicolas Echavarria,,,
221,5184869151,CoachFrye5,0,469.5,G Matt Fitzpatrick G Chris Gotterup G Wyndham Clark G Tom Kim G Eugenio Lopez-Chacarra G Padraig Harrington,,,
221,5184987331,JohnZaps,0,469.5,G Matt Fitzpatrick G Robert MacIntyre G Tyrrell Hatton G Alex Fitzpatrick G Patrick Reed G Oliver Lindell,,,
221,5185206565,dev_macd,0,469.5,G Wyndham Clark G Viktor Hovland G Tyrrell Hatton G Shane Lowry G Tom Kim G Brian Harman,,,
221,5185210625,rybutts13,0,469.5,G Chris Gotterup G Wyndham Clark G Robert MacIntyre G Aaron Rai G Tom Kim G Andrew Novak,,,
228,5183696394,robkohlwey,0,469,G Tommy Fleetwood G Viktor Hovland G Robert MacIntyre G Patrick Reed G Brian Harman G Sahith Theegala,,,
228,5184778399,DriftKangs,0,469,G Matt Fitzpatrick G Chris Gotterup G J.J. Spaun G Marco Penge G Tom Kim G Sudarshan Yellamaraju,,,
228,5184859673,skeeter1114,0,469,G Tommy Fleetwood G Wyndham Clark G Tyrrell Hatton G Patrick Reed G Corey Conners G Victor Perez,,,
231,5184783001,marksda3,0,468.5,G Chris Gotterup G Wyndham Clark G Robert MacIntyre G Tyrrell Hatton G Victor Perez G Niklas Norgaard Moller,,,
231,5185083836,Zilla98,0,468.5,G Rory McIlroy G Chris Gotterup G Tom Kim G Ryan Gerard G Doug Ghim G Austin Eckroat,,,
231,5185464278,adman895,0,468.5,G Tommy Fleetwood G Wyndham Clark G Tyrrell Hatton G Nicolai Hojgaard G Tom Kim G Hao-Tong Li,,,
234,5183614532,ryannayr0,0,468,G Matt Fitzpatrick G Wyndham Clark G Adam Scott G Marco Penge G Tom Kim G Brian Harman,,,
234,5183869990,GolfDoc,0,468,G Matt Fitzpatrick G Tommy Fleetwood G Chris Gotterup G Patrick Reed G Hennie Du Plessis G Marcus Armitage,,,
234,5185347645,Wingman91,0,468,G Matt Fitzpatrick G Robert MacIntyre G Si Woo Kim G Nicolai Hojgaard G Shane Lowry G Oliver Lindell,,,
234,5185429676,D-King024,0,468,G Matt Fitzpatrick G Ludvig Aberg G Wyndham Clark G Tom Kim G Jesper Svensson G Oliver Lindell,,,
238,5184078670,FarmHallFalls,0,467.5,G Rory McIlroy G Robert MacIntyre G Tom Kim G Eric Cole G Matthew McCarty G Oliver Lindell,,,
238,5184494214,marino82867,0,467.5,G Tommy Fleetwood G Robert MacIntyre G Si Woo Kim G Adam Scott G Patrick Reed G Sahith Theegala,,,
238,5184632397,bowens1984,0,467.5,G Rory McIlroy G Wyndham Clark G Shane Lowry G Tom Kim G Jesper Svensson G Alejandro Del Rey,,,
238,5185310920,ColdBeverages,0,467.5,G Matt Fitzpatrick G Wyndham Clark G Tyrrell Hatton G Corey Conners G Sahith Theegala G Jordan L. Smith,,,
238,5185316664,Hardnosed45,0,467.5,G Matt Fitzpatrick G Chris Gotterup G Alex Fitzpatrick G Patrick Reed G Tom Kim G Sahith Theegala,,,
238,5185464030,warhawk21,0,467.5,G Rory McIlroy G Robert MacIntyre G Nicolai Hojgaard G Sahith Theegala G Jordan L. Smith G Oliver Lindell,,,
244,5183532317,Billnap,0,467,G Matt Fitzpatrick G Chris Gotterup G Kurt Kitayama G Nicolai Hojgaard G Patrick Reed G Oliver Lindell,,,
244,5183667358,perchking,0,467,G Rory McIlroy G Tyrrell Hatton G Nicolai Hojgaard G Ryan Fox G Jordan L. Smith G Nicolas Echavarria,,,
244,5184190985,quaranta1,0,467,G Matt Fitzpatrick G Tyrrell Hatton G Nicolai Hojgaard G Alex Fitzpatrick G Tom Kim G Eugenio Lopez-Chacarra,,,
244,5184307513,rwdw0822,0,467,G Matt Fitzpatrick G Tyrrell Hatton G Nicolai Hojgaard G Alex Fitzpatrick G Tom Kim G Eugenio Lopez-Chacarra,,,
244,5185435334,LoveFrogs,0,467,G Matt Fitzpatrick G Tyrrell Hatton G Nicolai Hojgaard G Alex Fitzpatrick G Tom Kim G Eugenio Lopez-Chacarra,,,
249,5185374050,wmilenkevich,0,466.5,G Matt Fitzpatrick G Tommy Fleetwood G Chris Gotterup G Patrick Reed G Ricky Castillo G Andrew Putnam,,,
250,5183657278,PimpSqueek32,0,466,G Matt Fitzpatrick G Tyrrell Hatton G Min Woo Lee G Alex Fitzpatrick G Patrick Reed G Sahith Theegala,,,
250,5184138942,bradgotin,0,466,G Rory McIlroy G J.J. Spaun G Patrick Reed G Tom Kim G Ryan Fox G Michael Kim,,,
250,5185199227,jellybean7454,0,466,G Matt Fitzpatrick G Robert MacIntyre G Tyrrell Hatton G Patrick Reed G Sahith Theegala G Sepp Straka,,,
250,5185413726,harvando11,0,466,G Matt Fitzpatrick G Wyndham Clark G Robert MacIntyre G Nicolai Hojgaard G Brian Harman G Grant Forrest,,,
254,5184258368,jeffbrunelli8,0,465.5,G Chris Gotterup G Wyndham Clark G Viktor Hovland G Patrick Reed G Eugenio Lopez-Chacarra G Victor Perez,,,
254,5184513808,triplethreat247,0,465.5,G Matt Fitzpatrick G Tommy Fleetwood G Robert MacIntyre G Alex Fitzpatrick G Victor Perez G Oliver Lindell,,,
254,5185357813,ZitZoo,0,465.5,G Matt Fitzpatrick G Tyrrell Hatton G Nicolai Hojgaard G Aaron Rai G Tom Kim G Eugenio Lopez-Chacarra,,,
257,5183574337,GBs23007,0,465,G Jon Rahm G Min Woo Lee G Nicolai Hojgaard G Kristoffer Reitan G Tom Kim G Oliver Lindell,,,
257,5183702114,timmy22,0,465,G Rory McIlroy G Wyndham Clark G Nicolai Hojgaard G Ryan Fox G Sudarshan Yellamaraju G Alejandro Del Rey,,,
257,5184403037,jimmyb.83159,0,465,G Matt Fitzpatrick G Wyndham Clark G Nicolai Hojgaard G Aaron Rai G Tom Kim G Corey Conners,,,
257,5184731656,lmk620,0,465,G Matt Fitzpatrick G Tommy Fleetwood G Robert MacIntyre G Brian Harman G Matt Wallace G Rasmus Hojgaard,,,
257,5185062045,Cliffisom,0,465,G Tommy Fleetwood G Wyndham Clark G Robert MacIntyre G Patrick Reed G Corey Conners G Sahith Theegala,,,
262,5184041535,IKnowIt,0,464.5,G Matt Fitzpatrick G Kurt Kitayama G Min Woo Lee G Alex Fitzpatrick G Kristoffer Reitan G Tom Kim,,,
262,5184065861,bledsoe417,0,464.5,G Matt Fitzpatrick G Wyndham Clark G Robert MacIntyre G Aaron Rai G Jordan L. Smith G Jesper Svensson,,,
262,5184727300,crc505,0,464.5,G Matt Fitzpatrick G Chris Gotterup G Wyndham Clark G Doug Ghim G Jordan L. Smith G Victor Perez,,,
265,5184677102,dolphin2222,0,464,G Matt Fitzpatrick G Tommy Fleetwood G Robert MacIntyre G Shane Lowry G Ryan Fox G Oliver Lindell,,,
265,5185329272,L053R666,0,464,G Matt Fitzpatrick G Tyrrell Hatton G Min Woo Lee G Nicolai Hojgaard G Alex Fitzpatrick G Oliver Lindell,,,
265,5185460971,Guttersnipe,0,464,G Matt Fitzpatrick G Si Woo Kim G Min Woo Lee G Alex Fitzpatrick G Adam Scott G Ryan Gerard,,,
268,5184020028,Socrates66,0,463.5,G Matt Fitzpatrick G Tommy Fleetwood G Chris Gotterup G Sahith Theegala G Victor Perez G Oliver Lindell,,,
268,5184677346,criggs,0,463.5,G Matt Fitzpatrick G Robert MacIntyre G Tyrrell Hatton G Min Woo Lee G Alex Fitzpatrick G Marcel Siem,,,
268,5185170271,DKap34,0,463.5,G Viktor Hovland G Robert MacIntyre G Si Woo Kim G David Puig G Patrick Reed G Brian Harman,,,
268,5185461786,17ERS,0,463.5,G Wyndham Clark G Robert MacIntyre G Min Woo Lee G Nicolai Hojgaard G Alex Fitzpatrick G Eugenio Lopez-Chacarra,,,
272,5183755885,rickroyer24,0,463,G Ludvig Aberg G Robert MacIntyre G Si Woo Kim G Adam Scott G Tom Kim G Sahith Theegala,,,
272,5183908894,Branniff70,0,463,G Matt Fitzpatrick G Wyndham Clark G J.J. Spaun G Shane Lowry G Tom Kim G Hennie Du Plessis,,,
272,5184073785,rordog27,0,463,G Matt Fitzpatrick G Robert MacIntyre G Alex Fitzpatrick G Shane Lowry G Tom Kim G Tom McKibbin,,,
272,5185222285,Reber11,0,463,G Matt Fitzpatrick G Chris Gotterup G Robert MacIntyre G Brooks Koepka G Marcus Armitage G Oliver Lindell,,,
276,5183739920,BorgDaddy69,0,462.5,G Matt Fitzpatrick G Wyndham Clark G Justin Thomas G Alex Fitzpatrick G Tom Kim G Oliver Lindell,,,
276,5184920805,dcm825,0,462.5,G Chris Gotterup G Wyndham Clark G Tyrrell Hatton G Tom Kim G Eugenio Lopez-Chacarra G Doug Ghim,,,
278,5183508926,happyb,0,462,G Chris Gotterup G Wyndham Clark G Viktor Hovland G Tom Kim G Michael Brennan G Doug Ghim,,,
278,5183979029,dean7434,0,462,G Matt Fitzpatrick G Chris Gotterup G Kurt Kitayama G Aaron Rai G Tom Kim G Jesper Svensson,,,
278,5184173885,Burd52,0,462,G Matt Fitzpatrick G Chris Gotterup G Nicolai Hojgaard G Marco Penge G Tom Kim G Sahith Theegala,,,
278,5185079215,Faman24,0,462,G Matt Fitzpatrick G Wyndham Clark G Justin Thomas G Kurt Kitayama G Michael Brennan G Alejandro Del Rey,,,
278,5185254919,lutzboy,0,462,G Wyndham Clark G Tyrrell Hatton G Kurt Kitayama G Nicolai Hojgaard G Marco Penge G Tom Kim,,,
283,5184446535,bubba5623,0,461.5,G Matt Fitzpatrick G Wyndham Clark G Marco Penge G Tom Kim G Eugenio Lopez-Chacarra G Corey Conners,,,
283,5184991235,MrHarper21,0,461.5,G Rory McIlroy G Chris Gotterup G Wyndham Clark G Ricky Castillo G Danny Willett G Austin Eckroat,,,
285,5183511793,SlayJaxx,0,461,G Jon Rahm G Wyndham Clark G Adam Scott G Tom Kim G Max Greyserman G Oliver Lindell,,,
285,5185283891,chipper1717,0,461,G Matt Fitzpatrick G Chris Gotterup G Wyndham Clark G Eugenio Lopez-Chacarra G Mac Meissner G Jesper Svensson,,,
285,5185369347,J.Marshall,0,461,G Rory McIlroy G Tommy Fleetwood G Tom Kim G Brian Harman G Mac Meissner G Erik Van Rooyen,,,
288,5184055037,tarheelshaggy23,0,460.5,G Rory McIlroy G Wyndham Clark G Tyrrell Hatton G Nicolas Echavarria G Oliver Lindell G Austin Eckroat,,,
288,5184920712,wmax,0,460.5,G Wyndham Clark G Tyrrell Hatton G Si Woo Kim G Justin Thomas G Corey Conners G Rasmus Hojgaard,,,
290,5183570033,nonothings,0,460,G Matt Fitzpatrick G Wyndham Clark G Tyrrell Hatton G Tom Kim G Doug Ghim G Kevin Yu,,,
290,5183677612,Screwbird33,0,460,G Matt Fitzpatrick G Tommy Fleetwood G Chris Gotterup G Brian Harman G Tom McKibbin G Jesper Svensson,,,
290,5184212101,wngandy,0,460,G Rory McIlroy G Robert MacIntyre G Shane Lowry G Patrick Reed G Ryan Fox G Austin Eckroat,,,
290,5184465265,spydiegolf,0,460,G Matt Fitzpatrick G Robert MacIntyre G Brooks Koepka G Shane Lowry G Tom Kim G Eugenio Lopez-Chacarra,,,
290,5184750550,IKeelU,0,460,G Wyndham Clark G Robert MacIntyre G Tyrrell Hatton G Alex Fitzpatrick G Tom Kim G Doug Ghim,,,
290,5185368188,firedawg13,0,460,G Matt Fitzpatrick G Chris Gotterup G Tyrrell Hatton G Tom Kim G Eric Cole G Austin Smotherman,,,
296,5183669658,ufxgatorbox,0,459.5,G Ludvig Aberg G Wyndham Clark G Robert MacIntyre G Tom Kim G Victor Perez G Grant Forrest,,,
296,5183791810,sodaddy,0,459.5,G Chris Gotterup G Wyndham Clark G Tyrrell Hatton G Tom Kim G Eugenio Lopez-Chacarra G Kevin Yu,,,
296,5184606153,EricG420,0,459.5,G Matt Fitzpatrick G J.J. Spaun G Min Woo Lee G Alex Fitzpatrick G Aaron Rai G Tom Kim,,,
296,5184947986,saygoodbye1200,0,459.5,G Tommy Fleetwood G Wyndham Clark G Tyrrell Hatton G Nicolai Hojgaard G Patrick Reed G Oliver Lindell,,,
296,5185386376,ryancool6544,0,459.5,G Rory McIlroy G Chris Gotterup G Kristoffer Reitan G Tom Kim G Oliver Lindell G Alejandro Del Rey,,,
301,5184643501,killer1371,0,459,G Matt Fitzpatrick G Wyndham Clark G Robert MacIntyre G Patrick Reed G Eugenio Lopez-Chacarra G Kota Kaneko,,,
301,5184882176,md2436,0,459,G Tommy Fleetwood G Chris Gotterup G Min Woo Lee G Shane Lowry G Patrick Reed G Ryan Fox,,,
301,5185089127,Tmart2170,0,459,G Matt Fitzpatrick G Chris Gotterup G Nicolai Hojgaard G Aaron Rai G Tom Kim G Corey Conners,,,
301,5185159675,shon28,0,459,G Matt Fitzpatrick G Tommy Fleetwood G Nicolai Hojgaard G Patrick Reed G Eugenio Lopez-Chacarra G Brian Harman,,,
301,5185240013,deepdrive14,0,459,G Matt Fitzpatrick G Robert MacIntyre G Tyrrell Hatton G Corey Conners G Brian Harman G Matthew McCarty,,,
301,5185411438,fairwayfool,0,459,G Matt Fitzpatrick G Tommy Fleetwood G Chris Gotterup G Nicolai Hojgaard G Calum Hill G Oliver Lindell,,,
307,5183517479,laboni64,0,458.5,G Wyndham Clark G Robert MacIntyre G Tyrrell Hatton G Nicolai Hojgaard G Marco Penge G Jordan L. Smith,,,
307,5184130958,MNWildlife,0,458.5,G Matt Fitzpatrick G Robert MacIntyre G Nicolai Hojgaard G Aaron Rai G Tom Kim G Harry Hall,,,
307,5184143007,melz19230,0,458.5,G Rory McIlroy G Chris Gotterup G Min Woo Lee G Tom Kim G Michael Kim G Marcel Siem,,,
307,5184153022,KenTasch,0,458.5,G Matt Fitzpatrick G Tommy Fleetwood G Patrick Cantlay G Tom Kim G Mac Meissner G Andrew Novak,,,
307,5184649352,Bzmoney,0,458.5,G Tommy Fleetwood G Wyndham Clark G Tyrrell Hatton G Kristoffer Reitan G Tom Kim G Oliver Lindell,,,
307,5184656775,MoesHackers,0,458.5,G Matt Fitzpatrick G Tyrrell Hatton G Si Woo Kim G Justin Thomas G Sahith Theegala G Oliver Lindell,,,
307,5184830278,AntonioMorris,0,458.5,G Matt Fitzpatrick G Chris Gotterup G Justin Thomas G Tom Kim G Matt Wallace G Tom McKibbin,,,
307,5184890059,Choiclan,0,458.5,G Matt Fitzpatrick G Si Woo Kim G Justin Thomas G Alex Fitzpatrick G Tom Kim G Sahith Theegala,,,
307,5184890738,baronestyle,0,458.5,G Ludvig Aberg G Tommy Fleetwood G Tyrrell Hatton G Patrick Reed G Tom Kim G Oliver Lindell,,,
316,5184112618,jmostpa,0,458,G Wyndham Clark G Tyrrell Hatton G Justin Thomas G Alex Fitzpatrick G Patrick Reed G Tom Kim,,,
316,5184417101,jch1970,0,458,G Matt Fitzpatrick G Tommy Fleetwood G Shane Lowry G Tom Kim G Brian Harman G Sahith Theegala,,,
316,5185066866,razorbackavery,0,458,G Chris Gotterup G Wyndham Clark G Min Woo Lee G Kristoffer Reitan G Marco Penge G Tom Kim,,,
316,5185446191,pigskinbandits,0,458,G Chris Gotterup G Wyndham Clark G Min Woo Lee G Kristoffer Reitan G Marco Penge G Tom Kim,,,
320,5184252428,EssDeeBee,0,457.5,G Matt Fitzpatrick G Wyndham Clark G Min Woo Lee G Eugenio Lopez-Chacarra G Alex Noren G Ryan Gerard,,,
321,5184188868,J-Law87,0,457,G Chris Gotterup G Si Woo Kim G Justin Thomas G Alex Fitzpatrick G Patrick Reed G Tom Kim,,,
321,5185156117,BigJ816,0,457,G Wyndham Clark G Viktor Hovland G J.J. Spaun G Aaron Rai G Patrick Reed G Tom Kim,,,
323,5183644297,billymybob,0,456.5,G Matt Fitzpatrick G Chris Gotterup G Wyndham Clark G Tom McKibbin G Sudarshan Yellamaraju G Hennie Du Plessis,,,
323,5183861950,bmullen,0,456.5,G Rory McIlroy G Wyndham Clark G Tom Kim G Eugenio Lopez-Chacarra G Jordan L. Smith G Kota Kaneko,,,
323,5184228419,stenzy0314,0,456.5,G Wyndham Clark G Tyrrell Hatton G Kurt Kitayama G Nicolai Hojgaard G Alex Fitzpatrick G Tom Kim,,,
323,5184301596,davemacknis,0,456.5,G Rory McIlroy G Robert MacIntyre G Nicolai Hojgaard G Tom Kim G Ewen Ferguson G Grant Forrest,,,
323,5184910585,bthomas28,0,456.5,G Wyndham Clark G Tyrrell Hatton G Kurt Kitayama G Nicolai Hojgaard G Alex Fitzpatrick G Tom Kim,,,
323,5185455954,Bogeys,0,456.5,G Matt Fitzpatrick G Justin Thomas G J.J. Spaun G Kurt Kitayama G Patrick Reed G Casey Jarvis,,,
329,5183777240,princefnunez,0,456,G Xander Schauffele G Robert MacIntyre G Tyrrell Hatton G Tom Kim G Sahith Theegala G Jesper Svensson,,,
329,5184450639,mkoppi4610,0,456,G Chris Gotterup G Tyrrell Hatton G Kurt Kitayama G Nicolai Hojgaard G Marco Penge G Tom Kim,,,
329,5184743130,butchismyhomie,0,456,G Tommy Fleetwood G Wyndham Clark G Tyrrell Hatton G Kristoffer Reitan G Tom Kim G Jesper Svensson,,,
329,5184789841,ctscts3232,0,456,G Tommy Fleetwood G Wyndham Clark G Tyrrell Hatton G Kristoffer Reitan G Tom Kim G Jesper Svensson,,,
329,5184880954,dcuff,0,456,G Tommy Fleetwood G Wyndham Clark G Tyrrell Hatton G Kristoffer Reitan G Tom Kim G Jesper Svensson,,,
329,5185004717,jhkee111,0,456,G Tommy Fleetwood G Wyndham Clark G Tyrrell Hatton G Kristoffer Reitan G Tom Kim G Jesper Svensson,,,
329,5185311568,kinsmobile1,0,456,G Tommy Fleetwood G Wyndham Clark G Tyrrell Hatton G Kristoffer Reitan G Tom Kim G Jesper Svensson,,,
329,5185433997,sspeorl,0,456,G Chris Gotterup G Wyndham Clark G Si Woo Kim G Alex Fitzpatrick G Tom Kim G Sahith Theegala,,,
337,5183526468,Mhanlon0417,0,455.5,G Tommy Fleetwood G Si Woo Kim G Justin Thomas G Alex Fitzpatrick G Patrick Reed G Tom Kim,,,
337,5183710466,brodyvegas,0,455.5,G Matt Fitzpatrick G Chris Gotterup G Robert MacIntyre G Nicolai Hojgaard G Oliver Lindell G Grant Forrest,,,
337,5184579445,ccmtpleasant,0,455.5,G Matt Fitzpatrick G Tommy Fleetwood G Wyndham Clark G Michael Thorbjornsen G Harry Hall G Calum Hill,,,
340,5184213614,metlman1,0,455,G Rory McIlroy G Viktor Hovland G Tom Kim G Sahith Theegala G Jordan L. Smith G Michael Kim,,,
340,5184304286,Zachariavich,0,455,G Viktor Hovland G Robert MacIntyre G Si Woo Kim G Min Woo Lee G Shane Lowry G Sepp Straka,,,
340,5184686925,yougotcropdusted,0,455,G Tommy Fleetwood G Tyrrell Hatton G Justin Thomas G Shane Lowry G Patrick Reed G Tom Kim,,,
340,5184791998,eric.morris,0,455,G Tommy Fleetwood G Tyrrell Hatton G Justin Thomas G Shane Lowry G Patrick Reed G Tom Kim,,,
340,5184910740,tinabtw,0,455,G Rory McIlroy G Robert MacIntyre G Tyrrell Hatton G Ryan Fox G Billy Horschel G Darius Van Driel,,,
340,5184913185,PCSoxFan,0,455,G Chris Gotterup G Wyndham Clark G Tyrrell Hatton G Kurt Kitayama G Victor Perez G Hennie Du Plessis,,,
340,5185143875,Erockminn,0,455,G Wyndham Clark G Tyrrell Hatton G Kurt Kitayama G Nicolai Hojgaard G Aaron Rai G Tom Kim,,,
347,5185280797,tinhead300,0,454.5,G Matt Fitzpatrick G Viktor Hovland G Tyrrell Hatton G Nicolai Hojgaard G Sahith Theegala G Jesper Svensson,,,
348,5184662784,Dolt,0,454,G Xander Schauffele G Wyndham Clark G Tyrrell Hatton G Tom Kim G Brian Harman G Nick Taylor,,,
348,5184695899,judygiese,0,454,G Matt Fitzpatrick G Tommy Fleetwood G Tyrrell Hatton G Shane Lowry G Patrick Reed G Joost Luiten,,,
348,5184902133,Dartsinside,0,454,G Rory McIlroy G Min Woo Lee G Aaron Rai G Tom Kim G Matt Wallace G Matti Schmid,,,
351,5185178542,thekinglives33,0,453.5,G Matt Fitzpatrick G Wyndham Clark G Tyrrell Hatton G Adam Scott G Eugenio Lopez-Chacarra G Oliver Lindell,,,
351,5185348305,martini13,0,453.5,G Rory McIlroy G Chris Gotterup G Robert MacIntyre G Jesper Svensson G Oliver Lindell G Scott Jamieson,,,
353,5183812333,RealGstaff,0,453,G Xander Schauffele G Wyndham Clark G Tyrrell Hatton G Tom Kim G Corey Conners G Jordan L. Smith,,,
353,5184530559,DMATH,0,453,G Matt Fitzpatrick G Tommy Fleetwood G Tyrrell Hatton G Justin Thomas G Hennie Du Plessis G Cameron Davis,,,
355,5184862669,skinsfan2881,0,452.5,G Rory McIlroy G Nicolai Hojgaard G Aaron Rai G Tom Kim G Brian Harman G Ryan Fox,,,
355,5185261086,DKjamy,0,452.5,G Matt Fitzpatrick G Robert MacIntyre G Nicolai Hojgaard G Kristoffer Reitan G Eugenio Lopez-Chacarra G Victor Perez,,,
357,5185247217,RPowell1103,0,452,G Matt Fitzpatrick G Viktor Hovland G Robert MacIntyre G Ryan Gerard G Sahith Theegala G Sepp Straka,,,
357,5185480940,BD7733,0,452,G Rory McIlroy G Nicolai Hojgaard G Tom Kim G Eugenio Lopez-Chacarra G Doug Ghim G Ryan Fox,,,
359,5184121209,StyxCoverBnd,0,451.5,G Tommy Fleetwood G Wyndham Clark G Justin Thomas G Kurt Kitayama G Tom Kim G Antoine Rozner,,,
359,5184794727,tacoshark372,0,451.5,G Wyndham Clark G Viktor Hovland G Tyrrell Hatton G Alex Fitzpatrick G Tom Kim G Sahith Theegala,,,
359,5185400010,chesneyw8,0,451.5,G Tommy Fleetwood G Robert MacIntyre G Tyrrell Hatton G Shane Lowry G Tom Kim G Harry Hall,,,
362,5184280561,impeccablycomingup,0,451,G Matt Fitzpatrick G Tommy Fleetwood G Robert MacIntyre G Alex Fitzpatrick G Tom McKibbin G Oliver Lindell,,,
362,5184904053,Dennyban,0,451,G Jon Rahm G Wyndham Clark G Min Woo Lee G Patrick Reed G Sepp Straka G Austin Eckroat,,,
362,5185014103,20taylormade20,0,451,G Chris Gotterup G Viktor Hovland G Kurt Kitayama G Min Woo Lee G Alex Fitzpatrick G Rasmus Hojgaard,,,
362,5185053697,vanwiggles,0,451,G Chris Gotterup G Robert MacIntyre G Tyrrell Hatton G Shane Lowry G Patrick Reed G Brian Harman,,,
366,5185164906,micbob,0,450.5,G Matt Fitzpatrick G Viktor Hovland G J.J. Spaun G Tom Kim G Pierceson Coody G Sahith Theegala,,,
366,5185303241,ffgump,0,450.5,G Matt Fitzpatrick G Chris Gotterup G Tyrrell Hatton G Tom Kim G Alex Smalley G Bernd Wiesberger,,,
366,5185465402,Nietche,0,450.5,G Rory McIlroy G Tyrrell Hatton G Tom Kim G Corey Conners G Angel Ayora Fanegas G Oliver Lindell,,,
369,5183891108,PhilJackson4,0,450,G Rory McIlroy G Patrick Cantlay G Tom Kim G Sahith Theegala G Nick Taylor G Jordan L. Smith,,,
369,5184036039,Spkelley83,0,450,G Tommy Fleetwood G Chris Gotterup G Tyrrell Hatton G Kristoffer Reitan G Tom Kim G Jesper Svensson,,,
369,5185277547,Teddy2Toes,0,450,G Matt Fitzpatrick G Wyndham Clark G Tyrrell Hatton G Alex Fitzpatrick G Tom Kim G Niklas Norgaard Moller,,,
372,5184004759,olsont7675,0,449.5,G Matt Fitzpatrick G Robert MacIntyre G Alex Fitzpatrick G Shane Lowry G Adam Scott G Tom Kim,,,
373,5183629223,bj57,0,449,G Rory McIlroy G Chris Gotterup G Tom Kim G Brian Harman G Hennie Du Plessis G Ewen Ferguson,,,
373,5184485969,allister624,0,449,G Wyndham Clark G Viktor Hovland G Robert MacIntyre G Tyrrell Hatton G Kevin Yu G Jesper Svensson,,,
373,5184595853,cat657,0,449,G Tommy Fleetwood G Viktor Hovland G Tyrrell Hatton G Si Woo Kim G Sahith Theegala G Oliver Lindell,,,
373,5184733647,Clippy,0,449,G Tommy Fleetwood G Viktor Hovland G Si Woo Kim G Alex Fitzpatrick G Tom Kim G Sahith Theegala,,,
373,5184898184,BumpAndRun2033,0,449,G Matt Fitzpatrick G Tyrrell Hatton G Si Woo Kim G Alex Fitzpatrick G Patrick Reed G Oliver Lindell,,,
373,5185135207,BeachNut2892,0,449,G Chris Gotterup G Wyndham Clark G Kurt Kitayama G Alex Fitzpatrick G Tom Kim G Brian Harman,,,
373,5185139594,Gprep,0,449,G Matt Fitzpatrick G Robert MacIntyre G Kristoffer Reitan G Tom Kim G Corey Conners G Harry Hall,,,
373,5185270382,CCCrow,0,449,G Matt Fitzpatrick G Xander Schauffele G Tom Kim G Sahith Theegala G Ryan Fox G Max Greyserman,,,
373,5185283508,erock9niner,0,449,G Robert MacIntyre G Tyrrell Hatton G Kurt Kitayama G David Puig G Alex Fitzpatrick G Tom Kim,,,
373,5185310573,jperjak,0,449,G Rory McIlroy G Wyndham Clark G Jake Knapp G Tom Kim G Jesper Svensson G Calum Hill,,,
383,5185223272,JL7579,0,448.5,G Jon Rahm G Nicolai Hojgaard G Alex Fitzpatrick G Patrick Reed G Tom Kim G Rasmus Hojgaard,,,
383,5185306728,WHeyen2,0,448.5,G Tommy Fleetwood G Tyrrell Hatton G Kurt Kitayama G Nicolai Hojgaard G Jake Knapp G Tom Kim,,,
383,5185321905,smithcj16,0,448.5,G Wyndham Clark G Viktor Hovland G Robert MacIntyre G Nicolai Hojgaard G Pierceson Coody G Victor Perez,,,
383,5185348841,Brandon-golf-3B,0,448.5,G Tommy Fleetwood G Tyrrell Hatton G Si Woo Kim G Min Woo Lee G Harry Hall G Sahith Theegala,,,
387,5183868759,PapawMark1,0,448,G Chris Gotterup G Robert MacIntyre G Tyrrell Hatton G Kristoffer Reitan G Patrick Reed G Rasmus Neergaard-Petersen,,,
387,5184635497,Bank_Swish_Maniac,0,448,G Tommy Fleetwood G Wyndham Clark G Justin Thomas G Kristoffer Reitan G Tom Kim G Ryan Fox,,,
387,5184706881,celtichammer78,0,448,G Jon Rahm G Robert MacIntyre G Tyrrell Hatton G Jordan L. Smith G Daniel Brown G Laurie Canter,,,
387,5184945515,camiguin2023,0,448,G Robert MacIntyre G Justin Thomas G Kurt Kitayama G Min Woo Lee G Nicolai Hojgaard G Aaron Rai,,,
387,5184996837,JuniorMoody8,0,448,G Rory McIlroy G Matt Fitzpatrick G Si Woo Kim G Calum Hill G Marcus Armitage G Daniel Rodrigues,,,
387,5185125039,jumangibuttercup,0,448,G Tommy Fleetwood G Chris Gotterup G Justin Thomas G Alex Fitzpatrick G Tom Kim G Victor Perez,,,
387,5185393815,steel363230,0,448,G Matt Fitzpatrick G Robert MacIntyre G Nicolai Hojgaard G Shane Lowry G Adam Scott G Ryan Fox,,,
387,5185471905,WULFIE101,0,448,G Rory McIlroy G Wyndham Clark G Tom Kim G Alex Smalley G Ricky Castillo G Andrew Putnam,,,
395,5184218761,cptfauk,0,447.5,G Tommy Fleetwood G Viktor Hovland G Si Woo Kim G Nicolai Hojgaard G Aaron Rai G John Keefer,,,
395,5185474760,rumplesquirtskin,0,447.5,G Matt Fitzpatrick G Tommy Fleetwood G Tyrrell Hatton G Brian Harman G Victor Perez G Grant Forrest,,,
397,5183924684,Smackdog,0,447,G Matt Fitzpatrick G Tommy Fleetwood G Robert MacIntyre G Alex Fitzpatrick G Ricky Castillo G Oliver Lindell,,,
397,5184383067,unhfan78,0,447,G Tommy Fleetwood G Wyndham Clark G Robert MacIntyre G Tyrrell Hatton G Jesper Svensson G Thorbjorn Olesen,,,
397,5184903480,Rapptor88,0,447,G Matt Fitzpatrick G Ludvig Aberg G Robert MacIntyre G Brian Harman G Sahith Theegala G Matti Schmid,,,
400,5184142992,Heavyd88,0,446.5,G Rory McIlroy G Wyndham Clark G Alex Fitzpatrick G Tom Kim G Andrew Putnam G Oliver Lindell,,,
400,5184281027,Boltzz19,0,446.5,G Ludvig Aberg G Viktor Hovland G Tyrrell Hatton G Tom Kim G Eugenio Lopez-Chacarra G Mikael Lindberg,,,
400,5184324092,jsarama,0,446.5,G Matt Fitzpatrick G Chris Gotterup G Si Woo Kim G Alex Fitzpatrick G Victor Perez G Oliver Lindell,,,
400,5184498155,frmut,0,446.5,G Xander Schauffele G Tommy Fleetwood G Chris Gotterup G Tom Kim G Victor Perez G Jesper Svensson,,,
404,5183657648,Pinehurst.winner,0,446,G Tommy Fleetwood G Chris Gotterup G Kurt Kitayama G Shane Lowry G Tom Kim G Brian Harman,,,
404,5183778921,Bcarr64,0,446,G Wyndham Clark G Robert MacIntyre G Min Woo Lee G Alex Fitzpatrick G Patrick Reed G Marco Penge,,,
404,5184217350,shappy98022,0,446,G Matt Fitzpatrick G Tommy Fleetwood G Patrick Cantlay G Patrick Reed G Tom Kim G Grant Forrest,,,
404,5184600663,teeling1990,0,446,G Rory McIlroy G Aaron Rai G Patrick Reed G Tom Kim G Eugenio Lopez-Chacarra G Rasmus Neergaard-Petersen,,,
404,5184720068,regulators424,0,446,G Tommy Fleetwood G Robert MacIntyre G Justin Thomas G J.J. Spaun G Ryan Gerard G Jesper Svensson,,,
404,5184835674,frerickm,0,446,G Rory McIlroy G Justin Thomas G Min Woo Lee G Doug Ghim G Victor Perez G Oliver Lindell,,,
404,5185070981,oldzcool,0,446,G Patrick Cantlay G Si Woo Kim G Justin Thomas G Min Woo Lee G Nicolai Hojgaard G Patrick Reed,,,
411,5183866979,forbesti91,0,445.5,G Si Woo Kim G Kurt Kitayama G Min Woo Lee G Tom Kim G Sungjae Im G Kevin Yu,,,
411,5184152357,mlief,0,445.5,G Matt Fitzpatrick G Chris Gotterup G J.J. Spaun G Kurt Kitayama G Eric Cole G Alejandro Del Rey,,,
411,5184861466,kucas0918,0,445.5,G Ludvig Aberg G Tyrrell Hatton G Si Woo Kim G Tom Kim G Pierceson Coody G Michael Thorbjornsen,,,
411,5185216386,Hide1away,0,445.5,G Rory McIlroy G Matt Fitzpatrick G Si Woo Kim G Mikael Lindberg G Oliver Lindell G Daniel Rodrigues,,,
415,5183524469,jaketurner96,0,445,G Matt Fitzpatrick G Chris Gotterup G Alex Fitzpatrick G Patrick Reed G Tom Kim G Doug Ghim,,,
415,5184356563,KGoetsch,0,445,G Matt Fitzpatrick G Chris Gotterup G Wyndham Clark G Tyrrell Hatton G Kota Kaneko G Austin Eckroat,,,
415,5184708905,smilinjim,0,445,G Chris Gotterup G Wyndham Clark G Robert MacIntyre G Eugenio Lopez-Chacarra G Corey Conners G Sahith Theegala,,,
415,5185017484,golfwam,0,445,G Chris Gotterup G Robert MacIntyre G Tyrrell Hatton G Aaron Rai G Patrick Reed G Brian Harman,,,
419,5184157711,Sullys_1959,0,444.5,G Matt Fitzpatrick G Wyndham Clark G Patrick Cantlay G Patrick Reed G Nick Taylor G Mac Meissner,,,
419,5185006294,Carter91,0,444.5,G Tommy Fleetwood G Tyrrell Hatton G Si Woo Kim G Patrick Reed G Corey Conners G Sahith Theegala,,,
419,5185342912,dpyser,0,444.5,G Chris Gotterup G Wyndham Clark G Kurt Kitayama G Shane Lowry G Tom Kim G Eugenio Lopez-Chacarra,,,
422,5183661374,SliceB,0,444,G Jon Rahm G Matt Fitzpatrick G Corey Conners G Brian Harman G Jordan L. Smith G Calum Hill,,,
422,5184553167,kknitter,0,444,G Matt Fitzpatrick G Ludvig Aberg G J.J. Spaun G Adam Scott G Tom Kim G Oliver Lindell,,,
422,5184576717,CROPDUSTERS,0,444,G Jon Rahm G Tyrrell Hatton G Patrick Reed G Tom Kim G Sahith Theegala G Jayden Trey Schaper,,,
422,5184656098,A1GAMER1,0,444,G Chris Gotterup G Wyndham Clark G Kurt Kitayama G Shane Lowry G Tom Kim G Corey Conners,,,
422,5184808515,mtots,0,444,G Rory McIlroy G Wyndham Clark G Adam Scott G Tom Kim G Jesper Svensson G Grant Forrest,,,
422,5185223186,SmokeyPickren007,0,444,G Rory McIlroy G Tyrrell Hatton G Alex Fitzpatrick G Tom Kim G Sahith Theegala G Darius Van Driel,,,
422,5185418678,CFLIGHT24,0,444,G Matt Fitzpatrick G Tyrrell Hatton G Shane Lowry G Patrick Reed G Tom Kim G Alex Noren,,,
429,5184293430,budster,0,443.5,G Matt Fitzpatrick G Robert MacIntyre G Nicolai Hojgaard G Alex Fitzpatrick G Adam Scott G Ryan Fox,,,
429,5184969511,MILKSTER84,0,443.5,G Matt Fitzpatrick G Chris Gotterup G Robert MacIntyre G Shane Lowry G Sahith Theegala G Nicolas Echavarria,,,
429,5185287424,flow124,0,443.5,G Matt Fitzpatrick G Tyrrell Hatton G Si Woo Kim G Alex Fitzpatrick G Sahith Theegala G Victor Perez,,,
429,5185458292,Testy62,0,443.5,G Tommy Fleetwood G Chris Gotterup G Wyndham Clark G Nicolai Hojgaard G Sahith Theegala G Matti Schmid,,,
433,5183797735,preeves4,0,443,G Matt Fitzpatrick G Wyndham Clark G Tyrrell Hatton G Kurt Kitayama G Ewen Ferguson G Oliver Lindell,,,
433,5183890795,dj3baker,0,443,G Rory McIlroy G Chris Gotterup G Ryan Gerard G Sahith Theegala G Victor Perez G Oliver Lindell,,,
433,5184233576,Manchester5,0,443,G Matt Fitzpatrick G Wyndham Clark G Kurt Kitayama G Nicolai Hojgaard G Shane Lowry G Francesco Molinari,,,
436,5183926145,jdrap,0,442.5,G Ludvig Aberg G Tommy Fleetwood G Chris Gotterup G Tom Kim G Sahith Theegala G Matti Schmid,,,
436,5184552071,itsbusinesstime,0,442.5,G Matt Fitzpatrick G Tyrrell Hatton G Kristoffer Reitan G Aaron Rai G Patrick Reed G Tom Kim,,,
436,5184727596,kimo66,0,442.5,G Rory McIlroy G Matt Fitzpatrick G Ryan Gerard G Daniel Hillier G Mikael Lindberg G Matti Schmid,,,
436,5184829080,hairyhotub,0,442.5,G Matt Fitzpatrick G Tyrrell Hatton G Alex Fitzpatrick G Aaron Rai G Patrick Reed G Tom Kim,,,
436,5185229901,joekova9,0,442.5,G Tommy Fleetwood G Viktor Hovland G Tyrrell Hatton G Tom Kim G Bud Cauley G Oliver Lindell,,,
441,5184082329,w4allen17,0,442,G Rory McIlroy G Kurt Kitayama G Adam Scott G Tom Kim G Andrew Novak G Hennie Du Plessis,,,
441,5184715616,kmdilsaver,0,442,G Matt Fitzpatrick G Tommy Fleetwood G Tyrrell Hatton G Shane Lowry G Victor Perez G Jesper Svensson,,,
441,5185277995,MarcusEgan,0,442,G Wyndham Clark G Viktor Hovland G Robert MacIntyre G Alex Fitzpatrick G Ryan Fox G Ricky Castillo,,,
441,5185390656,rshep13,0,442,G Tommy Fleetwood G Wyndham Clark G Tyrrell Hatton G Tom Kim G Alex Smalley G Eric Cole,,,
445,5183615041,dynamite_d,0,441.5,G Matt Fitzpatrick G Wyndham Clark G Adam Scott G Jake Knapp G Tom Kim G Eric Cole,,,
445,5183964117,Mad-dogz,0,441.5,G Tommy Fleetwood G Viktor Hovland G Robert MacIntyre G Shane Lowry G Brian Harman G Ryan Fox,,,
445,5184205865,martin684,0,441.5,G Rory McIlroy G Alex Fitzpatrick G Patrick Reed G Tom Kim G Corey Conners G Michael Brennan,,,
445,5184226190,4LeftsMakeItRight,0,441.5,G Viktor Hovland G Robert MacIntyre G Tyrrell Hatton G Nicolai Hojgaard G Marco Penge G Brian Harman,,,
445,5184897429,Joelweeks98,0,441.5,G Rory McIlroy G Matt Fitzpatrick G Patrick Reed G Corey Conners G Ewen Ferguson G Austin Eckroat,,,
445,5185482817,KKSmooth,0,441.5,G Matt Fitzpatrick G Tommy Fleetwood G Patrick Reed G Marco Penge G Jake Knapp G Tom Kim,,,
451,5184700050,Chitownkilla9913,0,441,G Rory McIlroy G Matt Fitzpatrick G Patrick Reed G Angel Ayora Fanegas G Oliver Lindell G Shaun Norris,,,
451,5185172634,rumrunner72,0,441,G Matt Fitzpatrick G Tommy Fleetwood G Nicolai Hojgaard G Alex Fitzpatrick G Patrick Reed G Victor Perez,,,
453,5184038327,Sacrsan,0,440.5,G Matt Fitzpatrick G Chris Gotterup G Wyndham Clark G Tom Kim G Sungjae Im G Hao-Tong Li,,,
453,5184132308,TP22,0,440.5,G Matt Fitzpatrick G Robert MacIntyre G Si Woo Kim G Alex Fitzpatrick G Marco Penge G Matti Schmid,,,
453,5184803872,aylsg,0,440.5,G Matt Fitzpatrick G Tyrrell Hatton G Nicolai Hojgaard G Kristoffer Reitan G Tom Kim G Aldrich Potgieter,,,
453,5185296181,TONN80,0,440.5,G Matt Fitzpatrick G Tyrrell Hatton G Si Woo Kim G Alex Fitzpatrick G Ryan Gerard G Oliver Lindell,,,
457,5183660531,radzynfessenden,0,440,G Chris Gotterup G Wyndham Clark G Kurt Kitayama G Alex Fitzpatrick G Tom Kim G Eugenio Lopez-Chacarra,,,
457,5183875793,thehoff9000,0,440,G Matt Fitzpatrick G Robert MacIntyre G Min Woo Lee G Shane Lowry G Alex Smalley G Sahith Theegala,,,
457,5185048160,bisonation33,0,440,G Tommy Fleetwood G Wyndham Clark G Tyrrell Hatton G Patrick Reed G Marco Penge G Rasmus Hojgaard,,,
457,5185218586,DueceEmUp,0,440,G Matt Fitzpatrick G Wyndham Clark G Nicolai Hojgaard G Alex Fitzpatrick G Tom Kim G Doug Ghim,,,
457,5185283622,phill81,0,440,G Matt Fitzpatrick G Chris Gotterup G Robert MacIntyre G Patrick Reed G Sepp Straka G Ewen Ferguson,,,
462,5183722659,exit154,0,439.5,G Chris Gotterup G Robert MacIntyre G Patrick Cantlay G Nicolai Hojgaard G Tom Kim G Sam Stevens,,,
462,5184643473,KenkDallyd,0,439.5,G Rory McIlroy G Tyrrell Hatton G Patrick Reed G Brian Harman G Victor Perez G Matthew McCarty,,,
462,5184714416,greenthumb,0,439.5,G Rory McIlroy G Brooks Koepka G Patrick Reed G Tom Kim G Corey Conners G Sahith Theegala,,,
462,5184987693,JLR1985,0,439.5,G Chris Gotterup G Wyndham Clark G Tyrrell Hatton G Nicolai Hojgaard G Brian Harman G Sahith Theegala,,,
462,5185191878,harps73,0,439.5,G Rory McIlroy G Justin Thomas G Nicolai Hojgaard G Jake Knapp G Tom Kim G Cameron Davis,,,
462,5185454430,ryok82,0,439.5,G Rory McIlroy G Kurt Kitayama G Tom Kim G Sahith Theegala G Sepp Straka G Nick Taylor,,,
468,5183613965,ScottoD12,0,439,G Matt Fitzpatrick G Chris Gotterup G Robert MacIntyre G Kristoffer Reitan G Ryan Gerard G Nacho Elvira,,,
468,5184207827,mattyn773,0,439,G Rory McIlroy G Robert MacIntyre G Kurt Kitayama G Jordan L. Smith G Oliver Lindell G Billy Horschel,,,
468,5184542251,stormking82,0,439,G Matt Fitzpatrick G Chris Gotterup G Tyrrell Hatton G Shane Lowry G Ricky Castillo G Casey Jarvis,,,
468,5184969629,TheDCarman,0,439,G Jon Rahm G Min Woo Lee G Alex Fitzpatrick G Kristoffer Reitan G Michael Thorbjornsen G John Keefer,,,
468,5185258457,Branaman12,0,439,G Matt Fitzpatrick G Justin Thomas G Min Woo Lee G Nicolai Hojgaard G Alex Fitzpatrick G Oliver Lindell,,,
473,5184612870,Bucs_Fan14,0,438.5,G Matt Fitzpatrick G Chris Gotterup G Si Woo Kim G Alex Fitzpatrick G Patrick Reed G Davis Riley,,,
473,5184622526,keg2015,0,438.5,G Tommy Fleetwood G Tyrrell Hatton G Kurt Kitayama G Nicolai Hojgaard G Tom Kim G Bud Cauley,,,
473,5184770312,Bgoebert,0,438.5,G Matt Fitzpatrick G Tyrrell Hatton G Nicolai Hojgaard G Kristoffer Reitan G Marco Penge G Tom Kim,,,
473,5185001353,comegetsome9,0,438.5,G Matt Fitzpatrick G Tyrrell Hatton G Nicolai Hojgaard G Kristoffer Reitan G Marco Penge G Tom Kim,,,
473,5185121194,bannachb,0,438.5,G Matt Fitzpatrick G Tommy Fleetwood G Alex Fitzpatrick G Shane Lowry G Tom Kim G Ryan Fox,,,
473,5185232619,CraigAD66,0,438.5,G Matt Fitzpatrick G Tyrrell Hatton G Nicolai Hojgaard G Alex Fitzpatrick G Marco Penge G Tom Kim,,,
479,5183518841,beardown58,0,438,G Rory McIlroy G Justin Thomas G Nicolai Hojgaard G Tom Kim G Nicolas Echavarria G Erik Van Rooyen,,,
479,5184049726,DEMONFIST45,0,438,G Ludvig Aberg G Robert MacIntyre G Tyrrell Hatton G Alex Fitzpatrick G Tom Kim G Ricky Castillo,,,
479,5184506870,AresArrow,0,438,G Matt Fitzpatrick G Wyndham Clark G Tyrrell Hatton G Alex Smalley G Sahith Theegala G Victor Perez,,,
479,5184796138,sjohns919,0,438,G Matt Fitzpatrick G Tyrrell Hatton G Si Woo Kim G Harris English G Rasmus Hojgaard G Andrew Novak,,,
479,5185218810,Coachpimp714,0,438,G Chris Gotterup G Tyrrell Hatton G Nicolai Hojgaard G Aaron Rai G Tom Kim G Eugenio Lopez-Chacarra,,,
479,5185219247,NATION81,0,438,G Tommy Fleetwood G Wyndham Clark G Justin Thomas G Alex Fitzpatrick G Tom Kim G Brian Harman,,,
479,5185250198,kcw66,0,438,G Matt Fitzpatrick G Chris Gotterup G Tyrrell Hatton G Kristoffer Reitan G Rasmus Hojgaard G Jesper Svensson,,,
486,5183870918,rbird33,0,437.5,G Matt Fitzpatrick G Tommy Fleetwood G Tyrrell Hatton G Alex Fitzpatrick G Victor Perez G Jesper Svensson,,,
486,5184575394,diegoseis,0,437.5,G Matt Fitzpatrick G Viktor Hovland G Tyrrell Hatton G Patrick Reed G Corey Conners G Kevin Yu,,,
486,5184811638,tigolebitties91,0,437.5,G Tommy Fleetwood G Chris Gotterup G Wyndham Clark G Eric Cole G Ryan Fox G Mac Meissner,,,
486,5184954781,bigmac84,0,437.5,G Ludvig Aberg G Tommy Fleetwood G Chris Gotterup G Tom Kim G Brian Harman G Jesper Svensson,,,
486,5184956377,koepkemi,0,437.5,G Matt Fitzpatrick G Wyndham Clark G Kurt Kitayama G Nicolai Hojgaard G Eric Cole G Jesper Svensson,,,
491,5185416746,mugwamper,0,437,G Wyndham Clark G Robert MacIntyre G Tyrrell Hatton G Nicolai Hojgaard G Adam Scott G Aldrich Potgieter,,,
492,5183586696,Pittsburghese,0,436.5,G Matt Fitzpatrick G Robert MacIntyre G Kurt Kitayama G Alex Fitzpatrick G Ryan Gerard G Sahith Theegala,,,
492,5183939019,julietrev,0,436.5,G Matt Fitzpatrick G Tommy Fleetwood G Tyrrell Hatton G Kristoffer Reitan G Rasmus Hojgaard G Jesper Svensson,,,
492,5184652759,kjspaven,0,436.5,G Matt Fitzpatrick G Tyrrell Hatton G Nicolai Hojgaard G Alex Fitzpatrick G Patrick Reed G Ryan Gerard,,,
492,5185267973,tjohnbigg,0,436.5,G Chris Gotterup G Wyndham Clark G Nicolai Hojgaard G Alex Fitzpatrick G Adam Scott G Tom Kim,,,
492,5185319375,T-MAC42,0,436.5,G Matt Fitzpatrick G Chris Gotterup G Si Woo Kim G Alex Fitzpatrick G Mac Meissner G Ricky Castillo,,,
492,5185488910,Patterson2179,0,436.5,G Matt Fitzpatrick G Tommy Fleetwood G Shane Lowry G Patrick Reed G Tom Kim G Alex Noren,,,
498,5184345714,silasgold,0,436,G Jon Rahm G Tyrrell Hatton G Patrick Reed G Tom Kim G Sepp Straka G Andrew Novak,,,
498,5184373888,Trave55,0,436,G Matt Fitzpatrick G Tommy Fleetwood G Alex Fitzpatrick G Patrick Reed G Tom Kim G Alex Smalley,,,
498,5184874572,pacman293,0,436,G Matt Fitzpatrick G Viktor Hovland G Alex Fitzpatrick G Aaron Rai G Tom Kim G Jordan L. Smith,,,
498,5185314875,Jbarrin3,0,436,G Tommy Fleetwood G Tyrrell Hatton G Harris English G Nicolai Hojgaard G Adam Scott G Tom Kim,,,
498,5185433028,david.arensdorf,0,436,G Matt Fitzpatrick G Ludvig Aberg G Shane Lowry G Patrick Reed G Tom Kim G Brian Harman,,,
503,5183746581,seanshoe16,0,435.5,G Matt Fitzpatrick G Wyndham Clark G Tyrrell Hatton G Brooks Koepka G Sam Stevens G Keita Nakajima,,,
503,5184677742,cecilspringer,0,435.5,G Rory McIlroy G Tommy Fleetwood G Nicolai Hojgaard G Michael Thorbjornsen G Marcus Armitage G Adrian Meronk,,,
503,5184702543,rnewman120,0,435.5,G Matt Fitzpatrick G Chris Gotterup G Tyrrell Hatton G Aaron Rai G Tom Kim G Kota Kaneko,,,
503,5185039693,coslercrew69,0,435.5,G Matt Fitzpatrick G Robert MacIntyre G Shane Lowry G Adam Scott G Patrick Reed G Sahith Theegala,,,
507,5183690487,Riley100,0,435,G Chris Gotterup G Wyndham Clark G J.J. Spaun G Aaron Rai G Tom Kim G Eugenio Lopez-Chacarra,,,
507,5183896211,ryangould31,0,435,G Chris Gotterup G Wyndham Clark G J.J. Spaun G Aaron Rai G Tom Kim G Eugenio Lopez-Chacarra,,,
507,5184013538,cubfan89,0,435,G Chris Gotterup G Wyndham Clark G Robert MacIntyre G Aaron Rai G Eugenio Lopez-Chacarra G Jordan L. Smith,,,
507,5184673436,bastropgambler,0,435,G Matt Fitzpatrick G Wyndham Clark G Tyrrell Hatton G Corey Conners G Doug Ghim G Tom McKibbin,,,
507,5184817727,Dallashh,0,435,G Chris Gotterup G Robert MacIntyre G Tyrrell Hatton G Alex Fitzpatrick G Eugenio Lopez-Chacarra G Ryan Fox,,,
507,5185106195,donj9903,0,435,G Matt Fitzpatrick G Chris Gotterup G Wyndham Clark G Marco Penge G Sudarshan Yellamaraju G Mikael Lindberg,,,
507,5185262096,tap677265roy,0,435,G Tommy Fleetwood G Wyndham Clark G Tyrrell Hatton G Patrick Reed G Jake Knapp G Victor Perez,,,
507,5185460566,baahstonbotfly,0,435,G Rory McIlroy G Wyndham Clark G Nicolai Hojgaard G Sahith Theegala G Mikael Lindberg G Nicolas Echavarria,,,
515,5184139021,mkleeman20,0,434.5,G Si Woo Kim G J.J. Spaun G Kurt Kitayama G Min Woo Lee G Nicolai Hojgaard G Jake Knapp,,,
515,5184808766,tmorriso,0,434.5,G Matt Fitzpatrick G Chris Gotterup G Si Woo Kim G Alex Fitzpatrick G Ryan Gerard G Oliver Lindell,,,
517,5183638562,mustbeinit25,0,434,G Matt Fitzpatrick G Wyndham Clark G Tyrrell Hatton G Adam Scott G Nick Taylor G Matthew McCarty,,,
517,5183743493,stingrays315,0,434,G Tommy Fleetwood G Robert MacIntyre G Nicolai Hojgaard G Alex Fitzpatrick G Shane Lowry G Tom Kim,,,
517,5183866235,cdh601,0,434,G Rory McIlroy G Patrick Reed G Tom Kim G Alex Noren G Ryan Gerard G Eric Cole,,,
517,5184925347,AllenBrewingCo,0,434,G Matt Fitzpatrick G Tommy Fleetwood G Tyrrell Hatton G Alex Fitzpatrick G Ryan Fox G Oliver Lindell,,,
517,5185034047,cookert454,0,434,G Matt Fitzpatrick G Wyndham Clark G Tyrrell Hatton G Kurt Kitayama G Oliver Lindell G Billy Horschel,,,
517,5185402772,patsfan09,0,434,G Matt Fitzpatrick G Tommy Fleetwood G Harris English G Nicolai Hojgaard G Eric Cole G John Keefer,,,
523,5183875566,Bigbucklowery,0,433.5,G Matt Fitzpatrick G Tommy Fleetwood G Si Woo Kim G Jake Knapp G Ryan Gerard G Calum Hill,,,
523,5184605229,smokers,0,433.5,G Matt Fitzpatrick G Tyrrell Hatton G David Puig G Alex Fitzpatrick G Tom Kim G Corey Conners,,,
523,5185101052,SweetMayo1928,0,433.5,G Tommy Fleetwood G Wyndham Clark G Viktor Hovland G Patrick Reed G Eugenio Lopez-Chacarra G Hennie Du Plessis,,,
523,5185223985,Beau73kg,0,433.5,G Rory McIlroy G Robert MacIntyre G Aaron Rai G Brian Harman G Ryan Fox G Oliver Lindell,,,
523,5185429585,TigerLoods,0,433.5,G Matt Fitzpatrick G Tommy Fleetwood G Nicolai Hojgaard G Shane Lowry G Patrick Reed G Mac Meissner,,,
528,5183855557,KielMoney28,0,433,G Chris Gotterup G Wyndham Clark G Si Woo Kim G Jake Knapp G Tom Kim G Doug Ghim,,,
528,5184312164,maxangst,0,433,G Chris Gotterup G Wyndham Clark G Robert MacIntyre G Shane Lowry G Corey Conners G Mac Meissner,,,
528,5184818578,JohnnyDrama34,0,433,G Matt Fitzpatrick G Chris Gotterup G Nicolai Hojgaard G Shane Lowry G Tom Kim G Harry Hall,,,
528,5185065945,depalma13,0,433,G Rory McIlroy G Wyndham Clark G Nicolai Hojgaard G Tom Kim G Antoine Rozner G Grant Forrest,,,
528,5185438403,Jcasa1,0,433,G Matt Fitzpatrick G Tyrrell Hatton G J.J. Spaun G Harris English G Brian Harman G Rasmus Hojgaard,,,
533,5184170065,bigwheelio,0,432.5,G Jon Rahm G Matt Fitzpatrick G Kurt Kitayama G Jesper Svensson G Calum Hill G Oliver Lindell,,,
533,5184197974,PopsisTops,0,432.5,G Matt Fitzpatrick G Wyndham Clark G Shane Lowry G Marco Penge G Tom Kim G Eugenio Lopez-Chacarra,,,
533,5184761713,PopFlyBoy,0,432.5,G Matt Fitzpatrick G Tommy Fleetwood G Tyrrell Hatton G Aaron Rai G Ryan Fox G Oliver Lindell,,,
533,5185266776,Dominators....1,0,432.5,G Wyndham Clark G Viktor Hovland G J.J. Spaun G Aaron Rai G Adam Scott G Tom Kim,,,
533,5185293772,dukester1970,0,432.5,G Matt Fitzpatrick G Wyndham Clark G Nicolai Hojgaard G Alex Fitzpatrick G Patrick Reed G Brian Harman,,,
533,5185467066,redbrick22,0,432.5,G Matt Fitzpatrick G Wyndham Clark G Nicolai Hojgaard G Alex Fitzpatrick G Patrick Reed G Brian Harman,,,
539,5183544264,jt0378,0,432,G Matt Fitzpatrick G Wyndham Clark G Tyrrell Hatton G Tom Kim G Bud Cauley G John Parry,,,
539,5183781789,andnov,0,432,G Chris Gotterup G Wyndham Clark G Si Woo Kim G Aaron Rai G Tom Kim G Doug Ghim,,,
539,5185263627,codesix14,0,432,G Matt Fitzpatrick G Wyndham Clark G Viktor Hovland G Shane Lowry G Mac Meissner G Jesper Svensson,,,
539,5185354998,barrythehammer,0,432,G Matt Fitzpatrick G Tommy Fleetwood G Wyndham Clark G Alex Fitzpatrick G Brian Harman G Austin Eckroat,,,
543,5183594512,Harringtonr3,0,431.5,G Jon Rahm G Justin Thomas G Min Woo Lee G Eugenio Lopez-Chacarra G Michael Brennan G Nicolas Echavarria,,,
543,5184596461,gkarkar123,0,431.5,G Matt Fitzpatrick G Wyndham Clark G Tyrrell Hatton G Alex Fitzpatrick G Brian Harman G Oliver Lindell,,,
543,5185041348,Redirkulous420,0,431.5,G Rory McIlroy G Matt Fitzpatrick G Sahith Theegala G Victor Perez G Jayden Trey Schaper G Oliver Lindell,,,
543,5185249169,Iceman10000,0,431.5,G Tommy Fleetwood G Robert MacIntyre G Tyrrell Hatton G Nicolai Hojgaard G Matt Wallace G Rasmus Neergaard-Petersen,,,
547,5183811482,geezer813,0,431,G Matt Fitzpatrick G Tommy Fleetwood G Viktor Hovland G Sahith Theegala G Sepp Straka G Victor Perez,,,
547,5184155844,StatsGuy46,0,431,G Wyndham Clark G Viktor Hovland G Min Woo Lee G Nicolai Hojgaard G Aaron Rai G Eugenio Lopez-Chacarra,,,
547,5185048084,Erich00,0,431,G Matt Fitzpatrick G Tommy Fleetwood G Viktor Hovland G Shane Lowry G Brian Harman G Austin Eckroat,,,
550,5183830605,mangymike,0,430.5,G Chris Gotterup G Wyndham Clark G Viktor Hovland G Kristoffer Reitan G Jordan L. Smith G Victor Perez,,,
550,5183971739,Atgrider21,0,430.5,G Chris Gotterup G Robert MacIntyre G Tyrrell Hatton G Alex Fitzpatrick G Sahith Theegala G Ryan Fox,,,
550,5184355351,vanhorn23,0,430.5,G Matt Fitzpatrick G Viktor Hovland G Si Woo Kim G Bud Cauley G Ryan Gerard G Rasmus Neergaard-Petersen,,,
550,5184531489,Supy,0,430.5,G Chris Gotterup G Robert MacIntyre G Min Woo Lee G Alex Fitzpatrick G Shane Lowry G Ryan Gerard,,,
550,5184833711,Dooch,0,430.5,G Matt Fitzpatrick G Tyrrell Hatton G Si Woo Kim G Alex Fitzpatrick G Sahith Theegala G Nick Taylor,,,
550,5184914396,knixon4201,0,430.5,G Viktor Hovland G Robert MacIntyre G Kurt Kitayama G Alex Fitzpatrick G Aaron Rai G Tom Kim,,,
550,5185337432,mitchelg,0,430.5,G Matt Fitzpatrick G Robert MacIntyre G Justin Thomas G Shane Lowry G Sahith Theegala G Nick Taylor,,,
557,5183540599,JoeyB4Life,0,430,G Matt Fitzpatrick G Wyndham Clark G Kristoffer Reitan G Aaron Rai G Tom Kim G Brian Harman,,,
557,5183774188,kochy11,0,430,G Ludvig Aberg G Robert MacIntyre G Tyrrell Hatton G Tom Kim G Bud Cauley G Brian Harman,,,
557,5184313073,INDY1831,0,430,G Chris Gotterup G Wyndham Clark G Justin Thomas G Alex Fitzpatrick G Tom Kim G Corey Conners,,,
557,5184710857,Dynistee,0,430,G Tommy Fleetwood G Tyrrell Hatton G Si Woo Kim G Marco Penge G Tom Kim G Alex Smalley,,,
557,5185228685,choc4sale,0,430,G Chris Gotterup G Wyndham Clark G Justin Thomas G Kristoffer Reitan G Tom Kim G Corey Conners,,,
557,5185274132,ToNyOnTiLt,0,430,G Matt Fitzpatrick G Si Woo Kim G Justin Thomas G Alex Fitzpatrick G Patrick Reed G Tom McKibbin,,,
563,5183758215,TheRealCartbarnguy,0,429.5,G Rory McIlroy G Robert MacIntyre G Aaron Rai G Tom Kim G Eugenio Lopez-Chacarra G Ryggs Johnston,,,
563,5184083183,RoccoDoodleDoo,0,429.5,G Matt Fitzpatrick G Tommy Fleetwood G Wyndham Clark G Alex Fitzpatrick G Ricky Castillo G Austin Eckroat,,,
563,5184316536,jned69,0,429.5,G Matt Fitzpatrick G Ludvig Aberg G Robert MacIntyre G Sepp Straka G Nick Taylor G Rasmus Hojgaard,,,
563,5184318730,tplmiz23,0,429.5,G Tommy Fleetwood G Chris Gotterup G Min Woo Lee G Nicolai Hojgaard G Aaron Rai G Max Greyserman,,,
563,5184869722,Po1958,0,429.5,G Wyndham Clark G Viktor Hovland G Robert MacIntyre G Nicolai Hojgaard G Doug Ghim G Sahith Theegala,,,
563,5185269167,Biohazard,0,429.5,G Matt Fitzpatrick G Wyndham Clark G Brooks Koepka G Alex Fitzpatrick G Tom Kim G Corey Conners,,,
563,5185336596,musicman777,0,429.5,G Matt Fitzpatrick G Tommy Fleetwood G Wyndham Clark G Doug Ghim G Ricky Castillo G Sudarshan Yellamaraju,,,
563,5185483120,EagleEye3434,0,429.5,G Tommy Fleetwood G Robert MacIntyre G Tyrrell Hatton G Nicolai Hojgaard G Alex Fitzpatrick G Oliver Lindell,,,
571,5184002689,Peytonmanics,0,429,G Matt Fitzpatrick G Tommy Fleetwood G Chris Gotterup G Wyndham Clark G Joe Highsmith G Jacques Kruyswijk,,,
571,5184215847,stuuy,0,429,G Rory McIlroy G Robert MacIntyre G Alex Smalley G Nick Taylor G Mac Meissner G Jesper Svensson,,,
571,5184254249,Hoculi_theman,0,429,G Wyndham Clark G Viktor Hovland G Robert MacIntyre G Nicolai Hojgaard G Kristoffer Reitan G Jesper Svensson,,,
571,5184713021,mammola,0,429,G Matt Fitzpatrick G Wyndham Clark G Alex Fitzpatrick G Tom Kim G Corey Conners G Doug Ghim,,,
571,5185248131,boisten,0,429,G Rory McIlroy G Viktor Hovland G Nicolai Hojgaard G Rasmus Hojgaard G Michael Kim G Matti Schmid,,,
571,5185320366,Clarkmag,0,429,G Chris Gotterup G Wyndham Clark G Viktor Hovland G Nicolai Hojgaard G Michael Brennan G Hennie Du Plessis,,,
577,5183633496,mcJoJo1313,0,428.5,G Tommy Fleetwood G Robert MacIntyre G Tyrrell Hatton G Justin Thomas G Patrick Reed G Thriston Lawrence,,,
577,5183902367,GoLow4Dough,0,428.5,G Rory McIlroy G Matt Fitzpatrick G Nicolai Hojgaard G Mikael Lindberg G Oliver Lindell G Grant Forrest,,,
577,5184785400,stiggy24,0,428.5,G Tommy Fleetwood G Robert MacIntyre G Tyrrell Hatton G Nicolai Hojgaard G Corey Conners G Kevin Yu,,,
577,5184809455,Trevor80,0,428.5,G Matt Fitzpatrick G Ludvig Aberg G Tyrrell Hatton G Tom Kim G Eugenio Lopez-Chacarra G Richard Mansell,,,
577,5185110274,Nick628,0,428.5,G Matt Fitzpatrick G Chris Gotterup G Nicolai Hojgaard G Alex Fitzpatrick G Tom Kim G Harry Hall,,,
582,5183496960,ryanlaughlin77,0,428,G Matt Fitzpatrick G Xander Schauffele G Tyrrell Hatton G Jordan L. Smith G Sam Stevens G John Keefer,,,
582,5184116559,usathrows,0,428,G Matt Fitzpatrick G Tommy Fleetwood G Tyrrell Hatton G Alex Fitzpatrick G Eugenio Lopez-Chacarra G Joost Luiten,,,
582,5184172546,Dthomas0428,0,428,G Tommy Fleetwood G Chris Gotterup G Justin Thomas G Marco Penge G Tom Kim G Corey Conners,,,
582,5184634809,wes_o,0,428,G Rory McIlroy G Justin Thomas G Tom Kim G Ryan Gerard G Sahith Theegala G Max McGreevy,,,
582,5185068750,lvtwolves23,0,428,G Tommy Fleetwood G Chris Gotterup G Robert MacIntyre G Aaron Rai G Brian Harman G Nick Taylor,,,
587,5184100272,kennybass065,0,427.5,G Rory McIlroy G Wyndham Clark G Tyrrell Hatton G Jesper Svensson G Grant Forrest G Alejandro Del Rey,,,
587,5184151166,DougEFresh1212,0,427.5,G Scottie Scheffler G Si Woo Kim G Rasmus Hojgaard G Sudarshan Yellamaraju G Matti Schmid G Kevin Roy,,,
587,5184152355,ch.phillips00,0,427.5,G Tommy Fleetwood G Robert MacIntyre G Tyrrell Hatton G Alex Fitzpatrick G Eugenio Lopez-Chacarra G Mac Meissner,,,
587,5185003763,skydoyle,0,427.5,G Chris Gotterup G Viktor Hovland G Robert MacIntyre G Adam Scott G Doug Ghim G Mac Meissner,,,
587,5185390031,Flatline,0,427.5,G Rory McIlroy G Wyndham Clark G Nicolai Hojgaard G Corey Conners G Jesper Svensson G Oliver Lindell,,,
587,5185441591,Noldawg75,0,427.5,G Rory McIlroy G Nicolai Hojgaard G Kristoffer Reitan G Adam Scott G Tom Kim G Oliver Lindell,,,
593,5183699748,jgerlock,0,427,G Tommy Fleetwood G Wyndham Clark G Si Woo Kim G Alex Fitzpatrick G Tom Kim G Sam Stevens,,,
593,5183713044,JKouch,0,427,G Matt Fitzpatrick G Tommy Fleetwood G Robert MacIntyre G Eric Cole G Sahith Theegala G Matthew McCarty,,,
593,5183834132,bamerson32,0,427,G Matt Fitzpatrick G Tommy Fleetwood G Wyndham Clark G Nicolai Hojgaard G Jesper Svensson G Thorbjorn Olesen,,,
593,5183841578,Leadpipe,0,427,G Xander Schauffele G Wyndham Clark G Viktor Hovland G Robert MacIntyre G Andrew Putnam G Austin Eckroat,,,
593,5184111756,Benjoematt,0,427,G Matt Fitzpatrick G Chris Gotterup G Tyrrell Hatton G Kristoffer Reitan G Mac Meissner G Jesper Svensson,,,
593,5184499285,riptide2,0,427,G Matt Fitzpatrick G Tommy Fleetwood G Robert MacIntyre G Eric Cole G Sahith Theegala G Matthew McCarty,,,
593,5184712549,edd0h,0,427,G Rory McIlroy G Tyrrell Hatton G Alex Fitzpatrick G Ryan Fox G Victor Perez G Nicolas Echavarria,,,
593,5184761380,Spukuff,0,427,G Matt Fitzpatrick G Viktor Hovland G Robert MacIntyre G Aaron Rai G Eric Cole G Jesper Svensson,,,
593,5185389671,Spartakush2005,0,427,G Viktor Hovland G Robert MacIntyre G Tyrrell Hatton G Shane Lowry G Adam Scott G Brian Harman,,,
593,5185488338,adjoeyams,0,427,G Matt Fitzpatrick G Wyndham Clark G Tyrrell Hatton G Justin Thomas G Oliver Lindell G Grant Forrest,,,
603,5184290749,YappoTheClown,0,426.5,G Ludvig Aberg G Viktor Hovland G Tyrrell Hatton G Tom Kim G Doug Ghim G Ryan Fox,,,
603,5184609939,Mulligan32,0,426.5,G Tommy Fleetwood G Wyndham Clark G Tyrrell Hatton G Shane Lowry G Tom Kim G Sam Stevens,,,
603,5184894256,Dora69,0,426.5,G Chris Gotterup G Robert MacIntyre G Patrick Cantlay G Alex Fitzpatrick G Tom Kim G Corey Conners,,,
603,5185018368,JayMacAttack,0,426.5,G Matt Fitzpatrick G Tommy Fleetwood G Tyrrell Hatton G Alex Fitzpatrick G Tom McKibbin G Calum Hill,,,
607,5183632645,ghmccabe,0,426,G Matt Fitzpatrick G Tommy Fleetwood G Chris Gotterup G Alex Fitzpatrick G Brian Harman G Austin Eckroat,,,
607,5183853826,DaleDoback2,0,426,G Chris Gotterup G Wyndham Clark G Tyrrell Hatton G Justin Thomas G Sahith Theegala G Oliver Lindell,,,
607,5184076025,buster999,0,426,G Wyndham Clark G Viktor Hovland G Tyrrell Hatton G Shane Lowry G Patrick Reed G Brian Harman,,,
607,5184856078,Murda,0,426,G Matt Fitzpatrick G Chris Gotterup G Kurt Kitayama G Nicolai Hojgaard G Alex Fitzpatrick G Alejandro Del Rey,,,
607,5185067208,Jackie2424,0,426,G Matt Fitzpatrick G Chris Gotterup G Wyndham Clark G Michael Brennan G Doug Ghim G Jesper Svensson,,,
612,5183641465,titletown3718,0,425.5,G Matt Fitzpatrick G Chris Gotterup G Wyndham Clark G Nicolai Hojgaard G Daniel Hillier G Oliver Lindell,,,
612,5185038662,josephel,0,425.5,G Matt Fitzpatrick G Tommy Fleetwood G Tyrrell Hatton G Marco Penge G Michael Brennan G Oliver Lindell,,,
612,5185205996,Rando24wnm,0,425.5,G Matt Fitzpatrick G Tommy Fleetwood G Chris Gotterup G Kurt Kitayama G Brandt Snedeker G Shaun Norris,,,
615,5183747737,DMemz,0,425,G Chris Gotterup G Wyndham Clark G Justin Thomas G Min Woo Lee G Kristoffer Reitan G Jesper Svensson,,,
615,5183818781,tt1127,0,425,G Tommy Fleetwood G Justin Thomas G J.J. Spaun G Nicolai Hojgaard G Shane Lowry G Tom Kim,,,
615,5183928548,teejunior81,0,425,G Rory McIlroy G Wyndham Clark G Patrick Reed G Eugenio Lopez-Chacarra G Aldrich Potgieter G Alejandro Del Rey,,,
615,5184142137,Acashk,0,425,G Rory McIlroy G Wyndham Clark G Shane Lowry G Tom Kim G Bernd Wiesberger G Oliver Lindell,,,
615,5184363614,ckingbay,0,425,G Matt Fitzpatrick G Chris Gotterup G Nicolai Hojgaard G Aaron Rai G Patrick Reed G Brian Harman,,,
615,5185314338,UFCMatt,0,425,G Matt Fitzpatrick G Ludvig Aberg G Robert MacIntyre G Tyrrell Hatton G Shaun Norris G Richard Sterne,,,
615,5185391075,DoctorFantasy,0,425,G Matt Fitzpatrick G Chris Gotterup G Wyndham Clark G Bud Cauley G Aldrich Potgieter G John Keefer,,,
622,5183965966,rsumrall,0,424.5,G Wyndham Clark G Robert MacIntyre G Kurt Kitayama G Adam Scott G Patrick Reed G Jake Knapp,,,
622,5184643556,maf154,0,424.5,G Tommy Fleetwood G Chris Gotterup G J.J. Spaun G Kristoffer Reitan G Tom Kim G Sahith Theegala,,,
622,5184705413,cox8282,0,424.5,G Tommy Fleetwood G Robert MacIntyre G Si Woo Kim G J.J. Spaun G Sahith Theegala G Sam Stevens,,,
622,5184797264,Cedar247,0,424.5,G Matt Fitzpatrick G Tommy Fleetwood G Kurt Kitayama G Aaron Rai G Ryan Fox G Nick Taylor,,,
622,5185033247,Bluechip11,0,424.5,G Matt Fitzpatrick G Wyndham Clark G Tyrrell Hatton G Justin Thomas G Jesper Svensson G Grant Forrest,,,
627,5184109246,coolbrz10,0,424,G Rory McIlroy G Nicolai Hojgaard G Alex Fitzpatrick G Tom Kim G Doug Ghim G Victor Perez,,,
627,5184374089,tjgje,0,424,G Matt Fitzpatrick G Tommy Fleetwood G Chris Gotterup G Alex Fitzpatrick G Nicolas Echavarria G Marcus Armitage,,,
627,5184848064,2briar,0,424,G Chris Gotterup G Wyndham Clark G Patrick Cantlay G Patrick Reed G Ryan Gerard G Ryan Fox,,,
627,5184898170,brich1,0,424,G Jon Rahm G Alex Fitzpatrick G Adam Scott G Patrick Reed G Tom Kim G Ryan Gerard,,,
627,5185043515,tsiark,0,424,G Rory McIlroy G Chris Gotterup G Shane Lowry G Tom Kim G Nicolas Echavarria G Antoine Rozner,,,
627,5185129089,rawf,0,424,G Chris Gotterup G Wyndham Clark G Tyrrell Hatton G Kurt Kitayama G Patrick Reed G Niklas Norgaard Moller,,,
627,5185440646,MWang65,0,424,G Matt Fitzpatrick G Tommy Fleetwood G Kurt Kitayama G Jake Knapp G Tom Kim G Daniel Hillier,,,
634,5184007069,AverillsAvengers,0,423.5,G Rory McIlroy G Si Woo Kim G Alex Fitzpatrick G Patrick Reed G Ricky Castillo G Marcus Armitage,,,
634,5184570773,C-DADDY14,0,423.5,G Matt Fitzpatrick G Robert MacIntyre G Tyrrell Hatton G Alex Fitzpatrick G Nick Taylor G Sam Stevens,,,
634,5184973168,j11five,0,423.5,G Tommy Fleetwood G Robert MacIntyre G Min Woo Lee G Nicolai Hojgaard G Alex Fitzpatrick G Harry Hall,,,
637,5183755078,spike08139,0,423,G Matt Fitzpatrick G Wyndham Clark G Si Woo Kim G Alex Fitzpatrick G Sahith Theegala G Oliver Lindell,,,
637,5184172796,ricsterus,0,423,G Matt Fitzpatrick G Tommy Fleetwood G Si Woo Kim G Alex Fitzpatrick G Sahith Theegala G Mikael Lindberg,,,
637,5184349977,pscapy,0,423,G Tommy Fleetwood G Chris Gotterup G Justin Thomas G Shane Lowry G Tom Kim G Sahith Theegala,,,
640,5183516586,Phil80041,0,422.5,G Matt Fitzpatrick G Tommy Fleetwood G Kristoffer Reitan G Aaron Rai G Tom Kim G Brian Harman,,,
640,5183575993,Daphny15,0,422.5,G Matt Fitzpatrick G Tommy Fleetwood G Kristoffer Reitan G Aaron Rai G Tom Kim G Brian Harman,,,
640,5184040852,slberg01,0,422.5,G Matt Fitzpatrick G Tommy Fleetwood G Kristoffer Reitan G Aaron Rai G Tom Kim G Brian Harman,,,
640,5184337920,btruman,0,422.5,G Matt Fitzpatrick G Robert MacIntyre G Nicolai Hojgaard G Aaron Rai G Adam Scott G Corey Conners,,,
640,5184832613,whoisjohngalt420,0,422.5,G Ludvig Aberg G Tyrrell Hatton G Justin Thomas G Min Woo Lee G Nicolai Hojgaard G Oliver Lindell,,,
640,5185234359,Gizm052o,0,422.5,G Chris Gotterup G Wyndham Clark G Viktor Hovland G Patrick Reed G Doug Ghim G Brian Harman,,,
640,5185383336,DayByDay,0,422.5,G Matt Fitzpatrick G Wyndham Clark G J.J. Spaun G Nicolai Hojgaard G Jake Knapp G Marcus Armitage,,,
640,5185444588,RedDog442,0,422.5,G Chris Gotterup G Wyndham Clark G Viktor Hovland G Patrick Reed G Doug Ghim G Brian Harman,,,
648,5183607961,garretcar,0,422,G Matt Fitzpatrick G Tyrrell Hatton G Harris English G Nicolai Hojgaard G Eugenio Lopez-Chacarra G Ryan Fox,,,
648,5183752426,Ride_Me,0,422,G Matt Fitzpatrick G Viktor Hovland G Nicolai Hojgaard G Shane Lowry G Patrick Reed G Corey Conners,,,
648,5183917684,jwanchena,0,422,G Wyndham Clark G Si Woo Kim G Nicolai Hojgaard G Alex Fitzpatrick G Marco Penge G Tom Kim,,,
648,5183952820,Rix3436,0,422,G Ludvig Aberg G Viktor Hovland G Justin Thomas G Tom Kim G Ryan Gerard G Corey Conners,,,
648,5183978234,mcdowgl,0,422,G Matt Fitzpatrick G Tyrrell Hatton G Alex Fitzpatrick G Jake Knapp G Tom Kim G Eugenio Lopez-Chacarra,,,
648,5184341239,MISMotown,0,422,G Matt Fitzpatrick G Wyndham Clark G Alex Fitzpatrick G Kristoffer Reitan G Tom Kim G Corey Conners,,,
648,5184593911,SilverSpoonKid,0,422,G Matt Fitzpatrick G Wyndham Clark G Alex Fitzpatrick G Kristoffer Reitan G Tom Kim G Corey Conners,,,
648,5184959889,joshuajudges,0,422,G Matt Fitzpatrick G Wyndham Clark G Alex Fitzpatrick G Kristoffer Reitan G Tom Kim G Corey Conners,,,
656,5184004277,trendsetter21,0,421.5,G Matt Fitzpatrick G Viktor Hovland G Kristoffer Reitan G Shane Lowry G Tom Kim G Eugenio Lopez-Chacarra,,,
656,5184082331,daveguy72,0,421.5,G Matt Fitzpatrick G Tyrrell Hatton G J.J. Spaun G Alex Fitzpatrick G Brian Harman G Marcus Armitage,,,
656,5184692852,GBP_4928412,0,421.5,G Tommy Fleetwood G Robert MacIntyre G Justin Thomas G Alex Fitzpatrick G Ryan Gerard G Ryan Fox,,,
656,5184782856,Patsfan688,0,421.5,G Wyndham Clark G Viktor Hovland G Robert MacIntyre G Marco Penge G Eugenio Lopez-Chacarra G Corey Conners,,,
656,5185346344,za.thompson,0,421.5,G Rory McIlroy G Justin Thomas G Nicolai Hojgaard G Eugenio Lopez-Chacarra G Jordan L. Smith G Oliver Lindell,,,
656,5185488194,OC92835,0,421.5,G Jon Rahm G Chris Gotterup G Wyndham Clark G Mikael Lindberg G Ewen Ferguson G Francesco Molinari,,,
662,5183865156,park3go,0,421,G Matt Fitzpatrick G Tyrrell Hatton G Justin Thomas G Alex Fitzpatrick G Brian Harman G Ryan Fox,,,
662,5184569577,RichMin603,0,421,G Matt Fitzpatrick G Tyrrell Hatton G Kristoffer Reitan G Aaron Rai G Tom Kim G Eugenio Lopez-Chacarra,,,
662,5184611611,nbrplaytime,0,421,G Matt Fitzpatrick G Wyndham Clark G Alex Fitzpatrick G Aaron Rai G Tom Kim G Eugenio Lopez-Chacarra,,,
662,5184714422,chisel3232,0,421,G Matt Fitzpatrick G Wyndham Clark G Robert MacIntyre G Alex Fitzpatrick G Doug Ghim G Oliver Lindell,,,
662,5184992698,Grandpakids,0,421,G Rory McIlroy G Matt Fitzpatrick G Nicolai Hojgaard G Jake Knapp G Davis Riley G Austin Eckroat,,,
662,5185113852,ckat1985,0,421,G Rory McIlroy G Chris Gotterup G Alex Fitzpatrick G Jordan L. Smith G Victor Perez G Oliver Lindell,,,
662,5185204864,Leopard57,0,421,G Rory McIlroy G Wyndham Clark G Patrick Reed G Sahith Theegala G Rasmus Hojgaard G Grant Forrest,,,
662,5185477101,stevensjon,0,421,G Rory McIlroy G Tommy Fleetwood G Min Woo Lee G Sahith Theegala G Nicolas Echavarria G Padraig Harrington,,,
670,5183548183,Djclueless716,0,420.5,G Matt Fitzpatrick G Chris Gotterup G Robert MacIntyre G Nicolai Hojgaard G Michael Kim G Kevin Yu,,,
670,5183679410,1060Addison,0,420.5,G Matt Fitzpatrick G Wyndham Clark G Alex Fitzpatrick G Aaron Rai G Tom Kim G Corey Conners,,,
670,5183845275,Bal2kane,0,420.5,G Tommy Fleetwood G Chris Gotterup G Tyrrell Hatton G David Puig G Patrick Reed G Oliver Lindell,,,
670,5184187942,Crusader10,0,420.5,G Rory McIlroy G Si Woo Kim G Alex Fitzpatrick G Tom Kim G Sam Stevens G Calum Hill,,,
670,5184500839,tregom2,0,420.5,G Matt Fitzpatrick G Wyndham Clark G Alex Fitzpatrick G Aaron Rai G Tom Kim G Corey Conners,,,
670,5184737444,golfjoon214,0,420.5,G Rory McIlroy G Matt Fitzpatrick G Alex Fitzpatrick G Tom Kim G Thriston Lawrence G Davis Riley,,,
670,5184996562,HCSHADOW,0,420.5,G Matt Fitzpatrick G Tommy Fleetwood G David Puig G Nicolai Hojgaard G Sahith Theegala G Ryan Fox,,,
670,5185204870,Sanoman73,0,420.5,G Rory McIlroy G Tyrrell Hatton G Adam Scott G Tom Kim G Hao-Tong Li G Antoine Rozner,,,
670,5185236094,rrock19,0,420.5,G Rory McIlroy G Robert MacIntyre G Alex Fitzpatrick G Eugenio Lopez-Chacarra G Marcus Armitage G Oliver Lindell,,,
670,5185463264,2_cheezy,0,420.5,G Matt Fitzpatrick G Si Woo Kim G Kristoffer Reitan G Adam Scott G Tom Kim G Matt Wallace,,,
680,5183531975,pazzman99,0,420,G Matt Fitzpatrick G Viktor Hovland G Justin Thomas G Shane Lowry G Brian Harman G Ryan Fox,,,
680,5183859041,aulee1240,0,420,G Matt Fitzpatrick G Tommy Fleetwood G Nicolai Hojgaard G Aaron Rai G Tom Kim G Matt Wallace,,,
680,5184057037,cnlmike,0,420,G Rory McIlroy G Tyrrell Hatton G Patrick Reed G Brian Harman G Ryan Fox G John Parry,,,
680,5184201910,charlotteuptown,0,420,G Tommy Fleetwood G Wyndham Clark G Viktor Hovland G Patrick Reed G Ryan Gerard G Sam Stevens,,,
680,5184807255,Shoprat66,0,420,G Jon Rahm G Chris Gotterup G Ryan Gerard G Corey Conners G Ryan Fox G Ricky Castillo,,,
680,5185075869,SMalo12,0,420,G Matt Fitzpatrick G Tommy Fleetwood G Chris Gotterup G Shane Lowry G Ricky Castillo G Oliver Lindell,,,
680,5185281997,streybob,0,420,G Tommy Fleetwood G Viktor Hovland G Tyrrell Hatton G Justin Thomas G Sahith Theegala G Calum Hill,,,
687,5183546222,lougehrig4,0,419.5,G Matt Fitzpatrick G Si Woo Kim G Justin Thomas G Shane Lowry G Patrick Reed G Sahith Theegala,,,
687,5183685445,hardeight73,0,419.5,G Tommy Fleetwood G Wyndham Clark G Alex Fitzpatrick G Shane Lowry G Patrick Reed G Tom Kim,,,
687,5184851381,toslaby,0,419.5,G Xander Schauffele G Tommy Fleetwood G Wyndham Clark G Patrick Reed G Rasmus Hojgaard G Marcus Armitage,,,
687,5185222972,kkjdubbs,0,419.5,G Rory McIlroy G Wyndham Clark G Kristoffer Reitan G Michael Brennan G Victor Perez G Austin Eckroat,,,
687,5185293230,PimpinJoy,0,419.5,G Rory McIlroy G Matt Fitzpatrick G Bud Cauley G Victor Perez G Jesper Svensson G Oliver Lindell,,,
687,5185410392,kstarsweets,0,419.5,G Jon Rahm G Si Woo Kim G Nicolai Hojgaard G Patrick Reed G Eric Cole G Nicolas Echavarria,,,
693,5184228498,Rifflerman88,0,419,G Matt Fitzpatrick G Tommy Fleetwood G Tyrrell Hatton G Shane Lowry G Corey Conners G Oliver Lindell,,,
693,5184693283,erog30,0,419,G Tyrrell Hatton G Patrick Cantlay G Justin Thomas G Min Woo Lee G Nicolai Hojgaard G Corey Conners,,,
693,5184794093,lesterburnham,0,419,G Rory McIlroy G Robert MacIntyre G Corey Conners G Eric Cole G Victor Perez G Zachary Bauchou,,,
693,5184964596,DinP,0,419,G Matt Fitzpatrick G Tommy Fleetwood G Alex Fitzpatrick G Shane Lowry G Tom Kim G Corey Conners,,,
693,5185143926,Parvez,0,419,G Rory McIlroy G Min Woo Lee G Jake Knapp G Tom Kim G Doug Ghim G Aldrich Potgieter,,,
693,5185292910,chadfu23,0,419,G Matt Fitzpatrick G Tommy Fleetwood G Alex Fitzpatrick G Adam Scott G Tom Kim G Doug Ghim,,,
699,5183753463,ilonabeate,0,418.5,G Matt Fitzpatrick G Tommy Fleetwood G Wyndham Clark G Sahith Theegala G Ryan Fox G John Parry,,,
699,5183959146,swiftyjb,0,418.5,G Tommy Fleetwood G Chris Gotterup G Tyrrell Hatton G Aaron Rai G Victor Perez G Mikael Lindberg,,,
699,5184103011,jtmittl,0,418.5,G Matt Fitzpatrick G Wyndham Clark G Tyrrell Hatton G Alex Fitzpatrick G Eric Cole G Shaun Norris,,,
699,5185322242,MeanMachine590,0,418.5,G Matt Fitzpatrick G Tommy Fleetwood G Tyrrell Hatton G Sahith Theegala G Ryan Fox G Sungjae Im,,,
699,5185364772,hockeyav,0,418.5,G Matt Fitzpatrick G Si Woo Kim G Justin Thomas G Kristoffer Reitan G Eugenio Lopez-Chacarra G Jordan L. Smith,,,
704,5183882518,cjspiller52,0,418,G Matt Fitzpatrick G Chris Gotterup G Nicolai Hojgaard G Kristoffer Reitan G Adam Scott G Victor Perez,,,
704,5184081743,valky31,0,418,G Wyndham Clark G Viktor Hovland G Tyrrell Hatton G Kristoffer Reitan G Tom Kim G Matt Wallace,,,
704,5184235674,intel07,0,418,G Matt Fitzpatrick G Ludvig Aberg G Viktor Hovland G Sahith Theegala G Victor Perez G Ricky Castillo,,,
704,5184389987,Axflex88,0,418,G Chris Gotterup G Wyndham Clark G Tyrrell Hatton G Tom Kim G Bud Cauley G Doug Ghim,,,
704,5185089015,DMilliken60,0,418,G Matt Fitzpatrick G Chris Gotterup G Robert MacIntyre G Marco Penge G Angel Ayora Fanegas G Oliver Lindell,,,
704,5185479966,Sagi_Dec85,0,418,G Matt Fitzpatrick G Tyrrell Hatton G Si Woo Kim G Patrick Reed G Jake Knapp G Jayden Trey Schaper,,,
710,5183543123,cburke0286,0,417.5,G Matt Fitzpatrick G Tommy Fleetwood G Aaron Rai G Shane Lowry G Tom Kim G Corey Conners,,,
710,5183589958,cotterb,0,417.5,G Matt Fitzpatrick G Wyndham Clark G Alex Fitzpatrick G Patrick Reed G Brian Harman G Sahith Theegala,,,
710,5183670532,JimStank19,0,417.5,G Wyndham Clark G Robert MacIntyre G Tyrrell Hatton G Alex Fitzpatrick G Shane Lowry G Victor Perez,,,
710,5183672195,metzykid23,0,417.5,G Matt Fitzpatrick G Wyndham Clark G Kurt Kitayama G Nicolai Hojgaard G Kristoffer Reitan G Oliver Lindell,,,
710,5184348753,JRODGERS,0,417.5,G Matt Fitzpatrick G Chris Gotterup G Viktor Hovland G Nicolai Hojgaard G Corey Conners G Richard Mansell,,,
710,5185159129,JTE1214,0,417.5,G Ludvig Aberg G Tommy Fleetwood G Min Woo Lee G Nicolai Hojgaard G Corey Conners G Brian Harman,,,
710,5185264699,Slugxx,0,417.5,G Chris Gotterup G Wyndham Clark G Harris English G Alex Fitzpatrick G Patrick Reed G Tom Kim,,,
717,5183746632,MJRIPZ,0,417,G Rory McIlroy G Robert MacIntyre G Kurt Kitayama G Brian Harman G Sahith Theegala G Daniel Rodrigues,,,
717,5183881594,linsanity77,0,417,G Matt Fitzpatrick G Xander Schauffele G Shane Lowry G Tom Kim G Corey Conners G Ryan Fox,,,
717,5184316143,chris336,0,417,G Matt Fitzpatrick G Robert MacIntyre G Kristoffer Reitan G Aaron Rai G Shane Lowry G Tom Kim,,,
717,5184469491,loc_dog,0,417,G Matt Fitzpatrick G Tommy Fleetwood G Tyrrell Hatton G Alex Fitzpatrick G Eugenio Lopez-Chacarra G Darius Van Driel,,,
717,5184520214,K1ngOfHearts,0,417,G Scottie Scheffler G Patrick Reed G Tom Kim G Jordan L. Smith G Bernd Wiesberger G Marcus Armitage,,,
717,5185001373,Kohls04,0,417,G Tommy Fleetwood G Wyndham Clark G Tyrrell Hatton G Alex Fitzpatrick G Brian Harman G Ryan Fox,,,
717,5185221031,edtwandmac,0,417,G Tommy Fleetwood G Chris Gotterup G Tyrrell Hatton G Tom Kim G Doug Ghim G Matt Wallace,,,
717,5185367644,Jagermister17,0,417,G Rory McIlroy G Wyndham Clark G Alex Fitzpatrick G Tom Kim G Nicolas Echavarria G Grant Forrest,,,
717,5185417565,markaf8347,0,417,G Matt Fitzpatrick G Robert MacIntyre G Alex Fitzpatrick G Aaron Rai G Shane Lowry G Tom Kim,,,
717,5185481967,FlutieFlakes84,0,417,G Matt Fitzpatrick G Viktor Hovland G Tyrrell Hatton G Kristoffer Reitan G Eugenio Lopez-Chacarra G Oliver Lindell,,,
727,5184358277,SandlotHero,0,416.5,G Wyndham Clark G Viktor Hovland G Robert MacIntyre G Harris English G Brian Harman G Andrew Novak,,,
727,5184415253,urban1106,0,416.5,G Chris Gotterup G Wyndham Clark G Tyrrell Hatton G Alex Fitzpatrick G Patrick Reed G Oliver Lindell,,,
727,5184788491,aromarks,0,416.5,G Tommy Fleetwood G Chris Gotterup G Tyrrell Hatton G Ryan Gerard G Harry Hall G Ryan Fox,,,
727,5184826950,marksgelfand,0,416.5,G Tommy Fleetwood G Chris Gotterup G Brooks Koepka G Alex Fitzpatrick G Patrick Reed G Tom Kim,,,
727,5184844935,billy4069,0,416.5,G Matt Fitzpatrick G Tommy Fleetwood G Nicolai Hojgaard G Shane Lowry G Adam Scott G Jordan L. Smith,,,
727,5184911985,cejay11,0,416.5,G Matt Fitzpatrick G Ludvig Aberg G Aaron Rai G Patrick Reed G Tom Kim G Sahith Theegala,,,
727,5185205587,JKing2314,0,416.5,G Wyndham Clark G Tyrrell Hatton G Kurt Kitayama G Alex Fitzpatrick G Tom Kim G Angel Ayora Fanegas,,,
727,5185262368,zak11b,0,416.5,G Matt Fitzpatrick G Tommy Fleetwood G Chris Gotterup G Justin Thomas G Adrian Meronk G Darius Van Driel,,,
727,5185330874,utahshane,0,416.5,G Matt Fitzpatrick G Wyndham Clark G Alex Fitzpatrick G Aaron Rai G Tom Kim G Sahith Theegala,,,
736,5183600396,delbertmcfly,0,416,G Tommy Fleetwood G Wyndham Clark G Nicolai Hojgaard G Brooks Koepka G Shane Lowry G Tom Kim,,,
736,5183897123,hburton1,0,416,G Robert MacIntyre G Tyrrell Hatton G Si Woo Kim G David Puig G Aaron Rai G Ryan Gerard,,,
736,5184604333,jhiggins050,0,416,G Matt Fitzpatrick G Tommy Fleetwood G Robert MacIntyre G Alex Fitzpatrick G Matti Schmid G John Parry,,,
736,5184652025,RohoRadio,0,416,G Matt Fitzpatrick G Tommy Fleetwood G Viktor Hovland G Aaron Rai G Ricky Castillo G Nicolas Echavarria,,,
736,5184956458,dusty.schnieders,0,416,G Ludvig Aberg G Wyndham Clark G Nicolai Hojgaard G Shane Lowry G Patrick Reed G Tom Kim,,,
736,5185216460,Franatic,0,416,G Matt Fitzpatrick G Wyndham Clark G Kurt Kitayama G Nicolai Hojgaard G Aaron Rai G Oliver Lindell,,,
742,5183588753,jaksplace,0,415.5,G Chris Gotterup G Wyndham Clark G Si Woo Kim G Kurt Kitayama G Shane Lowry G Oliver Lindell,,,
742,5184513995,kinglarry,0,415.5,G Chris Gotterup G Tyrrell Hatton G Si Woo Kim G Kurt Kitayama G Angel Ayora Fanegas G Oliver Lindell,,,
742,5184660514,Carcar831,0,415.5,G Jon Rahm G Robert MacIntyre G Michael Brennan G Eric Cole G Sahith Theegala G Mac Meissner,,,
742,5184855302,Batman985,0,415.5,G Matt Fitzpatrick G Viktor Hovland G David Puig G Aaron Rai G Tom Kim G Eric Cole,,,
742,5185036687,hushochief,0,415.5,G Chris Gotterup G Si Woo Kim G Kurt Kitayama G Harris English G Patrick Reed G Ryan Gerard,,,
742,5185219604,Junkist,0,415.5,G Matt Fitzpatrick G Wyndham Clark G Tyrrell Hatton G Kristoffer Reitan G Sahith Theegala G Jesper Svensson,,,
742,5185301586,scombs,0,415.5,G Matt Fitzpatrick G Ludvig Aberg G Robert MacIntyre G Kristoffer Reitan G John Keefer G Antoine Rozner,,,
742,5185414282,abrooks12,0,415.5,G Matt Fitzpatrick G Wyndham Clark G Tyrrell Hatton G Kristoffer Reitan G Sahith Theegala G Jesper Svensson,,,
742,5185464090,CravinBliss,0,415.5,G Rory McIlroy G Brooks Koepka G Aaron Rai G Tom Kim G Brian Harman G Ryan Fox,,,
751,5183534955,corydon69,0,415,G Matt Fitzpatrick G Tyrrell Hatton G Kurt Kitayama G Nicolai Hojgaard G Alex Fitzpatrick G Jesper Svensson,,,
751,5183657652,sprothero,0,415,G Matt Fitzpatrick G Tommy Fleetwood G Alex Fitzpatrick G Shane Lowry G Tom Kim G Sahith Theegala,,,
751,5183893392,shogunasskicker,0,415,G Tommy Fleetwood G Robert MacIntyre G Justin Thomas G Shane Lowry G Patrick Reed G Corey Conners,,,
751,5184139826,rikj68,0,415,G Matt Fitzpatrick G Tommy Fleetwood G Chris Gotterup G Sepp Straka G Tom McKibbin G Hennie Du Plessis,,,
751,5184142778,DakDocs,0,415,G Matt Fitzpatrick G Tommy Fleetwood G Alex Fitzpatrick G Shane Lowry G Tom Kim G Sahith Theegala,,,
751,5184299755,martowright,0,415,G Matt Fitzpatrick G Si Woo Kim G Kurt Kitayama G Alex Fitzpatrick G Adam Scott G Tom McKibbin,,,
751,5184526088,Ragis10,0,415,G Wyndham Clark G Si Woo Kim G Alex Fitzpatrick G Kristoffer Reitan G Tom Kim G Brian Harman,,,
751,5184991760,MoshPit_1967,0,415,G Ludvig Aberg G Robert MacIntyre G Kurt Kitayama G Shane Lowry G Patrick Reed G Michael Thorbjornsen,,,
751,5185010331,boeingjet51,0,415,G Rory McIlroy G Chris Gotterup G Wyndham Clark G Oliver Lindell G Billy Horschel G Austin Eckroat,,,
760,5183666760,GenoMustGo,0,414.5,G Jon Rahm G Min Woo Lee G Kristoffer Reitan G Adam Scott G Michael Thorbjornsen G Hennie Du Plessis,,,
760,5183753434,kp3205s,0,414.5,G Matt Fitzpatrick G Tommy Fleetwood G Tyrrell Hatton G Justin Thomas G Oliver Lindell G Brandt Snedeker,,,
760,5183929882,lilly99,0,414.5,G Jon Rahm G Viktor Hovland G Nicolai Hojgaard G Michael Thorbjornsen G Rasmus Hojgaard G John Parry,,,
760,5184303718,jdirany,0,414.5,G Matt Fitzpatrick G Chris Gotterup G Alex Fitzpatrick G Aaron Rai G Tom Kim G Corey Conners,,,
760,5184544501,Steelers_South,0,414.5,G Matt Fitzpatrick G Ludvig Aberg G Robert MacIntyre G Alex Fitzpatrick G Matti Schmid G Nicolas Echavarria,,,
760,5184601409,steelergeorge,0,414.5,G Matt Fitzpatrick G Tyrrell Hatton G Justin Thomas G Patrick Reed G Angel Ayora Fanegas G Sahith Theegala,,,
760,5184684205,tarheel69,0,414.5,G Jon Rahm G Viktor Hovland G Brooks Koepka G Tom Kim G Matthew McCarty G Matti Schmid,,,
760,5185325063,jamn0203,0,414.5,G Tommy Fleetwood G Wyndham Clark G Robert MacIntyre G Shane Lowry G Patrick Reed G Bernd Wiesberger,,,
768,5184650861,StuDarley,0,414,G Tommy Fleetwood G Robert MacIntyre G Tyrrell Hatton G Kurt Kitayama G Alex Fitzpatrick G Nacho Elvira,,,
768,5185079842,Spocker14,0,414,G Wyndham Clark G Viktor Hovland G J.J. Spaun G Brooks Koepka G Patrick Reed G Ryan Gerard,,,
768,5185268650,PSUMMERB,0,414,G Matt Fitzpatrick G Tommy Fleetwood G Chris Gotterup G Aaron Rai G Ricky Castillo G Oliver Lindell,,,
771,5183571898,mefahrer,0,413.5,G Tommy Fleetwood G Chris Gotterup G Tyrrell Hatton G David Puig G Ryan Fox G Andrew Putnam,,,
771,5184380362,eaglesnation83,0,413.5,G Matt Fitzpatrick G Robert MacIntyre G J.J. Spaun G Shane Lowry G Alex Smalley G Ryan Fox,,,
771,5184785158,Bsnyder88,0,413.5,G Matt Fitzpatrick G Tommy Fleetwood G Robert MacIntyre G Shane Lowry G Matthew McCarty G Andrew Putnam,,,
771,5184806733,az350z,0,413.5,G Wyndham Clark G Viktor Hovland G Patrick Cantlay G Aaron Rai G Tom Kim G Ryan Gerard,,,
771,5184824506,ssgmartin,0,413.5,G Tommy Fleetwood G Chris Gotterup G Wyndham Clark G Kristoffer Reitan G Victor Perez G Sudarshan Yellamaraju,,,
771,5185028607,omes16,0,413.5,G Chris Gotterup G Tyrrell Hatton G Si Woo Kim G Adam Scott G Patrick Reed G Alex Smalley,,,
771,5185051251,rp1381,0,413.5,G Matt Fitzpatrick G Ludvig Aberg G Nicolai Hojgaard G Kristoffer Reitan G Tom Kim G Jesper Svensson,,,
778,5184012015,Plummdogg,0,413,G Matt Fitzpatrick G Tommy Fleetwood G Alex Fitzpatrick G Aaron Rai G Tom Kim G Corey Conners,,,
778,5184046990,jljjr,0,413,G Matt Fitzpatrick G Tommy Fleetwood G Alex Fitzpatrick G Aaron Rai G Tom Kim G Corey Conners,,,
778,5185045778,mshrum1905,0,413,G Matt Fitzpatrick G Tommy Fleetwood G Alex Fitzpatrick G Aaron Rai G Tom Kim G Corey Conners,,,
778,5185480380,BoomerTesch,0,413,G Rory McIlroy G Wyndham Clark G Aaron Rai G Brian Harman G Rasmus Hojgaard G Oliver Lindell,,,
782,5183633047,buzzwerf,0,412.5,G Xander Schauffele G Tyrrell Hatton G Justin Thomas G Tom Kim G Brian Harman G Sahith Theegala,,,
782,5183746917,angelociminera,0,412.5,G Matt Fitzpatrick G Robert MacIntyre G Nicolai Hojgaard G Shane Lowry G Marco Penge G Brian Harman,,,
782,5184166085,jayholl14,0,412.5,G Wyndham Clark G Tyrrell Hatton G Kurt Kitayama G Nicolai Hojgaard G Patrick Reed G Jake Knapp,,,
782,5184818126,rramsey23,0,412.5,G Wyndham Clark G Robert MacIntyre G Tyrrell Hatton G Kristoffer Reitan G Marco Penge G Ryan Fox,,,
782,5185001150,Smokering363,0,412.5,G Ludvig Aberg G Robert MacIntyre G Tyrrell Hatton G Si Woo Kim G Ricky Castillo G Bernd Wiesberger,,,
782,5185078513,Money-Maker-Mooney,0,412.5,G Matt Fitzpatrick G Wyndham Clark G Justin Thomas G Ryan Gerard G Corey Conners G Doug Ghim,,,
782,5185483014,aceoftubs,0,412.5,G Chris Gotterup G Viktor Hovland G Robert MacIntyre G Corey Conners G Brian Harman G Sungjae Im,,,
789,5183579470,mtl128,0,412,G Rory McIlroy G Wyndham Clark G Marco Penge G Tom Kim G Corey Conners G Daniel Rodrigues,,,
789,5184906060,Grampyoz,0,412,G Chris Gotterup G Si Woo Kim G Kurt Kitayama G Nicolai Hojgaard G Alex Fitzpatrick G Patrick Reed,,,
789,5185479672,namie329,0,412,G Tommy Fleetwood G Viktor Hovland G Robert MacIntyre G Alex Fitzpatrick G Adam Scott G Nicolas Echavarria,,,
792,5183523854,abrzezin,0,411.5,G Matt Fitzpatrick G Justin Thomas G Kurt Kitayama G Nicolai Hojgaard G Shane Lowry G Ryan Fox,,,
792,5183896882,GT31,0,411.5,G Tommy Fleetwood G Chris Gotterup G Wyndham Clark G Nicolai Hojgaard G Sam Stevens G Casey Jarvis,,,
792,5184027451,boomersooner276,0,411.5,G Matt Fitzpatrick G Tommy Fleetwood G Wyndham Clark G Doug Ghim G Eric Cole G Calum Hill,,,
792,5184300548,Randallgraves94,0,411.5,G Chris Gotterup G Robert MacIntyre G Tyrrell Hatton G Alex Fitzpatrick G Shane Lowry G Victor Perez,,,
792,5184723340,Lumberjac,0,411.5,G Rory McIlroy G Alex Fitzpatrick G Kristoffer Reitan G Tom Kim G Michael Brennan G Victor Perez,,,
792,5185090383,docwyatt12,0,411.5,G Tommy Fleetwood G Robert MacIntyre G J.J. Spaun G Alex Fitzpatrick G Adam Scott G Ryan Fox,,,
792,5185198656,Striker15,0,411.5,G Tommy Fleetwood G Viktor Hovland G Tyrrell Hatton G Shane Lowry G Corey Conners G Rasmus Hojgaard,,,
799,5183643811,rolltideTCP14,0,411,G Matt Fitzpatrick G Tommy Fleetwood G Harris English G Patrick Reed G Brian Harman G Sahith Theegala,,,
799,5183727079,jewel1010,0,411,G Ludvig Aberg G Tommy Fleetwood G Wyndham Clark G Alex Fitzpatrick G Tom Kim G Austin Eckroat,,,
799,5183898874,InsideMan,0,411,G Matt Fitzpatrick G Tommy Fleetwood G Tyrrell Hatton G Alex Fitzpatrick G Eric Cole G Shaun Norris,,,
799,5184066159,mspozto,0,411,G Matt Fitzpatrick G Justin Thomas G Nicolai Hojgaard G Aaron Rai G Shane Lowry G Tom Kim,,,
799,5184712556,jonchill,0,411,G Matt Fitzpatrick G Tommy Fleetwood G Wyndham Clark G Jake Knapp G Eric Cole G Austin Eckroat,,,
799,5184913345,hcnpower,0,411,G Rory McIlroy G Matt Fitzpatrick G Sahith Theegala G Ryan Fox G John Parry G Oliver Lindell,,,
799,5185455567,TylerC2,0,411,G Wyndham Clark G Viktor Hovland G Kurt Kitayama G Kristoffer Reitan G Shane Lowry G Tom Kim,,,
806,5183845130,bigmac70,0,410.5,G Chris Gotterup G Wyndham Clark G Robert MacIntyre G Si Woo Kim G Hao-Tong Li G Taylor Moore,,,
806,5183946181,lennon727,0,410.5,G Matt Fitzpatrick G Robert MacIntyre G Alex Fitzpatrick G Tom Kim G Bud Cauley G Doug Ghim,,,
806,5183963568,WMUFantasyStud2019,0,410.5,G Matt Fitzpatrick G Viktor Hovland G Robert MacIntyre G Patrick Cantlay G Nicolas Echavarria G Kota Kaneko,,,
806,5184092391,rz1001,0,410.5,G Jon Rahm G Tyrrell Hatton G Min Woo Lee G Patrick Reed G Aldrich Potgieter G Thorbjorn Olesen,,,
806,5184292610,Teshot16,0,410.5,G Matt Fitzpatrick G Tommy Fleetwood G Robert MacIntyre G Matt Wallace G Ryan Fox G Sungjae Im,,,
806,5184677765,PinSmacker,0,410.5,G Jon Rahm G Si Woo Kim G Kurt Kitayama G Brian Harman G Sahith Theegala G Jesper Svensson,,,
806,5185051093,laurae11,0,410.5,G Tommy Fleetwood G Robert MacIntyre G Justin Thomas G Alex Fitzpatrick G Patrick Reed G Corey Conners,,,
806,5185056168,gnutter0330,0,410.5,G Wyndham Clark G Tyrrell Hatton G Kurt Kitayama G Alex Fitzpatrick G Aaron Rai G Tom Kim,,,
814,5184068685,bbchapm,0,410,G Tommy Fleetwood G Robert MacIntyre G Tyrrell Hatton G Kristoffer Reitan G Marco Penge G Rasmus Hojgaard,,,
814,5184218240,oneuwin,0,410,G Matt Fitzpatrick G Robert MacIntyre G Alex Fitzpatrick G Patrick Reed G Marco Penge G Eugenio Lopez-Chacarra,,,
814,5185449021,tbialec,0,410,G Wyndham Clark G Tyrrell Hatton G Nicolai Hojgaard G Alex Fitzpatrick G Aaron Rai G Tom Kim,,,
814,5185481092,boogie56,0,410,G Wyndham Clark G Tyrrell Hatton G Si Woo Kim G Nicolai Hojgaard G Aaron Rai G Corey Conners,,,
818,5183714438,mtm214,0,409.5,G Tommy Fleetwood G Wyndham Clark G Tyrrell Hatton G Kurt Kitayama G Nicolai Hojgaard G Daniel Rodrigues,,,
818,5183999125,MarinKeith,0,409.5,G Matt Fitzpatrick G Wyndham Clark G Nicolai Hojgaard G Alex Fitzpatrick G Sahith Theegala G Nick Taylor,,,
818,5184117156,Raider5029,0,409.5,G Tommy Fleetwood G Chris Gotterup G Tyrrell Hatton G Shane Lowry G Tom Kim G Thriston Lawrence,,,
818,5184397911,homErb0y,0,409.5,G Matt Fitzpatrick G Chris Gotterup G Justin Thomas G Patrick Reed G Sahith Theegala G Sepp Straka,,,
818,5184959683,vinceyoungsteakhouse,0,409.5,G Chris Gotterup G Tyrrell Hatton G Nicolai Hojgaard G Aaron Rai G Marco Penge G Tom Kim,,,
818,5185088145,aboynamedsuh,0,409.5,G Chris Gotterup G Wyndham Clark G Nicolai Hojgaard G Alex Fitzpatrick G Adam Scott G Michael Thorbjornsen,,,
818,5185251222,tdonahue04,0,409.5,G Rory McIlroy G Chris Gotterup G Alex Fitzpatrick G Tom Kim G Oliver Lindell G Grant Forrest,,,
818,5185464747,chorizos,0,409.5,G Tommy Fleetwood G Viktor Hovland G Robert MacIntyre G Tyrrell Hatton G Kevin Yu G Thorbjorn Olesen,,,
826,5183655856,potown2015,0,409,G Chris Gotterup G Wyndham Clark G Tyrrell Hatton G Alex Fitzpatrick G Corey Conners G Ryan Fox,,,
826,5183660711,bustinwind,0,409,G Viktor Hovland G Si Woo Kim G Justin Thomas G Brooks Koepka G Jake Knapp G Tom Kim,,,
826,5183837235,LucaButt,0,409,G Matt Fitzpatrick G Wyndham Clark G Nicolai Hojgaard G Aaron Rai G Corey Conners G Brian Harman,,,
826,5183873184,coco22,0,409,G Matt Fitzpatrick G Tommy Fleetwood G Nicolai Hojgaard G Marco Penge G Eugenio Lopez-Chacarra G Brian Harman,,,
826,5184309360,kennak,0,409,G Matt Fitzpatrick G Ludvig Aberg G Chris Gotterup G Ryan Gerard G Sudarshan Yellamaraju G Andrew Putnam,,,
826,5184648208,mattkabe,0,409,G Tommy Fleetwood G Robert MacIntyre G Justin Thomas G Aaron Rai G Patrick Reed G Corey Conners,,,
826,5184869661,ken_noisewater,0,409,G Chris Gotterup G Robert MacIntyre G Tyrrell Hatton G Alex Fitzpatrick G Patrick Reed G Sepp Straka,,,
826,5184977741,Chpieratt,0,409,G Matt Fitzpatrick G Wyndham Clark G Kurt Kitayama G Nicolai Hojgaard G Harry Hall G Hennie Du Plessis,,,
826,5185047836,saltylooks93,0,409,G Matt Fitzpatrick G Robert MacIntyre G J.J. Spaun G Kurt Kitayama G Matt Wallace G Antoine Rozner,,,
826,5185205090,Rilla137,0,409,G Tommy Fleetwood G Tyrrell Hatton G Kurt Kitayama G Alex Fitzpatrick G Shane Lowry G Tom Kim,,,
826,5185236343,childplzz,0,409,G Matt Fitzpatrick G Xander Schauffele G Nicolai Hojgaard G Alex Fitzpatrick G Tom Kim G Oliver Lindell,,,
826,5185395994,WinAtFantasyFootball,0,409,G Rory McIlroy G Robert MacIntyre G Nicolai Hojgaard G Jake Knapp G Jesper Svensson G Yuto Katsuragawa,,,
838,5184854927,JDamien2442,0,408.5,G Matt Fitzpatrick G Si Woo Kim G David Puig G Alex Fitzpatrick G Patrick Reed G Ryan Gerard,,,
838,5184957043,Willyo111,0,408.5,G Rory McIlroy G Robert MacIntyre G David Puig G Patrick Reed G Tom McKibbin G Marcel Siem,,,
838,5185266147,Dewaynegeiger,0,408.5,G Wyndham Clark G Robert MacIntyre G Tyrrell Hatton G Alex Fitzpatrick G Harry Hall G Ryan Fox,,,
838,5185286099,Miller1180,0,408.5,G Rory McIlroy G Nicolai Hojgaard G Marco Penge G Tom Kim G Angel Ayora Fanegas G Max Greyserman,,,
842,5183543659,J_Sharp23,0,408,G Rory McIlroy G Kurt Kitayama G Aaron Rai G Tom Kim G Brian Harman G Bernd Wiesberger,,,
842,5184948483,wildatnite,0,408,G Chris Gotterup G Robert MacIntyre G Justin Thomas G Patrick Reed G Doug Ghim G Eric Cole,,,
842,5185357162,GlidingGhost,0,408,G Matt Fitzpatrick G Tommy Fleetwood G Alex Fitzpatrick G Shane Lowry G Tom Kim G Eric Cole,,,
845,5184450121,BustaKaep420,0,407.5,G Matt Fitzpatrick G Wyndham Clark G Alex Fitzpatrick G Tom Kim G Bud Cauley G Sahith Theegala,,,
845,5184790751,sammagni1,0,407.5,G Rory McIlroy G Alex Fitzpatrick G Adam Scott G Patrick Reed G Tom Kim G Aldrich Potgieter,,,
845,5185373793,steveengel99,0,407.5,G Rory McIlroy G Si Woo Kim G Adam Scott G Ryan Gerard G Nick Taylor G Zachary Bauchou,,,
848,5183495354,daprof507,0,407,G Wyndham Clark G Viktor Hovland G Robert MacIntyre G Shane Lowry G Ryan Gerard G Doug Ghim,,,
848,5184382987,99DWhite,0,407,G Wyndham Clark G Tyrrell Hatton G Justin Thomas G Alex Fitzpatrick G Shane Lowry G Tom Kim,,,
848,5184398976,wlawnservice,0,407,G Jon Rahm G Si Woo Kim G Alex Fitzpatrick G Patrick Reed G Ryan Gerard G Marcus Armitage,,,
848,5185312136,danmilonas,0,407,G Tommy Fleetwood G Wyndham Clark G Tyrrell Hatton G Nicolai Hojgaard G Marco Penge G Jesper Svensson,,,
848,5185380953,MudsStuds,0,407,G Tommy Fleetwood G Wyndham Clark G Tyrrell Hatton G Nicolai Hojgaard G Marco Penge G Jesper Svensson,,,
853,5183543287,jess800rice.80,0,406.5,G Wyndham Clark G Viktor Hovland G Min Woo Lee G Brooks Koepka G Patrick Reed G Bud Cauley,,,
853,5183580292,engel1287,0,406.5,G Matt Fitzpatrick G Xander Schauffele G Nicolai Hojgaard G Alex Fitzpatrick G Tom Kim G Jesper Svensson,,,
853,5184039229,AFriedman15,0,406.5,G Jon Rahm G Min Woo Lee G Alex Fitzpatrick G Marco Penge G Eugenio Lopez-Chacarra G John Keefer,,,
853,5184109931,renegadebaumers,0,406.5,G Xander Schauffele G Wyndham Clark G Tyrrell Hatton G Marco Penge G Tom Kim G Jesper Svensson,,,
853,5184301276,Steelheads14,0,406.5,G Chris Gotterup G Wyndham Clark G David Puig G Nicolai Hojgaard G Tom Kim G Bud Cauley,,,
853,5184385226,aruss19,0,406.5,G Ludvig Aberg G Tommy Fleetwood G Tyrrell Hatton G Tom Kim G Matt Wallace G Nick Taylor,,,
853,5184454140,bulldozed,0,406.5,G Matt Fitzpatrick G Tommy Fleetwood G Shane Lowry G Adam Scott G Patrick Reed G Corey Conners,,,
853,5185013901,Batman1257,0,406.5,G Matt Fitzpatrick G Wyndham Clark G Justin Thomas G Brooks Koepka G Eugenio Lopez-Chacarra G Nicolas Echavarria,,,
853,5185196425,gset21,0,406.5,G Rory McIlroy G Si Woo Kim G Patrick Reed G Corey Conners G Sahith Theegala G Bernd Wiesberger,,,
853,5185256328,beatriceg,0,406.5,G Rory McIlroy G Tommy Fleetwood G Tyrrell Hatton G John Parry G Oliver Lindell G Austin Eckroat,,,
853,5185456897,TRGRenegades,0,406.5,G Chris Gotterup G Si Woo Kim G Justin Thomas G Kurt Kitayama G Alex Fitzpatrick G Victor Perez,,,
864,5183571255,Go1-0Today,0,406,G Justin Thomas G J.J. Spaun G Kurt Kitayama G Harris English G Min Woo Lee G Nicolai Hojgaard,,,
864,5183786287,freddy2587,0,406,G Xander Schauffele G Tommy Fleetwood G Min Woo Lee G Alex Fitzpatrick G Michael Thorbjornsen G Tom McKibbin,,,
864,5184072246,lineman32000,0,406,G Ludvig Aberg G Tommy Fleetwood G Tyrrell Hatton G Marco Penge G Tom Kim G Jesper Svensson,,,
864,5184085781,THROWNDARTS,0,406,G Matt Fitzpatrick G Ludvig Aberg G Tommy Fleetwood G Brian Harman G Hennie Du Plessis G Marcus Armitage,,,
864,5184822829,TimmyGah,0,406,G Rory McIlroy G Wyndham Clark G Patrick Reed G Alex Smalley G Sahith Theegala G Austin Eckroat,,,
864,5185050229,smack2112,0,406,G Ludvig Aberg G Tommy Fleetwood G Tyrrell Hatton G Marco Penge G Tom Kim G Jesper Svensson,,,
864,5185239978,bobDaddy,0,406,G Tyrrell Hatton G Justin Thomas G Harris English G Tom Kim G Corey Conners G Sahith Theegala,,,
864,5185452814,beccapatt,0,406,G Justin Thomas G J.J. Spaun G Kurt Kitayama G Harris English G Min Woo Lee G Nicolai Hojgaard,,,
872,5183545857,ostrander1,0,405.5,G Rory McIlroy G Chris Gotterup G Shane Lowry G Ryan Fox G Ricky Castillo G Oliver Lindell,,,
872,5183675443,CallNine11,0,405.5,G Chris Gotterup G Wyndham Clark G Nicolai Hojgaard G Alex Fitzpatrick G Kristoffer Reitan G Tom Kim,,,
872,5183931057,bbarks,0,405.5,G Chris Gotterup G Wyndham Clark G Tyrrell Hatton G Nicolai Hojgaard G Alex Fitzpatrick G Oliver Lindell,,,
872,5184078954,mscroggs300,0,405.5,G Wyndham Clark G Tyrrell Hatton G Justin Thomas G Aaron Rai G Shane Lowry G Tom Kim,,,
872,5184682173,Tb0n3,0,405.5,G Rory McIlroy G Tyrrell Hatton G Tom Kim G Eugenio Lopez-Chacarra G Kevin Yu G John Parry,,,
872,5184845028,courtesyflush-1,0,405.5,G Rory McIlroy G Robert MacIntyre G Kristoffer Reitan G Tom Kim G Bernd Wiesberger G Brandt Snedeker,,,
872,5185181469,TheBeaver,0,405.5,G Wyndham Clark G Robert MacIntyre G Si Woo Kim G Alex Fitzpatrick G Jake Knapp G Ryan Gerard,,,
872,5185422354,gkthomps,0,405.5,G Ludvig Aberg G Wyndham Clark G Robert MacIntyre G Kurt Kitayama G Victor Perez G Grant Forrest,,,
880,5183511336,thielo21,0,405,G Matt Fitzpatrick G Viktor Hovland G Robert MacIntyre G Kristoffer Reitan G Eugenio Lopez-Chacarra G Niklas Norgaard Moller,,,
880,5184293839,randomjank,0,405,G Rory McIlroy G Tyrrell Hatton G Kristoffer Reitan G Patrick Reed G Jesper Svensson G Oliver Lindell,,,
880,5184687614,iacovelj,0,405,G Matt Fitzpatrick G Chris Gotterup G Tyrrell Hatton G Alex Fitzpatrick G Eric Cole G Oliver Lindell,,,
880,5185146152,b96tang,0,405,G Matt Fitzpatrick G Chris Gotterup G Alex Fitzpatrick G Kristoffer Reitan G Tom Kim G Eric Cole,,,
880,5185314264,kyleminer1,0,405,G Matt Fitzpatrick G Tommy Fleetwood G Nicolai Hojgaard G Alex Fitzpatrick G Eugenio Lopez-Chacarra G Tom McKibbin,,,
885,5183543774,west14,0,404.5,G Tommy Fleetwood G Viktor Hovland G Tyrrell Hatton G Nicolai Hojgaard G Harry Hall G Brian Harman,,,
885,5183880024,KoopK23,0,404.5,G Matt Fitzpatrick G Wyndham Clark G Kurt Kitayama G Bud Cauley G Ryan Gerard G Corey Conners,,,
885,5183937340,iwinn33,0,404.5,G Xander Schauffele G Wyndham Clark G Robert MacIntyre G Adam Scott G Rasmus Hojgaard G Andrew Novak,,,
885,5184007021,Schoey17,0,404.5,G Tommy Fleetwood G Robert MacIntyre G Justin Thomas G Nicolai Hojgaard G Eugenio Lopez-Chacarra G Angel Ayora Fanegas,,,
885,5184044180,panglinlo,0,404.5,G Matt Fitzpatrick G Robert MacIntyre G Aaron Rai G Shane Lowry G Adam Scott G Patrick Reed,,,
885,5184146763,mdmbag,0,404.5,G Rory McIlroy G Wyndham Clark G Nicolai Hojgaard G Alex Fitzpatrick G Oliver Lindell G Austin Eckroat,,,
885,5184197208,liksluke,0,404.5,G Xander Schauffele G Tyrrell Hatton G Nicolai Hojgaard G Alex Fitzpatrick G Patrick Reed G Tom Kim,,,
885,5184549862,notyou_again,0,404.5,G Chris Gotterup G Wyndham Clark G Viktor Hovland G Nicolai Hojgaard G Michael Brennan G Kevin Yu,,,
885,5185372863,ZstarSR2,0,404.5,G Chris Gotterup G Tyrrell Hatton G Kurt Kitayama G Alex Fitzpatrick G Aaron Rai G Tom Kim,,,
894,5183622795,300Atrain,0,404,G Chris Gotterup G Wyndham Clark G Si Woo Kim G Kurt Kitayama G Sahith Theegala G Sam Stevens,,,
894,5183627626,JRBucks34,0,404,G Chris Gotterup G Wyndham Clark G Nicolai Hojgaard G Alex Fitzpatrick G Aaron Rai G Tom Kim,,,
894,5183847719,danblack67,0,404,G Tommy Fleetwood G Wyndham Clark G Nicolai Hojgaard G Alex Fitzpatrick G Kristoffer Reitan G Tom Kim,,,
894,5183878774,senor_verde17,0,404,G Tommy Fleetwood G Wyndham Clark G Tyrrell Hatton G Nicolai Hojgaard G Kristoffer Reitan G Oliver Lindell,,,
894,5184849471,clockworkted,0,404,G Tommy Fleetwood G Wyndham Clark G Nicolai Hojgaard G Alex Fitzpatrick G Kristoffer Reitan G Tom Kim,,,
894,5185172578,jamieu25,0,404,G Tommy Fleetwood G Robert MacIntyre G Tyrrell Hatton G Aaron Rai G Shane Lowry G Jordan L. Smith,,,
894,5185428513,trombley34,0,404,G Tommy Fleetwood G Tyrrell Hatton G Nicolai Hojgaard G Alex Fitzpatrick G Kristoffer Reitan G Tom Kim,,,
901,5183549123,esmith911,0,403.5,G Chris Gotterup G Wyndham Clark G Justin Thomas G Alex Fitzpatrick G Tom Kim G Doug Ghim,,,
901,5183631247,GambiTCereaL,0,403.5,G Matt Fitzpatrick G Robert MacIntyre G Justin Thomas G Shane Lowry G Brian Harman G Sepp Straka,,,
901,5183890157,sportsfanatic89,0,403.5,G Jon Rahm G Chris Gotterup G Shane Lowry G Patrick Reed G Tom McKibbin G Alejandro Del Rey,,,
901,5184114349,kanseahawkfan,0,403.5,G Matt Fitzpatrick G Ludvig Aberg G Robert MacIntyre G Sahith Theegala G Mac Meissner G Matthew McCarty,,,
901,5184397623,PGAPRO96,0,403.5,G Matt Fitzpatrick G Robert MacIntyre G Justin Thomas G Aaron Rai G Harry Hall G Ryan Fox,,,
901,5184621195,ToppDogg66,0,403.5,G Matt Fitzpatrick G Ludvig Aberg G Robert MacIntyre G Alex Fitzpatrick G Jesper Svensson G Marcus Armitage,,,
901,5184866477,Meatplow43,0,403.5,G Jon Rahm G Tommy Fleetwood G Ryan Gerard G Brian Harman G Sahith Theegala G Sudarshan Yellamaraju,,,
901,5184880157,junior80,0,403.5,G Tommy Fleetwood G Chris Gotterup G Tyrrell Hatton G Nicolai Hojgaard G Marco Penge G Oliver Lindell,,,
901,5185476534,elway1987,0,403.5,G Matt Fitzpatrick G Robert MacIntyre G Alex Fitzpatrick G Kristoffer Reitan G Tom Kim G Bud Cauley,,,
910,5183801637,Bluej723,0,403,G Matt Fitzpatrick G Tommy Fleetwood G Robert MacIntyre G Bud Cauley G Doug Ghim G Oliver Lindell,,,
910,5184096868,fuzzinool,0,403,G Tommy Fleetwood G Robert MacIntyre G Si Woo Kim G Alex Fitzpatrick G Patrick Reed G Matt Wallace,,,
910,5184154435,JustinScott410,0,403,G Tommy Fleetwood G Wyndham Clark G Justin Thomas G Aaron Rai G Patrick Reed G Ryan Fox,,,
910,5185152700,hgirling,0,403,G Ludvig Aberg G Si Woo Kim G Min Woo Lee G Brooks Koepka G Adam Scott G Patrick Reed,,,
910,5185337059,kblamt,0,403,G Scottie Scheffler G Alex Fitzpatrick G Tom Kim G Nick Taylor G Victor Perez G Austin Eckroat,,,
910,5185369554,cobraclutch7,0,403,G Jon Rahm G Tommy Fleetwood G Si Woo Kim G Patrick Reed G Oliver Lindell G Daniel Rodrigues,,,
910,5185447743,frentzy,0,403,G Rory McIlroy G Justin Thomas G Brooks Koepka G Tom Kim G Nick Taylor G Billy Horschel,,,
917,5183506311,pistolslap,0,402.5,G Si Woo Kim G J.J. Spaun G Kurt Kitayama G Min Woo Lee G Brooks Koepka G Shane Lowry,,,
917,5183577101,justajohndoe21,0,402.5,G Rory McIlroy G Wyndham Clark G Kristoffer Reitan G Ryan Fox G Jesper Svensson G Oliver Lindell,,,
917,5183627274,MichaelFrachon,0,402.5,G Tommy Fleetwood G Wyndham Clark G Nicolai Hojgaard G Alex Fitzpatrick G Aaron Rai G Tom Kim,,,
917,5183702343,lferris,0,402.5,G Rory McIlroy G Robert MacIntyre G Patrick Reed G Ryan Gerard G Doug Ghim G Padraig Harrington,,,
917,5183754908,baaaariggs,0,402.5,G Wyndham Clark G Viktor Hovland G J.J. Spaun G Alex Fitzpatrick G Jake Knapp G Tom Kim,,,
917,5183808791,steemkatz,0,402.5,G Chris Gotterup G Wyndham Clark G Tyrrell Hatton G Kurt Kitayama G Eugenio Lopez-Chacarra G Niklas Norgaard Moller,,,
917,5184727230,J-ROCK1013,0,402.5,G Rory McIlroy G Robert MacIntyre G Nicolai Hojgaard G Alex Fitzpatrick G Oliver Lindell G Dan Bradbury,,,
917,5184816610,edub1976,0,402.5,G Tommy Fleetwood G Chris Gotterup G Tyrrell Hatton G Nicolai Hojgaard G Shane Lowry G Oliver Lindell,,,
917,5184834760,gillbillys24,0,402.5,G Tommy Fleetwood G Viktor Hovland G Robert MacIntyre G Aaron Rai G Corey Conners G Sahith Theegala,,,
917,5185348345,AJBeckface,0,402.5,G Rory McIlroy G Tyrrell Hatton G Eugenio Lopez-Chacarra G Angel Ayora Fanegas G Ryan Fox G Jesper Svensson,,,
917,5185419267,freddygale,0,402.5,G Chris Gotterup G Wyndham Clark G Tyrrell Hatton G Kurt Kitayama G Eugenio Lopez-Chacarra G Niklas Norgaard Moller,,,
917,5185445045,tomc46,0,402.5,G Matt Fitzpatrick G Chris Gotterup G Kurt Kitayama G Kristoffer Reitan G Sahith Theegala G Tom McKibbin,,,
917,5185472827,AbsolutVacca,0,402.5,G Wyndham Clark G Viktor Hovland G Robert MacIntyre G Nicolai Hojgaard G Alex Fitzpatrick G Ewen Ferguson,,,
930,5183925851,Scottw309,0,402,G Matt Fitzpatrick G Robert MacIntyre G Tyrrell Hatton G Alex Fitzpatrick G Eric Cole G Hao-Tong Li,,,
930,5184746856,rmcobos98,0,402,G Matt Fitzpatrick G Chris Gotterup G Wyndham Clark G Alex Fitzpatrick G Casey Jarvis G Bernd Wiesberger,,,
930,5184778594,creaturefeature,0,402,G Matt Fitzpatrick G Tommy Fleetwood G Tyrrell Hatton G Aaron Rai G Eric Cole G Oliver Lindell,,,
930,5184953734,themath,0,402,G Wyndham Clark G Tyrrell Hatton G Justin Thomas G Kristoffer Reitan G Jake Knapp G Tom Kim,,,
930,5185220195,mccabej075,0,402,G Matt Fitzpatrick G Tyrrell Hatton G Kurt Kitayama G Patrick Reed G Bud Cauley G Eric Cole,,,
930,5185327337,Mark730,0,402,G Matt Fitzpatrick G Tommy Fleetwood G Alex Fitzpatrick G Aaron Rai G Tom Kim G Eric Cole,,,
936,5184260476,welchy81,0,401.5,G Ludvig Aberg G Tommy Fleetwood G Chris Gotterup G Nicolai Hojgaard G Victor Perez G Oliver Lindell,,,
936,5184314133,AlDavisExperience,0,401.5,G Chris Gotterup G Viktor Hovland G Robert MacIntyre G Eric Cole G Sahith Theegala G Matthew McCarty,,,
936,5184876699,buffalorange,0,401.5,G Matt Fitzpatrick G Tommy Fleetwood G Nicolai Hojgaard G Shane Lowry G Adam Scott G Sudarshan Yellamaraju,,,
936,5185366427,belledoug,0,401.5,G Xander Schauffele G Si Woo Kim G Min Woo Lee G Tom Kim G Doug Ghim G Sungjae Im,,,
940,5183529236,Rollintr,0,401,G Tommy Fleetwood G Wyndham Clark G Kurt Kitayama G Tom Kim G Bud Cauley G Doug Ghim,,,
940,5183684859,greger1969,0,401,G Viktor Hovland G Si Woo Kim G Justin Thomas G Kurt Kitayama G Alex Fitzpatrick G Ryan Fox,,,
940,5183795432,michaelowenrich,0,401,G Tommy Fleetwood G Wyndham Clark G Kurt Kitayama G Tom Kim G Bud Cauley G Doug Ghim,,,
940,5183888165,DannytheHokie,0,401,G Matt Fitzpatrick G Tommy Fleetwood G Tyrrell Hatton G Marco Penge G Eugenio Lopez-Chacarra G Dan Bradbury,,,
940,5184127600,wiggy0302,0,401,G Rory McIlroy G Kurt Kitayama G Jake Knapp G Tom Kim G Doug Ghim G Jesper Svensson,,,
940,5184572207,captaintito,0,401,G Jon Rahm G Chris Gotterup G Tyrrell Hatton G Patrick Reed G Padraig Harrington G Austin Eckroat,,,
940,5184589621,Dealer04,0,401,G Matt Fitzpatrick G Wyndham Clark G Kristoffer Reitan G Marco Penge G Tom Kim G Doug Ghim,,,
940,5184685598,3LeggedDog77,0,401,G Matt Fitzpatrick G Viktor Hovland G Tyrrell Hatton G Alex Fitzpatrick G Patrick Reed G Niklas Norgaard Moller,,,
940,5184773804,Assy_Mcgee,0,401,G Matt Fitzpatrick G Robert MacIntyre G Justin Thomas G Aaron Rai G Eric Cole G Sahith Theegala,,,
940,5184953981,barball,0,401,G Matt Fitzpatrick G Tyrrell Hatton G Brooks Koepka G Marco Penge G Jake Knapp G Tom Kim,,,
940,5184956112,bacon15,0,401,G Tommy Fleetwood G Wyndham Clark G Tyrrell Hatton G Nicolai Hojgaard G Jake Knapp G Jesper Svensson,,,
940,5185240321,GWSTEELE23,0,401,G Tommy Fleetwood G Chris Gotterup G Si Woo Kim G Aaron Rai G Sahith Theegala G Ryan Fox,,,
940,5185259715,alemorkam,0,401,G Tommy Fleetwood G Wyndham Clark G Nicolai Hojgaard G Brooks Koepka G Tom Kim G Bud Cauley,,,
940,5185279013,LocoKP,0,401,G Matt Fitzpatrick G Tommy Fleetwood G Justin Thomas G Corey Conners G Doug Ghim G Brian Harman,,,
940,5185283105,TheHugeGuy,0,401,G Matt Fitzpatrick G Tommy Fleetwood G Justin Thomas G Corey Conners G Doug Ghim G Brian Harman,,,
940,5185349037,EKGs,0,401,G Rory McIlroy G Viktor Hovland G Alex Fitzpatrick G Nick Taylor G Mac Meissner G Oliver Lindell,,,
956,5183863182,EHardE,0,400.5,G Matt Fitzpatrick G Chris Gotterup G Robert MacIntyre G Shane Lowry G Eugenio Lopez-Chacarra G Padraig Harrington,,,
956,5184236286,cbaand63,0,400.5,G Rory McIlroy G Kurt Kitayama G Aaron Rai G Patrick Reed G Eugenio Lopez-Chacarra G Alejandro Del Rey,,,
956,5185078758,tgolds,0,400.5,G Tommy Fleetwood G Wyndham Clark G Kurt Kitayama G Patrick Reed G Marco Penge G Eugenio Lopez-Chacarra,,,
959,5183964954,Lightnin18,0,400,G Wyndham Clark G Robert MacIntyre G Kurt Kitayama G Harris English G Adam Scott G Sahith Theegala,,,
959,5184378850,JHammersley,0,400,G Tommy Fleetwood G Chris Gotterup G Si Woo Kim G Jake Knapp G Ryan Gerard G Corey Conners,,,
959,5184381955,figaro1223,0,400,G Tommy Fleetwood G Robert MacIntyre G Tyrrell Hatton G Shane Lowry G Matt Wallace G Ryan Fox,,,
959,5184454648,TrojanMom85,0,400,G Matt Fitzpatrick G Wyndham Clark G Alex Fitzpatrick G Shane Lowry G Tom Kim G Doug Ghim,,,
959,5184656154,shermiewarner,0,400,G Viktor Hovland G Robert MacIntyre G Tyrrell Hatton G Alex Fitzpatrick G Aaron Rai G Ryan Fox,,,
959,5185163630,spooky8832,0,400,G Chris Gotterup G Tyrrell Hatton G Justin Thomas G Alex Fitzpatrick G Patrick Reed G Ryan Gerard,,,
959,5185213152,Cliffyskogs,0,400,G Ludvig Aberg G Tommy Fleetwood G Nicolai Hojgaard G Aaron Rai G Tom Kim G Ryan Fox,,,
959,5185465879,malickdo,0,400,G Xander Schauffele G Wyndham Clark G Tyrrell Hatton G Tom Kim G Sahith Theegala G Sepp Straka,,,
967,5183879782,BruisedOrange,0,399.5,G Rory McIlroy G Wyndham Clark G Adam Scott G Tom Kim G Sungjae Im G Richard Mansell,,,
967,5184625182,kidquiet,0,399.5,G Rory McIlroy G Wyndham Clark G Nicolai Hojgaard G Jake Knapp G Andrew Putnam G Austin Eckroat,,,
967,5184846253,aferg,0,399.5,G Matt Fitzpatrick G Chris Gotterup G Alex Fitzpatrick G Adam Scott G Patrick Reed G Sahith Theegala,,,
967,5184952749,bdeboom,0,399.5,G Rory McIlroy G Nicolai Hojgaard G Alex Fitzpatrick G Tom Kim G Corey Conners G Bernd Wiesberger,,,
967,5185119961,mpcb469,0,399.5,G Ludvig Aberg G Tommy Fleetwood G Tyrrell Hatton G Tom Kim G Sahith Theegala G Sepp Straka,,,
967,5185443786,DONSbaseball,0,399.5,G Chris Gotterup G Wyndham Clark G Brooks Koepka G Alex Fitzpatrick G Adam Scott G Tom Kim,,,
967,5185456773,mitchellcarey,0,399.5,G Wyndham Clark G Robert MacIntyre G Tyrrell Hatton G Alex Fitzpatrick G Aaron Rai G Mac Meissner,,,
974,5183573920,jetspaddle,0,399,G Matt Fitzpatrick G Viktor Hovland G Tyrrell Hatton G Alex Fitzpatrick G Brian Harman G Antoine Rozner,,,
974,5184237897,Slim1105,0,399,G Matt Fitzpatrick G Si Woo Kim G Alex Fitzpatrick G Kristoffer Reitan G Marco Penge G Tom Kim,,,
974,5184288593,BubbleheadsBrownsFan,0,399,G Matt Fitzpatrick G Robert MacIntyre G Tyrrell Hatton G Alex Fitzpatrick G Adam Scott G Padraig Harrington,,,
974,5184460174,kjs2805,0,399,G Rory McIlroy G Tommy Fleetwood G Robert MacIntyre G Oliver Lindell G Grant Forrest G Adrian Meronk,,,
974,5184945176,Tbone921,0,399,G Tommy Fleetwood G Chris Gotterup G David Puig G Alex Fitzpatrick G Tom Kim G Eugenio Lopez-Chacarra,,,
974,5185202076,jimhughes6,0,399,G Wyndham Clark G Tyrrell Hatton G Nicolai Hojgaard G Kristoffer Reitan G Adam Scott G Patrick Reed,,,
974,5185400037,ToBoggan34,0,399,G Matt Fitzpatrick G Tommy Fleetwood G Chris Gotterup G Ryan Fox G Sam Stevens G Aldrich Potgieter,,,
981,5184912999,mikej52005,0,398.5,G Patrick Cantlay G Si Woo Kim G Justin Thomas G Kurt Kitayama G Alex Fitzpatrick G Tom Kim,,,
982,5183528254,joka290,0,398,G Xander Schauffele G Ludvig Aberg G Min Woo Lee G Nicolai Hojgaard G Ryan Fox G Victor Perez,,,
982,5183885205,Edshouse83,0,398,G Rory McIlroy G Matt Fitzpatrick G Jake Knapp G Sepp Straka G Casey Jarvis G Austin Eckroat,,,
982,5184072951,navyhmcm,0,398,G Matt Fitzpatrick G Xander Schauffele G Si Woo Kim G Tom Kim G Michael Kim G Joakim Lagergren,,,
982,5184090356,RynJor23,0,398,G Rory McIlroy G Tyrrell Hatton G Tom Kim G Eugenio Lopez-Chacarra G Matt Wallace G Kota Kaneko,,,
982,5184325233,Lawboy15,0,398,G Matt Fitzpatrick G Si Woo Kim G Alex Fitzpatrick G Kristoffer Reitan G Shane Lowry G Tom Kim,,,
982,5184619728,Brettmac38,0,398,G Matt Fitzpatrick G Wyndham Clark G Tyrrell Hatton G Patrick Cantlay G Oliver Lindell G Grant Forrest,,,
982,5184882033,jruss5585,0,398,G Matt Fitzpatrick G Tommy Fleetwood G Alex Fitzpatrick G Adam Scott G Patrick Reed G Sahith Theegala,,,
982,5184948074,bmcgrath31,0,398,G Matt Fitzpatrick G Chris Gotterup G Jake Knapp G Ryan Gerard G Sahith Theegala G Oliver Lindell,,,
982,5185191543,jblues47,0,398,G Matt Fitzpatrick G Robert MacIntyre G Nicolai Hojgaard G Alex Fitzpatrick G Kristoffer Reitan G Oliver Lindell,,,
982,5185239380,eronau,0,398,G Rory McIlroy G J.J. Spaun G Kristoffer Reitan G Tom Kim G Angel Ayora Fanegas G Oliver Lindell,,,
982,5185256429,JVMIII,0,398,G Matt Fitzpatrick G Si Woo Kim G Justin Thomas G Kurt Kitayama G Sahith Theegala G Sungjae Im,,,
982,5185411366,fantasygolfinsidercm,0,398,G Jon Rahm G Tyrrell Hatton G Nicolai Hojgaard G Patrick Reed G Brian Harman G Grant Forrest,,,
994,5183714561,MarkVette,0,397.5,G Tommy Fleetwood G Wyndham Clark G Justin Thomas G Alex Fitzpatrick G Patrick Reed G Nick Taylor,,,
994,5184609368,YortC,0,397.5,G Tommy Fleetwood G Robert MacIntyre G Tyrrell Hatton G Patrick Cantlay G Ricky Castillo G Hao-Tong Li,,,
994,5184973108,GoinDeep1,0,397.5,G Chris Gotterup G Viktor Hovland G Tyrrell Hatton G Nicolai Hojgaard G Kristoffer Reitan G Jesper Svensson,,,
994,5185266162,goatnobb,0,397.5,G Ludvig Aberg G Tyrrell Hatton G Kurt Kitayama G Min Woo Lee G Nicolai Hojgaard G Kevin Yu,,,
994,5185280778,SRR1974,0,397.5,G Matt Fitzpatrick G Wyndham Clark G Tyrrell Hatton G Alex Fitzpatrick G Harry Hall G Mikael Lindberg,,,
994,5185373729,jcons82,0,397.5,G Matt Fitzpatrick G Robert MacIntyre G Nicolai Hojgaard G Alex Fitzpatrick G Shane Lowry G Corey Conners,,,
994,5185465854,Kingvisions,0,397.5,G Ludvig Aberg G Tommy Fleetwood G Tyrrell Hatton G Nicolai Hojgaard G Tom Kim G Freddy Schott,,,