Rank,EntryId,EntryName,TimeRemaining,Points,Lineup,,Player,Roster Position,%Drafted,FPTS
1,5196625734,jets6070,0,695,G Hideki Matsuyama G Jackson Koivun G Corey Conners G Christiaan Bezuidenhout G Brian Harman G Denny McCarthy,,Scottie Scheffler,G,26.53%,133.5
2,5196687898,cj19751975,0,688,G Kurt Kitayama G Hideki Matsuyama G Jackson Koivun G Emiliano Grillo G Ben Kohles G Joel Dahmen,,Kurt Kitayama,G,25.27%,94
3,5195083974,sprothero,0,680,G Scottie Scheffler G Brian Harman G Emiliano Grillo G Ben Kohles G Zac Blair G Davis Chatfield,,Ben Kohles,G,23.42%,103.5
4,5196694372,duke5021,0,669,G Hideki Matsuyama G Tom Kim G Jackson Koivun G Emiliano Grillo G Ben Kohles G Lucas Glover,,Benjamin James,G,22.29%,31
5,5196288336,HammaTyme2122,0,663.5,G Scottie Scheffler G Jackson Koivun G Ben Kohles G Kevin Streelman G Davis Chatfield G Troy Merritt,,Tom Kim,G,21.78%,88.5
6,5194821457,Perrymac79,0,662.5,G Kurt Kitayama G Tom Kim G Jackson Koivun G Emiliano Grillo G Ben Kohles G Zac Blair,,Max Homa,G,20.82%,21
6,5196017681,fredgeo77,0,662.5,G Kurt Kitayama G Tom Kim G Jackson Koivun G Emiliano Grillo G Ben Kohles G Zac Blair,,Jackson Suber,G,20.52%,30.5
8,5195503670,whity1winner,0,654,G Kurt Kitayama G Hideki Matsuyama G Jackson Koivun G Ben Kohles G Matti Schmid G Zac Blair,,Hideki Matsuyama,G,20.06%,126.5
9,5195194760,mahaa507,0,646,G Scottie Scheffler G Ben Kohles G Michael Kim G Jesper Svensson G Denny McCarthy G Davis Chatfield,,Zac Blair,G,17.87%,103
10,5195078516,b-rad1969,0,643,G Kurt Kitayama G Hideki Matsuyama G Jackson Koivun G Casey Jarvis G Zachary Bauchou G Zac Blair,,Corey Conners,G,15.77%,78.5
10,5195867492,stefze65,0,643,G Scottie Scheffler G Ben Kohles G Denny McCarthy G Zac Blair G Patrick Fishburn G Kevin Roy,,Emiliano Grillo,G,14.72%,118.5
12,5195981492,Bgoebert,0,639,G Scottie Scheffler G Brian Harman G Casey Jarvis G Ben Kohles G Zac Blair G Davis Chatfield,,Mac Meissner,G,14.47%,36
12,5196475783,TwoLeggedLOTTO,0,639,G Scottie Scheffler G Emiliano Grillo G Ben Kohles G Jesper Svensson G Patrick Fishburn G Davis Chatfield,,Casey Jarvis,G,13.54%,77.5
14,5195864141,BennysBoys1943,0,636.5,G Scottie Scheffler G Ben Kohles G Denny McCarthy G Austin Smotherman G Zac Blair G Kevin Roy,,Christiaan Bezuidenhout,G,12.66%,93
15,5195030177,Patrick551,0,636,G Hideki Matsuyama G Jackson Koivun G Corey Conners G Jordan L. Smith G Michael Brennan G Davis Chatfield,,Johnny Keefer,G,11.61%,39.5
16,5195274924,james66p,0,634,G Hideki Matsuyama G Jake Knapp G Tom Kim G Brian Harman G Lucas Glover G Denny McCarthy,,Sungjae Im,G,11.48%,26.5
17,5196057745,Dynistee,0,631,G Hideki Matsuyama G Tom Kim G Corey Conners G Max Greyserman G Brian Harman G Denny McCarthy,,Maverick McNealy,G,11.23%,87
18,5195738197,415gio,0,630,G Kurt Kitayama G Tom Kim G Jackson Koivun G Emiliano Grillo G Ben Kohles G A.J. Ewart,,Jackson Koivun,G,10.98%,155
19,5195209526,HUNTERZW,0,624.5,G Hideki Matsuyama G Jake Knapp G Gary Woodland G Max Greyserman G John Parry G Zac Blair,,Doug Ghim,G,10.56%,28.5
20,5195945945,mbro24,0,620.5,G Hideki Matsuyama G Jackson Koivun G Gary Woodland G Rasmus Neergaard-Petersen G William Mouw G Billy Horschel,,Lucas Glover,G,10.51%,77
21,5195799943,brianbarton,0,619,G Hideki Matsuyama G Jackson Koivun G Benjamin James G Michael Brennan G Max Greyserman G Davis Thompson,,Sam Stevens,G,10.01%,65
22,5194738755,ghmccabe,0,618,G Hideki Matsuyama G Keith Mitchell G Tom Kim G Christiaan Bezuidenhout G Zac Blair G Chandler Phillips,,Tom Hoge,G,9.92%,27
23,5194578802,b_blissful17,0,617.5,G Kurt Kitayama G Hideki Matsuyama G Sam Stevens G Brian Harman G Kevin Yu G Emiliano Grillo,,Keith Mitchell,G,9.84%,74.5
23,5196422203,MikeRod,0,617.5,G Scottie Scheffler G Emiliano Grillo G Ben Kohles G Zac Blair G Austin Eckroat G Joel Dahmen,,Rasmus Neergaard-Petersen,G,9.80%,96
25,5195393731,fullerf54,0,615.5,G Kurt Kitayama G Hideki Matsuyama G Corey Conners G Brian Harman G Emiliano Grillo G Lucas Glover,,Tony Finau,G,9.08%,28
26,5194979948,cangood1,0,613.5,G Maverick McNealy G Hideki Matsuyama G Jackson Koivun G Emiliano Grillo G Ben Kohles G Aaron Wise,,William Mouw,G,9.04%,34.5
27,5195329916,mdmbag,0,612,G Scottie Scheffler G Emiliano Grillo G Ben Kohles G Lee Hodges G Austin Eckroat G Davis Chatfield,,Jake Knapp,G,8.70%,100
28,5195963145,Dantheman2821,0,610.5,G Scottie Scheffler G Taylor Moore G Ben Kohles G Denny McCarthy G Chandler Phillips G Joel Dahmen,,Aaron Wise,G,8.33%,23
29,5196295603,KingAllan68,0,608.5,G Hideki Matsuyama G Tom Kim G Christiaan Bezuidenhout G Brian Harman G Michael Kim G Lucas Glover,,Pierceson Coody,G,8.03%,22.5
30,5196562537,zak11b,0,600.5,G Hideki Matsuyama G Gary Woodland G Corey Conners G Christiaan Bezuidenhout G John Parry G Zac Blair,,Sudarshan Yellamaraju,G,7.78%,33
31,5195774358,kmdilsaver,0,599.5,G Scottie Scheffler G Brian Harman G Ben Kohles G Max McGreevy G Zac Blair G Davis Chatfield,,Brian Harman,G,7.44%,121
32,5195238452,billyandbela,0,598.5,G Kurt Kitayama G Hideki Matsuyama G Tom Kim G Rasmus Neergaard-Petersen G Zac Blair G Joel Dahmen,,Ricky Castillo,G,6.98%,81.5
32,5195514851,kv_smoove,0,598.5,G Hideki Matsuyama G Keith Mitchell G Corey Conners G Rasmus Neergaard-Petersen G Emiliano Grillo G Billy Horschel,,Michael Brennan,G,6.85%,95.5
34,5196509804,cashyobe,0,596,G Scottie Scheffler G Casey Jarvis G Emiliano Grillo G Ben Kohles G Zac Blair G Fabián Gómez,,Jordan L. Smith,G,6.60%,80
35,5195424210,jlerma33,0,595.5,G Hideki Matsuyama G Jackson Koivun G Jackson Suber G Ben Kohles G Lucas Glover G Zac Blair,,Gary Woodland,G,6.06%,104
36,5194630559,anon1983,0,591,G Scottie Scheffler G Emiliano Grillo G Ben Kohles G Seamus Power G Zac Blair G Aaron Wise,,Andrew Putnam,G,6.06%,27.5
37,5194746370,cowboys3322,0,590,G Scottie Scheffler G Brian Harman G Ben Kohles G Michael Kim G Zac Blair G Brice Garnett,,Zachary Bauchou,G,4.92%,87
37,5196120134,mgisigolf72,0,590,G Hideki Matsuyama G Jake Knapp G Tom Kim G Sudarshan Yellamaraju G Seamus Power G Chandler Phillips,,Stephan Jaeger,G,4.50%,33.5
37,5196433365,fcruz1994,0,590,G Scottie Scheffler G Brian Harman G Ben Kohles G Michael Kim G Zac Blair G Brice Garnett,,Troy Merritt,G,4.12%,76.5
40,5195000629,Tugger06,0,588.5,G Hideki Matsuyama G Tom Kim G Corey Conners G Rasmus Neergaard-Petersen G John Parry G Ben Kohles,,Joel Dahmen,G,4.04%,90.5
40,5195348120,dragonbaker,0,588.5,G Hideki Matsuyama G Jackson Koivun G Jackson Suber G Rasmus Neergaard-Petersen G Ben Kohles G Lucas Glover,,Patrick Rodgers,G,3.87%,27.5
42,5194754950,Mousedef,0,588,G Scottie Scheffler G Ricky Castillo G Casey Jarvis G Denny McCarthy G Kevin Roy G Joel Dahmen,,Denny McCarthy,G,3.78%,121
42,5196667838,wets23,0,588,G Kurt Kitayama G Tom Kim G Gary Woodland G Brian Harman G Ben Kohles G Lucas Glover,,Aldrich Potgieter,G,3.74%,38
44,5194670878,Schoey17,0,587,G Scottie Scheffler G Emiliano Grillo G Denny McCarthy G Zac Blair G Tom Hoge G Kevin Roy,,Max McGreevy,G,3.70%,38
44,5196476746,slippinjimmy,0,587,G Kurt Kitayama G Jackson Koivun G Jordan L. Smith G Mac Meissner G Emiliano Grillo G Ben Kohles,,Mackenzie Hughes,G,3.70%,79
46,5196678722,macgreda,0,586,G Kurt Kitayama G Jackson Koivun G Corey Conners G Rasmus Neergaard-Petersen G Casey Jarvis G Jesper Svensson,,Taylor Pendrith,G,3.28%,24
47,5195107884,Lazzaria,0,585.5,G Kurt Kitayama G Tom Kim G Gary Woodland G Emiliano Grillo G Ben Kohles G Lucas Glover,,A.J. Ewart,G,3.20%,70.5
47,5196387091,buster_bluth,0,585.5,G Hideki Matsuyama G Jackson Koivun G Benjamin James G Michael Brennan G Ben Kohles G Will Gordon,,Michael Kim,G,2.99%,102.5
49,5196404192,jadogogmx,0,585,G Hideki Matsuyama G Tom Kim G Corey Conners G Christiaan Bezuidenhout G Casey Jarvis G Denny McCarthy,,Lee Hodges,G,2.99%,87.5
49,5196453741,musicman777,0,585,G Scottie Scheffler G Ricky Castillo G Emiliano Grillo G Rico Hoey G Zac Blair G Troy Merritt,,Matti Schmid,G,2.94%,72
51,5196611838,grump65,0,584,G Scottie Scheffler G Casey Jarvis G Michael Kim G Lucas Glover G Zac Blair G Joel Dahmen,,Austin Eckroat,G,2.94%,68.5
51,5196684736,bammer_23,0,584,G Kurt Kitayama G Jackson Koivun G Corey Conners G William Mouw G Emiliano Grillo G Ben Kohles,,Max Greyserman,G,2.82%,95.5
53,5196384083,Seacilian65,0,583.5,G Scottie Scheffler G Zachary Bauchou G Denny McCarthy G A.J. Ewart G Zac Blair G Austin Eckroat,,John Parry,G,2.82%,95.5
53,5196408702,destructking,0,583.5,G Hideki Matsuyama G Jackson Koivun G Doug Ghim G Christiaan Bezuidenhout G Casey Jarvis G Zac Blair,,Kevin Roy,G,2.82%,84
53,5196421688,MichaelScarn1,0,583.5,G Kurt Kitayama G Jackson Koivun G Jackson Suber G Davis Thompson G Ben Kohles G Jesper Svensson,,Jesper Svensson,G,2.61%,85
56,5195378904,jmerwin45,0,583,G Kurt Kitayama G Hideki Matsuyama G Christiaan Bezuidenhout G Brian Harman G Denny McCarthy G Patrick Rodgers,,Rasmus Højgaard,G,2.57%,30.5
56,5196706922,reeb,0,583,G Hideki Matsuyama G Jake Knapp G Jordan L. Smith G Christiaan Bezuidenhout G Beau Hossler G Emiliano Grillo,,David Lipsky,G,2.40%,29.5
58,5194589747,bradharvey,0,582.5,G Tom Kim G Jackson Koivun G Corey Conners G Jordan L. Smith G Ben Kohles G Lucas Glover,,Steven Fisk,G,2.31%,25
59,5194610154,shogunasskicker,0,581.5,G Hideki Matsuyama G Jake Knapp G Corey Conners G Rasmus Neergaard-Petersen G Casey Jarvis G Zac Blair,,Davis Chatfield,G,2.06%,100.5
60,5195174724,MojaveWolf,0,581,G Scottie Scheffler G Ricky Castillo G Ben Kohles G Zac Blair G Tom Hoge G Chandler Phillips,,Kevin Yu,G,1.89%,92.5
61,5195235849,timer454,0,579.5,G Hideki Matsuyama G Tom Kim G Sungjae Im G Rasmus Neergaard-Petersen G Brian Harman G Denny McCarthy,,Rico Hoey,G,1.89%,72
62,5194632756,Astros7,0,579,G Scottie Scheffler G Brian Harman G Michael Kim G Zac Blair G Erik Van Rooyen G Joel Dahmen,,Stefano Mazzoli,G,1.81%,26
62,5195382199,HuskerNTexas,0,579,G Scottie Scheffler G Casey Jarvis G Michael Kim G Matti Schmid G Zac Blair G Joel Dahmen,,Taylor Moore,G,1.77%,29.5
62,5196538877,not3forever,0,579,G Kurt Kitayama G Hideki Matsuyama G Corey Conners G Ricky Castillo G John Parry G Zac Blair,,Davis Thompson,G,1.72%,115.5
62,5196727675,BILLBOGEY,0,579,G Kurt Kitayama G Jackson Koivun G Jackson Suber G Casey Jarvis G Emiliano Grillo G Ben Kohles,,Erik Van Rooyen,G,1.68%,28.5
66,5196286124,Mike23-DK,0,578,G Scottie Scheffler G Christiaan Bezuidenhout G Ben Kohles G Zac Blair G Austin Eckroat G Troy Merritt,,Matt Kuchar,G,1.68%,17.5
67,5195287643,chembroski,0,577.5,G Hideki Matsuyama G Keith Mitchell G Corey Conners G Brian Harman G Ricky Castillo G John Parry,,Takumi Kanaya,G,1.51%,25.5
67,5196106450,davidarussellii,0,577.5,G Scottie Scheffler G Casey Jarvis G Ben Kohles G Chris Kirk G Kris Ventura G Joel Dahmen,,Cameron Champ,G,1.51%,26.5
69,5195859963,morrisnick77,0,577,G Hideki Matsuyama G Gary Woodland G Corey Conners G Christiaan Bezuidenhout G Rasmus Neergaard-Petersen G Mackenzie Hughes,,Fabián Gómez,G,1.43%,60
69,5196063511,jellybean7454,0,577,G Scottie Scheffler G Casey Jarvis G Ben Kohles G Zac Blair G Tom Hoge G Chandler Phillips,,Austin Smotherman,G,1.43%,91.5
69,5196258667,Natu2008,0,577,G Tom Kim G Jackson Koivun G Gary Woodland G Benjamin James G Brian Harman G Casey Jarvis,,Mark Hubbard,G,1.39%,79
69,5196510723,thefamousfs,0,577,G Scottie Scheffler G Casey Jarvis G Ben Kohles G Zac Blair G Tom Hoge G Chandler Phillips,,Keita Nakajima,G,1.39%,32.5
69,5196519926,Damonri,0,577,G Kurt Kitayama G Hideki Matsuyama G Mac Meissner G Rasmus Neergaard-Petersen G Brian Harman G Ben Kohles,,Cameron Davis,G,1.22%,23.5
74,5195985932,tygray12,0,576.5,G Jake Knapp G Jackson Koivun G Jackson Suber G Gary Woodland G Zac Blair G Kevin Roy,,Hayden Springer,G,1.22%,36.5
74,5196459840,tripsons,0,576.5,G Scottie Scheffler G Zachary Bauchou G Denny McCarthy G Patrick Rodgers G Billy Horschel G Zac Blair,,Brice Garnett,G,1.22%,26.5
76,5196009937,ShickTim,0,576,G Kurt Kitayama G Hideki Matsuyama G Jackson Suber G Emiliano Grillo G Ben Kohles G Zac Blair,,Beau Hossler,G,1.22%,65
76,5196108536,sboynton10,0,576,G Scottie Scheffler G Emiliano Grillo G Ben Kohles G Zac Blair G Tom Hoge G Joel Dahmen,,Seamus Power,G,1.14%,109.5
78,5194943705,cliffordroberts,0,575.5,G Scottie Scheffler G Ricky Castillo G Casey Jarvis G Ben Kohles G Zac Blair G Troy Merritt,,Billy Horschel,G,1.05%,104.5
78,5195079090,HeelaciousT,0,575.5,G Scottie Scheffler G Ricky Castillo G Casey Jarvis G Ben Kohles G Zac Blair G Troy Merritt,,Paul Peterson,G,1.01%,22.5
78,5195662791,brobeater,0,575.5,G Kurt Kitayama G Tom Kim G Corey Conners G Kevin Yu G Emiliano Grillo G Ben Kohles,,Brandt Snedeker,G,1.01%,17
81,5196679419,RunWired,0,575,G Scottie Scheffler G Michael Kim G Mackenzie Hughes G Lee Hodges G Rico Hoey G Davis Chatfield,,Jeremy Paul,G,1.01%,23
82,5195295833,Daily_Big_Kahuna,0,574.5,G Scottie Scheffler G Casey Jarvis G Matti Schmid G Billy Horschel G Zac Blair G Kevin Roy,,Chris Kirk,G,0.97%,91.5
83,5196044777,LeanWeen,0,574,G Kurt Kitayama G Hideki Matsuyama G Doug Ghim G Emiliano Grillo G Ben Kohles G Zac Blair,,Ryder Cowan,G,0.97%,33.5
84,5196337701,Yumama1,0,573.5,G Kurt Kitayama G Hideki Matsuyama G Jordan L. Smith G Stephan Jaeger G Emiliano Grillo G Denny McCarthy,,Chandler Phillips,G,0.93%,132.5
84,5196385647,Dr_Fu_Manchu,0,573.5,G Jackson Koivun G Doug Ghim G Rasmus Neergaard-Petersen G Kevin Yu G Ben Kohles G Patrick Fishburn,,Lanto Griffin,G,0.88%,59.5
86,5196447656,bigbossAJ,0,573,G Kurt Kitayama G Hideki Matsuyama G Rasmus Neergaard-Petersen G William Mouw G Emiliano Grillo G Ben Kohles,,Joe Highsmith,G,0.84%,28.5
87,5194654426,Tbone1230,0,572.5,G Scottie Scheffler G Lucas Glover G Denny McCarthy G Seamus Power G Billy Horschel G Tom Hoge,,Kevin Streelman,G,0.84%,94.5
88,5196189287,xibalba7500,0,572,G Hideki Matsuyama G Tom Kim G Sam Stevens G Christiaan Bezuidenhout G Rasmus Neergaard-Petersen G Zac Blair,,Brannon Fahrny,G,0.84%,23.5
89,5195581599,Pdawg20,0,571.5,G Scottie Scheffler G Emiliano Grillo G Ben Kohles G Zachary Bauchou G Zac Blair G Stefano Mazzoli,,Adrien Dumont De Chassart,G,0.80%,27.5
90,5195112608,Geebir,0,571,G Scottie Scheffler G Ben Kohles G Michael Kim G Max McGreevy G Zac Blair G Joel Dahmen,,Preston Stout,G,0.80%,29
90,5195303594,TONN80,0,571,G Hideki Matsuyama G Tom Kim G Corey Conners G Christiaan Bezuidenhout G Ricky Castillo G Zac Blair,,Will Gordon,G,0.80%,74
90,5196083912,sjdolio,0,571,G Maverick McNealy G Tom Kim G Corey Conners G Christiaan Bezuidenhout G Denny McCarthy G Zac Blair,,Davis Riley,G,0.80%,26
93,5194953834,demanufacture714,0,570.5,G Hideki Matsuyama G Tom Kim G Corey Conners G Rasmus Neergaard-Petersen G Casey Jarvis G Ben Kohles,,Chad Ramey,G,0.67%,33
93,5196110370,ugene770,0,570.5,G Hideki Matsuyama G Tom Kim G Corey Conners G Rasmus Neergaard-Petersen G Casey Jarvis G Ben Kohles,,Gordon Sargent,G,0.67%,40
95,5194661889,oneeyedjacks,0,569.5,G Jackson Koivun G Pierceson Coody G Gary Woodland G Christiaan Bezuidenhout G Kevin Yu G Michael Kim,,Adam Svensson,G,0.67%,29
95,5195690590,okiecowpoke,0,569.5,G Kurt Kitayama G Hideki Matsuyama G Benjamin James G Rasmus Neergaard-Petersen G Emiliano Grillo G Ben Kohles,,Tyler Duncan,G,0.67%,29
95,5196330802,micanians2002,0,569.5,G Scottie Scheffler G William Mouw G Emiliano Grillo G Ben Kohles G Zac Blair G Troy Merritt,,Adam Hadwin,G,0.67%,24.5
95,5196445955,eronau,0,569.5,G Kurt Kitayama G Hideki Matsuyama G Benjamin James G Rasmus Neergaard-Petersen G Emiliano Grillo G Ben Kohles,,Patrick Fishburn,G,0.63%,98
99,5195638164,Cwhitey5,0,569,G Kurt Kitayama G Hideki Matsuyama G Benjamin James G Max Greyserman G Emiliano Grillo G Ben Kohles,,Luke List,G,0.59%,25.5
100,5196301060,greenthumb,0,567.5,G Kurt Kitayama G Hideki Matsuyama G Corey Conners G Aldrich Potgieter G Brian Harman G Seamus Power,,Hao-Tong Li,G,0.59%,74.5
101,5195437507,impeccablycomingup,0,567,G Kurt Kitayama G Jackson Koivun G Sam Stevens G Benjamin James G Emiliano Grillo G Ben Kohles,,Luke Clanton,G,0.55%,29
101,5195614669,marksgelfand,0,567,G Hideki Matsuyama G Gary Woodland G Sungjae Im G Christiaan Bezuidenhout G Rasmus Neergaard-Petersen G Brian Harman,,Matthieu Pavon,G,0.50%,31.5
103,5195423159,AmazingBlue2,0,566.5,G Kurt Kitayama G Hideki Matsuyama G Max Homa G Emiliano Grillo G Ben Kohles G Zac Blair,,Jason Day,G,0.50%,0
103,5195612741,Cwizzle77,0,566.5,G Tom Kim G Jackson Koivun G Max Homa G Jordan L. Smith G Emiliano Grillo G Ben Kohles,,Kris Ventura,G,0.50%,81
103,5195655075,snobbyripes,0,566.5,G Scottie Scheffler G Michael Brennan G Denny McCarthy G Zac Blair G Joel Dahmen G Aaron Wise,,David Skinns,G,0.50%,23.5
103,5195816757,Jyoung3,0,566.5,G Scottie Scheffler G Ben Kohles G Lucas Glover G Zachary Bauchou G Austin Smotherman G Will Gordon,,Camilo Villegas,G,0.42%,84
107,5194776850,Sparks177,0,566,G Jake Knapp G Jackson Koivun G Gary Woodland G Rasmus Neergaard-Petersen G Taylor Pendrith G Zachary Bauchou,,Garrick Higgo,G,0.42%,24
107,5196663331,frank.canavan,0,566,G Scottie Scheffler G Emiliano Grillo G Lucas Glover G Billy Horschel G Zac Blair G David Lipsky,,Thorbjørn Olesen,G,0.42%,29
109,5194979949,linsanity77,0,565.5,G Hideki Matsuyama G Keith Mitchell G Sam Stevens G Christiaan Bezuidenhout G Ben Kohles G Zac Blair,,Nick Hardy,G,0.42%,27
110,5195271248,mharringtonga,0,564.5,G Kurt Kitayama G Hideki Matsuyama G Jordan L. Smith G Johnny Keefer G Ben Kohles G Denny McCarthy,,Dylan Wu,G,0.38%,28
111,5195560464,boomersooner276,0,564,G Kurt Kitayama G Hideki Matsuyama G Jordan L. Smith G Johnny Keefer G Brian Harman G Zac Blair,,Peter Malnati,G,0.34%,19.5
111,5196031441,theking6108,0,564,G Maverick McNealy G Keith Mitchell G Jackson Koivun G Brian Harman G Ben Kohles G Aaron Wise,,Karl Vilips,G,0.34%,25
111,5196046797,kepenekela,0,564,G Kurt Kitayama G Jackson Koivun G Mac Meissner G Christiaan Bezuidenhout G Max Greyserman G Joel Dahmen,,Harry Higgs,G,0.29%,36.5
111,5196182719,moosh20,0,564,G Scottie Scheffler G Brian Harman G Casey Jarvis G Michael Kim G Zac Blair G Brice Garnett,,Ben Silverman,G,0.29%,32
111,5196649923,drboogie,0,564,G Kurt Kitayama G Tom Kim G Gary Woodland G Christiaan Bezuidenhout G Ricky Castillo G Zac Blair,,Trace Crowe,G,0.25%,65.5
111,5196663239,fastphilfromfla,0,564,G Hideki Matsuyama G Tom Kim G Christiaan Bezuidenhout G Michael Brennan G Johnny Keefer G Brian Harman,,Zecheng Dou,G,0.21%,95.5
117,5196048540,therealdflem,0,563.5,G Kurt Kitayama G Jackson Koivun G Max Homa G Michael Brennan G Brian Harman G Lucas Glover,,Brian Campbell,G,0.21%,35
118,5194669429,navyhmcm,0,563,G Scottie Scheffler G Ricky Castillo G Denny McCarthy G Zecheng Dou G Zac Blair G Erik Van Rooyen,,Jeffrey Kang,G,0.21%,63
119,5194640325,rugger9577,0,562.5,G Scottie Scheffler G Ricky Castillo G Ben Kohles G Andrew Putnam G Kevin Roy G Chandler Phillips,,Nick Dunlap,G,0.21%,29.5
119,5195339438,F___thejets,0,562.5,G Hideki Matsuyama G Tom Kim G Jackson Suber G Brian Harman G Kevin Yu G Ben Kohles,,Patton Kizzire,G,0.21%,12
119,5196576482,Petethebeach,0,562.5,G Keith Mitchell G Jackson Koivun G Gary Woodland G Benjamin James G Brian Harman G Lucas Glover,,Jimmy Stanger,G,0.17%,76
122,5195192421,bsinkc,0,561.5,G Scottie Scheffler G Lucas Glover G Denny McCarthy G Seamus Power G Matt Kuchar G Zac Blair,,Neal Shipley,G,0.17%,74.5
123,5195029262,mshrum1905,0,561,G Scottie Scheffler G Taylor Moore G Emiliano Grillo G Lee Hodges G Austin Smotherman G Davis Chatfield,,Adam Schenk,G,0.17%,32
123,5195646482,marino82867,0,561,G Kurt Kitayama G Hideki Matsuyama G Corey Conners G Ricky Castillo G Casey Jarvis G Zac Blair,,Vince Whaley,G,0.17%,88.5
123,5196023667,jaguar21,0,561,G Hideki Matsuyama G Corey Conners G Max Homa G Max Greyserman G Brian Harman G Emiliano Grillo,,Hank Lebioda,G,0.13%,98.5
126,5194961408,mcclellan,0,560.5,G Scottie Scheffler G Michael Brennan G Casey Jarvis G Ben Kohles G Will Gordon G Troy Merritt,,Charley Hoffman,G,0.13%,30
126,5195393240,B32044,0,560.5,G Kurt Kitayama G Tom Kim G Jackson Koivun G Christiaan Bezuidenhout G Zac Blair G Tom Hoge,,Chandler Blanchet,G,0.08%,95.5
126,5195924607,cnlmike,0,560.5,G Scottie Scheffler G Brian Harman G Taylor Moore G Mackenzie Hughes G Denny McCarthy G Troy Merritt,,Ben Martin,G,0.08%,32
126,5196342918,cjarvi,0,560.5,G Jake Knapp G Jackson Koivun G Gary Woodland G Sudarshan Yellamaraju G Ricky Castillo G Zachary Bauchou,,John VanDerLaan,G,0.08%,86.5
130,5195066475,mateostarr,0,560,G Kurt Kitayama G Tom Kim G Jackson Koivun G Rasmus Neergaard-Petersen G Ben Kohles G Aaron Wise,,Danny Walker,G,0.08%,27
130,5195918396,jslizz318,0,560,G Scottie Scheffler G Brian Harman G Ben Kohles G Andrew Putnam G Kevin Roy G Joel Dahmen,,Justin Lower,G,0.04%,34.5
132,5195064820,josh87530,0,559,G Hideki Matsuyama G Jake Knapp G Tom Kim G John Parry G Adrien Dumont De Chassart G Denny McCarthy,,Nicholas Lindheim,G,0.04%,22
132,5196568460,theCof,0,559,G Maverick McNealy G Hideki Matsuyama G Mac Meissner G Christiaan Bezuidenhout G John Parry G Denny McCarthy,,Christo Lamprecht,G,0.04%,23.5
134,5195103513,BonzoBear10,0,558.5,G Scottie Scheffler G Michael Brennan G Emiliano Grillo G Zac Blair G Matthieu Pavon G Troy Merritt,,Kensei Hirata,G,0.04%,13.5
135,5196649118,chipper1717,0,558,G Jake Knapp G Tom Kim G Jackson Koivun G Michael Brennan G Rasmus Neergaard-Petersen G Aaron Wise,,Sihan Sandhu,G,0.04%,32.5
136,5194599539,jrdavis1717,0,557.5,G Kurt Kitayama G Jackson Koivun G Sam Stevens G Michael Brennan G Casey Jarvis G A.J. Ewart,,Muzzy Donohue,G,0.04%,89
136,5196080071,tman_willi,0,557.5,G Kurt Kitayama G Hideki Matsuyama G Tom Kim G Emiliano Grillo G Ben Kohles G Cameron Champ,,Ryan Brehm,G,0.04%,38
138,5196662714,Superunknown454,0,557,G Scottie Scheffler G Emiliano Grillo G Ben Kohles G Matti Schmid G Zac Blair G Brice Garnett,,Alejandro Tosti,G,0.04%,23
139,5194657634,travery5812,0,556.5,G Scottie Scheffler G Ben Kohles G Denny McCarthy G Zac Blair G Austin Eckroat G Tom Hoge,,Jeevan Sihota,G,0.04%,19.5
139,5195443375,dbadik,0,556.5,G Scottie Scheffler G Emiliano Grillo G Ben Kohles G Lee Hodges G Joel Dahmen G Aaron Wise,,Cooper Schultz,G,0.04%,22.5
141,5195547601,bighack22,0,556,G Hideki Matsuyama G Tom Kim G Jackson Koivun G William Mouw G Lucas Glover G Hao-Tong Li,,Griffin Wood,G,0.04%,30
141,5196044108,ZMurr72,0,556,G Kurt Kitayama G Tom Kim G Jackson Suber G Brian Harman G Emiliano Grillo G Ben Kohles,,,
141,5196507609,tyreich,0,556,G Kurt Kitayama G Tom Kim G Jackson Suber G Brian Harman G Emiliano Grillo G Ben Kohles,,,
144,5194945580,deepfat,0,555.5,G Scottie Scheffler G Casey Jarvis G Ben Kohles G Michael Kim G Max McGreevy G Davis Chatfield,,,
144,5195082980,jrancor22,0,555.5,G Scottie Scheffler G Ben Kohles G Max McGreevy G Zachary Bauchou G Zac Blair G Joel Dahmen,,,
144,5195550365,stambizzle,0,555.5,G Scottie Scheffler G Casey Jarvis G Ben Kohles G Michael Kim G Max McGreevy G Davis Chatfield,,,
144,5196148299,jamieh711,0,555.5,G Scottie Scheffler G Casey Jarvis G Ben Kohles G Michael Kim G Max McGreevy G Davis Chatfield,,,
144,5196421046,RPcaller,0,555.5,G Scottie Scheffler G Casey Jarvis G Ben Kohles G Michael Kim G Max McGreevy G Davis Chatfield,,,
149,5194663088,westh8bamix,0,555,G Maverick McNealy G Hideki Matsuyama G Sam Stevens G William Mouw G Brian Harman G Denny McCarthy,,,
149,5194988504,Lance25929,0,555,G Hideki Matsuyama G Keith Mitchell G Jordan L. Smith G Christiaan Bezuidenhout G Casey Jarvis G Ben Kohles,,,
149,5195236332,timrowland09,0,555,G Scottie Scheffler G Michael Kim G Zachary Bauchou G Denny McCarthy G Tom Hoge G Kevin Roy,,,
149,5195286886,bubba5623,0,555,G Scottie Scheffler G John Parry G Emiliano Grillo G Ben Kohles G Matti Schmid G Adam Schenk,,,
149,5196008062,Ryjo79,0,555,G Scottie Scheffler G Michael Kim G Zachary Bauchou G Denny McCarthy G Tom Hoge G Kevin Roy,,,
149,5196154975,ianpaleo0224,0,555,G Scottie Scheffler G Michael Kim G Zachary Bauchou G Denny McCarthy G Tom Hoge G Kevin Roy,,,
149,5196580296,cliffr03690,0,555,G Scottie Scheffler G Emiliano Grillo G Ben Kohles G A.J. Ewart G Zac Blair G Stefano Mazzoli,,,
149,5196595926,mck1960,0,555,G Scottie Scheffler G Michael Kim G Zachary Bauchou G Denny McCarthy G Tom Hoge G Kevin Roy,,,
157,5196063683,dukie2,0,554.5,G Scottie Scheffler G Michael Brennan G Emiliano Grillo G Andrew Putnam G Zac Blair G Troy Merritt,,,
158,5195283739,toslaby,0,554,G Jake Knapp G Jackson Koivun G Corey Conners G Johnny Keefer G Casey Jarvis G Ben Kohles,,,
159,5196033180,wowwwwwdfs_kkc,0,553.5,G Hideki Matsuyama G Corey Conners G Mac Meissner G Michael Brennan G Rasmus Neergaard-Petersen G Brian Harman,,,
160,5195297439,jljjr,0,553,G Hideki Matsuyama G Tom Kim G Corey Conners G Ben Kohles G Mackenzie Hughes G Lucas Glover,,,
160,5195427354,OzarkMindhunter,0,553,G Hideki Matsuyama G Tom Kim G Tony Finau G Max Greyserman G Rasmus Neergaard-Petersen G Emiliano Grillo,,,
160,5196257867,DCowell12,0,553,G Hideki Matsuyama G Tom Kim G Doug Ghim G Emiliano Grillo G Ben Kohles G Lee Hodges,,,
163,5195700099,RmJack13,0,552.5,G Scottie Scheffler G Christiaan Bezuidenhout G Rasmus Neergaard-Petersen G Zac Blair G Brice Garnett G Davis Chatfield,,,
163,5196449647,jrcommish20,0,552.5,G Scottie Scheffler G Emiliano Grillo G Ben Kohles G Jesper Svensson G Matt Kuchar G Kevin Streelman,,,
163,5196722844,Tb0n3,0,552.5,G Scottie Scheffler G Emiliano Grillo G Ben Kohles G Zac Blair G Trace Crowe G Erik Van Rooyen,,,
166,5195086341,buckbow18,0,552,G Scottie Scheffler G Ricky Castillo G Casey Jarvis G Ben Kohles G Chandler Phillips G Cameron Davis,,,
166,5195147024,jterpstra,0,552,G Scottie Scheffler G Christiaan Bezuidenhout G Casey Jarvis G Zac Blair G Austin Eckroat G Troy Merritt,,,
166,5196018292,ChickenHeadz,0,552,G Tom Kim G Jackson Koivun G Jackson Suber G Christiaan Bezuidenhout G Ricky Castillo G Ben Kohles,,,
166,5196029498,Dooch,0,552,G Maverick McNealy G Hideki Matsuyama G Corey Conners G Casey Jarvis G John Parry G Zachary Bauchou,,,
166,5196103618,Sharkbite8,0,552,G Scottie Scheffler G Christiaan Bezuidenhout G Brian Harman G Casey Jarvis G Brice Garnett G Davis Chatfield,,,
171,5194650865,magotteaux,0,551.5,G Kurt Kitayama G Hideki Matsuyama G Tom Kim G Emiliano Grillo G Lee Hodges G Hayden Springer,,,
171,5195139788,colbuk10,0,551.5,G Maverick McNealy G Hideki Matsuyama G Mac Meissner G Brian Harman G Casey Jarvis G Ben Kohles,,,
171,5195778616,alparman,0,551.5,G Hideki Matsuyama G Keith Mitchell G Tom Kim G Ricky Castillo G Casey Jarvis G Zac Blair,,,
171,5196438791,Rebels.1433,0,551.5,G Scottie Scheffler G Christiaan Bezuidenhout G Emiliano Grillo G Zac Blair G Tom Hoge G Troy Merritt,,,
175,5195977968,ydoja2,0,551,G Hideki Matsuyama G Keith Mitchell G Pierceson Coody G Brian Harman G Ben Kohles G Zac Blair,,,
176,5194678694,TwoHearted,0,550.5,G Maverick McNealy G Hideki Matsuyama G Corey Conners G Kevin Yu G Mackenzie Hughes G Zachary Bauchou,,,
176,5195835296,spaceace0,0,550.5,G Kurt Kitayama G Hideki Matsuyama G Benjamin James G Emiliano Grillo G Ben Kohles G Lucas Glover,,,
176,5196051867,ajb3247,0,550.5,G Kurt Kitayama G Keith Mitchell G Tom Kim G Ben Kohles G Zachary Bauchou G Zac Blair,,,
176,5196488523,oilver22,0,550.5,G Hideki Matsuyama G Tom Kim G Mac Meissner G Casey Jarvis G Emiliano Grillo G Ben Kohles,,,
176,5196545892,Steelballs505,0,550.5,G Scottie Scheffler G Michael Brennan G Seamus Power G Austin Smotherman G Chris Kirk G Adam Svensson,,,
181,5195733529,itsallamirage,0,550,G Scottie Scheffler G Emiliano Grillo G A.J. Ewart G Andrew Putnam G Seamus Power G Joel Dahmen,,,
181,5196086592,briangile,0,550,G Scottie Scheffler G Emiliano Grillo G Ben Kohles G Zac Blair G Austin Eckroat G Aaron Wise,,,
181,5196139882,criggs,0,550,G Scottie Scheffler G Casey Jarvis G Emiliano Grillo G Zac Blair G Tom Hoge G Joel Dahmen,,,
181,5196650608,Tarheels3,0,550,G Scottie Scheffler G Emiliano Grillo G Ben Kohles G Zac Blair G Austin Eckroat G Aaron Wise,,,
185,5194865951,pineda01,0,549,G Maverick McNealy G Hideki Matsuyama G Mac Meissner G Casey Jarvis G Emiliano Grillo G Ben Kohles,,,
186,5196019939,huntercost35,0,547.5,G Scottie Scheffler G Rasmus Neergaard-Petersen G Emiliano Grillo G Kevin Roy G Hayden Springer G Mark Hubbard,,,
187,5195498829,epi10mg,0,547,G Scottie Scheffler G Tony Finau G Emiliano Grillo G Matti Schmid G Kevin Streelman G Davis Chatfield,,,
187,5196068079,whiteduece,0,547,G Scottie Scheffler G Kevin Yu G Emiliano Grillo G Ben Kohles G Aaron Wise G Jimmy Stanger,,,
187,5196742907,coopjs23,0,547,G Scottie Scheffler G Lee Hodges G Rico Hoey G Lucas Glover G Zac Blair G Will Gordon,,,
190,5195281123,jarradkern,0,546.5,G Hideki Matsuyama G Keith Mitchell G Mac Meissner G Christiaan Bezuidenhout G Brian Harman G John Parry,,,
190,5195877222,hookabrotherup,0,546.5,G Scottie Scheffler G John Parry G Ben Kohles G Zachary Bauchou G Hayden Springer G Joel Dahmen,,,
192,5194671304,Omnitrigger,0,546,G Kurt Kitayama G Keith Mitchell G Jackson Koivun G Emiliano Grillo G Lucas Glover G Tom Hoge,,,
192,5195793361,MSchm1ds,0,546,G Hideki Matsuyama G Tom Kim G Corey Conners G Benjamin James G Emiliano Grillo G Zac Blair,,,
192,5196028395,Johnnyw21,0,546,G Maverick McNealy G Jackson Koivun G Corey Conners G Jordan L. Smith G Emiliano Grillo G Nick Hardy,,,
195,5195343961,ckeller816,0,545.5,G Hideki Matsuyama G Jake Knapp G Jordan L. Smith G Sudarshan Yellamaraju G Ben Kohles G Michael Kim,,,
195,5195555983,Beyes1979,0,545.5,G Maverick McNealy G Kurt Kitayama G Sam Stevens G Casey Jarvis G Emiliano Grillo G Ben Kohles,,,
195,5195590811,JPME,0,545.5,G Maverick McNealy G Jackson Suber G Michael Brennan G Rasmus Neergaard-Petersen G Davis Thompson G Brian Harman,,,
195,5195759919,KenkDallyd,0,545.5,G Hideki Matsuyama G Jackson Koivun G Corey Conners G Benjamin James G Casey Jarvis G Lucas Glover,,,
195,5196292340,burgdl16,0,545.5,G Scottie Scheffler G Rasmus Neergaard-Petersen G Brian Harman G Austin Smotherman G Tom Hoge G Troy Merritt,,,
200,5196546971,AMayberry23,0,545,G Hideki Matsuyama G Tom Kim G Jackson Suber G Christiaan Bezuidenhout G Ben Kohles G Zac Blair,,,
201,5195586793,Dealer04,0,544.5,G Kurt Kitayama G Hideki Matsuyama G Benjamin James G Christiaan Bezuidenhout G Ricky Castillo G Emiliano Grillo,,,
201,5196254543,Jag9695,0,544.5,G Hideki Matsuyama G Tom Kim G Doug Ghim G Emiliano Grillo G Ben Kohles G Mackenzie Hughes,,,
203,5196298087,Byronn5,0,544,G Tom Kim G Jackson Koivun G Tony Finau G Mac Meissner G Davis Thompson G Brian Harman,,,
203,5196612014,bowens1984,0,544,G Scottie Scheffler G Jordan L. Smith G Ben Kohles G Zac Blair G Cameron Davis G Davis Chatfield,,,
205,5195460661,eb44ny,0,543.5,G Kurt Kitayama G Jackson Koivun G Sam Stevens G Benjamin James G Max Greyserman G Zac Blair,,,
205,5196043854,edub1976,0,543.5,G Maverick McNealy G Jackson Koivun G Mac Meissner G Christiaan Bezuidenhout G Michael Brennan G Lucas Glover,,,
205,5196715092,kwilson77,0,543.5,G Maverick McNealy G Jackson Koivun G Benjamin James G Christiaan Bezuidenhout G Rasmus Neergaard-Petersen G Ricky Castillo,,,
205,5196732886,the4amigos,0,543.5,G Kurt Kitayama G Hideki Matsuyama G Jackson Koivun G Sam Stevens G Cameron Champ G Troy Merritt,,,
209,5196387093,myordy,0,542.5,G Scottie Scheffler G Gary Woodland G Michael Kim G Joel Dahmen G Dylan Wu G Camilo Villegas,,,
209,5196537540,chachi24,0,542.5,G Kurt Kitayama G Hideki Matsuyama G Doug Ghim G Ben Kohles G Zachary Bauchou G Zac Blair,,,
211,5196560391,barrys.team2015,0,542,G Hideki Matsuyama G Jake Knapp G Tom Kim G Ricky Castillo G Emiliano Grillo G Tom Hoge,,,
212,5194643946,Austy488,0,541.5,G Jackson Koivun G Jackson Suber G Benjamin James G Emiliano Grillo G Ben Kohles G Zac Blair,,,
212,5195042980,AllieC22,0,541.5,G Kurt Kitayama G Hideki Matsuyama G Sam Stevens G William Mouw G Emiliano Grillo G Zac Blair,,,
212,5195075805,Lamps08,0,541.5,G Kurt Kitayama G Keith Mitchell G Jackson Koivun G Ben Kohles G Zachary Bauchou G Andrew Putnam,,,
215,5195147420,Fantasycoach1978,0,541,G Scottie Scheffler G Rasmus Neergaard-Petersen G Keita Nakajima G Seamus Power G Joel Dahmen G Mark Hubbard,,,
215,5195282951,comets1234,0,541,G Hideki Matsuyama G Corey Conners G Max Homa G Christiaan Bezuidenhout G Emiliano Grillo G Ben Kohles,,,
215,5195354362,sleemans,0,541,G Kurt Kitayama G Hideki Matsuyama G Tom Kim G Brian Harman G Tom Hoge G Kevin Roy,,,
215,5195716808,AJBeckface,0,541,G Kurt Kitayama G Jackson Koivun G Jordan L. Smith G Benjamin James G Casey Jarvis G Ben Kohles,,,
215,5196020313,gogo63,0,541,G Scottie Scheffler G Tony Finau G Kevin Yu G Michael Kim G Davis Chatfield G Camilo Villegas,,,
220,5196238854,skeeter1114,0,540.5,G Kurt Kitayama G Keith Mitchell G Tom Kim G Ben Kohles G Lucas Glover G Zac Blair,,,
221,5194595616,Go1-0Today,0,540,G Jackson Koivun G Jackson Suber G Christiaan Bezuidenhout G Aldrich Potgieter G Michael Kim G Denny McCarthy,,,
221,5195450608,Trave55,0,540,G Hideki Matsuyama G Tom Kim G Sungjae Im G Rasmus Neergaard-Petersen G Brian Harman G Ricky Castillo,,,
221,5195528250,sidingchange,0,540,G Jake Knapp G Tom Kim G Gary Woodland G Christiaan Bezuidenhout G Casey Jarvis G Lucas Glover,,,
221,5196319432,domthebomb22,0,540,G Maverick McNealy G Kurt Kitayama G Jackson Suber G Casey Jarvis G Emiliano Grillo G Chandler Phillips,,,
225,5194612402,Rodnilla,0,539.5,G Scottie Scheffler G Michael Brennan G Ben Kohles G Andrew Putnam G Zac Blair G Troy Merritt,,,
225,5194909512,lazer14,0,539.5,G Scottie Scheffler G Emiliano Grillo G Ben Kohles G Lucas Glover G Kevin Roy G Aaron Wise,,,
225,5195415116,StratonStrat,0,539.5,G Scottie Scheffler G Emiliano Grillo G Ben Kohles G Lucas Glover G Kevin Roy G Aaron Wise,,,
228,5194643014,jetspaddle,0,539,G Kurt Kitayama G Tom Kim G Corey Conners G Max Greyserman G Ben Kohles G Mackenzie Hughes,,,
228,5195619751,don.erdall,0,539,G Scottie Scheffler G Ricky Castillo G Ben Kohles G Zac Blair G Tom Hoge G Joel Dahmen,,,
228,5196027584,tdonah01,0,539,G Hideki Matsuyama G Tom Kim G Corey Conners G William Mouw G Kevin Yu G Emiliano Grillo,,,
231,5195141060,Ricech,0,538.5,G Tom Kim G Jackson Koivun G Doug Ghim G Corey Conners G Lee Hodges G Davis Chatfield,,,
231,5195873833,tfrench12,0,538.5,G Jake Knapp G Tom Kim G Corey Conners G Sam Stevens G Ben Kohles G Zac Blair,,,
231,5196508317,brandino800,0,538.5,G Scottie Scheffler G Steven Fisk G Ben Kohles G Zachary Bauchou G Zac Blair G John VanDerLaan,,,
234,5195496508,jkennedy4,0,538,G Scottie Scheffler G Maverick McNealy G Joel Dahmen G Kevin Streelman G Davis Chatfield G Adam Schenk,,,
234,5196170591,bucs65,0,538,G Maverick McNealy G Hideki Matsuyama G Max Homa G Brian Harman G John Parry G Zachary Bauchou,,,
236,5196754906,DGatlin14,0,537.5,G Scottie Scheffler G Davis Thompson G Emiliano Grillo G Max McGreevy G Zac Blair G Tyler Duncan,,,
237,5194694595,JohnsMainEvent,0,537,G Kurt Kitayama G Hideki Matsuyama G Pierceson Coody G Ben Kohles G Lee Hodges G Zac Blair,,,
238,5194589047,Rugdawg25,0,536.5,G Scottie Scheffler G Ben Kohles G Preston Stout G Lucas Glover G Zac Blair G Joel Dahmen,,,
238,5195301877,jlee20,0,536.5,G Scottie Scheffler G Emiliano Grillo G Denny McCarthy G Zac Blair G Ryder Cowan G Tom Hoge,,,
238,5196393224,sconyers09,0,536.5,G Kurt Kitayama G Tom Kim G Johnny Keefer G Kevin Yu G Emiliano Grillo G Ben Kohles,,,
238,5196422071,73pd2x,0,536.5,G Scottie Scheffler G Michael Kim G Jesper Svensson G Zachary Bauchou G Zac Blair G Takumi Kanaya,,,
242,5194899851,BorgDaddy69,0,536,G Scottie Scheffler G Ricky Castillo G Ben Kohles G Austin Smotherman G Zac Blair G Aaron Wise,,,
242,5194974915,preeves4,0,536,G Jake Knapp G Jackson Koivun G Corey Conners G Max Homa G Lucas Glover G Billy Horschel,,,
242,5195032952,Miller1180,0,536,G Scottie Scheffler G Rasmus Højgaard G Ricky Castillo G Denny McCarthy G Joel Dahmen G Mark Hubbard,,,
242,5195754886,MUCHODINERO,0,536,G Hideki Matsuyama G Jackson Koivun G Tony Finau G Benjamin James G Emiliano Grillo G Lucas Glover,,,
242,5195870805,Szentiger,0,536,G Hideki Matsuyama G Jackson Koivun G Max Homa G Benjamin James G Ricky Castillo G Denny McCarthy,,,
242,5196136279,DLIII,0,536,G Kurt Kitayama G Tom Kim G Doug Ghim G Emiliano Grillo G Ben Kohles G Zac Blair,,,
242,5196386080,LocoKP,0,536,G Scottie Scheffler G Christiaan Bezuidenhout G Mackenzie Hughes G Zac Blair G Tom Hoge G Davis Chatfield,,,
242,5196594058,jonnynewmz,0,536,G Kurt Kitayama G Tom Kim G Doug Ghim G Emiliano Grillo G Ben Kohles G Zac Blair,,,
250,5194661872,ryannayr0,0,535,G Scottie Scheffler G Emiliano Grillo G Jesper Svensson G Matti Schmid G Zac Blair G Aaron Wise,,,
250,5196404728,c4bradley457,0,535,G Kurt Kitayama G Hideki Matsuyama G Keith Mitchell G Casey Jarvis G Matti Schmid G Joel Dahmen,,,
252,5195599184,schlepie,0,534.5,G Keith Mitchell G Tom Kim G Corey Conners G Christiaan Bezuidenhout G Ricky Castillo G Emiliano Grillo,,,
252,5196388150,4LeftsMakeItRight,0,534.5,G Scottie Scheffler G Emiliano Grillo G Ben Kohles G Matti Schmid G Kevin Roy G Aaron Wise,,,
254,5195052717,ClubChamp0809,0,534,G Tom Kim G Jackson Koivun G Jackson Suber G Jordan L. Smith G Lucas Glover G Zac Blair,,,
254,5195153765,cjspiller52,0,534,G Scottie Scheffler G Jackson Koivun G Zac Blair G Ryder Cowan G Troy Merritt G Sihan Sandhu,,,
254,5196262187,volfan7.7,0,534,G Maverick McNealy G Kurt Kitayama G Tom Kim G Casey Jarvis G Zac Blair G Kevin Roy,,,
257,5194979094,lufthansaheist,0,533.5,G Scottie Scheffler G Emiliano Grillo G Ben Kohles G Lucas Glover G Matti Schmid G Adam Svensson,,,
257,5195620453,TERRYBECK,0,533.5,G Scottie Scheffler G Corey Conners G Zac Blair G Chandler Phillips G Aaron Wise G Jeffrey Kang,,,
257,5195856452,blondeflame19,0,533.5,G Scottie Scheffler G Ricky Castillo G Casey Jarvis G Michael Kim G Max McGreevy G Davis Chatfield,,,
260,5194746676,SoonersEagle,0,533,G Scottie Scheffler G Casey Jarvis G Ben Kohles G Michael Kim G Takumi Kanaya G Joel Dahmen,,,
260,5194805105,exit154,0,533,G Hideki Matsuyama G Tom Kim G Sam Stevens G Benjamin James G Emiliano Grillo G Ben Kohles,,,
262,5195480629,TBowen62,0,532.5,G Scottie Scheffler G John Parry G Lee Hodges G Zachary Bauchou G Zac Blair G Stefano Mazzoli,,,
262,5196390254,dpoehr07,0,532.5,G Hideki Matsuyama G Keith Mitchell G Christiaan Bezuidenhout G Michael Brennan G Johnny Keefer G Ben Kohles,,,
264,5196131716,Keroppi613,0,530.5,G Scottie Scheffler G Brian Harman G Max McGreevy G Seamus Power G Zac Blair G Takumi Kanaya,,,
264,5196205886,peosenior,0,530.5,G Kurt Kitayama G Jake Knapp G Corey Conners G Rasmus Neergaard-Petersen G Jesper Svensson G Lucas Glover,,,
264,5196301473,Grassman6921,0,530.5,G Scottie Scheffler G John Parry G Jesper Svensson G Zachary Bauchou G Zac Blair G Cameron Champ,,,
267,5195526930,cmruffino14,0,530,G Keith Mitchell G Jake Knapp G Jackson Koivun G Sam Stevens G Seamus Power G Stefano Mazzoli,,,
267,5195764877,Slim1105,0,530,G Tom Kim G Jackson Suber G Gary Woodland G Christiaan Bezuidenhout G Michael Brennan G Emiliano Grillo,,,
267,5196376087,OnyBob,0,530,G Hideki Matsuyama G Tom Kim G Christiaan Bezuidenhout G Michael Brennan G Rasmus Neergaard-Petersen G Rasmus Højgaard,,,
267,5196715114,byrum,0,530,G Hideki Matsuyama G Jackson Koivun G Doug Ghim G Sungjae Im G Zac Blair G Joel Dahmen,,,
271,5194643343,johnh301,0,529.5,G Scottie Scheffler G Michael Kim G Mackenzie Hughes G Andrew Putnam G Zac Blair G Kevin Roy,,,
271,5194793027,nuck,0,529.5,G Kurt Kitayama G Hideki Matsuyama G Benjamin James G Christiaan Bezuidenhout G Ricky Castillo G Ben Kohles,,,
271,5195412452,Grimdawg,0,529.5,G Scottie Scheffler G Casey Jarvis G Emiliano Grillo G Zac Blair G Austin Eckroat G Erik Van Rooyen,,,
271,5196255593,ncbock,0,529.5,G Maverick McNealy G Tom Kim G Jordan L. Smith G Christiaan Bezuidenhout G Casey Jarvis G Ben Kohles,,,
275,5194848261,CDogg11,0,529,G Kurt Kitayama G Hideki Matsuyama G Benjamin James G Christiaan Bezuidenhout G Ricky Castillo G Zac Blair,,,
275,5195056956,breakjas,0,529,G Scottie Scheffler G Rasmus Neergaard-Petersen G Lucas Glover G Zac Blair G Luke Clanton G Joel Dahmen,,,
275,5195819620,astrosfan3434,0,529,G Hideki Matsuyama G Tom Kim G Jackson Suber G Ben Kohles G Lucas Glover G Zac Blair,,,
275,5196008629,jwickum,0,529,G Hideki Matsuyama G Jackson Koivun G Max Homa G Benjamin James G Emiliano Grillo G Lucas Glover,,,
275,5196337582,bionicknee,0,529,G Hideki Matsuyama G Keith Mitchell G Sungjae Im G Max Greyserman G Jesper Svensson G Denny McCarthy,,,
280,5196092137,skoalline22,0,528.5,G Scottie Scheffler G Brian Harman G Beau Hossler G Zac Blair G Tom Hoge G Mark Hubbard,,,
281,5194710893,CRH11,0,528,G Maverick McNealy G Tom Kim G Mac Meissner G Christiaan Bezuidenhout G Brian Harman G Michael Kim,,,
281,5195072762,DrinkstickStumbler1,0,528,G Tom Kim G Jackson Koivun G Doug Ghim G William Mouw G Emiliano Grillo G Zac Blair,,,
281,5195239789,jahnyb,0,528,G Maverick McNealy G Hideki Matsuyama G Benjamin James G Casey Jarvis G Ben Kohles G Michael Kim,,,
281,5195336654,Lawboy15,0,528,G Hideki Matsuyama G Tom Kim G Mac Meissner G Rasmus Neergaard-Petersen G Casey Jarvis G Ben Kohles,,,
281,5195797039,Rit74,0,528,G Kurt Kitayama G Hideki Matsuyama G Jake Knapp G Casey Jarvis G Zac Blair G Tom Hoge,,,
281,5196152668,6picks,0,528,G Scottie Scheffler G William Mouw G Ben Kohles G Lucas Glover G Zac Blair G Troy Merritt,,,
287,5194919240,13jet,0,527.5,G Hideki Matsuyama G Keith Mitchell G Benjamin James G Christiaan Bezuidenhout G Brian Harman G Ricky Castillo,,,
287,5195007121,tmoen2015,0,527.5,G Scottie Scheffler G Ben Kohles G Lee Hodges G Lucas Glover G Zac Blair G Aaron Wise,,,
287,5195098214,haraz,0,527.5,G Scottie Scheffler G Michael Brennan G Rasmus Neergaard-Petersen G Zac Blair G Aaron Wise G Troy Merritt,,,
290,5195183582,UWWDietz,0,527,G Maverick McNealy G Kurt Kitayama G Jackson Koivun G Jackson Suber G Camilo Villegas G Troy Merritt,,,
290,5195593444,jmostpa,0,527,G Tom Kim G Jackson Koivun G Jackson Suber G Benjamin James G Emiliano Grillo G Ben Kohles,,,
290,5195930878,sman62,0,527,G Kurt Kitayama G Hideki Matsuyama G Jackson Suber G Casey Jarvis G John Parry G Zac Blair,,,
290,5196100845,theczar89,0,527,G Scottie Scheffler G Davis Thompson G Mackenzie Hughes G Matti Schmid G Joel Dahmen G Harry Higgs,,,
290,5196395377,malony889,0,527,G Tom Kim G Jackson Koivun G Jackson Suber G Benjamin James G Emiliano Grillo G Ben Kohles,,,
290,5196508496,kozy31,0,527,G Scottie Scheffler G Rasmus Neergaard-Petersen G Denny McCarthy G Tom Hoge G Brandt Snedeker G Chandler Phillips,,,
290,5196700836,Markay,0,527,G Hideki Matsuyama G Tom Kim G Max Homa G Christiaan Bezuidenhout G Brian Harman G Lucas Glover,,,
297,5194598388,nicky3021,0,526.5,G Hideki Matsuyama G Keith Mitchell G Corey Conners G Christiaan Bezuidenhout G Brian Harman G Chad Ramey,,,
297,5194835712,ilonabeate,0,526.5,G Scottie Scheffler G Rasmus Neergaard-Petersen G Casey Jarvis G Zac Blair G Joel Dahmen G Stefano Mazzoli,,,
299,5195904361,bigwicki,0,526,G Hideki Matsuyama G Jake Knapp G Sam Stevens G Mac Meissner G Casey Jarvis G Denny McCarthy,,,
299,5196196495,BelizeRabbit,0,526,G Keith Mitchell G Jake Knapp G Jackson Koivun G William Mouw G Jesper Svensson G Lucas Glover,,,
299,5196360387,johnjrp,0,526,G Maverick McNealy G Corey Conners G Sam Stevens G Brian Harman G Lee Hodges G Zachary Bauchou,,,
302,5194665589,15Kokanee,0,525.5,G Kurt Kitayama G Hideki Matsuyama G Corey Conners G Mackenzie Hughes G Lucas Glover G A.J. Ewart,,,
302,5195812995,NotoriousMEX,0,525.5,G Scottie Scheffler G Rasmus Neergaard-Petersen G Casey Jarvis G Denny McCarthy G Will Gordon G Cameron Davis,,,
302,5195875091,Jtron467,0,525.5,G Scottie Scheffler G Rico Hoey G Denny McCarthy G Patrick Rodgers G Zac Blair G Austin Eckroat,,,
302,5196102815,Sparty-2020,0,525.5,G Hideki Matsuyama G Pierceson Coody G Corey Conners G Michael Brennan G Brian Harman G Ricky Castillo,,,
302,5196283370,KCDADONN,0,525.5,G Kurt Kitayama G Jackson Koivun G Sam Stevens G Benjamin James G Ben Kohles G Lucas Glover,,,
302,5196634931,jdknepp,0,525.5,G Kurt Kitayama G Tom Kim G Sam Stevens G Christiaan Bezuidenhout G Ricky Castillo G Ben Kohles,,,
308,5195241657,tmorriso,0,525,G Kurt Kitayama G Hideki Matsuyama G Benjamin James G Christiaan Bezuidenhout G Casey Jarvis G Zac Blair,,,
308,5195322267,triplet_daddy,0,525,G Scottie Scheffler G Emiliano Grillo G A.J. Ewart G Chris Kirk G Tom Hoge G Kevin Roy,,,
308,5195368781,lfoster4,0,525,G Hideki Matsuyama G Keith Mitchell G Gary Woodland G Johnny Keefer G Casey Jarvis G Zac Blair,,,
308,5196709140,oargueta,0,525,G Scottie Scheffler G Ben Kohles G Jesper Svensson G Lucas Glover G Zac Blair G Aaron Wise,,,
312,5196113541,BruceW23,0,524.5,G Tom Kim G Jackson Koivun G Mac Meissner G Benjamin James G Christiaan Bezuidenhout G Brian Harman,,,
313,5194681161,MEC20,0,524,G Jake Knapp G Gary Woodland G Mac Meissner G Casey Jarvis G Ben Kohles G Zac Blair,,,
314,5194864597,chickquan,0,523.5,G Hideki Matsuyama G Sam Stevens G Tony Finau G Christiaan Bezuidenhout G Max Greyserman G Davis Thompson,,,
314,5195039949,TomCashman,0,523.5,G Kurt Kitayama G Hideki Matsuyama G Corey Conners G Rasmus Neergaard-Petersen G Ben Kohles G Karl Vilips,,,
314,5195149652,trenter,0,523.5,G Scottie Scheffler G Johnny Keefer G Emiliano Grillo G Zac Blair G Erik Van Rooyen G Davis Chatfield,,,
314,5195194540,kev4454,0,523.5,G Scottie Scheffler G Michael Brennan G Andrew Putnam G Zac Blair G Austin Eckroat G Chandler Blanchet,,,
314,5195327201,salvatoregolino,0,523.5,G Hideki Matsuyama G Tom Kim G Benjamin James G Christiaan Bezuidenhout G Ricky Castillo G Zac Blair,,,
314,5195894602,J-ROCK1013,0,523.5,G Kurt Kitayama G Hideki Matsuyama G Pierceson Coody G Casey Jarvis G A.J. Ewart G Chandler Phillips,,,
314,5196532544,arweaver8,0,523.5,G Scottie Scheffler G William Mouw G Ben Kohles G Jesper Svensson G Joel Dahmen G Troy Merritt,,,
321,5195069959,Plug3154,0,523,G Scottie Scheffler G Hideki Matsuyama G Zac Blair G Fabián Gómez G Troy Merritt G Brannon Fahrny,,,
321,5196032394,zanaze,0,523,G Scottie Scheffler G Ricky Castillo G Zachary Bauchou G Andrew Putnam G Zac Blair G Joel Dahmen,,,
321,5196742876,11allan11,0,523,G Hideki Matsuyama G Doug Ghim G Gary Woodland G Johnny Keefer G Brian Harman G Ben Kohles,,,
324,5195335196,Tolfato,0,522.5,G Maverick McNealy G Gary Woodland G Corey Conners G Benjamin James G Emiliano Grillo G Ben Kohles,,,
324,5195553554,mikemoo25,0,522.5,G Scottie Scheffler G Emiliano Grillo G Ben Kohles G Max McGreevy G Zac Blair G Stefano Mazzoli,,,
324,5196218729,ShanEwing,0,522.5,G Scottie Scheffler G Ben Kohles G Zachary Bauchou G Zac Blair G Austin Eckroat G Tom Hoge,,,
324,5196383617,clamdiggerball,0,522.5,G Tom Kim G Jackson Koivun G Max Homa G Mac Meissner G Emiliano Grillo G Ben Kohles,,,
328,5195252239,Pittsburghese,0,522,G Kurt Kitayama G Hideki Matsuyama G Max Homa G Rasmus Neergaard-Petersen G Ricky Castillo G Zac Blair,,,
328,5196579106,zairejesiah,0,522,G Scottie Scheffler G Ben Kohles G Jesper Svensson G Max McGreevy G David Lipsky G Chandler Phillips,,,
330,5195066047,jg232006,0,521.5,G Kurt Kitayama G Tom Kim G Sam Stevens G Christiaan Bezuidenhout G Casey Jarvis G Ben Kohles,,,
330,5195697355,cmurrah26,0,521.5,G Hideki Matsuyama G Tom Kim G Jackson Suber G Michael Brennan G Casey Jarvis G Zac Blair,,,
330,5196005980,Yortomatic,0,521.5,G Hideki Matsuyama G Tom Kim G Pierceson Coody G Casey Jarvis G Ben Kohles G Zac Blair,,,
333,5195173787,markcostolo,0,521,G Scottie Scheffler G Tom Kim G Zac Blair G Lanto Griffin G Fabián Gómez G Troy Merritt,,,
333,5196697840,meyers2305,0,521,G Maverick McNealy G Jackson Koivun G Sudarshan Yellamaraju G Ben Kohles G Max McGreevy G Billy Horschel,,,
335,5194638874,MichaelFrachon,0,520.5,G Kurt Kitayama G Jackson Koivun G Jackson Suber G William Mouw G Ben Kohles G Zac Blair,,,
335,5194667524,rbird33,0,520.5,G Scottie Scheffler G Casey Jarvis G Ben Kohles G Lucas Glover G Zac Blair G Stefano Mazzoli,,,
335,5194729305,golfandgobenny,0,520.5,G Kurt Kitayama G Hideki Matsuyama G Corey Conners G Tony Finau G Zac Blair G Joel Dahmen,,,
335,5196328109,JeBraun,0,520.5,G Kurt Kitayama G Tom Kim G Sam Stevens G Christiaan Bezuidenhout G Casey Jarvis G Michael Kim,,,
335,5196672233,XrockoutX,0,520.5,G Scottie Scheffler G Casey Jarvis G Ben Kohles G Lucas Glover G Zac Blair G Stefano Mazzoli,,,
340,5194625801,thabease,0,520,G Scottie Scheffler G Gary Woodland G Michael Brennan G Brice Garnett G Camilo Villegas G Troy Merritt,,,
340,5195497179,bmullen,0,520,G Scottie Scheffler G William Mouw G Emiliano Grillo G Ben Kohles G David Lipsky G Davis Chatfield,,,
340,5196165609,Unclesalty1958,0,520,G Scottie Scheffler G Maverick McNealy G Mark Hubbard G Fabián Gómez G Camilo Villegas G Troy Merritt,,,
340,5196590773,wbergland,0,520,G Scottie Scheffler G Casey Jarvis G Ben Kohles G Lucas Glover G Zac Blair G Luke List,,,
340,5196634289,jmil978,0,520,G Scottie Scheffler G Ben Kohles G Jesper Svensson G Matti Schmid G Zac Blair G Aaron Wise,,,
340,5196690903,bluefalcon67114,0,520,G Hideki Matsuyama G Jackson Koivun G Sungjae Im G Benjamin James G Casey Jarvis G Ben Kohles,,,
340,5196702879,Trev512,0,520,G Maverick McNealy G Kurt Kitayama G Johnny Keefer G Casey Jarvis G Emiliano Grillo G Ben Kohles,,,
347,5195233235,zda11,0,519.5,G Tom Kim G Gary Woodland G Corey Conners G Sungjae Im G Emiliano Grillo G Ben Kohles,,,
348,5196127092,mciama2000,0,519,G Tom Kim G Pierceson Coody G Corey Conners G Christiaan Bezuidenhout G Davis Thompson G Brian Harman,,,
348,5196532378,SheilaMike,0,519,G Kurt Kitayama G Hideki Matsuyama G Tom Kim G Casey Jarvis G Zac Blair G David Lipsky,,,
348,5196593870,gassmanva,0,519,G Tom Kim G Gary Woodland G Corey Conners G Benjamin James G Rasmus Neergaard-Petersen G Brian Harman,,,
348,5196653047,dingodan39,0,519,G Scottie Scheffler G Emiliano Grillo G Ben Kohles G Lucas Glover G Tom Hoge G Lanto Griffin,,,
352,5195881580,tomarantos,0,518.5,G Hideki Matsuyama G Tom Kim G Corey Conners G Max Homa G Ben Kohles G Davis Chatfield,,,
353,5194685576,TundraThumper,0,518,G Maverick McNealy G Hideki Matsuyama G Max Homa G Casey Jarvis G Emiliano Grillo G Lee Hodges,,,
353,5195546882,Dlhussier,0,518,G Kurt Kitayama G Tom Kim G Mac Meissner G Casey Jarvis G Emiliano Grillo G Ben Kohles,,,
355,5195740592,Bzmoney,0,517.5,G Kurt Kitayama G Tom Kim G Corey Conners G William Mouw G Emiliano Grillo G Ben Kohles,,,
356,5195338024,ChefthewayICook,0,517,G Scottie Scheffler G Brian Harman G Rico Hoey G Adrien Dumont De Chassart G Austin Eckroat G Kevin Streelman,,,
356,5196389549,jpbarr04,0,517,G Kurt Kitayama G Tom Kim G Doug Ghim G Ricky Castillo G Ben Kohles G Denny McCarthy,,,
356,5196721931,timothyrobinette,0,517,G Kurt Kitayama G Hideki Matsuyama G Sam Stevens G Sudarshan Yellamaraju G John Parry G Zac Blair,,,
359,5195139309,bjones58,0,516.5,G Hideki Matsuyama G Tom Kim G Max Homa G Ricky Castillo G John Parry G Ben Kohles,,,
359,5195158895,9erFan2021,0,516.5,G Scottie Scheffler G Ben Kohles G Keita Nakajima G Denny McCarthy G Zac Blair G Aaron Wise,,,
359,5195202846,ginnywop,0,516.5,G Hideki Matsuyama G Tom Kim G Corey Conners G Rasmus Neergaard-Petersen G Taylor Pendrith G Zac Blair,,,
362,5195205035,bhays9,0,515.5,G Hideki Matsuyama G Jackson Koivun G Benjamin James G Sudarshan Yellamaraju G Christiaan Bezuidenhout G Lucas Glover,,,
362,5195841716,LilLeoGiesige,0,515.5,G Hideki Matsuyama G Corey Conners G Jordan L. Smith G Michael Brennan G Johnny Keefer G Max Greyserman,,,
362,5196110619,Kabino,0,515.5,G Keith Mitchell G Jake Knapp G Corey Conners G Zac Blair G Tom Hoge G Chandler Phillips,,,
365,5194876836,DaleDoback2,0,515,G Jackson Koivun G Doug Ghim G Jackson Suber G Christiaan Bezuidenhout G Davis Thompson G Kevin Yu,,,
365,5195463800,jroman1950,0,515,G Scottie Scheffler G Emiliano Grillo G Ben Kohles G Zac Blair G Ryder Cowan G Aaron Wise,,,
365,5196252128,HitThePacecar4651,0,515,G Kurt Kitayama G Hideki Matsuyama G Benjamin James G Johnny Keefer G Denny McCarthy G Zac Blair,,,
368,5194627036,Captgrif,0,514.5,G Scottie Scheffler G Michael Kim G Denny McCarthy G Andrew Putnam G Zac Blair G Tom Hoge,,,
368,5195012967,Leadpipe,0,514.5,G Maverick McNealy G Hideki Matsuyama G Sungjae Im G Brian Harman G Ricky Castillo G Matti Schmid,,,
368,5196185379,henry296,0,514.5,G Scottie Scheffler G Christiaan Bezuidenhout G Rico Hoey G Zac Blair G Kevin Roy G Tyler Duncan,,,
368,5196217965,dallas1fan21,0,514.5,G Hideki Matsuyama G Sungjae Im G Sam Stevens G Jordan L. Smith G Max Greyserman G Brian Harman,,,
368,5196437273,chworley,0,514.5,G Tom Kim G Gary Woodland G Jordan L. Smith G Tony Finau G Christiaan Bezuidenhout G Brian Harman,,,
368,5196489388,snid22,0,514.5,G Hideki Matsuyama G Corey Conners G Sam Stevens G Christiaan Bezuidenhout G Rasmus Højgaard G Brian Harman,,,
374,5196663387,JDVer1,0,514,G Scottie Scheffler G Casey Jarvis G Ben Kohles G A.J. Ewart G Zac Blair G Stefano Mazzoli,,,
375,5194633003,numbermunchers,0,513.5,G Scottie Scheffler G Johnny Keefer G Keita Nakajima G Billy Horschel G Zac Blair G Davis Chatfield,,,
375,5196092299,lacey1776,0,513.5,G Scottie Scheffler G Ben Kohles G Lucas Glover G Matti Schmid G Zac Blair G Adam Hadwin,,,
375,5196713309,aferg,0,513.5,G Scottie Scheffler G Ricky Castillo G Casey Jarvis G Patrick Rodgers G Zac Blair G Joel Dahmen,,,
378,5195238300,stammlerj,0,513,G Scottie Scheffler G Hao-Tong Li G Austin Smotherman G Chris Kirk G Billy Horschel G Matt Kuchar,,,
378,5195358191,darragh8,0,513,G Scottie Scheffler G Ben Kohles G Lee Hodges G Rico Hoey G Joel Dahmen G Stefano Mazzoli,,,
378,5196234511,billthouse,0,513,G Kurt Kitayama G Hideki Matsuyama G Benjamin James G Johnny Keefer G Emiliano Grillo G Ben Kohles,,,
378,5196389330,belvison,0,513,G Maverick McNealy G Hideki Matsuyama G Benjamin James G Michael Brennan G Casey Jarvis G John Parry,,,
382,5194726694,radzynfessenden,0,512.5,G Hideki Matsuyama G Jake Knapp G Jackson Koivun G Benjamin James G Lucas Glover G Aaron Wise,,,
382,5194820679,JBOTTUM,0,512.5,G Maverick McNealy G Jackson Suber G Corey Conners G Christiaan Bezuidenhout G Brian Harman G Michael Kim,,,
382,5195308860,hazmatt94,0,512.5,G Kurt Kitayama G Hideki Matsuyama G Tom Kim G Casey Jarvis G Zac Blair G Aaron Wise,,,
382,5195350124,barn5000g,0,512.5,G Maverick McNealy G Kurt Kitayama G Sam Stevens G Casey Jarvis G Emiliano Grillo G A.J. Ewart,,,
382,5195772868,NATION81,0,512.5,G Scottie Scheffler G Ben Kohles G Lucas Glover G Matti Schmid G Zac Blair G David Skinns,,,
382,5196646926,usathrows,0,512.5,G Kurt Kitayama G Tom Kim G Benjamin James G Emiliano Grillo G Ben Kohles G Lucas Glover,,,
388,5194594476,Mrtigerfur,0,511.5,G Tom Kim G Jackson Koivun G Doug Ghim G Rasmus Neergaard-Petersen G Steven Fisk G Emiliano Grillo,,,
388,5194802984,postalwolf,0,511.5,G Kurt Kitayama G Hideki Matsuyama G Tom Kim G Michael Kim G Hao-Tong Li G Takumi Kanaya,,,
388,5194881749,mondi76,0,511.5,G Kurt Kitayama G Jackson Koivun G Christiaan Bezuidenhout G Michael Brennan G Johnny Keefer G William Mouw,,,
388,5195358009,PrimeTimeTK11,0,511.5,G Hideki Matsuyama G Jackson Koivun G Sungjae Im G Benjamin James G John Parry G Lucas Glover,,,
392,5194652788,drknkboot,0,511,G Scottie Scheffler G Emiliano Grillo G Ben Kohles G Zac Blair G Tom Hoge G Takumi Kanaya,,,
392,5194858235,brnpool,0,511,G Maverick McNealy G Jake Knapp G Christiaan Bezuidenhout G Johnny Keefer G Rasmus Neergaard-Petersen G John Parry,,,
392,5196709186,spamamoto,0,511,G Scottie Scheffler G Brian Harman G Ben Kohles G Zac Blair G Tom Hoge G Aaron Wise,,,
395,5194702944,1graham,0,510.5,G Scottie Scheffler G Casey Jarvis G Mackenzie Hughes G Zac Blair G Tom Hoge G Joel Dahmen,,,
395,5196145038,WinnJetsWinn,0,510.5,G Maverick McNealy G Tom Kim G Gary Woodland G Stephan Jaeger G Emiliano Grillo G Mackenzie Hughes,,,
395,5196416077,timothyhower,0,510.5,G Maverick McNealy G Kurt Kitayama G Michael Brennan G Aldrich Potgieter G Casey Jarvis G Emiliano Grillo,,,
395,5196493039,deepdrive14,0,510.5,G Kurt Kitayama G Keith Mitchell G Gary Woodland G Brian Harman G Taylor Moore G Lee Hodges,,,
399,5194622058,Gunners06,0,510,G Scottie Scheffler G Emiliano Grillo G Lucas Glover G A.J. Ewart G Kris Ventura G David Lipsky,,,
399,5194667367,DRupe57,0,510,G Hideki Matsuyama G Tom Kim G Jackson Suber G Rasmus Neergaard-Petersen G Ricky Castillo G Zachary Bauchou,,,
399,5194948007,Jstagame,0,510,G Hideki Matsuyama G Corey Conners G Sungjae Im G Rasmus Neergaard-Petersen G Ben Kohles G Mackenzie Hughes,,,
399,5195368852,Malctoffolo,0,510,G Kurt Kitayama G Hideki Matsuyama G Corey Conners G Benjamin James G Ben Kohles G Troy Merritt,,,
399,5195776464,blilly74,0,510,G Scottie Scheffler G Michael Brennan G Brian Harman G Ben Kohles G Brice Garnett G Charley Hoffman,,,
399,5196272344,Kablooeyjay,0,510,G Tom Kim G Jackson Koivun G Max Homa G Sam Stevens G Ben Kohles G Lucas Glover,,,
405,5195548267,theonlyhanch,0,509.5,G Scottie Scheffler G Johnny Keefer G Jesper Svensson G Matti Schmid G Zac Blair G Troy Merritt,,,
405,5195929264,bryanbigbets,0,509.5,G Scottie Scheffler G Max McGreevy G Zachary Bauchou G Denny McCarthy G Zac Blair G Tom Hoge,,,
405,5196008383,yukon1977,0,509.5,G Hideki Matsuyama G Jake Knapp G Tom Kim G Corey Conners G Kevin Roy G Adam Schenk,,,
405,5196617459,legendarykid_23,0,509.5,G Hideki Matsuyama G Jake Knapp G Benjamin James G Christiaan Bezuidenhout G Ricky Castillo G Casey Jarvis,,,
409,5194773377,two15,0,509,G Kurt Kitayama G Hideki Matsuyama G Benjamin James G Christiaan Bezuidenhout G Casey Jarvis G Zachary Bauchou,,,
409,5195496152,BoyntonBozos1,0,509,G Scottie Scheffler G Ricky Castillo G Casey Jarvis G Ben Kohles G Joel Dahmen G Paul Peterson,,,
409,5195515843,Guttersnipe,0,509,G Hideki Matsuyama G Tom Kim G Corey Conners G Benjamin James G Ricky Castillo G Zac Blair,,,
409,5195790181,sloppiedeuce,0,509,G Kurt Kitayama G Hideki Matsuyama G Tom Kim G Michael Kim G Rico Hoey G Takumi Kanaya,,,
409,5195920123,Goliath127,0,509,G Scottie Scheffler G Emiliano Grillo G Ben Kohles G Andrew Putnam G Zac Blair G Aaron Wise,,,
409,5196067413,LOCNOTM,0,509,G Tom Kim G Jackson Koivun G Mac Meissner G Benjamin James G Brian Harman G Casey Jarvis,,,
409,5196300291,pvitek3,0,509,G Scottie Scheffler G Emiliano Grillo G Mackenzie Hughes G Lucas Glover G Tom Hoge G Will Gordon,,,
409,5196437414,KnoxHerrington,0,509,G Scottie Scheffler G Emiliano Grillo G Ben Kohles G Andrew Putnam G Zac Blair G Aaron Wise,,,
409,5196525083,vinceyoungsteakhouse,0,509,G Scottie Scheffler G Emiliano Grillo G Ben Kohles G Andrew Putnam G Zac Blair G Aaron Wise,,,
409,5196559996,swicktlm,0,509,G Hideki Matsuyama G Gary Woodland G Sam Stevens G Sudarshan Yellamaraju G Max Greyserman G Jesper Svensson,,,
419,5195002297,bigdaddy507,0,508.5,G Maverick McNealy G Tom Kim G Jackson Suber G Rasmus Neergaard-Petersen G Ben Kohles G Zac Blair,,,
419,5195382017,fandk,0,508.5,G Scottie Scheffler G Emiliano Grillo G Ben Kohles G Zac Blair G Tom Hoge G Aaron Wise,,,
419,5195756611,Dean8825,0,508.5,G Kurt Kitayama G Jake Knapp G Tom Kim G Casey Jarvis G Denny McCarthy G Andrew Putnam,,,
419,5196138348,wolverine4l5,0,508.5,G Hideki Matsuyama G Corey Conners G Jordan L. Smith G Tony Finau G Christiaan Bezuidenhout G Michael Kim,,,
419,5196279140,mikej52005,0,508.5,G Scottie Scheffler G Emiliano Grillo G Ben Kohles G Zac Blair G Tom Hoge G Aaron Wise,,,
424,5195579996,bigballa3232,0,508,G Maverick McNealy G Kurt Kitayama G Benjamin James G Rasmus Neergaard-Petersen G Brian Harman G Mackenzie Hughes,,,
424,5195866903,oozingmachismo,0,508,G Scottie Scheffler G Michael Brennan G Brian Harman G Zac Blair G Cameron Champ G Joe Highsmith,,,
424,5195904263,tbgolfer13,0,508,G Keith Mitchell G Jackson Koivun G Tony Finau G Johnny Keefer G Max Greyserman G Davis Thompson,,,
424,5196117416,maillet22,0,508,G Hideki Matsuyama G Tom Kim G Gary Woodland G Sungjae Im G Matti Schmid G Joel Dahmen,,,
424,5196220820,bcktoobck300,0,508,G Jackson Koivun G Doug Ghim G Jackson Suber G Michael Brennan G Rasmus Neergaard-Petersen G Michael Kim,,,
429,5195239350,Chvck8686,0,507.5,G Scottie Scheffler G Ben Kohles G Lucas Glover G Zachary Bauchou G Patrick Rodgers G Mark Hubbard,,,
429,5196295168,rrock19,0,507.5,G Hideki Matsuyama G Jackson Koivun G Corey Conners G Benjamin James G Christiaan Bezuidenhout G Brannon Fahrny,,,
429,5196302728,louba5,0,507.5,G Maverick McNealy G Tom Kim G Jackson Koivun G Jesper Svensson G Hao-Tong Li G Matt Kuchar,,,
429,5196313370,smokeracing14,0,507.5,G Kurt Kitayama G Keith Mitchell G Gary Woodland G Rasmus Neergaard-Petersen G A.J. Ewart G Austin Eckroat,,,
429,5196727628,pwhite13,0,507.5,G Jake Knapp G Gary Woodland G Corey Conners G Sungjae Im G Max Greyserman G Zac Blair,,,
434,5194910190,Bluej723,0,507,G Hideki Matsuyama G Tom Kim G Corey Conners G Sudarshan Yellamaraju G Ben Kohles G Lucas Glover,,,
434,5195675795,Hobo4Ever,0,507,G Kurt Kitayama G Hideki Matsuyama G Benjamin James G Christiaan Bezuidenhout G Casey Jarvis G Jesper Svensson,,,
434,5196421081,FCSchaff26,0,507,G Scottie Scheffler G Emiliano Grillo G Ben Kohles G Austin Smotherman G Matthieu Pavon G Erik Van Rooyen,,,
437,5195775408,DanW1961,0,506.5,G Scottie Scheffler G Stephan Jaeger G Lucas Glover G Zac Blair G Tom Hoge G Chandler Phillips,,,
437,5196114113,jmello3323,0,506.5,G Kurt Kitayama G Hideki Matsuyama G Benjamin James G Sudarshan Yellamaraju G Emiliano Grillo G Ben Kohles,,,
437,5196191278,MartyParty323,0,506.5,G Scottie Scheffler G Emiliano Grillo G Ben Kohles G Michael Kim G Takumi Kanaya G Aaron Wise,,,
437,5196448369,LoganGrewe50,0,506.5,G Scottie Scheffler G Emiliano Grillo G Ben Kohles G Michael Kim G Takumi Kanaya G Aaron Wise,,,
441,5195133226,burnsy2323,0,506,G Maverick McNealy G Kurt Kitayama G Sungjae Im G Casey Jarvis G Emiliano Grillo G Michael Kim,,,
441,5196032404,ronserr,0,506,G Kurt Kitayama G Hideki Matsuyama G Tony Finau G Christiaan Bezuidenhout G Casey Jarvis G Zachary Bauchou,,,
441,5196064453,rlbender,0,506,G Hideki Matsuyama G Keith Mitchell G Max Homa G John Parry G Ben Kohles G Jesper Svensson,,,
441,5196091790,tt1127,0,506,G Hideki Matsuyama G Tom Kim G Corey Conners G Johnny Keefer G Casey Jarvis G Zecheng Dou,,,
441,5196368447,gregmile,0,506,G Scottie Scheffler G Rasmus Neergaard-Petersen G Zachary Bauchou G Zac Blair G Tom Hoge G Lanto Griffin,,,
441,5196384195,bapster,0,506,G Scottie Scheffler G Ben Kohles G A.J. Ewart G Zac Blair G Austin Eckroat G Tom Hoge,,,
441,5196519742,baloo3101,0,506,G Maverick McNealy G Hideki Matsuyama G Sam Stevens G William Mouw G Brian Harman G Matti Schmid,,,
448,5194654389,78yellowcutlas,0,505.5,G Scottie Scheffler G William Mouw G Emiliano Grillo G Jesper Svensson G Ryder Cowan G Davis Chatfield,,,
448,5195639941,jusa300856,0,505.5,G Maverick McNealy G Tom Kim G Jackson Suber G Casey Jarvis G Emiliano Grillo G Ben Kohles,,,
450,5196299507,ford66,0,505,G Jackson Koivun G Corey Conners G Sungjae Im G Benjamin James G Michael Brennan G Emiliano Grillo,,,
450,5196309149,heisenbergthegreat,0,505,G Jackson Koivun G Corey Conners G Sungjae Im G Benjamin James G Michael Brennan G Emiliano Grillo,,,
452,5195044770,TRICKPLAY,0,504.5,G Scottie Scheffler G John Parry G Lucas Glover G Zac Blair G Austin Eckroat G Tom Hoge,,,
452,5195085874,RoyalBigHead,0,504.5,G Tom Kim G Jackson Koivun G Jordan L. Smith G Benjamin James G Davis Thompson G William Mouw,,,
452,5195132538,biggamehnter,0,504.5,G Kurt Kitayama G Tom Kim G Max Homa G Emiliano Grillo G Ben Kohles G Mackenzie Hughes,,,
452,5195468117,McSnatch,0,504.5,G Keith Mitchell G Tom Kim G Gary Woodland G Benjamin James G Ben Kohles G Zac Blair,,,
452,5195890677,walker909,0,504.5,G Scottie Scheffler G Mac Meissner G Zachary Bauchou G Zac Blair G Austin Eckroat G Troy Merritt,,,
457,5195687593,KT1053,0,504,G Kurt Kitayama G Tom Kim G Pierceson Coody G Emiliano Grillo G Ben Kohles G Lucas Glover,,,
457,5196465890,GreenTailShiner,0,504,G Maverick McNealy G Hideki Matsuyama G Mac Meissner G Michael Brennan G Brian Harman G Max McGreevy,,,
459,5194896218,ttollette15,0,503.5,G Hideki Matsuyama G Jake Knapp G Tony Finau G Rasmus Neergaard-Petersen G William Mouw G Emiliano Grillo,,,
459,5195806523,tdspike,0,503.5,G Scottie Scheffler G Mackenzie Hughes G Denny McCarthy G Seamus Power G Ryder Cowan G Tom Hoge,,,
459,5196331842,Bo_Dacious,0,503.5,G Scottie Scheffler G Mac Meissner G Emiliano Grillo G Mackenzie Hughes G Fabián Gómez G Troy Merritt,,,
459,5196685184,amarlls,0,503.5,G Tom Kim G Jackson Koivun G Max Homa G Johnny Keefer G Rasmus Neergaard-Petersen G Ben Kohles,,,
463,5195450771,xokkeu,0,503,G Maverick McNealy G Hideki Matsuyama G Jordan L. Smith G Mac Meissner G A.J. Ewart G Zac Blair,,,
463,5196695321,labradorguy77,0,503,G Scottie Scheffler G Brian Harman G Casey Jarvis G Emiliano Grillo G Stefano Mazzoli G Brice Garnett,,,
465,5194795144,JohnnyRocco,0,502.5,G Kurt Kitayama G Tom Kim G Corey Conners G Christiaan Bezuidenhout G Adrien Dumont De Chassart G Denny McCarthy,,,
465,5195399410,givingmymoneyaway,0,502.5,G Hideki Matsuyama G Jake Knapp G Sam Stevens G Michael Brennan G Aldrich Potgieter G Casey Jarvis,,,
465,5196451658,alwunder,0,502.5,G Kurt Kitayama G Tom Kim G Sam Stevens G Jordan L. Smith G Rico Hoey G Zac Blair,,,
465,5196625626,FlatFive,0,502.5,G Scottie Scheffler G Brian Harman G Casey Jarvis G Emiliano Grillo G Cameron Champ G Luke List,,,
469,5194849927,figaro1223,0,502,G Scottie Scheffler G Christiaan Bezuidenhout G Gordon Sargent G Garrick Higgo G Chandler Phillips G Mark Hubbard,,,
469,5194973348,TerpBoy2002,0,502,G Scottie Scheffler G Jackson Koivun G Tom Hoge G Aaron Wise G Jeffrey Kang G Davis Chatfield,,,
469,5195188172,Schmohawker,0,502,G Jackson Koivun G Doug Ghim G Jordan L. Smith G Michael Brennan G Johnny Keefer G Ben Kohles,,,
469,5195269245,coachcd13,0,502,G Hideki Matsuyama G Jackson Suber G Corey Conners G Jordan L. Smith G Rasmus Neergaard-Petersen G Joel Dahmen,,,
469,5196194577,Koletar,0,502,G Kurt Kitayama G Tom Kim G Sam Stevens G Max Greyserman G Aldrich Potgieter G Brian Harman,,,
469,5196331399,sethug,0,502,G Hideki Matsuyama G Tom Kim G Jackson Suber G William Mouw G Emiliano Grillo G Ben Kohles,,,
475,5195160839,Carter91,0,501.5,G Hideki Matsuyama G Tom Kim G Gary Woodland G Corey Conners G Andrew Putnam G Troy Merritt,,,
475,5195694998,rdiller62,0,501.5,G Scottie Scheffler G Brian Harman G Zachary Bauchou G Patrick Rodgers G Zac Blair G David Lipsky,,,
477,5195771032,YellowFly,0,501,G Jake Knapp G Tom Kim G Jackson Koivun G Benjamin James G Ben Kohles G Aaron Wise,,,
477,5196084417,Agreen5364,0,501,G Kurt Kitayama G Keith Mitchell G Max Homa G Brian Harman G Ben Kohles G Zachary Bauchou,,,
477,5196668878,aacool1983,0,501,G Scottie Scheffler G Christiaan Bezuidenhout G Beau Hossler G John Parry G Kevin Streelman G Peter Malnati,,,
477,5196714824,dschlieb,0,501,G Kurt Kitayama G Keith Mitchell G Jordan L. Smith G Ben Kohles G Lucas Glover G Matti Schmid,,,
477,5196720847,porschedrivergt,0,501,G Kurt Kitayama G Hideki Matsuyama G Doug Ghim G Lucas Glover G Matti Schmid G Zac Blair,,,
482,5194829034,jrstanjr,0,500.5,G Kurt Kitayama G Jake Knapp G Gary Woodland G Michael Brennan G Casey Jarvis G David Lipsky,,,
483,5194783372,els5077,0,500,G Kurt Kitayama G Keith Mitchell G Tom Kim G Mackenzie Hughes G Lucas Glover G Zachary Bauchou,,,
483,5196272581,mjank2,0,500,G Hideki Matsuyama G Jake Knapp G Pierceson Coody G Brian Harman G Michael Kim G Andrew Putnam,,,
485,5194631257,engel1287,0,499.5,G Kurt Kitayama G Tom Kim G Max Homa G Rasmus Neergaard-Petersen G Brian Harman G Mackenzie Hughes,,,
485,5195241535,capitanfuton,0,499.5,G Scottie Scheffler G Brian Harman G Casey Jarvis G Emiliano Grillo G Aaron Wise G Stefano Mazzoli,,,
485,5195450023,vincecarter15,0,499.5,G Kurt Kitayama G Keith Mitchell G Jackson Koivun G William Mouw G Emiliano Grillo G Aaron Wise,,,
485,5195760450,cxt7,0,499.5,G Jake Knapp G Gary Woodland G Sam Stevens G Michael Brennan G Johnny Keefer G Max Greyserman,,,
485,5195932409,CHEEZER7,0,499.5,G Kurt Kitayama G Doug Ghim G Gary Woodland G Michael Brennan G Kevin Yu G Jesper Svensson,,,
485,5196274536,csurunnerccr,0,499.5,G Scottie Scheffler G Aldrich Potgieter G Emiliano Grillo G Zecheng Dou G David Skinns G Joel Dahmen,,,
485,5196372240,gokullect,0,499.5,G Kurt Kitayama G Doug Ghim G Sam Stevens G Christiaan Bezuidenhout G Davis Thompson G Ben Kohles,,,
485,5196696549,KillerKowalski,0,499.5,G Kurt Kitayama G Hideki Matsuyama G Corey Conners G Rasmus Neergaard-Petersen G Lucas Glover G Andrew Putnam,,,
493,5195749406,Antill3,0,499,G Hideki Matsuyama G Corey Conners G Max Homa G Michael Brennan G Rasmus Neergaard-Petersen G Ricky Castillo,,,
493,5195925829,adyer505,0,499,G Scottie Scheffler G Casey Jarvis G Jesper Svensson G Lucas Glover G Zac Blair G Aaron Wise,,,
493,5196019757,lewiszach85,0,499,G Hideki Matsuyama G Sam Stevens G Jordan L. Smith G Mac Meissner G Max Greyserman G Rasmus Neergaard-Petersen,,,
493,5196199057,cglenn91,0,499,G Scottie Scheffler G Emiliano Grillo G Ben Kohles G Matt Kuchar G Zac Blair G Aaron Wise,,,
497,5194950369,SweetNectar,0,498.5,G Maverick McNealy G Kurt Kitayama G Jackson Suber G Emiliano Grillo G Lucas Glover G Chris Kirk,,,
497,5195091044,JERKER19,0,498.5,G Kurt Kitayama G Tom Kim G Corey Conners G Benjamin James G Ben Kohles G Zac Blair,,,
497,5196034455,timmy22,0,498.5,G Keith Mitchell G Jackson Koivun G Jackson Suber G Johnny Keefer G John Parry G Ben Kohles,,,
500,5194975804,chrisjackson1975,0,498,G Hideki Matsuyama G Jackson Suber G Sungjae Im G Christiaan Bezuidenhout G Emiliano Grillo G Zac Blair,,,
500,5195103188,brownspats19,0,498,G Scottie Scheffler G Sudarshan Yellamaraju G Mackenzie Hughes G David Lipsky G Chandler Phillips G Joel Dahmen,,,
502,5194705121,mjurek1113,0,497,G Maverick McNealy G Kurt Kitayama G Jackson Suber G Ben Kohles G Mackenzie Hughes G Zac Blair,,,
502,5196046697,winningfaith,0,497,G Hideki Matsuyama G Tom Kim G Jackson Koivun G Corey Conners G Aaron Wise G Luke List,,,
502,5196610377,88chill88,0,497,G Scottie Scheffler G Rasmus Neergaard-Petersen G Casey Jarvis G Zac Blair G Tom Hoge G Fabián Gómez,,,
502,5196651922,tarheel69,0,497,G Maverick McNealy G Kurt Kitayama G Hideki Matsuyama G Matti Schmid G Tom Hoge G Joel Dahmen,,,
506,5194666444,Cedar247,0,496.5,G Scottie Scheffler G Casey Jarvis G Zachary Bauchou G Zac Blair G Austin Eckroat G Tom Hoge,,,
506,5195730803,js0137,0,496.5,G Scottie Scheffler G Sudarshan Yellamaraju G Aldrich Potgieter G Brian Harman G Kevin Streelman G Troy Merritt,,,
506,5196114795,coachp17,0,496.5,G Scottie Scheffler G Emiliano Grillo G Ben Kohles G Andrew Putnam G Kevin Roy G David Lipsky,,,
506,5196388188,mefahrer,0,496.5,G Maverick McNealy G Tom Kim G Tony Finau G Christiaan Bezuidenhout G Brian Harman G Mackenzie Hughes,,,
506,5196655971,swilliams3,0,496.5,G Jackson Koivun G Corey Conners G Max Homa G Tony Finau G Christiaan Bezuidenhout G Brian Harman,,,
506,5196722989,djacksosfg,0,496.5,G Scottie Scheffler G Casey Jarvis G Zachary Bauchou G Zac Blair G Austin Eckroat G Tom Hoge,,,
512,5194840171,Terry301,0,496,G Scottie Scheffler G Lee Hodges G Matti Schmid G Andrew Putnam G Chris Kirk G Kevin Roy,,,
512,5195853812,deznutz58,0,496,G Kurt Kitayama G Jackson Koivun G Sam Stevens G Johnny Keefer G Taylor Pendrith G Emiliano Grillo,,,
512,5195983449,keenmachine48,0,496,G Hideki Matsuyama G Jake Knapp G Doug Ghim G William Mouw G Ben Kohles G Zac Blair,,,
512,5196136699,WallOfVoodoo,0,496,G Jake Knapp G Tom Kim G Max Homa G Sam Stevens G Emiliano Grillo G Zac Blair,,,
512,5196625431,AKJeff,0,496,G Maverick McNealy G Kurt Kitayama G Max Homa G Casey Jarvis G Emiliano Grillo G Patrick Fishburn,,,
517,5196377544,blacklabelkk,0,495.5,G Kurt Kitayama G Hideki Matsuyama G Tom Kim G Sungjae Im G Lanto Griffin G Davis Chatfield,,,
517,5196654966,GOBLUE5473,0,495.5,G Scottie Scheffler G Beau Hossler G Ben Kohles G Lee Hodges G Lucas Glover G Tyler Duncan,,,
517,5196676595,rp1381,0,495.5,G Scottie Scheffler G Mackenzie Hughes G Jesper Svensson G Matti Schmid G Zac Blair G Aaron Wise,,,
520,5195838407,rickroyer24,0,495,G Kurt Kitayama G Keith Mitchell G Benjamin James G Christiaan Bezuidenhout G Ricky Castillo G Denny McCarthy,,,
520,5196076361,andyj54,0,495,G Hideki Matsuyama G Jake Knapp G Gary Woodland G Mac Meissner G Aldrich Potgieter G Joel Dahmen,,,
520,5196218036,tpikenn,0,495,G Scottie Scheffler G Michael Kim G Matti Schmid G Austin Smotherman G Austin Eckroat G Tom Hoge,,,
520,5196422331,bunit1388,0,495,G Scottie Scheffler G Hideki Matsuyama G Cameron Davis G Nick Hardy G Davis Chatfield G Camilo Villegas,,,
520,5196540369,WaveHead23,0,495,G Kurt Kitayama G Tom Kim G Doug Ghim G Casey Jarvis G Ben Kohles G Zac Blair,,,
525,5195285329,laser1064,0,494.5,G Scottie Scheffler G Benjamin James G Ben Kohles G Zac Blair G Aaron Wise G Davis Chatfield,,,
525,5195768442,lammers30,0,494.5,G Tom Kim G Jackson Koivun G Jackson Suber G Johnny Keefer G Casey Jarvis G Ben Kohles,,,
527,5195326300,airbarrett,0,494,G Maverick McNealy G Tom Kim G Jordan L. Smith G Johnny Keefer G Rasmus Neergaard-Petersen G Zac Blair,,,
527,5196362595,mjscott8824,0,494,G Keith Mitchell G Jackson Koivun G Doug Ghim G Max Greyserman G Michael Kim G Max McGreevy,,,
529,5195958553,Yasz15,0,493.5,G Hideki Matsuyama G Jake Knapp G Max Homa G Mac Meissner G Casey Jarvis G Chandler Phillips,,,
529,5196223613,TripleBar,0,493.5,G Kurt Kitayama G Hideki Matsuyama G Doug Ghim G Ben Kohles G Max McGreevy G Zac Blair,,,
531,5195382104,marotw,0,493,G Kurt Kitayama G Doug Ghim G Corey Conners G Rasmus Neergaard-Petersen G Casey Jarvis G Emiliano Grillo,,,
531,5196050134,drdonuts999,0,493,G Kurt Kitayama G Hideki Matsuyama G Sungjae Im G Johnny Keefer G Ben Kohles G Zac Blair,,,
531,5196306505,I-HATE-PANTS,0,493,G Kurt Kitayama G Tom Kim G Corey Conners G Max Greyserman G Stephan Jaeger G Zac Blair,,,
534,5194705819,tim_g,0,492.5,G Hideki Matsuyama G Jackson Koivun G Max Homa G Benjamin James G Aldrich Potgieter G Denny McCarthy,,,
534,5195134019,rtcastillo1217,0,492.5,G Scottie Scheffler G Emiliano Grillo G Lee Hodges G Zac Blair G Tom Hoge G Aaron Wise,,,
534,5195158897,Anthony3251,0,492.5,G Kurt Kitayama G Keith Mitchell G Doug Ghim G Brian Harman G Lee Hodges G Zachary Bauchou,,,
534,5196426656,TRGRenegades,0,492.5,G Kurt Kitayama G Hideki Matsuyama G Corey Conners G Christiaan Bezuidenhout G Casey Jarvis G Aaron Wise,,,
534,5196670619,djdog09,0,492.5,G Tom Kim G Jackson Koivun G Jordan L. Smith G Benjamin James G William Mouw G Ben Kohles,,,
539,5195102520,dynamite_d,0,492,G Keith Mitchell G Tom Kim G Jackson Koivun G Ben Kohles G Keita Nakajima G Max McGreevy,,,
539,5195395996,CaltheHack,0,492,G Scottie Scheffler G Max McGreevy G Lucas Glover G Matti Schmid G Zac Blair G Austin Eckroat,,,
539,5196293041,TaroTo,0,492,G Scottie Scheffler G Casey Jarvis G Ben Kohles G A.J. Ewart G Kevin Roy G Aaron Wise,,,
539,5196632413,realicymike,0,492,G Kurt Kitayama G Doug Ghim G Corey Conners G Christiaan Bezuidenhout G Brian Harman G Lucas Glover,,,
539,5196669400,413fantastfootball,0,492,G Kurt Kitayama G Keith Mitchell G Jackson Koivun G Sam Stevens G Tom Hoge G Troy Merritt,,,
544,5194834443,He-man24,0,491.5,G Hideki Matsuyama G Tom Kim G Jackson Suber G Johnny Keefer G Ben Kohles G Zac Blair,,,
544,5196635969,World_Domination67,0,491.5,G Hideki Matsuyama G Tom Kim G Corey Conners G Christiaan Bezuidenhout G Casey Jarvis G Andrew Putnam,,,
544,5196647410,jmontrief,0,491.5,G Scottie Scheffler G Aldrich Potgieter G Brian Harman G John Parry G Tom Hoge G Troy Merritt,,,
547,5194954392,coachmorris,0,491,G Hideki Matsuyama G Jackson Suber G Sungjae Im G Christiaan Bezuidenhout G Rasmus Neergaard-Petersen G Emiliano Grillo,,,
547,5195157967,duluthdeez,0,491,G Scottie Scheffler G Benjamin James G Ricky Castillo G Zac Blair G Trace Crowe G Troy Merritt,,,
547,5195222970,ctscts3232,0,491,G Hideki Matsuyama G Tom Kim G Sungjae Im G Benjamin James G Davis Thompson G Zac Blair,,,
547,5195816683,nicklowe1,0,491,G Kurt Kitayama G Hideki Matsuyama G Sudarshan Yellamaraju G Rasmus Neergaard-Petersen G Aldrich Potgieter G Ben Kohles,,,
547,5196137444,kazy900,0,491,G Kurt Kitayama G Tom Kim G Benjamin James G Christiaan Bezuidenhout G Ricky Castillo G Zac Blair,,,
547,5196310625,Teshot16,0,491,G Kurt Kitayama G Hideki Matsuyama G Sam Stevens G Steven Fisk G John Parry G Jesper Svensson,,,
553,5195236764,kduds11,0,490.5,G Scottie Scheffler G Emiliano Grillo G Jesper Svensson G Andrew Putnam G Zac Blair G Aaron Wise,,,
553,5196179955,terpterman,0,490.5,G Maverick McNealy G Keith Mitchell G Jake Knapp G Ben Kohles G Michael Kim G Aaron Wise,,,
555,5195217109,minsley,0,490,G Scottie Scheffler G Michael Kim G Lucas Glover G Denny McCarthy G Andrew Putnam G Erik Van Rooyen,,,
555,5195894195,Sjlgoblue,0,490,G Keith Mitchell G Jackson Koivun G Jackson Suber G Benjamin James G Ben Kohles G Zecheng Dou,,,
555,5195964706,justutah,0,490,G Maverick McNealy G Jake Knapp G Mac Meissner G Davis Thompson G Rasmus Højgaard G Brian Harman,,,
555,5196516402,m_dan12,0,490,G Tom Kim G Jackson Koivun G Max Homa G Sudarshan Yellamaraju G Davis Thompson G Lucas Glover,,,
559,5195007128,beaverthing,0,489.5,G Hideki Matsuyama G Corey Conners G Sungjae Im G Stephan Jaeger G Brian Harman G Ben Kohles,,,
559,5196695949,hustlematic,0,489.5,G Kurt Kitayama G Jake Knapp G Max Homa G Davis Thompson G Ricky Castillo G Casey Jarvis,,,
559,5196727514,cappo8,0,489.5,G Hideki Matsuyama G Tom Kim G Mac Meissner G Michael Brennan G Johnny Keefer G Ben Kohles,,,
562,5196132010,KenTasch,0,489,G Scottie Scheffler G Beau Hossler G Max McGreevy G A.J. Ewart G Chris Kirk G Joel Dahmen,,,
562,5196411941,Draftrich,0,489,G Jake Knapp G Jackson Koivun G Jackson Suber G Rasmus Neergaard-Petersen G Rasmus Højgaard G Lucas Glover,,,
562,5196445875,timothyandstacy,0,489,G Kurt Kitayama G Jake Knapp G Doug Ghim G Kevin Yu G Ben Kohles G A.J. Ewart,,,
562,5196601986,Bigcal212,0,489,G Scottie Scheffler G Denny McCarthy G A.J. Ewart G Patrick Rodgers G Seamus Power G Tom Hoge,,,
562,5196745050,saundini,0,489,G Maverick McNealy G Hideki Matsuyama G Keith Mitchell G Jordan L. Smith G Kevin Streelman G Brice Garnett,,,
567,5194735368,cburke0286,0,488.5,G Jackson Koivun G Max Homa G Sam Stevens G Mac Meissner G Christiaan Bezuidenhout G Emiliano Grillo,,,
567,5194895210,HAPPYPILLS,0,488.5,G Kurt Kitayama G Jake Knapp G Max Homa G Christiaan Bezuidenhout G Casey Jarvis G Zac Blair,,,
567,5195015913,Tapout08,0,488.5,G Scottie Scheffler G Emiliano Grillo G Ben Kohles G Lucas Glover G Nick Dunlap G Cameron Champ,,,
567,5195159987,moyboy14,0,488.5,G Scottie Scheffler G Casey Jarvis G Lucas Glover G Hao-Tong Li G Zac Blair G Aaron Wise,,,
567,5195591746,Jwoody205,0,488.5,G Maverick McNealy G Kurt Kitayama G Benjamin James G Casey Jarvis G John Parry G Ben Kohles,,,
567,5195622350,derektreybig,0,488.5,G Hideki Matsuyama G Tom Kim G Max Homa G Benjamin James G Emiliano Grillo G Zac Blair,,,
567,5196184847,WeeklyHigh,0,488.5,G Scottie Scheffler G Ben Kohles G Lee Hodges G Lucas Glover G Andrew Putnam G Lanto Griffin,,,
567,5196685888,rene0008,0,488.5,G Scottie Scheffler G Emiliano Grillo G Lucas Glover G Zac Blair G Tom Hoge G David Lipsky,,,
575,5194607386,tbird1957,0,488,G Kurt Kitayama G Hideki Matsuyama G Corey Conners G Steven Fisk G John Parry G Austin Eckroat,,,
575,5194826668,jimdelaney,0,488,G Keith Mitchell G Gary Woodland G Sam Stevens G Tony Finau G Max Greyserman G Brian Harman,,,
575,5195569615,Thebillsrock,0,488,G Scottie Scheffler G Brian Harman G Lucas Glover G Zac Blair G Tom Hoge G Cameron Champ,,,
575,5196074253,Sizzy,0,488,G Maverick McNealy G Hideki Matsuyama G Corey Conners G Ricky Castillo G Zachary Bauchou G Andrew Putnam,,,
575,5196429727,betarunner,0,488,G Scottie Scheffler G Mac Meissner G A.J. Ewart G Zac Blair G Austin Eckroat G Troy Merritt,,,
575,5196526192,jdkdsklekjak,0,488,G Jackson Koivun G Pierceson Coody G Corey Conners G Sudarshan Yellamaraju G Michael Brennan G Ben Kohles,,,
575,5196736155,johnmbayley,0,488,G Maverick McNealy G Jackson Koivun G Pierceson Coody G Christiaan Bezuidenhout G Patrick Rodgers G Zac Blair,,,
582,5195205692,bradneale,0,487.5,G Kurt Kitayama G Tom Kim G Benjamin James G Christiaan Bezuidenhout G Casey Jarvis G Ben Kohles,,,
582,5195784020,kkuhlman1,0,487.5,G Kurt Kitayama G Tom Kim G Christiaan Bezuidenhout G Michael Brennan G Johnny Keefer G Lucas Glover,,,
582,5196613498,wehls,0,487.5,G Maverick McNealy G Jackson Suber G Corey Conners G Michael Brennan G Casey Jarvis G Emiliano Grillo,,,
585,5196663904,ydnarztluhcs,0,487,G Scottie Scheffler G Johnny Keefer G Ben Kohles G Billy Horschel G Mark Hubbard G Nick Hardy,,,
585,5196670324,quebee7,0,487,G Hideki Matsuyama G Jake Knapp G Jackson Suber G Gary Woodland G Zac Blair G Jeremy Paul,,,
587,5195998621,gooey911,0,486.5,G Scottie Scheffler G Jordan L. Smith G Chad Ramey G Brandt Snedeker G Chandler Phillips G Joel Dahmen,,,
587,5196362154,RynJor23,0,486.5,G Scottie Scheffler G Emiliano Grillo G Ben Kohles G Lucas Glover G Andrew Putnam G Brice Garnett,,,
587,5196576810,bagwell77,0,486.5,G Scottie Scheffler G Casey Jarvis G Beau Hossler G Rico Hoey G Max McGreevy G Davis Chatfield,,,
590,5195228709,stuuy,0,486,G Tom Kim G Jackson Koivun G Jackson Suber G Rasmus Neergaard-Petersen G William Mouw G Ricky Castillo,,,
590,5195903473,jcorn30,0,486,G Scottie Scheffler G Hideki Matsuyama G Zac Blair G Troy Merritt G Jeremy Paul G Brannon Fahrny,,,
590,5196085410,zachm5,0,486,G Tom Kim G Jackson Koivun G Jackson Suber G Benjamin James G Casey Jarvis G Ben Kohles,,,
590,5196193094,ouroboros0,0,486,G Kurt Kitayama G Jackson Koivun G Doug Ghim G William Mouw G Ben Kohles G A.J. Ewart,,,
590,5196294233,d1na,0,486,G Scottie Scheffler G Ben Kohles G Max McGreevy G Zac Blair G Kris Ventura G Tom Hoge,,,
590,5196437404,gblack1,0,486,G Jake Knapp G Jackson Koivun G Jackson Suber G Benjamin James G Michael Brennan G Will Gordon,,,
590,5196448104,monkeybrains,0,486,G Hideki Matsuyama G Corey Conners G Jordan L. Smith G Benjamin James G Christiaan Bezuidenhout G Lucas Glover,,,
590,5196583899,broncobaetis,0,486,G Maverick McNealy G Jackson Koivun G Benjamin James G Johnny Keefer G Rasmus Neergaard-Petersen G Casey Jarvis,,,
598,5195603387,shooberto,0,485.5,G Kurt Kitayama G Hideki Matsuyama G Mac Meissner G Davis Thompson G William Mouw G Mackenzie Hughes,,,
598,5195792559,martowright,0,485.5,G Kurt Kitayama G Hideki Matsuyama G Tom Kim G Sudarshan Yellamaraju G Kevin Roy G Lanto Griffin,,,
598,5196132609,dj3baker,0,485.5,G Maverick McNealy G Tom Kim G Sudarshan Yellamaraju G Rasmus Neergaard-Petersen G Casey Jarvis G Ben Kohles,,,
598,5196608937,kosar911,0,485.5,G Jake Knapp G Corey Conners G Sam Stevens G Tony Finau G Christiaan Bezuidenhout G Brian Harman,,,
598,5196746091,ZachAnge24,0,485.5,G Hideki Matsuyama G Pierceson Coody G Sungjae Im G Max Greyserman G Rasmus Neergaard-Petersen G Emiliano Grillo,,,
603,5194628310,SLBMLightshow,0,485,G Scottie Scheffler G Mac Meissner G Michael Brennan G Joel Dahmen G Adam Svensson G Davis Chatfield,,,
603,5196044474,concrete31,0,485,G Hideki Matsuyama G Tom Kim G Jackson Suber G Sudarshan Yellamaraju G Ben Kohles G Zac Blair,,,
603,5196232277,eebob2072,0,485,G Scottie Scheffler G Brian Harman G Casey Jarvis G Zac Blair G Tom Hoge G Aaron Wise,,,
603,5196257870,notantswon,0,485,G Jackson Koivun G Pierceson Coody G Benjamin James G Michael Brennan G Casey Jarvis G Ben Kohles,,,
603,5196497349,fpeterson1981,0,485,G Scottie Scheffler G Tony Finau G Lee Hodges G Tom Hoge G Chandler Phillips G Troy Merritt,,,
608,5195097333,J11J89,0,484.5,G Hideki Matsuyama G Corey Conners G Sungjae Im G Jordan L. Smith G Rasmus Neergaard-Petersen G Lucas Glover,,,
609,5195750576,Mojoman30,0,484,G Hideki Matsuyama G Tom Kim G Jackson Suber G Christiaan Bezuidenhout G Emiliano Grillo G Tom Hoge,,,
609,5196029181,XAKAX,0,484,G Hideki Matsuyama G Corey Conners G Max Homa G Mac Meissner G Emiliano Grillo G Ben Kohles,,,
609,5196131877,Machine1955,0,484,G Maverick McNealy G Jackson Koivun G Pierceson Coody G Taylor Pendrith G Emiliano Grillo G Lucas Glover,,,
609,5196725348,mtots,0,484,G Kurt Kitayama G Hideki Matsuyama G Pierceson Coody G Rasmus Neergaard-Petersen G Emiliano Grillo G Brice Garnett,,,
613,5195300812,snakeeyesammy,0,483.5,G Scottie Scheffler G Johnny Keefer G Ben Kohles G Patrick Rodgers G Zac Blair G Troy Merritt,,,
613,5196137027,Bubs050917,0,483.5,G Hideki Matsuyama G Jake Knapp G Max Homa G Max Greyserman G Aldrich Potgieter G Michael Kim,,,
613,5196249458,congetti,0,483.5,G Hideki Matsuyama G Gary Woodland G Corey Conners G Sungjae Im G Brian Harman G Tom Hoge,,,
613,5196664090,hutchings07,0,483.5,G Scottie Scheffler G Davis Thompson G Michael Kim G Mackenzie Hughes G Tom Hoge G Davis Riley,,,
617,5195839029,bjnfan,0,483,G Maverick McNealy G Max Homa G Jordan L. Smith G Michael Brennan G Rasmus Neergaard-Petersen G Ben Kohles,,,
618,5194653140,styntru2u,0,482.5,G Kurt Kitayama G Tom Kim G Sam Stevens G Johnny Keefer G Emiliano Grillo G Lucas Glover,,,
618,5194802127,Bigrgamer497,0,482.5,G Kurt Kitayama G Jake Knapp G Jordan L. Smith G Sudarshan Yellamaraju G Ben Kohles G Matti Schmid,,,
618,5196143085,wideleft4241,0,482.5,G Maverick McNealy G Tom Kim G Jackson Suber G Rasmus Neergaard-Petersen G Casey Jarvis G Zac Blair,,,
621,5195261224,carter306,0,482,G Jake Knapp G Tom Kim G Jordan L. Smith G Benjamin James G Michael Brennan G Zachary Bauchou,,,
621,5195310940,junkyardbyrd,0,482,G Scottie Scheffler G Taylor Moore G Emiliano Grillo G Mackenzie Hughes G Patrick Fishburn G Cameron Davis,,,
621,5195562090,cheesegiez,0,482,G Kurt Kitayama G Jackson Suber G Corey Conners G Johnny Keefer G Brian Harman G Emiliano Grillo,,,
621,5196466744,josh.0,0,482,G Kurt Kitayama G Hideki Matsuyama G Pierceson Coody G Ben Kohles G Keita Nakajima G Zac Blair,,,
625,5195427403,ehr16,0,481.5,G Scottie Scheffler G Ben Kohles G Max McGreevy G A.J. Ewart G Seamus Power G Cameron Champ,,,
625,5196377552,Howardthedog,0,481.5,G Maverick McNealy G Gary Woodland G Max Homa G Sudarshan Yellamaraju G Davis Thompson G Denny McCarthy,,,
625,5196607863,PthWillet,0,481.5,G Keith Mitchell G Jackson Koivun G Jackson Suber G Benjamin James G Ben Kohles G Zachary Bauchou,,,
628,5194785908,sutgiat,0,481,G Scottie Scheffler G Rasmus Neergaard-Petersen G Rasmus Højgaard G Emiliano Grillo G Stefano Mazzoli G Troy Merritt,,,
628,5195954407,shutes23,0,481,G Jake Knapp G Corey Conners G Max Homa G Sam Stevens G Max Greyserman G Denny McCarthy,,,
628,5196280594,cwarno20,0,481,G Keith Mitchell G Jake Knapp G Jordan L. Smith G Christiaan Bezuidenhout G Michael Brennan G Max McGreevy,,,
628,5196437856,ChadChip10,0,481,G Scottie Scheffler G Emiliano Grillo G Ben Kohles G Rico Hoey G Tom Hoge G Brice Garnett,,,
628,5196516290,mlprice66,0,481,G Scottie Scheffler G Michael Brennan G Aldrich Potgieter G Zac Blair G Tom Hoge G Camilo Villegas,,,
633,5194944624,dexterboydk1,0,480.5,G Scottie Scheffler G Ricky Castillo G Casey Jarvis G Patrick Rodgers G Kevin Roy G Troy Merritt,,,
633,5195096379,tacoshark372,0,480.5,G Hideki Matsuyama G Tom Kim G Sungjae Im G Benjamin James G Brian Harman G Zachary Bauchou,,,
633,5195224600,ballbaggers,0,480.5,G Maverick McNealy G Jake Knapp G Sam Stevens G Max Greyserman G Taylor Moore G Ben Kohles,,,
633,5195282785,Hoculi_theman,0,480.5,G Scottie Scheffler G Rico Hoey G Jesper Svensson G Matti Schmid G Patrick Rodgers G Joel Dahmen,,,
633,5195823358,hotcarrots,0,480.5,G Scottie Scheffler G Stephan Jaeger G Casey Jarvis G Lee Hodges G Matti Schmid G Troy Merritt,,,
633,5196042681,bdoyle24,0,480.5,G Kurt Kitayama G Tom Kim G Max Homa G Rasmus Neergaard-Petersen G Casey Jarvis G Ben Kohles,,,
633,5196112764,bailz_10,0,480.5,G Kurt Kitayama G Keith Mitchell G Doug Ghim G Ben Kohles G Lucas Glover G Zac Blair,,,
633,5196165351,Grandpakids,0,480.5,G Kurt Kitayama G Tom Kim G Jackson Suber G Emiliano Grillo G Lucas Glover G Matti Schmid,,,
633,5196607482,thesteelcurtain1,0,480.5,G Scottie Scheffler G Lucas Glover G Denny McCarthy G Billy Horschel G Matt Kuchar G Tom Hoge,,,
642,5195450765,mycuk,0,480,G Maverick McNealy G Tom Kim G Sam Stevens G Sudarshan Yellamaraju G Ben Kohles G Zac Blair,,,
642,5195875617,nickyjoe,0,480,G Maverick McNealy G Hideki Matsuyama G Sungjae Im G Christiaan Bezuidenhout G Emiliano Grillo G Erik Van Rooyen,,,
642,5196482342,caldwelltylerusng94,0,480,G Scottie Scheffler G Brian Harman G Keita Nakajima G Lucas Glover G Zachary Bauchou G Adam Svensson,,,
642,5196499662,cclarkh,0,480,G Scottie Scheffler G Emiliano Grillo G Ben Kohles G Lucas Glover G Aaron Wise G Adam Hadwin,,,
646,5195224494,Daddydog14,0,479.5,G Keith Mitchell G Jackson Koivun G Max Homa G Sudarshan Yellamaraju G Casey Jarvis G Emiliano Grillo,,,
646,5195637265,sportsnat13,0,479.5,G Maverick McNealy G Jake Knapp G Jackson Suber G Ricky Castillo G Ben Kohles G Lucas Glover,,,
646,5195660824,jsizzle81,0,479.5,G Scottie Scheffler G Jackson Suber G Zac Blair G Kevin Roy G Dylan Wu G Davis Chatfield,,,
646,5196130730,TY54321,0,479.5,G Jake Knapp G Tom Kim G Max Homa G Sam Stevens G Brian Harman G Kevin Roy,,,
646,5196511427,robvaughan,0,479.5,G Scottie Scheffler G Ricky Castillo G Denny McCarthy G Patrick Rodgers G Andrew Putnam G Vince Whaley,,,
651,5195060159,hitmn42,0,479,G Keith Mitchell G Jake Knapp G Tony Finau G Michael Brennan G Casey Jarvis G Ben Kohles,,,
651,5195259915,GillTicket,0,479,G Kurt Kitayama G Tom Kim G Sam Stevens G Christiaan Bezuidenhout G Brian Harman G Matt Kuchar,,,
651,5195831229,TAMUSA,0,479,G Scottie Scheffler G Lucas Glover G Denny McCarthy G Matt Kuchar G Zac Blair G Tom Hoge,,,
651,5195875594,beavmanns,0,479,G Hideki Matsuyama G Tom Kim G Gary Woodland G Christiaan Bezuidenhout G Rasmus Højgaard G Hayden Springer,,,
651,5196306303,ckat1985,0,479,G Kurt Kitayama G Tom Kim G Corey Conners G Mac Meissner G Mackenzie Hughes G Zac Blair,,,
651,5196752098,aclegend89,0,479,G Kurt Kitayama G Keith Mitchell G Jackson Suber G Brian Harman G Rico Hoey G Zachary Bauchou,,,
657,5195114373,FloopyGoober,0,478.5,G Hideki Matsuyama G Jackson Koivun G Benjamin James G Johnny Keefer G Rasmus Neergaard-Petersen G Rasmus Højgaard,,,
657,5196384147,kirkthagreat,0,478.5,G Scottie Scheffler G Corey Conners G Tom Hoge G Kevin Roy G Mark Hubbard G Troy Merritt,,,
659,5194635693,Gaston333,0,478,G Kurt Kitayama G Tom Kim G Jackson Suber G Gary Woodland G Lucas Glover G Camilo Villegas,,,
659,5194808173,Bigbucklowery,0,478,G Hideki Matsuyama G Tom Kim G Mac Meissner G Benjamin James G Christiaan Bezuidenhout G Zac Blair,,,
659,5195008034,Vegeta32,0,478,G Hideki Matsuyama G Jackson Koivun G Benjamin James G Michael Brennan G Johnny Keefer G Rasmus Højgaard,,,
659,5195249141,Kaddy18,0,478,G Maverick McNealy G Hideki Matsuyama G Sam Stevens G Tony Finau G Zac Blair G Austin Eckroat,,,
659,5196254358,kingoil0349,0,478,G Maverick McNealy G Max Greyserman G Taylor Pendrith G Lucas Glover G Chris Kirk G Zac Blair,,,
664,5194670881,jdrap,0,477.5,G Scottie Scheffler G Ricky Castillo G Rico Hoey G Lucas Glover G Kevin Roy G David Lipsky,,,
664,5196170244,prettyrd13,0,477.5,G Kurt Kitayama G Tom Kim G Max Homa G William Mouw G Emiliano Grillo G Denny McCarthy,,,
664,5196315942,smittywrldwd,0,477.5,G Scottie Scheffler G Sungjae Im G Matti Schmid G Hayden Springer G Chandler Phillips G Troy Merritt,,,
664,5196518431,otis_spunkmeyer,0,477.5,G Scottie Scheffler G Rasmus Neergaard-Petersen G Casey Jarvis G Emiliano Grillo G Aaron Wise G Tyler Duncan,,,
664,5196718382,purplejesus724,0,477.5,G Hideki Matsuyama G Corey Conners G Max Homa G Rasmus Neergaard-Petersen G William Mouw G Brian Harman,,,
669,5194629581,kipwinger,0,477,G Scottie Scheffler G John Parry G Denny McCarthy G Austin Eckroat G Tom Hoge G Matthieu Pavon,,,
669,5194659132,razorbackavery,0,477,G Scottie Scheffler G Johnny Keefer G Ben Kohles G Lee Hodges G Hayden Springer G Troy Merritt,,,
669,5195337749,robertletofsky,0,477,G Maverick McNealy G Kurt Kitayama G Mac Meissner G Aldrich Potgieter G Emiliano Grillo G Ben Kohles,,,
669,5195666179,LucaButt,0,477,G Hideki Matsuyama G Jake Knapp G Max Homa G Benjamin James G John Parry G Zac Blair,,,
669,5195872716,T-Nic,0,477,G Maverick McNealy G Keith Mitchell G Jake Knapp G Lucas Glover G Denny McCarthy G Matt Kuchar,,,
669,5196103222,btthirtyone,0,477,G Scottie Scheffler G William Mouw G Zachary Bauchou G Billy Horschel G Tom Hoge G Joel Dahmen,,,
669,5196476027,JimboFranks,0,477,G Kurt Kitayama G Hideki Matsuyama G Mac Meissner G Johnny Keefer G Casey Jarvis G Ben Kohles,,,
669,5196515014,ZstarSR2,0,477,G Kurt Kitayama G Keith Mitchell G Mac Meissner G Sudarshan Yellamaraju G Brian Harman G Emiliano Grillo,,,
669,5196648653,adman895,0,477,G Maverick McNealy G Kurt Kitayama G Tom Kim G Casey Jarvis G Ben Kohles G Brice Garnett,,,
678,5194697300,jrevelle3,0,476.5,G Scottie Scheffler G Jesper Svensson G Seamus Power G Chris Kirk G Ryder Cowan G Cameron Davis,,,
678,5194768670,prome,0,476.5,G Keith Mitchell G Jake Knapp G Doug Ghim G Christiaan Bezuidenhout G Casey Jarvis G Zac Blair,,,
678,5194970909,wmilenkevich,0,476.5,G Kurt Kitayama G Tom Kim G Corey Conners G Benjamin James G Ricky Castillo G Zac Blair,,,
678,5195842984,trplm06,0,476.5,G Tom Kim G Jackson Koivun G Max Homa G Benjamin James G Casey Jarvis G Ben Kohles,,,
678,5196006503,Jonnywheelz,0,476.5,G Scottie Scheffler G Johnny Keefer G Zachary Bauchou G Zac Blair G Joel Dahmen G Aaron Wise,,,
678,5196275577,bryanpinter4,0,476.5,G Jackson Koivun G Corey Conners G Max Homa G Benjamin James G Michael Brennan G Max Greyserman,,,
684,5195115046,aces2543,0,476,G Hideki Matsuyama G Jackson Suber G Gary Woodland G Christiaan Bezuidenhout G William Mouw G Lee Hodges,,,
684,5195701095,martiniman11,0,476,G Maverick McNealy G Kurt Kitayama G Mac Meissner G William Mouw G Brian Harman G Ben Kohles,,,
684,5196038106,az350z,0,476,G Maverick McNealy G Keith Mitchell G Tom Kim G John Parry G Andrew Putnam G Zac Blair,,,
684,5196558694,emabe,0,476,G Kurt Kitayama G Hideki Matsuyama G Tom Kim G William Mouw G Ben Kohles G Tyler Duncan,,,
684,5196709029,robinette67,0,476,G Scottie Scheffler G Davis Thompson G Thorbjørn Olesen G Zac Blair G Austin Eckroat G Cameron Champ,,,
689,5194995192,DCB1,0,475.5,G Keith Mitchell G Jake Knapp G Sam Stevens G Sudarshan Yellamaraju G Davis Thompson G Lee Hodges,,,
689,5195277930,LuckySchmuck,0,475.5,G Jake Knapp G Jackson Koivun G Max Homa G Mac Meissner G Benjamin James G Chandler Phillips,,,
689,5195365409,natekustasz,0,475.5,G Scottie Scheffler G Kevin Yu G Jesper Svensson G Billy Horschel G Matthieu Pavon G Erik Van Rooyen,,,
689,5196692981,scombs,0,475.5,G Jake Knapp G Jackson Koivun G Jackson Suber G Tony Finau G Jesper Svensson G Lucas Glover,,,
693,5194660998,Jwiese,0,475,G Hideki Matsuyama G Jackson Suber G Corey Conners G Rasmus Neergaard-Petersen G Steven Fisk G Emiliano Grillo,,,
693,5194915960,johnbronco31,0,475,G Kurt Kitayama G Hideki Matsuyama G Max Homa G Ben Kohles G Zac Blair G Tom Hoge,,,
693,5195441530,dcuff,0,475,G Kurt Kitayama G Tom Kim G Mac Meissner G William Mouw G Emiliano Grillo G Ben Kohles,,,
693,5195927960,hamme443,0,475,G Kurt Kitayama G Tom Kim G Benjamin James G Johnny Keefer G Emiliano Grillo G Ben Kohles,,,
693,5196021883,bboshea,0,475,G Kurt Kitayama G Jake Knapp G Corey Conners G Benjamin James G Lee Hodges G Kevin Roy,,,
693,5196180227,holtzy2017,0,475,G Scottie Scheffler G Brian Harman G Lucas Glover G Patrick Rodgers G Austin Smotherman G Adam Hadwin,,,
693,5196718973,texan3034,0,475,G Scottie Scheffler G William Mouw G Ben Kohles G Zachary Bauchou G Joel Dahmen G Stefano Mazzoli,,,
693,5196744477,PBreland42,0,475,G Scottie Scheffler G Hideki Matsuyama G Ben Kohles G Troy Merritt G Patton Kizzire G Jeremy Paul,,,
701,5195180457,smartplays,0,474.5,G Jackson Koivun G Pierceson Coody G Sungjae Im G Jordan L. Smith G Emiliano Grillo G Matti Schmid,,,
701,5195290007,griffalicious24,0,474.5,G Kurt Kitayama G Tom Kim G Jordan L. Smith G Benjamin James G Casey Jarvis G Ben Kohles,,,
701,5196037051,Futterstuff,0,474.5,G Scottie Scheffler G Corey Conners G Ben Kohles G Lanto Griffin G Troy Merritt G Jeremy Paul,,,
701,5196203751,djohnson101,0,474.5,G Tom Kim G Jackson Koivun G Corey Conners G Max Homa G Benjamin James G Davis Chatfield,,,
701,5196210714,khokho,0,474.5,G Kurt Kitayama G Tom Kim G Jordan L. Smith G Benjamin James G Casey Jarvis G Ben Kohles,,,
701,5196399418,dawgonegenius,0,474.5,G Keith Mitchell G Jackson Koivun G Corey Conners G Max Homa G Lucas Glover G Austin Eckroat,,,
701,5196616047,tlherman,0,474.5,G Kurt Kitayama G Gary Woodland G Sungjae Im G Tony Finau G Emiliano Grillo G Ben Kohles,,,
701,5196678271,XXXachillesXXX,0,474.5,G Kurt Kitayama G Tom Kim G Jordan L. Smith G Benjamin James G Casey Jarvis G Ben Kohles,,,
709,5194698408,joepa42,0,474,G Scottie Scheffler G Aldrich Potgieter G Thorbjørn Olesen G Austin Smotherman G Chris Kirk G Joel Dahmen,,,
709,5195069759,rdwright00,0,474,G Jackson Koivun G Doug Ghim G Corey Conners G Benjamin James G Casey Jarvis G Ben Kohles,,,
709,5195384633,renegadebaumers,0,474,G Kurt Kitayama G Jake Knapp G Pierceson Coody G Sam Stevens G Patrick Fishburn G Kevin Streelman,,,
709,5195584747,mhumplik,0,474,G Scottie Scheffler G Johnny Keefer G Ben Kohles G Kevin Roy G Joel Dahmen G Aaron Wise,,,
709,5195686911,LtnDan36,0,474,G Kurt Kitayama G Tom Kim G Jackson Suber G Johnny Keefer G Emiliano Grillo G Zac Blair,,,
709,5195910144,joephoto,0,474,G Maverick McNealy G Tom Kim G Sam Stevens G Christiaan Bezuidenhout G Michael Kim G Max McGreevy,,,
709,5196016910,pschichtel,0,474,G Maverick McNealy G Tom Kim G Benjamin James G Christiaan Bezuidenhout G Max Greyserman G Mackenzie Hughes,,,
716,5194632731,union575,0,473.5,G Scottie Scheffler G Johnny Keefer G Keita Nakajima G Lucas Glover G Joel Dahmen G Davis Chatfield,,,
716,5195135038,Tminus10,0,473.5,G Hideki Matsuyama G Jackson Koivun G Jackson Suber G Benjamin James G Ben Kohles G Tom Hoge,,,
716,5195235721,Rhino1979,0,473.5,G Hideki Matsuyama G Jackson Suber G Johnny Keefer G Rasmus Neergaard-Petersen G Casey Jarvis G Ben Kohles,,,
716,5195281187,THROWNDARTS,0,473.5,G Scottie Scheffler G Brian Harman G Lucas Glover G Andrew Putnam G Austin Smotherman G Aaron Wise,,,
716,5195407265,jbonzoso,0,473.5,G Maverick McNealy G Tom Kim G Gary Woodland G William Mouw G Lee Hodges G Matti Schmid,,,
716,5196425813,lukemcdonald4,0,473.5,G Hideki Matsuyama G Tom Kim G Max Homa G Benjamin James G Ben Kohles G Zac Blair,,,
722,5196055791,yellowfinch,0,473,G Hideki Matsuyama G Keith Mitchell G Tony Finau G Rasmus Højgaard G Brian Harman G Kevin Yu,,,
722,5196107315,Cam_Bullman,0,473,G Scottie Scheffler G Benjamin James G Zachary Bauchou G Zac Blair G Joel Dahmen G Dylan Wu,,,
722,5196359999,mx207,0,473,G Keith Mitchell G Tom Kim G Doug Ghim G Gary Woodland G Lucas Glover G Davis Chatfield,,,
722,5196524170,Gxpress,0,473,G Scottie Scheffler G Michael Brennan G Stephan Jaeger G Brian Harman G Lanto Griffin G Griffin Wood,,,
722,5196717022,sparty55376,0,473,G Tom Kim G Pierceson Coody G Gary Woodland G Mac Meissner G Emiliano Grillo G Ben Kohles,,,
727,5194636792,Starlordsdad,0,472.5,G Scottie Scheffler G Emiliano Grillo G Lucas Glover G Matt Kuchar G Zac Blair G Aaron Wise,,,
727,5195088941,ken_noisewater,0,472.5,G Scottie Scheffler G Michael Brennan G Zac Blair G Tom Hoge G Joel Dahmen G Aaron Wise,,,
727,5195437604,boyle5000,0,472.5,G Kurt Kitayama G Pierceson Coody G Benjamin James G Emiliano Grillo G Ben Kohles G Zac Blair,,,
727,5195779541,allen1558,0,472.5,G Kurt Kitayama G Hideki Matsuyama G Christiaan Bezuidenhout G Rasmus Højgaard G Steven Fisk G Ben Kohles,,,
727,5195897488,micbob,0,472.5,G Hideki Matsuyama G Pierceson Coody G Gary Woodland G Sungjae Im G Michael Kim G Joel Dahmen,,,
727,5196627381,shabbah,0,472.5,G Keith Mitchell G Jake Knapp G Tom Kim G Rasmus Neergaard-Petersen G William Mouw G Mark Hubbard,,,
733,5194898185,Bcarr64,0,472,G Scottie Scheffler G William Mouw G Brian Harman G Casey Jarvis G Luke Clanton G Troy Merritt,,,
733,5194910098,sboyle227,0,472,G Hideki Matsuyama G Jackson Suber G Sam Stevens G Sudarshan Yellamaraju G Rasmus Neergaard-Petersen G Brian Harman,,,
733,5195039906,jcfitz2,0,472,G Kurt Kitayama G Hideki Matsuyama G Mac Meissner G Rasmus Neergaard-Petersen G Aldrich Potgieter G Ricky Castillo,,,
733,5195912578,Kapta1NKahl,0,472,G Scottie Scheffler G Michael Brennan G Ben Kohles G Lee Hodges G Aaron Wise G Tyler Duncan,,,
733,5196130110,willy1wilson,0,472,G Kurt Kitayama G Jackson Koivun G Pierceson Coody G Rasmus Neergaard-Petersen G Casey Jarvis G Tom Hoge,,,
733,5196528867,Dallashh,0,472,G Scottie Scheffler G Ricky Castillo G Mackenzie Hughes G Matti Schmid G Tom Hoge G Mark Hubbard,,,
739,5194815366,mikebkmm5,0,471.5,G Scottie Scheffler G Ricky Castillo G Thorbjørn Olesen G Zecheng Dou G Zac Blair G Luke Clanton,,,
739,5195257118,Riley100,0,471.5,G Kurt Kitayama G Tom Kim G Mac Meissner G Benjamin James G Emiliano Grillo G Ben Kohles,,,
739,5195537789,BeetleBaine,0,471.5,G Scottie Scheffler G Casey Jarvis G Kris Ventura G Austin Eckroat G Tom Hoge G Kevin Roy,,,
739,5195688385,bdembo,0,471.5,G Keith Mitchell G Jake Knapp G Tony Finau G Michael Brennan G Rasmus Neergaard-Petersen G Casey Jarvis,,,
739,5195724635,scaleydog,0,471.5,G Keith Mitchell G Jackson Koivun G Jackson Suber G Benjamin James G Ben Kohles G Lucas Glover,,,
739,5195836038,mscroggs300,0,471.5,G Kurt Kitayama G Tom Kim G Mac Meissner G Benjamin James G Emiliano Grillo G Ben Kohles,,,
739,5196006109,Reboot78,0,471.5,G Maverick McNealy G Jake Knapp G Sungjae Im G Max Greyserman G Casey Jarvis G Jesper Svensson,,,
739,5196267330,FlyWilly,0,471.5,G Kurt Kitayama G Tom Kim G Sam Stevens G Johnny Keefer G Ricky Castillo G Zac Blair,,,
747,5196023486,joe_mac10,0,471,G Kurt Kitayama G Doug Ghim G Jackson Suber G Rasmus Neergaard-Petersen G Emiliano Grillo G Ben Kohles,,,
747,5196685576,TrophyWife86,0,471,G Hideki Matsuyama G Jackson Suber G Corey Conners G Sudarshan Yellamaraju G Brian Harman G Ricky Castillo,,,
749,5194700758,Penaldhno,0,470.5,G Keith Mitchell G Jake Knapp G Benjamin James G Michael Brennan G Kevin Yu G Lucas Glover,,,
749,5195142115,edson12,0,470.5,G Kurt Kitayama G Tom Kim G Gary Woodland G Sam Stevens G Rasmus Neergaard-Petersen G Jeremy Paul,,,
749,5195329806,VMen16,0,470.5,G Kurt Kitayama G Tom Kim G Jackson Suber G Gary Woodland G Lucas Glover G Troy Merritt,,,
749,5195341971,matta32,0,470.5,G Keith Mitchell G Jackson Koivun G Gary Woodland G Tony Finau G Ricky Castillo G Andrew Putnam,,,
749,5195849874,rbassett77,0,470.5,G Scottie Scheffler G Rasmus Højgaard G Ricky Castillo G Andrew Putnam G Zac Blair G Kevin Streelman,,,
749,5196217545,23luck,0,470.5,G Kurt Kitayama G Jackson Suber G Max Homa G Emiliano Grillo G Ben Kohles G Zac Blair,,,
755,5195571941,wwalbrecher,0,470,G Tom Kim G Jackson Koivun G Jackson Suber G Johnny Keefer G Aldrich Potgieter G Emiliano Grillo,,,
755,5195904372,mallen2010,0,470,G Maverick McNealy G Kurt Kitayama G Sungjae Im G Brian Harman G Ben Kohles G Max McGreevy,,,
755,5195974968,Davidd0726,0,470,G Keith Mitchell G Tom Kim G Doug Ghim G Ben Kohles G Matti Schmid G Zac Blair,,,
755,5196537490,ZQ1989,0,470,G Hideki Matsuyama G Pierceson Coody G Gary Woodland G Johnny Keefer G Kevin Yu G Jesper Svensson,,,
755,5196690977,ChicagoCavalier,0,470,G Jake Knapp G Doug Ghim G Sam Stevens G Michael Brennan G Casey Jarvis G Ben Kohles,,,
760,5194643653,pig2mugee,0,469.5,G Scottie Scheffler G Max McGreevy G Matti Schmid G Denny McCarthy G Kris Ventura G Garrick Higgo,,,
760,5195899179,spicyjimbolaya,0,469.5,G Hideki Matsuyama G Doug Ghim G Jackson Suber G Christiaan Bezuidenhout G Ben Kohles G Lee Hodges,,,
760,5195998612,creaturefeature,0,469.5,G Kurt Kitayama G Corey Conners G Benjamin James G Christiaan Bezuidenhout G Michael Brennan G Casey Jarvis,,,
760,5196188413,Rsoeds22,0,469.5,G Scottie Scheffler G Benjamin James G Lucas Glover G Billy Horschel G Aaron Wise G Davis Chatfield,,,
760,5196739338,Diesel,0,469.5,G Scottie Scheffler G Zachary Bauchou G Andrew Putnam G Austin Smotherman G Zac Blair G Tom Hoge,,,
765,5194747302,THud75,0,469,G Maverick McNealy G Keith Mitchell G Christiaan Bezuidenhout G Johnny Keefer G Rasmus Neergaard-Petersen G Mackenzie Hughes,,,
765,5194773046,mtl128,0,469,G Kurt Kitayama G Jackson Koivun G Corey Conners G William Mouw G Casey Jarvis G Taylor Moore,,,
765,5194998147,worm1977,0,469,G Scottie Scheffler G Emiliano Grillo G Denny McCarthy G Gordon Sargent G Tom Hoge G Luke Clanton,,,
765,5195285988,elway1987,0,469,G Hideki Matsuyama G Jackson Suber G Corey Conners G Benjamin James G Brian Harman G Ricky Castillo,,,
765,5195612629,bdenslow,0,469,G Maverick McNealy G Kurt Kitayama G Tony Finau G Max Greyserman G Lee Hodges G Lucas Glover,,,
765,5195709284,vanrynma11,0,469,G Jake Knapp G Jackson Koivun G Sungjae Im G Benjamin James G Aldrich Potgieter G Emiliano Grillo,,,
765,5196122206,Frediuretig,0,469,G Kurt Kitayama G Jake Knapp G Tom Kim G Aldrich Potgieter G Denny McCarthy G Patrick Rodgers,,,
765,5196518208,Screwbird33,0,469,G Hideki Matsuyama G Doug Ghim G Jackson Suber G Ben Kohles G Lucas Glover G Zac Blair,,,
765,5196540943,20eric,0,469,G Maverick McNealy G Keith Mitchell G Jake Knapp G Casey Jarvis G Zac Blair G Tom Hoge,,,
765,5196707189,hhowe97,0,469,G Maverick McNealy G Hideki Matsuyama G Mac Meissner G Johnny Keefer G Casey Jarvis G Michael Kim,,,
775,5195138526,omkudaisi,0,468.5,G Scottie Scheffler G Benjamin James G Brian Harman G Andrew Putnam G Mark Hubbard G Troy Merritt,,,
775,5195462187,bdubsfantasy,0,468.5,G Scottie Scheffler G Benjamin James G Casey Jarvis G Zac Blair G Aaron Wise G Davis Chatfield,,,
775,5195952036,Choiclan,0,468.5,G Hideki Matsuyama G Tom Kim G Benjamin James G Christiaan Bezuidenhout G Rasmus Neergaard-Petersen G Stephan Jaeger,,,
775,5196410607,pinkandbrown44,0,468.5,G Maverick McNealy G Kurt Kitayama G Max Homa G Casey Jarvis G Emiliano Grillo G A.J. Ewart,,,
779,5194605480,msjnichols19,0,468,G Kurt Kitayama G Hideki Matsuyama G Mac Meissner G Benjamin James G Ben Kohles G Lucas Glover,,,
779,5194607986,grogu333,0,468,G Jackson Koivun G Gary Woodland G Max Homa G Jordan L. Smith G Benjamin James G Lucas Glover,,,
779,5194704161,jere_morton,0,468,G Keith Mitchell G Tom Kim G Corey Conners G Benjamin James G Emiliano Grillo G Lucas Glover,,,
779,5194747917,rdbyank456,0,468,G Kurt Kitayama G Hideki Matsuyama G Sam Stevens G William Mouw G Taylor Moore G Emiliano Grillo,,,
779,5194924919,JKouch,0,468,G Scottie Scheffler G Casey Jarvis G Ben Kohles G Patrick Rodgers G Zac Blair G Aaron Wise,,,
779,5195715117,bigzmike,0,468,G Hideki Matsuyama G Corey Conners G Sam Stevens G Tony Finau G Kevin Yu G Casey Jarvis,,,
779,5196245917,timothy.beechler,0,468,G Scottie Scheffler G Casey Jarvis G Ben Kohles G Andrew Putnam G Zac Blair G Aaron Wise,,,
779,5196546898,tdubbs1010,0,468,G Scottie Scheffler G Casey Jarvis G Ben Kohles G Patrick Rodgers G Zac Blair G Aaron Wise,,,
779,5196706426,morewoodhead,0,468,G Hideki Matsuyama G Jake Knapp G Tom Kim G Sungjae Im G Zac Blair G Brannon Fahrny,,,
788,5195095466,derekdog,0,467.5,G Keith Mitchell G Tom Kim G Jordan L. Smith G Sudarshan Yellamaraju G Rasmus Neergaard-Petersen G John Parry,,,
788,5196359608,TrojanMom85,0,467.5,G Scottie Scheffler G Casey Jarvis G Ben Kohles G Zac Blair G Tom Hoge G Aaron Wise,,,
788,5196488921,622995,0,467.5,G Keith Mitchell G Tom Kim G Benjamin James G Christiaan Bezuidenhout G Casey Jarvis G Zac Blair,,,
791,5194620603,whiskygolf,0,467,G Scottie Scheffler G Stephan Jaeger G Lucas Glover G Chris Kirk G Zac Blair G Erik Van Rooyen,,,
791,5194753163,beardown58,0,467,G Kurt Kitayama G Jake Knapp G Sam Stevens G Mac Meissner G Jesper Svensson G Zachary Bauchou,,,
791,5195399459,eckel21,0,467,G Jackson Koivun G Jackson Suber G Sam Stevens G Mac Meissner G Ben Kohles G Lucas Glover,,,
791,5195720901,packernation4n12,0,467,G Hideki Matsuyama G Keith Mitchell G Tom Kim G Brian Harman G Thorbjørn Olesen G Andrew Putnam,,,
791,5195854149,SWGraff,0,467,G Maverick McNealy G Tom Kim G Mac Meissner G Benjamin James G Brian Harman G Ben Kohles,,,
791,5196101130,Plummdogg,0,467,G Hideki Matsuyama G Corey Conners G Sungjae Im G Mac Meissner G Rasmus Neergaard-Petersen G Ben Kohles,,,
791,5196217707,joeydiceman1956,0,467,G Scottie Scheffler G Ricky Castillo G Emiliano Grillo G Patrick Rodgers G Tom Hoge G Mark Hubbard,,,
798,5195331652,Bseigs04,0,466.5,G Kurt Kitayama G Hideki Matsuyama G Sam Stevens G Johnny Keefer G Emiliano Grillo G Aaron Wise,,,
798,5195686912,betmguerra,0,466.5,G Scottie Scheffler G Steven Fisk G Emiliano Grillo G Ben Kohles G Stefano Mazzoli G Fabián Gómez,,,
798,5195963314,mitch714444,0,466.5,G Hideki Matsuyama G Jackson Koivun G Pierceson Coody G Jackson Suber G Zac Blair G Tyler Duncan,,,
798,5196408180,amber.gonzalez,0,466.5,G Scottie Scheffler G Emiliano Grillo G Lee Hodges G Lucas Glover G Tom Hoge G Aaron Wise,,,
798,5196472659,rollom0,0,466.5,G Maverick McNealy G Kurt Kitayama G Christiaan Bezuidenhout G Aldrich Potgieter G Stephan Jaeger G Brian Harman,,,
798,5196715488,BruisedOrange,0,466.5,G Kurt Kitayama G Tom Kim G Jackson Koivun G William Mouw G Lucas Glover G Matt Kuchar,,,
804,5195314606,M3anD3an,0,466,G Kurt Kitayama G Hideki Matsuyama G Keith Mitchell G Casey Jarvis G A.J. Ewart G Aaron Wise,,,
804,5195757252,mwindsor24,0,466,G Kurt Kitayama G Hideki Matsuyama G Sudarshan Yellamaraju G Johnny Keefer G Rasmus Neergaard-Petersen G Lucas Glover,,,
804,5196105792,metzykid23,0,466,G Maverick McNealy G Kurt Kitayama G Jordan L. Smith G Taylor Pendrith G Casey Jarvis G Ben Kohles,,,
807,5195723603,triplethreat247,0,465.5,G Hideki Matsuyama G Jackson Suber G Corey Conners G Benjamin James G Rasmus Neergaard-Petersen G Zac Blair,,,
807,5195885991,BumpAndRun2033,0,465.5,G Hideki Matsuyama G Tom Kim G Benjamin James G Christiaan Bezuidenhout G Zac Blair G Brannon Fahrny,,,
807,5196033627,mikegin624,0,465.5,G Hideki Matsuyama G Pierceson Coody G Corey Conners G Sungjae Im G Brian Harman G Joel Dahmen,,,
810,5194952728,craigp85,0,465,G Kurt Kitayama G Tom Kim G Pierceson Coody G Casey Jarvis G Ben Kohles G Mackenzie Hughes,,,
810,5195347500,tjkozal,0,465,G Scottie Scheffler G Michael Brennan G Emiliano Grillo G Austin Eckroat G Takumi Kanaya G Cameron Davis,,,
810,5196208763,mikemouser,0,465,G Hideki Matsuyama G Corey Conners G Sungjae Im G Benjamin James G Brian Harman G Ricky Castillo,,,
810,5196401833,HockeyCardsPlus,0,465,G Maverick McNealy G Keith Mitchell G Tony Finau G Michael Brennan G Casey Jarvis G Michael Kim,,,
810,5196638133,briguy13,0,465,G Scottie Scheffler G Aldrich Potgieter G Beau Hossler G Denny McCarthy G Brandt Snedeker G Joel Dahmen,,,
815,5194877697,JustBobT,0,464.5,G Scottie Scheffler G Michael Brennan G Rasmus Neergaard-Petersen G Gordon Sargent G Aaron Wise G Troy Merritt,,,
815,5195505138,jtreichert22,0,464.5,G Scottie Scheffler G Sudarshan Yellamaraju G Ben Kohles G Patrick Rodgers G Joel Dahmen G Troy Merritt,,,
815,5196583300,rwcthe10,0,464.5,G Hideki Matsuyama G Tom Kim G Max Homa G Michael Brennan G Taylor Moore G Ben Kohles,,,
815,5196682943,bnasty6721,0,464.5,G Kurt Kitayama G Tom Kim G Sungjae Im G Christiaan Bezuidenhout G Casey Jarvis G Jesper Svensson,,,
815,5196724753,Scxpress,0,464.5,G Hideki Matsuyama G Tom Kim G Max Homa G Rasmus Neergaard-Petersen G Ben Kohles G Preston Stout,,,
820,5194937163,craigie1961,0,464,G Kurt Kitayama G Corey Conners G Jordan L. Smith G Mac Meissner G Ben Kohles G Rico Hoey,,,
820,5195743824,TeamZuni,0,464,G Kurt Kitayama G Hideki Matsuyama G Tony Finau G Benjamin James G Ricky Castillo G Zac Blair,,,
820,5196083367,statnerds,0,464,G Maverick McNealy G Keith Mitchell G Sungjae Im G Max Greyserman G Casey Jarvis G Zac Blair,,,
820,5196303812,SandlotHero,0,464,G Hideki Matsuyama G Tom Kim G Mac Meissner G Sudarshan Yellamaraju G Christiaan Bezuidenhout G Zachary Bauchou,,,
824,5194682294,jmac33,0,463.5,G Scottie Scheffler G Casey Jarvis G Max McGreevy G Andrew Putnam G Zac Blair G Kevin Roy,,,
824,5195293047,jacques26,0,463.5,G Scottie Scheffler G Benjamin James G Ben Kohles G Kevin Roy G Brandt Snedeker G Kevin Streelman,,,
824,5195864225,MS-Saints-Fan,0,463.5,G Kurt Kitayama G Jackson Suber G Johnny Keefer G Casey Jarvis G Emiliano Grillo G Ben Kohles,,,
824,5196246952,WallyKhaleesiBert,0,463.5,G Kurt Kitayama G Hideki Matsuyama G Doug Ghim G William Mouw G Ben Kohles G Troy Merritt,,,
824,5196556537,stephensa15,0,463.5,G Maverick McNealy G Jackson Koivun G Mac Meissner G Benjamin James G Stephan Jaeger G Brian Harman,,,
824,5196742150,johnjohnnyc,0,463.5,G Scottie Scheffler G Ben Kohles G Mackenzie Hughes G Patrick Fishburn G Tom Hoge G Paul Peterson,,,
830,5195240104,ksrock31,0,463,G Jake Knapp G Tom Kim G Corey Conners G Christiaan Bezuidenhout G Taylor Pendrith G Mackenzie Hughes,,,
830,5195478075,mntwins2010,0,463,G Jake Knapp G Tom Kim G Jackson Suber G Michael Brennan G Brian Harman G Andrew Putnam,,,
830,5196132052,gman2562,0,463,G Kurt Kitayama G Keith Mitchell G Jackson Koivun G Johnny Keefer G Lucas Glover G Aaron Wise,,,
833,5195336704,nmec1,0,462.5,G Kurt Kitayama G Jackson Koivun G Corey Conners G Benjamin James G Lucas Glover G Tom Hoge,,,
833,5195344119,nachochopstix,0,462.5,G Maverick McNealy G Kurt Kitayama G Mac Meissner G Rasmus Neergaard-Petersen G Casey Jarvis G Rico Hoey,,,
833,5195455033,Lord-Gee,0,462.5,G Hideki Matsuyama G Jake Knapp G Tony Finau G Rasmus Neergaard-Petersen G Rasmus Højgaard G Ricky Castillo,,,
833,5195749795,ninja9legs,0,462.5,G Scottie Scheffler G Sungjae Im G Ricky Castillo G Denny McCarthy G Troy Merritt G Brannon Fahrny,,,
833,5195841694,mewsikboy,0,462.5,G Kurt Kitayama G Corey Conners G Max Homa G Michael Brennan G Rasmus Neergaard-Petersen G Casey Jarvis,,,
833,5196240690,DANCRAMER,0,462.5,G Scottie Scheffler G Hao-Tong Li G Matti Schmid G Zachary Bauchou G Austin Eckroat G Tom Hoge,,,
833,5196342876,redfish611,0,462.5,G Kurt Kitayama G Doug Ghim G Corey Conners G Johnny Keefer G Emiliano Grillo G Ben Kohles,,,
840,5195815647,cwel322,0,462,G Hideki Matsuyama G Corey Conners G Sungjae Im G Benjamin James G Rasmus Neergaard-Petersen G Ben Kohles,,,
840,5196056728,Bank_Swish_Maniac,0,462,G Scottie Scheffler G William Mouw G Casey Jarvis G Zac Blair G Joel Dahmen G Aaron Wise,,,
840,5196262165,Dubbzz,0,462,G Scottie Scheffler G Kevin Yu G Max McGreevy G Chris Kirk G Kris Ventura G Takumi Kanaya,,,
843,5195413886,scottyboy6969,0,461.5,G Scottie Scheffler G Aldrich Potgieter G Austin Smotherman G Zac Blair G Austin Eckroat G Tom Hoge,,,
843,5195464145,bzim36,0,461.5,G Scottie Scheffler G Ben Kohles G Max McGreevy G Matti Schmid G Austin Smotherman G Aaron Wise,,,
843,5195985935,BigDale1952,0,461.5,G Kurt Kitayama G Jake Knapp G Sudarshan Yellamaraju G Christiaan Bezuidenhout G Aldrich Potgieter G Ben Kohles,,,
843,5196047738,jayrwebb,0,461.5,G Scottie Scheffler G Rasmus Neergaard-Petersen G Zac Blair G Tom Hoge G Trace Crowe G Hayden Springer,,,
847,5194780710,jaksplace,0,461,G Maverick McNealy G Hideki Matsuyama G Mac Meissner G Benjamin James G Casey Jarvis G Zac Blair,,,
847,5195032424,jacobsjon,0,461,G Kurt Kitayama G Sam Stevens G Mac Meissner G Christiaan Bezuidenhout G Max Greyserman G Casey Jarvis,,,
847,5195326188,Lloydo9,0,461,G Scottie Scheffler G Jesper Svensson G Lucas Glover G Matti Schmid G A.J. Ewart G Aaron Wise,,,
847,5195529122,MadMax125,0,461,G Hideki Matsuyama G Tom Kim G Sam Stevens G Mac Meissner G Taylor Pendrith G Denny McCarthy,,,
847,5196022411,Paulo21613,0,461,G Kurt Kitayama G Sungjae Im G Jordan L. Smith G Mac Meissner G Brian Harman G Ben Kohles,,,
852,5195431658,markm22,0,460.5,G Scottie Scheffler G Sudarshan Yellamaraju G Michael Brennan G Joel Dahmen G Mark Hubbard G Tyler Duncan,,,
852,5196176748,Tully936,0,460.5,G Kurt Kitayama G Tom Kim G Mac Meissner G Christiaan Bezuidenhout G Johnny Keefer G Seamus Power,,,
852,5196336126,waiverwirewizards,0,460.5,G Kurt Kitayama G Hideki Matsuyama G Pierceson Coody G Lee Hodges G Zac Blair G Tom Hoge,,,
852,5196346176,dcw331,0,460.5,G Scottie Scheffler G Rasmus Højgaard G Ricky Castillo G Zachary Bauchou G Andrew Putnam G Davis Chatfield,,,
856,5195056021,cougarks11,0,460,G Maverick McNealy G Jackson Suber G Corey Conners G Johnny Keefer G Brian Harman G Ben Kohles,,,
856,5195363372,joshuajudges,0,460,G Kurt Kitayama G Tom Kim G Max Homa G William Mouw G Emiliano Grillo G Ben Kohles,,,
856,5196066848,AntonioMorris,0,460,G Scottie Scheffler G Max McGreevy G Lucas Glover G Andrew Putnam G Seamus Power G Neal Shipley,,,
856,5196134454,Johnnyflexin,0,460,G Kurt Kitayama G Tom Kim G Tony Finau G Sudarshan Yellamaraju G Emiliano Grillo G Patrick Fishburn,,,
856,5196201824,DigitalDreams,0,460,G Scottie Scheffler G Mac Meissner G John Parry G Rico Hoey G Fabián Gómez G Jeffrey Kang,,,
856,5196222171,statman_68,0,460,G Jake Knapp G Jackson Koivun G Pierceson Coody G William Mouw G Taylor Moore G Emiliano Grillo,,,
856,5196296584,MISMotown,0,460,G Kurt Kitayama G Tom Kim G Max Homa G William Mouw G Emiliano Grillo G Ben Kohles,,,
856,5196344745,ToNyOnTiLt,0,460,G Kurt Kitayama G Hideki Matsuyama G Jackson Suber G Ricky Castillo G Zac Blair G Adam Hadwin,,,
856,5196388200,Khines77,0,460,G Kurt Kitayama G Tom Kim G Max Homa G William Mouw G Emiliano Grillo G Ben Kohles,,,
856,5196427593,skerns51,0,460,G Jake Knapp G Jackson Suber G Corey Conners G Christiaan Bezuidenhout G Johnny Keefer G Emiliano Grillo,,,
866,5194617218,papa-sports-39,0,459.5,G Maverick McNealy G Kurt Kitayama G Benjamin James G Christiaan Bezuidenhout G Casey Jarvis G Lucas Glover,,,
866,5195999290,Mikeall331,0,459.5,G Scottie Scheffler G Gary Woodland G Austin Eckroat G Patrick Fishburn G Cameron Davis G Adam Schenk,,,
866,5196025997,wiggy0302,0,459.5,G Jackson Koivun G Doug Ghim G Jackson Suber G Sam Stevens G Ben Kohles G Lucas Glover,,,
866,5196740157,Bridgeh201,0,459.5,G Scottie Scheffler G Keita Nakajima G Zachary Bauchou G Denny McCarthy G Austin Eckroat G Brandt Snedeker,,,
870,5194779218,bsbender,0,459,G Kurt Kitayama G Tom Kim G Jackson Suber G Taylor Pendrith G Emiliano Grillo G Ben Kohles,,,
870,5194905544,iamodie,0,459,G Scottie Scheffler G Ricky Castillo G Casey Jarvis G Zac Blair G Tom Hoge G Hayden Springer,,,
870,5195076917,Berzerker1927,0,459,G Maverick McNealy G Max Homa G Mac Meissner G Christiaan Bezuidenhout G Emiliano Grillo G Ben Kohles,,,
870,5195648869,Timmy_Mac,0,459,G Scottie Scheffler G Tony Finau G Patrick Rodgers G Seamus Power G Kevin Roy G Troy Merritt,,,
870,5195931427,atorres805,0,459,G Scottie Scheffler G Max Homa G Michael Kim G Mark Hubbard G Joe Highsmith G Kevin Streelman,,,
870,5195984727,JAMASULA,0,459,G Hideki Matsuyama G Tom Kim G Sungjae Im G Tony Finau G Brian Harman G Austin Eckroat,,,
870,5196118225,Tbwspartan,0,459,G Scottie Scheffler G Benjamin James G Zac Blair G Tom Hoge G Joel Dahmen G Will Gordon,,,
870,5196422949,mknudson33,0,459,G Scottie Scheffler G Tom Kim G Casey Jarvis G Fabián Gómez G Troy Merritt G Jeremy Paul,,,
878,5194737813,mightPeck,0,458.5,G Jake Knapp G Jackson Koivun G Mac Meissner G Benjamin James G Sudarshan Yellamaraju G Ben Kohles,,,
878,5195220665,hightopsfeet,0,458.5,G Hideki Matsuyama G Gary Woodland G Corey Conners G Sungjae Im G John Parry G Andrew Putnam,,,
878,5196292765,CDA80,0,458.5,G Hideki Matsuyama G Tom Kim G Jackson Suber G Benjamin James G Mackenzie Hughes G Zac Blair,,,
878,5196718050,mammola,0,458.5,G Hideki Matsuyama G Corey Conners G Max Homa G Sudarshan Yellamaraju G Rasmus Neergaard-Petersen G Ben Kohles,,,
878,5196733602,Smitty15,0,458.5,G Scottie Scheffler G Rasmus Neergaard-Petersen G Lucas Glover G Chad Ramey G Erik Van Rooyen G Joel Dahmen,,,
883,5195077710,trucker2448,0,458,G Scottie Scheffler G Benjamin James G Casey Jarvis G Zac Blair G Hayden Springer G Troy Merritt,,,
883,5195248183,ulylz,0,458,G Jackson Koivun G Corey Conners G Sam Stevens G Benjamin James G Sudarshan Yellamaraju G Michael Brennan,,,
883,5195505130,Dragons32,0,458,G Kurt Kitayama G Doug Ghim G Mac Meissner G Christiaan Bezuidenhout G Ben Kohles G Zac Blair,,,
883,5195774365,SCGirl87,0,458,G Keith Mitchell G Jackson Koivun G Max Homa G Sudarshan Yellamaraju G John Parry G Mackenzie Hughes,,,
887,5195821051,jcarlson7,0,457.5,G Jake Knapp G Jackson Koivun G Jackson Suber G Johnny Keefer G Ben Kohles G Preston Stout,,,
887,5196023641,dirtytrees,0,457.5,G Maverick McNealy G Kurt Kitayama G Rasmus Neergaard-Petersen G William Mouw G Steven Fisk G Brian Harman,,,
887,5196634206,Cowboys19752000,0,457.5,G Kurt Kitayama G Hideki Matsuyama G Benjamin James G Sudarshan Yellamaraju G Casey Jarvis G John Parry,,,
890,5195079069,jhiggins050,0,457,G Kurt Kitayama G Keith Mitchell G Sam Stevens G William Mouw G Emiliano Grillo G A.J. Ewart,,,
890,5196077490,brodyvegas,0,457,G Maverick McNealy G Kurt Kitayama G Tom Kim G Sam Stevens G Dylan Wu G Kevin Streelman,,,
890,5196171997,pearale,0,457,G Kurt Kitayama G Tom Kim G Doug Ghim G Casey Jarvis G Beau Hossler G Ben Kohles,,,
890,5196289535,WULFIE101,0,457,G Hideki Matsuyama G Keith Mitchell G Jackson Suber G John Parry G Zac Blair G Tom Hoge,,,
890,5196331823,gsbuckles,0,457,G Kurt Kitayama G Hideki Matsuyama G Doug Ghim G William Mouw G A.J. Ewart G Zac Blair,,,
895,5194707043,socoaj99,0,456.5,G Scottie Scheffler G Kevin Yu G Lucas Glover G Andrew Putnam G Zac Blair G Aaron Wise,,,
895,5194931957,Cabulance34,0,456.5,G Hideki Matsuyama G Keith Mitchell G Max Homa G William Mouw G Brian Harman G Mackenzie Hughes,,,
895,5195381970,dwayne4500,0,456.5,G Kurt Kitayama G Hideki Matsuyama G Keith Mitchell G Corey Conners G Fabián Gómez G Jeremy Paul,,,
895,5196037753,Drewk405,0,456.5,G Tom Kim G Gary Woodland G Max Homa G Sungjae Im G Max Greyserman G Denny McCarthy,,,
899,5194774288,mullaner,0,456,G Maverick McNealy G Kurt Kitayama G Mac Meissner G Christiaan Bezuidenhout G Emiliano Grillo G Andrew Putnam,,,
899,5195838770,RLMaris,0,456,G Maverick McNealy G Kurt Kitayama G Keith Mitchell G Casey Jarvis G Ben Kohles G Peter Malnati,,,
899,5195997556,JSB31,0,456,G Kurt Kitayama G Keith Mitchell G Mac Meissner G Taylor Moore G Emiliano Grillo G Ben Kohles,,,
899,5196230923,luckie1710,0,456,G Keith Mitchell G Jake Knapp G Sudarshan Yellamaraju G Michael Brennan G William Mouw G Emiliano Grillo,,,
899,5196417760,bart5175,0,456,G Scottie Scheffler G Max Homa G Brian Harman G Joel Dahmen G Fabián Gómez G Charley Hoffman,,,
899,5196716481,scdirtydawgs,0,456,G Kurt Kitayama G Tom Kim G Max Homa G Benjamin James G Emiliano Grillo G Zac Blair,,,
905,5195125935,obutimo,0,455.5,G Kurt Kitayama G Hideki Matsuyama G Jake Knapp G Thorbjørn Olesen G Lucas Glover G Luke Clanton,,,
905,5196321483,opieherman,0,455.5,G Scottie Scheffler G Davis Thompson G Aldrich Potgieter G Lucas Glover G Trace Crowe G Davis Riley,,,
905,5196412013,19Philthy,0,455.5,G Scottie Scheffler G Stephan Jaeger G Mackenzie Hughes G Patrick Rodgers G Zac Blair G Mark Hubbard,,,
905,5196683685,Erks81,0,455.5,G Kurt Kitayama G Corey Conners G Max Homa G Michael Kim G Lee Hodges G Rico Hoey,,,
909,5195049698,Jiminyspricket,0,455,G Scottie Scheffler G Tony Finau G Lee Hodges G Zac Blair G Cameron Champ G Troy Merritt,,,
909,5195303874,K1ngOfHearts,0,455,G Hideki Matsuyama G Tom Kim G Max Homa G Christiaan Bezuidenhout G William Mouw G Chris Kirk,,,
909,5195385130,DMATH,0,455,G Scottie Scheffler G Davis Thompson G Lucas Glover G Matti Schmid G Ryder Cowan G Cameron Davis,,,
909,5195695748,wt.boyd,0,455,G Kurt Kitayama G Jackson Suber G Corey Conners G Christiaan Bezuidenhout G Ricky Castillo G Casey Jarvis,,,
909,5195757327,Majik1016,0,455,G Kurt Kitayama G Hideki Matsuyama G Tom Kim G Kevin Yu G Takumi Kanaya G Dylan Wu,,,
909,5196504629,hiltweed,0,455,G Scottie Scheffler G Johnny Keefer G Emiliano Grillo G Seamus Power G Luke List G Joe Highsmith,,,
915,5195112042,kbw612,0,454.5,G Hideki Matsuyama G Keith Mitchell G Corey Conners G Max Homa G Casey Jarvis G Troy Merritt,,,
915,5195427763,jasonetate,0,454.5,G Tom Kim G Corey Conners G Sam Stevens G Jordan L. Smith G Taylor Pendrith G Emiliano Grillo,,,
915,5196023467,cdh601,0,454.5,G Scottie Scheffler G Ricky Castillo G John Parry G Tom Hoge G Kevin Roy G Chad Ramey,,,
915,5196341788,jtreap,0,454.5,G Jake Knapp G Gary Woodland G Jordan L. Smith G Mac Meissner G Benjamin James G Ben Kohles,,,
915,5196744837,acesfull59,0,454.5,G Kurt Kitayama G Tom Kim G Sudarshan Yellamaraju G Christiaan Bezuidenhout G Davis Thompson G Rasmus Højgaard,,,
920,5194682240,brygil,0,454,G Scottie Scheffler G Stephan Jaeger G Denny McCarthy G Seamus Power G Tom Hoge G David Lipsky,,,
920,5195403644,vijes10,0,454,G Scottie Scheffler G Ricky Castillo G Mackenzie Hughes G Andrew Putnam G Zac Blair G David Lipsky,,,
920,5196086223,ocs4545,0,454,G Jake Knapp G Tony Finau G Benjamin James G Michael Brennan G Rasmus Neergaard-Petersen G Ben Kohles,,,
920,5196216581,freeRB58,0,454,G Maverick McNealy G Tom Kim G Sam Stevens G Christiaan Bezuidenhout G Stephan Jaeger G Zachary Bauchou,,,
920,5196677148,MarcoRacin,0,454,G Scottie Scheffler G Benjamin James G Ricky Castillo G Zac Blair G Erik Van Rooyen G Troy Merritt,,,
925,5195353732,Shockers3434,0,453.5,G Maverick McNealy G Kurt Kitayama G Tom Kim G Corey Conners G Tyler Duncan G Troy Merritt,,,
925,5195759183,bjbsnoop,0,453.5,G Maverick McNealy G Tom Kim G Corey Conners G Christiaan Bezuidenhout G Mackenzie Hughes G Andrew Putnam,,,
925,5195838218,Bac0n301,0,453.5,G Tom Kim G Jackson Suber G Gary Woodland G Benjamin James G Rasmus Neergaard-Petersen G Ben Kohles,,,
925,5196475472,Tomd3,0,453.5,G Scottie Scheffler G William Mouw G Ricky Castillo G Casey Jarvis G Zac Blair G Brannon Fahrny,,,
929,5195042981,mcbird11,0,453,G Scottie Scheffler G Jesper Svensson G Lucas Glover G Andrew Putnam G Zac Blair G Tom Hoge,,,
929,5195223447,mcJoJo1313,0,453,G Scottie Scheffler G Steven Fisk G Ben Kohles G Lee Hodges G Tom Hoge G Troy Merritt,,,
929,5196220767,ihateurmomsson,0,453,G Kurt Kitayama G Tom Kim G Jackson Suber G William Mouw G Emiliano Grillo G Zachary Bauchou,,,
929,5196420262,ahayet1,0,453,G Maverick McNealy G Corey Conners G Sungjae Im G Jordan L. Smith G Casey Jarvis G Ben Kohles,,,
929,5196499154,free1jer,0,453,G Scottie Scheffler G Christiaan Bezuidenhout G Patrick Rodgers G Chris Kirk G Mark Hubbard G Joe Highsmith,,,
929,5196657815,jdwestrick,0,453,G Scottie Scheffler G Adrien Dumont De Chassart G Patrick Rodgers G Austin Smotherman G Billy Horschel G Austin Eckroat,,,
935,5194603056,JRBucks34,0,452.5,G Kurt Kitayama G Jackson Suber G Mac Meissner G Christiaan Bezuidenhout G Max Greyserman G Ben Kohles,,,
935,5195351926,kramerap59,0,452.5,G Maverick McNealy G Kurt Kitayama G Hideki Matsuyama G Mackenzie Hughes G Hayden Springer G David Lipsky,,,
935,5195693352,snapplant,0,452.5,G Scottie Scheffler G Benjamin James G Casey Jarvis G Zac Blair G Kevin Roy G Brannon Fahrny,,,
935,5196136678,kngof9ex,0,452.5,G Kurt Kitayama G Doug Ghim G Jackson Suber G Casey Jarvis G Emiliano Grillo G Ben Kohles,,,
935,5196176725,bibby11,0,452.5,G Kurt Kitayama G Doug Ghim G Jackson Suber G Casey Jarvis G Emiliano Grillo G Ben Kohles,,,
935,5196246384,bigdog531555,0,452.5,G Kurt Kitayama G Hideki Matsuyama G Jackson Suber G Rasmus Neergaard-Petersen G Lucas Glover G Erik Van Rooyen,,,
935,5196268482,choman9477,0,452.5,G Keith Mitchell G Gary Woodland G Sungjae Im G Christiaan Bezuidenhout G Stephan Jaeger G Brian Harman,,,
935,5196680958,Brettmac38,0,452.5,G Jackson Koivun G Doug Ghim G Jackson Suber G Michael Brennan G Johnny Keefer G Ben Kohles,,,
935,5196691712,lecomte21,0,452.5,G Keith Mitchell G Jackson Koivun G Jordan L. Smith G Benjamin James G William Mouw G Casey Jarvis,,,
944,5194592698,Shdwmoses,0,452,G Keith Mitchell G Jackson Koivun G Jackson Suber G Mac Meissner G Mackenzie Hughes G Lucas Glover,,,
944,5195571065,BigFish2,0,452,G Maverick McNealy G Kurt Kitayama G Hideki Matsuyama G Max Greyserman G Takumi Kanaya G Brannon Fahrny,,,
944,5196160652,Bigbrown23,0,452,G Kurt Kitayama G Pierceson Coody G Gary Woodland G Max Greyserman G Stephan Jaeger G Michael Kim,,,
944,5196183323,BobbySessions,0,452,G Hideki Matsuyama G Jackson Koivun G Max Homa G Benjamin James G Michael Brennan G Aaron Wise,,,
944,5196220537,BigLu322,0,452,G Maverick McNealy G Hideki Matsuyama G Sudarshan Yellamaraju G Christiaan Bezuidenhout G Stephan Jaeger G Mackenzie Hughes,,,
944,5196701350,gset21,0,452,G Hideki Matsuyama G Tom Kim G Jackson Suber G Corey Conners G Adrien Dumont De Chassart G Davis Chatfield,,,
950,5194661682,joka290,0,451.5,G Scottie Scheffler G Sam Stevens G Zac Blair G Joel Dahmen G Aaron Wise G Harry Higgs,,,
950,5194942294,krabby13,0,451.5,G Scottie Scheffler G Beau Hossler G Mackenzie Hughes G Zachary Bauchou G Patrick Rodgers G Lanto Griffin,,,
950,5195139168,mlief,0,451.5,G Scottie Scheffler G Ben Kohles G Lucas Glover G Zachary Bauchou G Andrew Putnam G Aaron Wise,,,
950,5195996764,goofybh207,0,451.5,G Scottie Scheffler G Max McGreevy G Denny McCarthy G Andrew Putnam G Billy Horschel G Tom Hoge,,,
950,5196708312,frentzy,0,451.5,G Scottie Scheffler G Hideki Matsuyama G Austin Eckroat G Cameron Davis G Troy Merritt G Jeremy Paul,,,
950,5196725447,mcalpine10,0,451.5,G Scottie Scheffler G Ricky Castillo G Patrick Rodgers G Austin Smotherman G Ryder Cowan G Kevin Roy,,,
956,5194973644,Golferinsc,0,451,G Kurt Kitayama G Corey Conners G Sam Stevens G Mac Meissner G Rasmus Neergaard-Petersen G Ricky Castillo,,,
956,5196294239,SenorJerky,0,451,G Kurt Kitayama G Tom Kim G Max Homa G Christiaan Bezuidenhout G Casey Jarvis G Lucas Glover,,,
956,5196662552,natureboy14,0,451,G Hideki Matsuyama G Gary Woodland G Corey Conners G Benjamin James G Stephan Jaeger G Casey Jarvis,,,
959,5195318670,princefnunez,0,450.5,G Jake Knapp G Tom Kim G Sam Stevens G Tony Finau G Ricky Castillo G Lee Hodges,,,
959,5195325701,tkanne24,0,450.5,G Hideki Matsuyama G Tom Kim G Jackson Koivun G Jackson Suber G Cameron Davis G Brice Garnett,,,
959,5195656274,wrhgo,0,450.5,G Maverick McNealy G Jake Knapp G Sungjae Im G Rasmus Neergaard-Petersen G Aldrich Potgieter G Zac Blair,,,
959,5195761522,stevviev,0,450.5,G Kurt Kitayama G Keith Mitchell G Gary Woodland G Mac Meissner G Emiliano Grillo G Cameron Davis,,,
959,5196075217,Clydeahart,0,450.5,G Scottie Scheffler G Matti Schmid G Zachary Bauchou G Patrick Rodgers G Andrew Putnam G Zac Blair,,,
959,5196077255,EZ3LL,0,450.5,G Maverick McNealy G Jake Knapp G Mac Meissner G Davis Thompson G Rasmus Højgaard G Ricky Castillo,,,
959,5196090213,lmoney4,0,450.5,G Scottie Scheffler G Johnny Keefer G Zac Blair G Austin Eckroat G Tom Hoge G Mark Hubbard,,,
959,5196645730,kkenning82,0,450.5,G Jake Knapp G Corey Conners G Max Homa G Sungjae Im G Brian Harman G Ben Kohles,,,
967,5194715018,PopFlyBoy,0,450,G Maverick McNealy G Pierceson Coody G Sam Stevens G Mac Meissner G Emiliano Grillo G Denny McCarthy,,,
967,5194967382,JoeB2021,0,450,G Kurt Kitayama G Pierceson Coody G Sam Stevens G Michael Brennan G Casey Jarvis G John Parry,,,
967,5195686178,perchking,0,450,G Scottie Scheffler G Emiliano Grillo G Lucas Glover G A.J. Ewart G Andrew Putnam G Aaron Wise,,,
967,5195853814,krdaddy2002,0,450,G Scottie Scheffler G Benjamin James G Mackenzie Hughes G Zac Blair G Tom Hoge G Troy Merritt,,,
967,5196398384,scottie332,0,450,G Scottie Scheffler G Lee Hodges G Jesper Svensson G Matt Kuchar G Zac Blair G David Skinns,,,
967,5196528842,theeapplehead,0,450,G Kurt Kitayama G Hideki Matsuyama G Max Homa G William Mouw G Ben Kohles G A.J. Ewart,,,
973,5194687306,mattyd2326,0,449.5,G Scottie Scheffler G Kurt Kitayama G Justin Lower G Fabián Gómez G Adam Svensson G Hank Lebioda,,,
973,5194720906,WHITGAR,0,449.5,G Scottie Scheffler G Sungjae Im G Zac Blair G Kevin Roy G Stefano Mazzoli G Troy Merritt,,,
973,5194977933,emort00,0,449.5,G Scottie Scheffler G Mac Meissner G Casey Jarvis G Zac Blair G Aaron Wise G Troy Merritt,,,
973,5195180497,crc505,0,449.5,G Kurt Kitayama G Tom Kim G Pierceson Coody G Aldrich Potgieter G Ben Kohles G Zac Blair,,,
973,5196172906,rmnewman11,0,449.5,G Tom Kim G Jackson Koivun G Corey Conners G Sudarshan Yellamaraju G Taylor Pendrith G A.J. Ewart,,,
973,5196401111,DanielTy,0,449.5,G Scottie Scheffler G Sudarshan Yellamaraju G Matti Schmid G Zachary Bauchou G David Lipsky G Kevin Streelman,,,
973,5196541152,Scallywags32,0,449.5,G Scottie Scheffler G Davis Thompson G Andrew Putnam G Zac Blair G Ryder Cowan G Hayden Springer,,,
973,5196679257,TheGame2169,0,449.5,G Hideki Matsuyama G Keith Mitchell G Corey Conners G Johnny Keefer G Ben Kohles G Tom Hoge,,,
981,5194589689,sapple67,0,449,G Scottie Scheffler G Jackson Suber G Zac Blair G David Lipsky G Jimmy Stanger G Troy Merritt,,,
981,5194661009,badgerboy0513,0,449,G Maverick McNealy G Hideki Matsuyama G Christiaan Bezuidenhout G Johnny Keefer G Aldrich Potgieter G Beau Hossler,,,
981,5195221403,jakethesnake83,0,449,G Kurt Kitayama G Keith Mitchell G Tom Kim G Casey Jarvis G Lee Hodges G Tom Hoge,,,
981,5195479158,Cheng79,0,449,G Maverick McNealy G Kurt Kitayama G Sam Stevens G Stephan Jaeger G Kevin Yu G Lucas Glover,,,
981,5195859717,camiguin2023,0,449,G Tom Kim G Jackson Koivun G Sungjae Im G Sudarshan Yellamaraju G Davis Thompson G Rasmus Højgaard,,,
981,5196163000,lmb1013,0,449,G Kurt Kitayama G Tom Kim G Pierceson Coody G Rasmus Neergaard-Petersen G Denny McCarthy G Tom Hoge,,,
981,5196210794,bdeboom,0,449,G Hideki Matsuyama G Pierceson Coody G Tony Finau G Ben Kohles G Zac Blair G Trace Crowe,,,
988,5194843192,clemsonsmartguy,0,448.5,G Maverick McNealy G Kurt Kitayama G Pierceson Coody G Emiliano Grillo G Ben Kohles G Aaron Wise,,,
988,5195893175,hugbug3,0,448.5,G Hideki Matsuyama G Corey Conners G Max Homa G Jordan L. Smith G Taylor Pendrith G Emiliano Grillo,,,
990,5194647316,gijoe1866,0,448,G Tom Kim G Jackson Koivun G Mac Meissner G Sudarshan Yellamaraju G Johnny Keefer G Rasmus Neergaard-Petersen,,,
990,5194725740,MakeMyDay7,0,448,G Hideki Matsuyama G Tom Kim G Tony Finau G Christiaan Bezuidenhout G Rasmus Højgaard G Ricky Castillo,,,
990,5194789652,lennon727,0,448,G Scottie Scheffler G Benjamin James G Lucas Glover G Zac Blair G Tom Hoge G Troy Merritt,,,
990,5195393274,JoeSawtna,0,448,G Tom Kim G Doug Ghim G Sungjae Im G Christiaan Bezuidenhout G Rasmus Neergaard-Petersen G Davis Thompson,,,
990,5195946825,robriches88,0,448,G Maverick McNealy G Hideki Matsuyama G Max Homa G Casey Jarvis G Ben Kohles G Keita Nakajima,,,
990,5196089726,riverpirate,0,448,G Hideki Matsuyama G Tom Kim G Benjamin James G Christiaan Bezuidenhout G Ricky Castillo G Patrick Rodgers,,,
990,5196540877,kbb19622,0,448,G Jake Knapp G Tom Kim G Doug Ghim G Johnny Keefer G Brian Harman G A.J. Ewart,,,
990,5196563976,elwaymh7,0,448,G Kurt Kitayama G Keith Mitchell G Jackson Suber G Emiliano Grillo G Patrick Rodgers G Zac Blair,,,
990,5196676869,natlandry,0,448,G Kurt Kitayama G Hideki Matsuyama G Max Homa G Sungjae Im G Ben Kohles G Troy Merritt,,,
999,5194791658,SlayJaxx,0,447.5,G Scottie Scheffler G Taylor Moore G Denny McCarthy G Patrick Rodgers G Zac Blair G Chad Ramey,,,
999,5194795168,Gatorslug,0,447.5,G Maverick McNealy G Hideki Matsuyama G Tom Kim G Ricky Castillo G Andrew Putnam G Hayden Springer,,,
999,5195307627,jtmittl,0,447.5,G Scottie Scheffler G Taylor Pendrith G Casey Jarvis G Mackenzie Hughes G Billy Horschel G Tyler Duncan,,,
999,5195488671,ZitZoo,0,447.5,G Kurt Kitayama G Pierceson Coody G Jordan L. Smith G Michael Brennan G William Mouw G Brian Harman,,,
999,5196182328,CFinch,0,447.5,G Jackson Koivun G Jackson Suber G Benjamin James G Michael Brennan G Johnny Keefer G Rasmus Neergaard-Petersen,,,
999,5196394806,KThurman101,0,447.5,G Hideki Matsuyama G Jackson Suber G Corey Conners G Michael Brennan G Johnny Keefer G Lucas Glover,,,
999,5196649469,subeehon,0,447.5,G Tom Kim G Gary Woodland G Sungjae Im G Christiaan Bezuidenhout G Johnny Keefer G Rasmus Neergaard-Petersen,,,