Rank,EntryId,EntryName,TimeRemaining,Points,Lineup,,Player,Roster Position,%Drafted,FPTS
1,5200888401,kepenekela,0,616.5,G Xander Schauffele G Patrick Cantlay G Michael Thorbjornsen G Rickie Fowler G Mac Meissner G Rico Hoey,,Chris Gotterup,G,30.45%,27.5
2,5201881926,Scottw309,0,598.5,G Xander Schauffele G Ryan Gerard G Michael Thorbjornsen G Rickie Fowler G Davis Thompson G Emiliano Grillo,,Cameron Young,G,29.95%,87
3,5202315392,LRoyTheKing,0,595,G Xander Schauffele G Jackson Koivun G Michael Thorbjornsen G Michael Brennan G Mac Meissner G Luke Clanton,,Jake Knapp,G,26.58%,45
4,5202186572,HakeemTheDream,0,593,G Xander Schauffele G Hideki Matsuyama G Ryan Gerard G Michael Thorbjornsen G Michael Kim G William Mouw,,Hideki Matsuyama,G,26.28%,98
5,5202866176,ehr16,0,591.5,G Xander Schauffele G Hideki Matsuyama G Rickie Fowler G Keegan Bradley G Matt Wallace G Mac Meissner,,Si Woo Kim,G,25.87%,75
6,5202469272,csurunnerccr,0,587.5,G Xander Schauffele G Jackson Koivun G Michael Thorbjornsen G Corey Conners G Emiliano Grillo G Rico Hoey,,Ben Kohles,G,23.79%,86
7,5202192305,bonesteelm,0,579.5,G Xander Schauffele G Russell Henley G Michael Thorbjornsen G Keegan Bradley G Davis Thompson G Zecheng Dou,,Jacob Bridgeman,G,23.49%,78
8,5200694960,PrimeTimeTK11,0,579,G Xander Schauffele G Patrick Cantlay G Michael Thorbjornsen G Keegan Bradley G Corey Conners G Jordan L. Smith,,Ryan Gerard,G,21.37%,99.5
9,5203218287,Kvegas3645,0,568.5,G Cameron Young G Hideki Matsuyama G Michael Thorbjornsen G Davis Thompson G Jackson Suber G Sungjae Im,,Wyndham Clark,G,19.99%,21
10,5202946063,Paul322,0,568,G Russell Henley G J.J. Spaun G Ryan Gerard G Michael Thorbjornsen G Rickie Fowler G Michael Kim,,Jackson Koivun,G,18.61%,76.5
11,5202576748,lakeside2220,0,567.5,G Cameron Young G Hideki Matsuyama G Michael Thorbjornsen G Doug Ghim G Kevin Roy G Luke Clanton,,Ryo Hisatsune,G,17.90%,62
12,5202535222,TheDCarman,0,565.5,G Jackson Koivun G Ryan Gerard G Michael Thorbjornsen G Rickie Fowler G Michael Brennan G Marco Penge,,Jackson Suber,G,15.78%,69.5
13,5202642939,gsbuckles,0,564,G Russell Henley G Hideki Matsuyama G Ryan Gerard G Michael Brennan G Davis Thompson G Doug Ghim,,Russell Henley,G,15.78%,91
14,5202401651,MnMoney,0,563.5,G Cameron Young G Ryan Gerard G Rickie Fowler G Michael Brennan G Corey Conners G Mac Meissner,,Rickie Fowler,G,14.43%,91
15,5200910897,Skralph,0,563,G Cameron Young G Nicolai Højgaard G Michael Thorbjornsen G Keegan Bradley G Davis Thompson G Corey Conners,,Akshay Bhatia,G,13.56%,29.5
16,5203254716,Uaintredi,0,559,G Jackson Koivun G Hideki Matsuyama G Ryan Gerard G Michael Thorbjornsen G Jackson Suber G Ben Kohles,,Davis Thompson,G,13.46%,99.5
17,5202814147,johnjrp,0,558.5,G Xander Schauffele G Hideki Matsuyama G Ryan Gerard G Jacob Bridgeman G Ricky Castillo G Sungjae Im,,Ben Griffin,G,13.06%,29
18,5202964160,DukeStreetKings64,0,558,G Cameron Young G Patrick Cantlay G Rickie Fowler G Davis Thompson G Ben Kohles G Rasmus Højgaard,,J.J. Spaun,G,12.92%,68
18,5203192199,DrNickIsIn,0,558,G Russell Henley G Patrick Cantlay G Ryan Gerard G Keegan Bradley G Davis Thompson G Corey Conners,,Xander Schauffele,G,11.78%,110
20,5202859142,AresArrow,0,557.5,G Si Woo Kim G Jackson Koivun G Michael Thorbjornsen G Michael Brennan G Marco Penge G Rico Hoey,,Corey Conners,G,9.99%,95
21,5203207212,RunWired,0,556.5,G Xander Schauffele G Hideki Matsuyama G Michael Brennan G Jacob Bridgeman G Keegan Bradley G Sungjae Im,,Patrick Cantlay,G,9.79%,86.5
22,5200885308,LilLeoGiesige,0,554,G Xander Schauffele G Patrick Cantlay G Hideki Matsuyama G Jordan Spieth G Corey Conners G Luke Clanton,,Nicolai Højgaard,G,9.39%,65.5
22,5201977509,cappo8,0,554,G Cameron Young G Nicolai Højgaard G Michael Thorbjornsen G Rickie Fowler G Corey Conners G Ben Kohles,,Christiaan Bezuidenhout,G,8.98%,64.5
24,5202534610,mjscott8824,0,551.5,G Cameron Young G Patrick Cantlay G Michael Thorbjornsen G Keegan Bradley G Doug Ghim G Sungjae Im,,Michael Thorbjornsen,G,8.68%,129.5
24,5202952297,Steelheads14,0,551.5,G Russell Henley G Hideki Matsuyama G Ryan Gerard G Michael Brennan G Jacob Bridgeman G Ben Kohles,,Rasmus Neergaard-Petersen,G,8.01%,28.5
26,5201533251,jbgolfs,0,551,G Cameron Young G Patrick Cantlay G Hideki Matsuyama G Davis Thompson G Chris Kirk G Kevin Roy,,Michael Brennan,G,7.87%,99
27,5201218574,bobsbullys,0,549,G Hideki Matsuyama G Jake Knapp G Ryan Gerard G Michael Thorbjornsen G Rickie Fowler G Ben Kohles,,Chandler Phillips,G,7.37%,24.5
27,5202909237,Highlander72,0,549,G Hideki Matsuyama G Jake Knapp G Ryan Gerard G Michael Thorbjornsen G Rickie Fowler G Ben Kohles,,Emiliano Grillo,G,7.37%,69
27,5202909732,scmattg,0,549,G Patrick Cantlay G Hideki Matsuyama G Ryan Gerard G Jacob Bridgeman G Corey Conners G Mac Meissner,,Zac Blair,G,6.90%,63.5
30,5203228380,calyboypauly,0,548,G Jackson Koivun G Nicolai Højgaard G Michael Thorbjornsen G Rickie Fowler G Michael Brennan G Keegan Bradley,,Sungjae Im,G,6.73%,85
31,5201902675,go11zips,0,546,G Jackson Koivun G Hideki Matsuyama G Ryan Gerard G Rickie Fowler G Corey Conners G Ben Kohles,,Keegan Bradley,G,6.59%,86.5
32,5201036920,jturner1128,0,545.5,G Xander Schauffele G Ryan Gerard G Jacob Bridgeman G Keegan Bradley G Jordan Spieth G Corey Conners,,Eric Cole,G,6.29%,30.5
32,5201588101,meaderry,0,545.5,G Xander Schauffele G Jackson Koivun G Michael Thorbjornsen G Michael Brennan G Max Greyserman G Matthew McCarty,,Denny McCarthy,G,5.32%,23.5
34,5202645517,3TimesLooney,0,545,G Xander Schauffele G Hideki Matsuyama G Rickie Fowler G Keegan Bradley G Corey Conners G Christiaan Bezuidenhout,,Johnny Keefer,G,5.11%,67
35,5202050312,mbolen18,0,544,G Xander Schauffele G Russell Henley G Nicolai Højgaard G Davis Thompson G Ben Kohles G Mac Meissner,,Ricky Castillo,G,4.88%,88
35,5202908865,daldi,0,544,G Xander Schauffele G Hideki Matsuyama G Ryan Gerard G Corey Conners G Doug Ghim G Christiaan Bezuidenhout,,Jordan Spieth,G,4.68%,76.5
37,5201922449,sboynton10,0,542,G Cameron Young G Jake Knapp G Michael Thorbjornsen G Davis Thompson G Corey Conners G Ben Kohles,,Jordan L. Smith,G,4.27%,71.5
37,5202221044,moosh20,0,542,G Cameron Young G Patrick Cantlay G Ryan Gerard G Corey Conners G Michael Kim G Sungjae Im,,Max Greyserman,G,3.70%,65.5
37,5202717934,SuperSqueak,0,542,G Cameron Young G Xander Schauffele G Davis Thompson G Jordan L. Smith G Michael Kim G Sungjae Im,,Nick Taylor,G,3.67%,56
40,5200646349,sapple67,0,541,G Si Woo Kim G Hideki Matsuyama G Michael Thorbjornsen G Michael Brennan G Marco Penge G Jackson Suber,,Kevin Yu,G,3.67%,77.5
40,5202529491,Bgoebert,0,541,G Hideki Matsuyama G Jake Knapp G Ryan Gerard G Michael Thorbjornsen G Davis Thompson G Jackson Suber,,Chris Kirk,G,3.63%,92
42,5200798590,JTFarley,0,540.5,G Xander Schauffele G Hideki Matsuyama G Rickie Fowler G Davis Thompson G Jordan Spieth G Max Greyserman,,Benjamin James,G,3.57%,73.5
42,5201828290,Cheezhead992000,0,540.5,G Cameron Young G Xander Schauffele G Ryan Gerard G Sungjae Im G Chris Kirk G William Mouw,,Aldrich Potgieter,G,3.50%,28
44,5202826298,companionij,0,540,G Cameron Young G Patrick Cantlay G Michael Thorbjornsen G Keegan Bradley G Max Greyserman G Sungjae Im,,Mac Meissner,G,3.40%,92
45,5201486467,Blackshearbeauty,0,539.5,G Si Woo Kim G Jackson Koivun G Russell Henley G Hideki Matsuyama G Luke Clanton G Davis Riley,,Doug Ghim,G,3.36%,77
46,5201577301,Murph387,0,539,G Si Woo Kim G Patrick Cantlay G Hideki Matsuyama G Davis Thompson G Corey Conners G Sungjae Im,,Michael Kim,G,3.16%,89
46,5203091302,josephje,0,539,G Cameron Young G Patrick Cantlay G Ryan Gerard G Corey Conners G Ben Kohles G Sungjae Im,,Harris English,G,2.96%,52.5
48,5202874841,jpbugeater,0,538,G Russell Henley G Hideki Matsuyama G J.J. Spaun G Keegan Bradley G Davis Thompson G Corey Conners,,Billy Horschel,G,2.79%,32.5
49,5202325686,judygiese,0,537.5,G Cameron Young G Xander Schauffele G Michael Brennan G Keegan Bradley G William Mouw G Kevin Roy,,Marco Penge,G,2.59%,70
50,5202530160,ajmack01,0,537,G Si Woo Kim G Russell Henley G Ryan Gerard G Michael Brennan G Corey Conners G Kevin Yu,,Nicolas Echavarria,G,2.56%,29
51,5200911542,haraz,0,536.5,G Cameron Young G Jackson Koivun G Michael Thorbjornsen G Davis Thompson G Doug Ghim G William Mouw,,William Mouw,G,2.42%,67
52,5201053336,alb1753,0,536,G Xander Schauffele G Patrick Cantlay G Rickie Fowler G Jordan Spieth G Corey Conners G Doug Ghim,,Kevin Roy,G,2.22%,88
53,5203063994,joeystorey813,0,534.5,G Cameron Young G J.J. Spaun G Michael Thorbjornsen G Keegan Bradley G Mac Meissner G Jordan L. Smith,,Sudarshan Yellamaraju,G,2.19%,29
54,5201451524,tonychrome,0,534,G Cameron Young G Russell Henley G Rickie Fowler G Davis Thompson G Benjamin James G Chris Kirk,,Lucas Glover,G,2.12%,22.5
54,5202010520,PJP_StaqOtheMAC,0,534,G Cameron Young G Ryan Gerard G Michael Thorbjornsen G Marco Penge G Ryo Hisatsune G Ben Kohles,,Andrew Putnam,G,2.05%,30.5
54,5202310269,burgdl16,0,534,G Jackson Koivun G Russell Henley G Patrick Cantlay G Michael Brennan G Matt Wallace G William Mouw,,John Parry,G,2.02%,26.5
57,5201735044,cain5150,0,532.5,G Xander Schauffele G Patrick Cantlay G Hideki Matsuyama G Jackson Suber G Ricky Castillo G Stephan Jaeger,,Pierceson Coody,G,1.95%,30.5
58,5201338211,mulamontega,0,531.5,G Xander Schauffele G Hideki Matsuyama G Jacob Bridgeman G Corey Conners G Doug Ghim G Benjamin James,,Tony Finau,G,1.82%,59.5
59,5201238791,pinkandbrown44,0,531,G Xander Schauffele G Hideki Matsuyama G Jacob Bridgeman G Ryo Hisatsune G Corey Conners G Ricky Castillo,,Zachary Bauchou,G,1.75%,34
60,5201579116,jmello3323,0,530.5,G Xander Schauffele G Ryan Gerard G Nicolai Højgaard G Marco Penge G Davis Thompson G Ben Kohles,,Seamus Power,G,1.72%,26
60,5201951991,theCof,0,530.5,G Cameron Young G Jackson Koivun G Rickie Fowler G Corey Conners G Mac Meissner G Michael Kim,,Sam Stevens,G,1.48%,31.5
60,5202273790,BADM00N,0,530.5,G Si Woo Kim G Russell Henley G Michael Thorbjornsen G Jacob Bridgeman G Ryo Hisatsune G Corey Conners,,Brad Dalke,G,1.31%,11
63,5201572814,iamodie,0,530,G Cameron Young G Ryan Gerard G Michael Brennan G Jacob Bridgeman G Davis Thompson G Johnny Keefer,,Matt Wallace,G,1.21%,114
63,5202222604,theczar89,0,530,G Cameron Young G Hideki Matsuyama G Nicolai Højgaard G Davis Thompson G Corey Conners G Sungjae Im,,Davis Chatfield,G,1.18%,28
63,5202600956,RSN21,0,530,G Cameron Young G Xander Schauffele G Davis Thompson G Doug Ghim G Jordan L. Smith G Sungjae Im,,Joel Dahmen,G,1.14%,31
66,5200759961,glzisk,0,529.5,G Cameron Young G Hideki Matsuyama G Michael Thorbjornsen G Keegan Bradley G Davis Thompson G Lee Hodges,,Austin Smotherman,G,1.14%,15.5
66,5202887220,Niromada,0,529.5,G Jackson Koivun G Russell Henley G Michael Thorbjornsen G Rickie Fowler G Marco Penge G Jordan L. Smith,,Matti Schmid,G,1.04%,23.5
68,5200666079,jmac33,0,529,G Si Woo Kim G Russell Henley G Patrick Cantlay G Davis Thompson G Mac Meissner G Sungjae Im,,Lee Hodges,G,1.04%,29
68,5202870703,chris2448,0,529,G Si Woo Kim G Hideki Matsuyama G Ryan Gerard G Davis Thompson G Ryo Hisatsune G Corey Conners,,Jesper Svensson,G,1.01%,28
68,5203184851,csgep2525,0,529,G Jackson Koivun G Hideki Matsuyama G Ryan Gerard G Michael Brennan G Marco Penge G Ben Kohles,,Stephan Jaeger,G,0.98%,80.5
71,5200858002,Srs1312,0,528,G Cameron Young G Hideki Matsuyama G Ryan Gerard G Jackson Suber G Ben Kohles G Ricky Castillo,,Patrick Rodgers,G,0.81%,6.5
71,5201495067,neely79,0,528,G Cameron Young G Russell Henley G Davis Thompson G Jackson Suber G Corey Conners G Ben Kohles,,Brooks Koepka,G,0.77%,0
71,5202359524,Stree,0,528,G Si Woo Kim G Patrick Cantlay G Nicolai Højgaard G Michael Thorbjornsen G Keegan Bradley G Sungjae Im,,Tom Hoge,G,0.74%,28
71,5202521190,Boatload,0,528,G Jackson Koivun G Hideki Matsuyama G Ryan Gerard G Jacob Bridgeman G Ryo Hisatsune G Matt Wallace,,Mackenzie Hughes,G,0.71%,41.5
71,5203253917,BearDown1985,0,528,G Cameron Young G Xander Schauffele G Michael Thorbjornsen G Ben Kohles G Chris Kirk G Matti Schmid,,A.J. Ewart,G,0.67%,35.5
76,5200931939,jdrap,0,527.5,G Xander Schauffele G Patrick Cantlay G Michael Thorbjornsen G Rickie Fowler G Ben Kohles G Chandler Phillips,,Rasmus Højgaard,G,0.67%,108
76,5200939499,Jwiese,0,527.5,G Si Woo Kim G Hideki Matsuyama G Ryan Gerard G Davis Thompson G Jackson Suber G Ben Kohles,,Cameron Davis,G,0.67%,28
76,5201125188,mahaa507,0,527.5,G Patrick Cantlay G Hideki Matsuyama G J.J. Spaun G Keegan Bradley G Davis Thompson G Michael Kim,,Taylor Pendrith,G,0.67%,27.5
79,5201828787,tyreich,0,526,G Cameron Young G Si Woo Kim G Keegan Bradley G Davis Thompson G Ben Kohles G Chris Kirk,,William Jennings,G,0.61%,33.5
79,5202105153,Redskinsabigga,0,526,G Xander Schauffele G Hideki Matsuyama G Ryan Gerard G Jackson Suber G Jordan L. Smith G Kevin Yu,,Mark Hubbard,G,0.61%,66
79,5202817820,jsmitti8,0,526,G Cameron Young G Hideki Matsuyama G Jacob Bridgeman G Davis Thompson G Ben Kohles G Kevin Yu,,Rico Hoey,G,0.61%,107.5
82,5201231537,yenoham1,0,525.5,G Cameron Young G Russell Henley G J.J. Spaun G Davis Thompson G Chris Kirk G Kevin Roy,,Ryan Ruffels,G,0.57%,25.5
83,5202954707,WinAtFantasyFootball,0,524.5,G Cameron Young G Patrick Cantlay G Jacob Bridgeman G Corey Conners G Ben Kohles G Mac Meissner,,Matthew McCarty,G,0.57%,65
83,5203156013,naughttj,0,524.5,G Xander Schauffele G Russell Henley G Ryan Gerard G Davis Thompson G Billy Horschel G Chris Kirk,,Steven Fisk,G,0.57%,20
85,5202356960,bmurr1001,0,524,G Xander Schauffele G Patrick Cantlay G Nicolai Højgaard G Ryo Hisatsune G Matt Wallace G Ben Kohles,,Andrew Novak,G,0.57%,21
85,5202628700,bench-press,0,524,G Cameron Young G Hideki Matsuyama G Ryan Gerard G Doug Ghim G Benjamin James G Michael Kim,,Taylor Moore,G,0.54%,0
87,5200918733,johnyb,0,523.5,G Xander Schauffele G Hideki Matsuyama G Rickie Fowler G Jordan Spieth G Ryo Hisatsune G Ben Kohles,,Zecheng Dou,G,0.50%,63
87,5202589192,belledoug,0,523.5,G Si Woo Kim G Hideki Matsuyama G Ryan Gerard G Doug Ghim G Michael Kim G Sungjae Im,,Pontus Nyholm,G,0.47%,19.5
89,5202077047,creaturefeature,0,523,G Cameron Young G Russell Henley G J.J. Spaun G Doug Ghim G Mac Meissner G Rasmus Højgaard,,Kevin Streelman,G,0.40%,28
89,5202498824,ford66,0,523,G Xander Schauffele G Patrick Cantlay G Ryan Gerard G Jackson Suber G Ben Kohles G Jordan L. Smith,,Beau Hossler,G,0.40%,67.5
89,5203089883,R-E-L-A-X,0,523,G Xander Schauffele G Patrick Cantlay G Ryan Gerard G Jackson Suber G Ben Kohles G Jordan L. Smith,,Harry Hall,G,0.37%,24.5
92,5201413219,brobeater,0,522.5,G Cameron Young G Hideki Matsuyama G Michael Thorbjornsen G Jacob Bridgeman G Davis Thompson G Vince Whaley,,Patrick Fishburn,G,0.37%,71.5
92,5201821953,gymbratmom,0,522.5,G Jackson Koivun G Russell Henley G Hideki Matsuyama G Davis Thompson G Ben Kohles G Jordan L. Smith,,Adrien Dumont De Chassart,G,0.37%,27.5
94,5201117784,thunderbumpkins,0,520,G Hideki Matsuyama G J.J. Spaun G Ryan Gerard G Rickie Fowler G Michael Brennan G Christiaan Bezuidenhout,,Hayden Springer,G,0.34%,39.5
94,5201191642,Schoey17,0,520,G Cameron Young G Russell Henley G Nicolai Højgaard G Davis Thompson G Mac Meissner G Sungjae Im,,Luke Clanton,G,0.27%,88
94,5201437338,stammlerj,0,520,G Cameron Young G Michael Brennan G Jacob Bridgeman G Keegan Bradley G Marco Penge G Davis Thompson,,Austin Eckroat,G,0.27%,74.5
94,5202606983,steve3258,0,520,G Cameron Young G Russell Henley G Nicolai Højgaard G Davis Thompson G Mac Meissner G Sungjae Im,,Aaron Wise,G,0.27%,29
94,5202735803,jbuofm,0,520,G Si Woo Kim G Patrick Cantlay G Ryan Gerard G Jacob Bridgeman G Corey Conners G Ben Kohles,,Vince Whaley,G,0.24%,30.5
99,5200696662,randomjank,0,519.5,G Cameron Young G Russell Henley G Michael Thorbjornsen G Jacob Bridgeman G Johnny Keefer G William Mouw,,Hao-Tong Li,G,0.24%,27.5
99,5203264400,emilbec,0,519.5,G Si Woo Kim G Hideki Matsuyama G Nicolai Højgaard G Michael Thorbjornsen G Max Greyserman G Ben Kohles,,Neal Shipley,G,0.20%,65
101,5200760074,ZstarSR2,0,519,G Russell Henley G Hideki Matsuyama G Jake Knapp G Michael Thorbjornsen G Jackson Suber G Ben Kohles,,John VanDerLaan,G,0.20%,27.5
101,5200847239,DPOW,0,519,G Cameron Young G Hideki Matsuyama G Michael Thorbjornsen G Ryo Hisatsune G Doug Ghim G Max Greyserman,,Peter Malnati,G,0.20%,62
101,5201806874,craigie1961,0,519,G Xander Schauffele G Si Woo Kim G J.J. Spaun G Mac Meissner G Michael Kim G Sungjae Im,,Keenan Huskey,G,0.20%,11.5
101,5202176506,dext56ses,0,519,G Cameron Young G Hideki Matsuyama G Rickie Fowler G Ryo Hisatsune G Corey Conners G Ben Kohles,,Max McGreevy,G,0.17%,30.5
101,5202323174,SaLTeY,0,519,G Russell Henley G Hideki Matsuyama G Ryan Gerard G Michael Brennan G Ryo Hisatsune G Jackson Suber,,David Lipsky,G,0.17%,75
106,5201724846,Sanford71,0,518.5,G Si Woo Kim G Russell Henley G Hideki Matsuyama G Davis Thompson G Ben Kohles G Emiliano Grillo,,Matt Kuchar,G,0.17%,67
106,5202379879,cxt7,0,518.5,G Cameron Young G Nicolai Højgaard G Michael Thorbjornsen G Marco Penge G Davis Thompson G Johnny Keefer,,Gordon Sargent,G,0.17%,68.5
106,5203158423,Dolfanmack,0,518.5,G Xander Schauffele G Jake Knapp G Michael Thorbjornsen G Rickie Fowler G Max Greyserman G Kevin Yu,,Lanto Griffin,G,0.17%,24
109,5201673796,RamsRuleRamsRule,0,517,G Cameron Young G Akshay Bhatia G Michael Thorbjornsen G Davis Thompson G Jordan Spieth G Corey Conners,,Dylan Wu,G,0.17%,55.5
109,5203108225,coykoi,0,517,G Cameron Young G Russell Henley G Rickie Fowler G Corey Conners G Johnny Keefer G Ben Kohles,,Trace Crowe,G,0.17%,21.5
111,5200627378,louor,0,516.5,G Russell Henley G Hideki Matsuyama G J.J. Spaun G Rickie Fowler G Jordan Spieth G Mac Meissner,,Keita Nakajima,G,0.13%,80
111,5200680041,bdubsfantasy,0,516.5,G Cameron Young G Jake Knapp G Michael Thorbjornsen G Davis Thompson G Jackson Suber G Ben Kohles,,Davis Riley,G,0.13%,111
111,5201309080,Daphny15,0,516.5,G Cameron Young G Jake Knapp G Michael Thorbjornsen G Davis Thompson G Jackson Suber G Ben Kohles,,Kris Ventura,G,0.10%,106.5
111,5203017472,kpeake24,0,516.5,G Xander Schauffele G Jackson Koivun G Nicolai Højgaard G Michael Brennan G Kevin Yu G Kevin Roy,,Karl Vilips,G,0.10%,60
115,5202718232,Erich00,0,516,G Si Woo Kim G Hideki Matsuyama G Ryan Gerard G Jacob Bridgeman G Jordan Spieth G Michael Kim,,Matthieu Pavon,G,0.10%,32
115,5202818240,philroffi,0,516,G Russell Henley G Patrick Cantlay G J.J. Spaun G Ryan Gerard G Ben Kohles G Sungjae Im,,Chad Ramey,G,0.10%,21
117,5200815712,bcktoobck300,0,515,G Si Woo Kim G Hideki Matsuyama G Ryan Gerard G Rickie Fowler G Max Greyserman G Ben Kohles,,Nick Dunlap,G,0.10%,20
117,5202022920,mgisigolf72,0,515,G Cameron Young G Xander Schauffele G Nicolai Højgaard G Tony Finau G Sungjae Im G Rasmus Højgaard,,Hank Lebioda,G,0.07%,68
117,5203072780,Aza-meeda,0,515,G Si Woo Kim G Jake Knapp G Michael Thorbjornsen G Michael Brennan G Davis Thompson G Johnny Keefer,,Joe Highsmith,G,0.07%,73
120,5201566873,winsorhays,0,514.5,G Si Woo Kim G Hideki Matsuyama G Ryan Gerard G Jacob Bridgeman G Corey Conners G Emiliano Grillo,,Justin Lower,G,0.07%,72
120,5203111154,mwachsman,0,514.5,G Cameron Young G Patrick Cantlay G J.J. Spaun G Corey Conners G Ben Kohles G Chris Kirk,,Erik Van Rooyen,G,0.07%,29.5
122,5201960828,Carter91,0,514,G Xander Schauffele G Hideki Matsuyama G Ryan Gerard G Jacob Bridgeman G Emiliano Grillo G Tony Finau,,Daniel Azallion,G,0.07%,21.5
122,5202072517,ihags,0,514,G Patrick Cantlay G Jake Knapp G J.J. Spaun G Michael Thorbjornsen G Michael Brennan G Ben Kohles,,Brendon Todd,G,0.07%,20.5
122,5203108681,YokoRomo,0,514,G Patrick Cantlay G J.J. Spaun G Nicolai Højgaard G Michael Thorbjornsen G Jacob Bridgeman G Keegan Bradley,,Danny Walker,G,0.07%,31.5
125,5202069393,rickroyer24,0,513.5,G Xander Schauffele G Hideki Matsuyama G Ryan Gerard G Jacob Bridgeman G Christiaan Bezuidenhout G Zac Blair,,Rafael Campos,G,0.03%,26
126,5201004531,hookabrotherup,0,513,G Jackson Koivun G Russell Henley G Patrick Cantlay G Davis Thompson G Ben Kohles G Benjamin James,,Jeffrey Kang,G,0.03%,26
127,5201102460,hockeyweasel,0,512.5,G Jackson Koivun G Hideki Matsuyama G Jake Knapp G Ryan Gerard G Ben Kohles G Rico Hoey,,Alejandro Tosti,G,0.03%,17.5
127,5202333446,trombley34,0,512.5,G Cameron Young G Nicolai Højgaard G Michael Thorbjornsen G Michael Brennan G Ryo Hisatsune G Jackson Suber,,Brandt Snedeker,G,0.03%,76
127,5202735793,david.arensdorf,0,512.5,G Xander Schauffele G Jackson Koivun G Jacob Bridgeman G Keegan Bradley G Jordan Spieth G Sungjae Im,,Patrick Wilkes-Krier,G,0.03%,20.5
130,5200674351,ckeneagy,0,512,G Cameron Young G Patrick Cantlay G Ryan Gerard G Corey Conners G Nick Taylor G Ricky Castillo,,Chandler Blanchet,G,0.03%,86
130,5200848843,TexasTurk,0,512,G Si Woo Kim G Hideki Matsuyama G Ryan Gerard G Jacob Bridgeman G Jackson Suber G Mac Meissner,,Thorbjørn Olesen,G,0.03%,80.5
130,5202236510,MojaveWolf,0,512,G Xander Schauffele G Si Woo Kim G Rickie Fowler G Jackson Suber G Ben Kohles G Stephan Jaeger,,Takumi Kanaya,G,0.03%,25.5
130,5202333812,Raiderfanatic2195,0,512,G Si Woo Kim G Jackson Koivun G Rickie Fowler G Jacob Bridgeman G Davis Thompson G Mac Meissner,,Patton Kizzire,G,0.03%,25
130,5202407249,TurnDownForWhat,0,512,G Xander Schauffele G Jackson Koivun G Michael Brennan G Johnny Keefer G Ben Kohles G Benjamin James,,Ben Silverman,G,0.03%,32.5
130,5202468449,Bsmitty21,0,512,G Xander Schauffele G Jake Knapp G J.J. Spaun G Michael Thorbjornsen G Jordan L. Smith G Kevin Roy,,Brice Garnett,G,0.03%,24
136,5201439780,billstock75,0,511.5,G Cameron Young G Hideki Matsuyama G Michael Brennan G Jordan Spieth G Corey Conners G Nick Taylor,,Brian Campbell,G,0.03%,71.5
136,5201693988,uranusishuge,0,511.5,G Si Woo Kim G Russell Henley G Ryan Gerard G Rickie Fowler G Ben Kohles G Emiliano Grillo,,Adam Svensson,G,0.03%,57
136,5202723659,davemann,0,511.5,G Hideki Matsuyama G Ben Griffin G Ryan Gerard G Michael Thorbjornsen G Jackson Suber G Ben Kohles,,,
139,5200592961,schalutz,0,511,G Cameron Young G Ryan Gerard G Michael Thorbjornsen G Jordan Spieth G Denny McCarthy G Corey Conners,,,
139,5200914729,danblack67,0,511,G Russell Henley G Ryan Gerard G Akshay Bhatia G Michael Thorbjornsen G Davis Thompson G Ryo Hisatsune,,,
139,5202812795,goldenboylenny,0,511,G Cameron Young G Patrick Cantlay G Rickie Fowler G Keegan Bradley G Corey Conners G Matthew McCarty,,,
139,5203217375,modece,0,511,G Hideki Matsuyama G Ryan Gerard G Akshay Bhatia G Michael Thorbjornsen G Jacob Bridgeman G Jordan Spieth,,,
143,5200582900,cowboys3322,0,510.5,G Cameron Young G Patrick Cantlay G J.J. Spaun G Corey Conners G Michael Kim G Sungjae Im,,,
143,5201957578,Mikeypo2017,0,510.5,G Cameron Young G Patrick Cantlay G J.J. Spaun G Corey Conners G Michael Kim G Sungjae Im,,,
143,5202753917,heffleyr,0,510.5,G Cameron Young G Patrick Cantlay G J.J. Spaun G Corey Conners G Michael Kim G Sungjae Im,,,
146,5201948360,Duke5353,0,510,G Si Woo Kim G Hideki Matsuyama G Ryan Gerard G Jacob Bridgeman G Corey Conners G Christiaan Bezuidenhout,,,
147,5200952082,stimm1967,0,509.5,G Cameron Young G Akshay Bhatia G Michael Thorbjornsen G Jacob Bridgeman G Davis Thompson G Ben Kohles,,,
147,5201420290,acasbarro123,0,509.5,G Chris Gotterup G Ryan Gerard G Nicolai Højgaard G Michael Thorbjornsen G Davis Thompson G Kevin Roy,,,
147,5202969317,Peanutbuttershelf,0,509.5,G Si Woo Kim G Jackson Koivun G Michael Thorbjornsen G Jacob Bridgeman G Ben Kohles G Christiaan Bezuidenhout,,,
150,5200838339,jm163683,0,509,G Jackson Koivun G Hideki Matsuyama G Ryan Gerard G Jacob Bridgeman G Ryo Hisatsune G Corey Conners,,,
150,5202108147,tlherman,0,509,G Cameron Young G Hideki Matsuyama G Rickie Fowler G Jacob Bridgeman G Ben Kohles G Emiliano Grillo,,,
150,5202227085,zachm5,0,509,G Cameron Young G Si Woo Kim G Davis Thompson G Jackson Suber G Ben Kohles G Mac Meissner,,,
150,5202356977,astatboy,0,509,G Jackson Koivun G Hideki Matsuyama G Ryan Gerard G Jacob Bridgeman G Ryo Hisatsune G Corey Conners,,,
150,5202547617,renerson,0,509,G Si Woo Kim G Jackson Koivun G Ryan Gerard G Jacob Bridgeman G Corey Conners G Sungjae Im,,,
150,5202900471,cpal123,0,509,G Si Woo Kim G Hideki Matsuyama G Ryan Gerard G Rickie Fowler G Ben Kohles G Tony Finau,,,
150,5203107408,jaycshan,0,509,G Cameron Young G J.J. Spaun G Ryan Gerard G Davis Thompson G Ben Kohles G Emiliano Grillo,,,
157,5200691149,john5555,0,508.5,G Jackson Koivun G J.J. Spaun G Ryan Gerard G Michael Thorbjornsen G Jackson Suber G Max Greyserman,,,
157,5200708500,JBOTTUM,0,508.5,G Cameron Young G Si Woo Kim G Jacob Bridgeman G Jackson Suber G Matt Wallace G Sungjae Im,,,
159,5201488095,drknkboot,0,508,G Xander Schauffele G Jake Knapp G Michael Thorbjornsen G Rickie Fowler G Johnny Keefer G Max Greyserman,,,
159,5201828566,zbobo10,0,508,G Xander Schauffele G Hideki Matsuyama G Rickie Fowler G Jacob Bridgeman G Ryo Hisatsune G Emiliano Grillo,,,
159,5202348145,mycuk,0,508,G Cameron Young G Hideki Matsuyama G Jacob Bridgeman G Ryo Hisatsune G Corey Conners G Ricky Castillo,,,
162,5201253298,timrowland09,0,507,G Cameron Young G Si Woo Kim G Keegan Bradley G Corey Conners G Mac Meissner G Jordan L. Smith,,,
162,5202523827,billscuse,0,507,G Hideki Matsuyama G Jake Knapp G Nicolai Højgaard G Michael Thorbjornsen G Michael Brennan G Marco Penge,,,
162,5202711630,HTownBlackAces,0,507,G Si Woo Kim G Russell Henley G Hideki Matsuyama G Keegan Bradley G Michael Kim G Beau Hossler,,,
162,5203040759,Foleyface,0,507,G Cameron Young G Si Woo Kim G Keegan Bradley G Corey Conners G Mac Meissner G Jordan L. Smith,,,
162,5203183824,RichMin603,0,507,G Chris Gotterup G Patrick Cantlay G Michael Thorbjornsen G Jacob Bridgeman G Davis Thompson G Ben Kohles,,,
167,5202201967,Mattchoo13,0,506,G Russell Henley G Hideki Matsuyama G Jake Knapp G Rickie Fowler G Corey Conners G Ben Kohles,,,
167,5202934180,rjwayla3,0,506,G Jackson Koivun G Russell Henley G Hideki Matsuyama G Rickie Fowler G Ben Kohles G Zac Blair,,,
169,5200837308,BorgDaddy69,0,505.5,G Cameron Young G Hideki Matsuyama G Jacob Bridgeman G Davis Thompson G Jackson Suber G Benjamin James,,,
169,5202061447,cannonsmash,0,505.5,G Xander Schauffele G Patrick Cantlay G Jacob Bridgeman G Davis Thompson G Ryo Hisatsune G Jackson Suber,,,
171,5201661476,atm3821,0,505,G Si Woo Kim G Hideki Matsuyama G Ryan Gerard G Rickie Fowler G Jacob Bridgeman G Zac Blair,,,
171,5202084408,speedkilz65,0,505,G Jackson Koivun G Hideki Matsuyama G Jake Knapp G Jordan Spieth G Corey Conners G Matt Wallace,,,
171,5202503540,salvatoregolino,0,505,G Si Woo Kim G Hideki Matsuyama G Ryan Gerard G Rickie Fowler G Jacob Bridgeman G Zac Blair,,,
171,5202905045,vijes10,0,505,G Si Woo Kim G Hideki Matsuyama G Ryan Gerard G Rickie Fowler G Jacob Bridgeman G Zac Blair,,,
175,5202373172,jmb1161,0,503.5,G Cameron Young G Ryan Gerard G Rickie Fowler G Jacob Bridgeman G Ryo Hisatsune G Ben Kohles,,,
175,5202652736,e2020fumblers,0,503.5,G Jake Knapp G Ryan Gerard G Harris English G Michael Thorbjornsen G Michael Brennan G Jacob Bridgeman,,,
175,5202824308,scscott0212,0,503.5,G Cameron Young G Ryan Gerard G Rickie Fowler G Jacob Bridgeman G Ryo Hisatsune G Ben Kohles,,,
178,5200571992,CRH11,0,503,G Si Woo Kim G Patrick Cantlay G J.J. Spaun G Keegan Bradley G Corey Conners G Mac Meissner,,,
178,5201698350,TAltland,0,503,G Xander Schauffele G Hideki Matsuyama G Nicolai Højgaard G Jacob Bridgeman G Max Greyserman G Ben Kohles,,,
178,5203059522,Mhubbard413,0,503,G Cameron Young G Hideki Matsuyama G Rickie Fowler G Jordan Spieth G Ben Kohles G Christiaan Bezuidenhout,,,
181,5202394425,Souzabets,0,502.5,G Cameron Young G Jackson Koivun G Michael Thorbjornsen G Michael Brennan G Davis Thompson G Brad Dalke,,,
181,5202612243,amtr58,0,502.5,G Xander Schauffele G Patrick Cantlay G Michael Thorbjornsen G Keegan Bradley G Eric Cole G Tony Finau,,,
181,5203067070,paynis18,0,502.5,G Hideki Matsuyama G J.J. Spaun G Harris English G Michael Thorbjornsen G Jacob Bridgeman G Jordan Spieth,,,
184,5201272974,dpont1,0,502,G Xander Schauffele G Si Woo Kim G Ryan Gerard G Benjamin James G Nick Taylor G Ricky Castillo,,,
184,5201529476,bghowes,0,502,G Xander Schauffele G Si Woo Kim G Rickie Fowler G Jackson Suber G Mac Meissner G Christiaan Bezuidenhout,,,
186,5200612379,Penaldhno,0,501,G Cameron Young G J.J. Spaun G Nicolai Højgaard G Davis Thompson G Corey Conners G Ben Kohles,,,
186,5201590916,mntwins2010,0,501,G Cameron Young G Akshay Bhatia G Michael Thorbjornsen G Davis Thompson G Jackson Suber G Ben Kohles,,,
186,5201988151,tmb266,0,501,G Si Woo Kim G Hideki Matsuyama G Ryan Gerard G Jacob Bridgeman G Ben Kohles G Christiaan Bezuidenhout,,,
186,5202057180,pegulavill,0,501,G Xander Schauffele G Russell Henley G Hideki Matsuyama G Keegan Bradley G Taylor Pendrith G Kevin Roy,,,
190,5201226342,Orochi,0,500.5,G Cameron Young G Si Woo Kim G Jacob Bridgeman G Keegan Bradley G Michael Kim G Sungjae Im,,,
190,5201937565,Arnman7,0,500.5,G Cameron Young G Nicolai Højgaard G Michael Thorbjornsen G Rickie Fowler G Ryo Hisatsune G Max Greyserman,,,
190,5203117235,e_hageman11,0,500.5,G Si Woo Kim G Hideki Matsuyama G Ryan Gerard G Jacob Bridgeman G Ryo Hisatsune G Ricky Castillo,,,
193,5200821507,Roughdraft2332,0,500,G Jackson Koivun G Hideki Matsuyama G Ryan Gerard G Jacob Bridgeman G Ryo Hisatsune G Ben Kohles,,,
193,5201854239,epi10mg,0,500,G Cameron Young G Jake Knapp G Rickie Fowler G Michael Brennan G Ben Kohles G Chris Kirk,,,
193,5202518147,TStrick1,0,500,G Russell Henley G Jake Knapp G J.J. Spaun G Michael Thorbjornsen G Corey Conners G Jordan L. Smith,,,
193,5203003790,jabell10,0,500,G Jackson Koivun G Jake Knapp G Nicolai Højgaard G Michael Thorbjornsen G Jackson Suber G Matt Wallace,,,
197,5201268077,crazyjorge,0,499.5,G Xander Schauffele G Jackson Koivun G Michael Thorbjornsen G Jackson Suber G Ben Kohles G Aldrich Potgieter,,,
198,5200807870,thegoose555,0,499,G Cameron Young G Patrick Cantlay G Michael Thorbjornsen G Denny McCarthy G Corey Conners G Kevin Yu,,,
198,5200853996,SWGraff,0,499,G Xander Schauffele G Jackson Koivun G Russell Henley G Benjamin James G Sungjae Im G Zecheng Dou,,,
198,5200940637,rdiller62,0,499,G Cameron Young G Jackson Koivun G Rickie Fowler G Jackson Suber G Ben Kohles G Michael Kim,,,
198,5202561279,EagleEye3434,0,499,G Patrick Cantlay G Jake Knapp G J.J. Spaun G Michael Thorbjornsen G Jacob Bridgeman G Mac Meissner,,,
198,5203162367,timothyerdmann,0,499,G Si Woo Kim G Hideki Matsuyama G Rickie Fowler G Jacob Bridgeman G Ryo Hisatsune G Corey Conners,,,
203,5200681984,thelamonts,0,498.5,G Si Woo Kim G Hideki Matsuyama G Ryan Gerard G Jacob Bridgeman G Ryo Hisatsune G Ben Kohles,,,
203,5201109713,CZillman,0,498.5,G Si Woo Kim G Hideki Matsuyama G Ryan Gerard G Jacob Bridgeman G Ryo Hisatsune G Ben Kohles,,,
203,5201287248,Benlachap,0,498.5,G Si Woo Kim G Hideki Matsuyama G Ryan Gerard G Jacob Bridgeman G Ryo Hisatsune G Ben Kohles,,,
203,5201406769,19SIckler,0,498.5,G Si Woo Kim G Hideki Matsuyama G Ryan Gerard G Jacob Bridgeman G Ryo Hisatsune G Ben Kohles,,,
203,5202255670,Futterstuff,0,498.5,G Si Woo Kim G Hideki Matsuyama G Ryan Gerard G Jacob Bridgeman G Ryo Hisatsune G Ben Kohles,,,
203,5202654198,RJBenak,0,498.5,G Si Woo Kim G Hideki Matsuyama G Ryan Gerard G Jacob Bridgeman G Ryo Hisatsune G Ben Kohles,,,
203,5202655639,JStaus,0,498.5,G Russell Henley G Hideki Matsuyama G Jake Knapp G Michael Thorbjornsen G Jackson Suber G Max Greyserman,,,
203,5202768759,barrys.team2015,0,498.5,G Si Woo Kim G Hideki Matsuyama G Ryan Gerard G Jacob Bridgeman G Ryo Hisatsune G Ben Kohles,,,
203,5202927747,packerssuck,0,498.5,G Si Woo Kim G Hideki Matsuyama G Ryan Gerard G Jacob Bridgeman G Ryo Hisatsune G Ben Kohles,,,
212,5203103728,lyonsic90,0,498,G Cameron Young G Russell Henley G Michael Thorbjornsen G Rickie Fowler G Jordan L. Smith G Davis Chatfield,,,
213,5200941376,Majik1016,0,497,G Russell Henley G Ryan Gerard G Harris English G Rickie Fowler G Keegan Bradley G Jordan Spieth,,,
213,5202821820,Btwice79,0,497,G Si Woo Kim G Jackson Koivun G Hideki Matsuyama G Jordan Spieth G Ben Kohles G Sungjae Im,,,
213,5202873219,lilguido1083,0,497,G Xander Schauffele G Jake Knapp G J.J. Spaun G Michael Thorbjornsen G Tony Finau G Sungjae Im,,,
213,5203023778,oleman64,0,497,G Chris Gotterup G Russell Henley G Michael Thorbjornsen G Jacob Bridgeman G Davis Thompson G Jordan L. Smith,,,
213,5203153293,Epatrick10172020,0,497,G Jackson Koivun G Russell Henley G Jake Knapp G Rickie Fowler G Ben Kohles G Rico Hoey,,,
213,5203224414,artchichi1,0,497,G Patrick Cantlay G Hideki Matsuyama G J.J. Spaun G Nicolai Højgaard G Rickie Fowler G Kevin Roy,,,
219,5200646109,72DBONES72,0,496.5,G Xander Schauffele G Patrick Cantlay G Rickie Fowler G Davis Thompson G Denny McCarthy G Ben Kohles,,,
219,5201282577,rp1381,0,496.5,G Cameron Young G Patrick Cantlay G Michael Thorbjornsen G Davis Thompson G Jackson Suber G Chandler Phillips,,,
219,5202268784,Abrit,0,496.5,G Cameron Young G Hideki Matsuyama G Michael Brennan G Ryo Hisatsune G Ben Kohles G Christiaan Bezuidenhout,,,
219,5203034940,flowarriors,0,496.5,G Hideki Matsuyama G Jake Knapp G Ryan Gerard G Rickie Fowler G Keegan Bradley G Jordan Spieth,,,
223,5202623280,tonymark01,0,496,G Xander Schauffele G Hideki Matsuyama G Harris English G Rickie Fowler G Tony Finau G Sungjae Im,,,
223,5203130617,Blanedouglass,0,496,G Xander Schauffele G Russell Henley G Patrick Cantlay G Mac Meissner G Sam Stevens G Sungjae Im,,,
225,5201478151,cbaand63,0,495.5,G Cameron Young G Jackson Koivun G Davis Thompson G Jackson Suber G Doug Ghim G Ben Kohles,,,
225,5202186571,JJQRams,0,495.5,G Cameron Young G J.J. Spaun G Rickie Fowler G Davis Thompson G Jordan Spieth G Benjamin James,,,
225,5202285090,bjsmyqueen,0,495.5,G Si Woo Kim G Hideki Matsuyama G Nicolai Højgaard G Michael Thorbjornsen G Ryo Hisatsune G Max Greyserman,,,
225,5202498878,Atgrider21,0,495.5,G Cameron Young G Ryan Gerard G Rickie Fowler G Davis Thompson G Denny McCarthy G Corey Conners,,,
229,5200606860,Dmurr2121,0,495,G Si Woo Kim G Hideki Matsuyama G Ryan Gerard G Michael Brennan G Corey Conners G Rasmus Neergaard-Petersen,,,
229,5200621710,CubbieBearsDen,0,495,G Jackson Koivun G J.J. Spaun G Ryan Gerard G Rickie Fowler G Keegan Bradley G Benjamin James,,,
229,5201309065,longhorndavey,0,495,G Si Woo Kim G Nicolai Højgaard G Rickie Fowler G Michael Brennan G Jacob Bridgeman G Keegan Bradley,,,
229,5202742877,natejacobson1,0,495,G Patrick Cantlay G Hideki Matsuyama G Jake Knapp G Michael Brennan G Davis Thompson G Johnny Keefer,,,
233,5201295487,coachlel,0,494.5,G Cameron Young G Jake Knapp G Michael Thorbjornsen G Jacob Bridgeman G Ben Kohles G Emiliano Grillo,,,
233,5201539920,jrossiter,0,494.5,G Xander Schauffele G J.J. Spaun G Akshay Bhatia G Michael Thorbjornsen G Ben Kohles G Jordan L. Smith,,,
233,5202062971,dolphin2222,0,494.5,G Cameron Young G Russell Henley G Hideki Matsuyama G Ben Kohles G Emiliano Grillo G Zac Blair,,,
233,5202482678,mikej52005,0,494.5,G Jackson Koivun G Russell Henley G J.J. Spaun G Jacob Bridgeman G Corey Conners G Ben Kohles,,,
233,5202507960,terpterman,0,494.5,G Cameron Young G Patrick Cantlay G Nicolai Højgaard G Corey Conners G Jordan L. Smith G Michael Kim,,,
233,5203035119,thesteelcurtain1,0,494.5,G Si Woo Kim G Hideki Matsuyama G Nicolai Højgaard G Michael Thorbjornsen G Rickie Fowler G A.J. Ewart,,,
239,5201216470,Mousedef,0,494,G Si Woo Kim G Russell Henley G Nicolai Højgaard G Rickie Fowler G Keegan Bradley G Sungjae Im,,,
239,5201506058,71musicman,0,494,G Xander Schauffele G Hideki Matsuyama G Jordan Spieth G Jackson Suber G Matt Wallace G Seamus Power,,,
239,5201640042,Antman_Cometh,0,494,G Xander Schauffele G Hideki Matsuyama G J.J. Spaun G Davis Thompson G Ben Kohles G Billy Horschel,,,
239,5202252195,stingrays315,0,494,G Si Woo Kim G Russell Henley G Ryan Gerard G Jacob Bridgeman G Ben Kohles G Christiaan Bezuidenhout,,,
239,5202407960,BleedCowboys4life,0,494,G Xander Schauffele G J.J. Spaun G Nicolai Højgaard G Jordan Spieth G Michael Kim G Sungjae Im,,,
239,5202927494,FiestaFox215,0,494,G Russell Henley G Ryan Gerard G Harris English G Michael Thorbjornsen G Rickie Fowler G Pierceson Coody,,,
245,5200924634,Ragis10,0,493.5,G Cameron Young G Jake Knapp G Davis Thompson G Jackson Suber G Ben Kohles G Kris Ventura,,,
245,5200998134,willypieface,0,493.5,G Xander Schauffele G Michael Thorbjornsen G Rickie Fowler G Brooks Koepka G Keegan Bradley G Jordan Spieth,,,
245,5202215173,ilbcnu4t,0,493.5,G Jackson Koivun G Russell Henley G Rickie Fowler G Jacob Bridgeman G Ryo Hisatsune G Corey Conners,,,
245,5202439002,CraigAD66,0,493.5,G Cameron Young G Hideki Matsuyama G J.J. Spaun G Jackson Suber G Ben Kohles G Sungjae Im,,,
245,5202607314,aperagallo,0,493.5,G Si Woo Kim G Hideki Matsuyama G Akshay Bhatia G Michael Thorbjornsen G Jackson Suber G Mac Meissner,,,
245,5202612643,rollom0,0,493.5,G Xander Schauffele G Si Woo Kim G Rickie Fowler G Keegan Bradley G Jordan L. Smith G Tony Finau,,,
245,5203076409,larjessma,0,493.5,G Xander Schauffele G Hideki Matsuyama G Rickie Fowler G Jordan Spieth G Ryo Hisatsune G Nick Taylor,,,
252,5201138386,Cunit80,0,493,G Cameron Young G Patrick Cantlay G Hideki Matsuyama G Michael Kim G Beau Hossler G Matthew McCarty,,,
252,5201145367,Geebir,0,493,G Cameron Young G Patrick Cantlay G J.J. Spaun G Corey Conners G Jordan L. Smith G Sungjae Im,,,
252,5201243513,srgttsb,0,493,G Russell Henley G Hideki Matsuyama G Ryan Gerard G Jacob Bridgeman G Ryo Hisatsune G Christiaan Bezuidenhout,,,
252,5202306176,griffalicious24,0,493,G Cameron Young G Patrick Cantlay G J.J. Spaun G Corey Conners G Jordan L. Smith G Sungjae Im,,,
252,5202343298,jamieh711,0,493,G Cameron Young G Patrick Cantlay G J.J. Spaun G Corey Conners G Jordan L. Smith G Sungjae Im,,,
252,5202420349,RPcaller,0,493,G Cameron Young G Patrick Cantlay G J.J. Spaun G Corey Conners G Jordan L. Smith G Sungjae Im,,,
252,5202512810,kinglucci23,0,493,G Cameron Young G Hideki Matsuyama G Ryan Gerard G Corey Conners G Rasmus Neergaard-Petersen G Sungjae Im,,,
252,5202894916,RayP,0,493,G Cameron Young G Ryan Gerard G Rickie Fowler G Ryo Hisatsune G Christiaan Bezuidenhout G Michael Kim,,,
252,5203250120,JimboFranks,0,493,G Cameron Young G Patrick Cantlay G J.J. Spaun G Corey Conners G Jordan L. Smith G Sungjae Im,,,
261,5201278989,slpanthers24,0,492.5,G Jackson Koivun G Hideki Matsuyama G Ryan Gerard G Michael Thorbjornsen G Denny McCarthy G Max Greyserman,,,
261,5201601270,Millsy67,0,492.5,G Cameron Young G Jake Knapp G Rickie Fowler G Jacob Bridgeman G Davis Thompson G Chris Kirk,,,
261,5202586812,sploush,0,492.5,G Xander Schauffele G Russell Henley G J.J. Spaun G Doug Ghim G Kevin Yu G Emiliano Grillo,,,
264,5200579347,Riley100,0,492,G Chris Gotterup G Jackson Koivun G Michael Thorbjornsen G Michael Brennan G Ben Kohles G Benjamin James,,,
264,5200615850,MWTrey,0,492,G Si Woo Kim G Ryan Gerard G Rickie Fowler G Jacob Bridgeman G Keegan Bradley G Ryo Hisatsune,,,
266,5202290574,barball,0,491.5,G Si Woo Kim G Hideki Matsuyama G Akshay Bhatia G Michael Thorbjornsen G Corey Conners G Christiaan Bezuidenhout,,,
266,5202395205,sdetrick,0,491.5,G Wyndham Clark G Russell Henley G Ryan Gerard G Michael Thorbjornsen G Ben Kohles G Christiaan Bezuidenhout,,,
266,5202472041,BigDuke512,0,491.5,G Hideki Matsuyama G Ryan Gerard G Akshay Bhatia G Nicolai Højgaard G Michael Thorbjornsen G Jackson Suber,,,
266,5203035265,J-Bird,0,491.5,G Cameron Young G J.J. Spaun G Nicolai Højgaard G Keegan Bradley G Davis Thompson G Sungjae Im,,,
266,5203108759,christinam830,0,491.5,G Hideki Matsuyama G Akshay Bhatia G Nicolai Højgaard G Michael Thorbjornsen G Rickie Fowler G Jacob Bridgeman,,,
271,5200944738,louinapvca,0,491,G Jackson Koivun G Ryan Gerard G Harris English G Keegan Bradley G Davis Thompson G Jordan Spieth,,,
271,5201764337,yanks24714,0,491,G Cameron Young G Si Woo Kim G Michael Brennan G Davis Thompson G Johnny Keefer G Zac Blair,,,
271,5202157181,Wasper007,0,491,G Jackson Koivun G Davis Thompson G Johnny Keefer G Emiliano Grillo G Rico Hoey G Patrick Fishburn,,,
271,5202668238,Luckyfeller,0,491,G Cameron Young G Hideki Matsuyama G Rickie Fowler G Davis Thompson G Nick Taylor G Tony Finau,,,
271,5203214529,Aksog,0,491,G Chris Gotterup G Hideki Matsuyama G Michael Thorbjornsen G Jackson Suber G Corey Conners G Jordan L. Smith,,,
276,5200737296,hespen2,0,490.5,G Cameron Young G Si Woo Kim G Jake Knapp G Ryan Gerard G Joe Highsmith G Davis Riley,,,
276,5201276516,stumper24,0,490.5,G Jackson Koivun G Russell Henley G Patrick Cantlay G Michael Thorbjornsen G Jordan Spieth G Vince Whaley,,,
276,5202359481,mikemouser,0,490.5,G Hideki Matsuyama G Ben Griffin G Ryan Gerard G Rickie Fowler G Jacob Bridgeman G Corey Conners,,,
279,5200806581,myarwood19,0,490,G Hideki Matsuyama G Ben Griffin G Ryan Gerard G Jacob Bridgeman G Davis Thompson G Ben Kohles,,,
279,5201546037,ebutz07,0,490,G Si Woo Kim G Hideki Matsuyama G J.J. Spaun G Ryan Gerard G Ben Kohles G Zac Blair,,,
279,5202287935,mrmike13,0,490,G Xander Schauffele G Akshay Bhatia G Nicolai Højgaard G Michael Thorbjornsen G Jackson Suber G Ben Kohles,,,
279,5202295095,BumpAndRun2033,0,490,G Si Woo Kim G Hideki Matsuyama G Rickie Fowler G Jacob Bridgeman G Ryo Hisatsune G Ben Kohles,,,
283,5201500626,enjoystick,0,489.5,G Cameron Young G Jake Knapp G Ryan Gerard G Davis Thompson G Corey Conners G Zac Blair,,,
283,5201529046,Smokering363,0,489.5,G Cameron Young G Hideki Matsuyama G Jacob Bridgeman G Ryo Hisatsune G Jackson Suber G Corey Conners,,,
283,5202337822,chumphries4,0,489.5,G Cameron Young G Hideki Matsuyama G Jacob Bridgeman G Ryo Hisatsune G Jackson Suber G Corey Conners,,,
283,5203039822,Thibeaux87,0,489.5,G Russell Henley G Patrick Cantlay G J.J. Spaun G Rickie Fowler G Johnny Keefer G Ben Kohles,,,
287,5200911033,Zrios85,0,489,G Xander Schauffele G Chris Gotterup G Michael Brennan G Corey Conners G Max Greyserman G Mac Meissner,,,
287,5201335870,Tolfato,0,489,G Cameron Young G Patrick Cantlay G J.J. Spaun G Jackson Suber G Ben Kohles G Chris Kirk,,,
287,5201391558,aacool1983,0,489,G Si Woo Kim G J.J. Spaun G Michael Thorbjornsen G Keegan Bradley G Davis Thompson G Eric Cole,,,
290,5202105897,2bchew,0,488.5,G Si Woo Kim G Russell Henley G Hideki Matsuyama G Jordan Spieth G Mac Meissner G Nick Taylor,,,
290,5203009934,vanwiggles,0,488.5,G Si Woo Kim G Russell Henley G Hideki Matsuyama G Jackson Suber G Ben Kohles G Emiliano Grillo,,,
290,5203016261,impulse2010,0,488.5,G Chris Gotterup G Hideki Matsuyama G Michael Thorbjornsen G Jacob Bridgeman G Jackson Suber G Ben Kohles,,,
293,5201075113,Bigbucklowery,0,488,G Si Woo Kim G Jackson Koivun G Hideki Matsuyama G Ben Kohles G Christiaan Bezuidenhout G Ricky Castillo,,,
293,5203137348,Tyeler11,0,488,G Cameron Young G Ryan Gerard G Nicolai Højgaard G Davis Thompson G Jackson Suber G Johnny Keefer,,,
295,5201826550,Mbarlow,0,487.5,G Xander Schauffele G Russell Henley G Ryan Gerard G Michael Brennan G Aldrich Potgieter G Karl Vilips,,,
295,5202953657,rathjere,0,487.5,G Si Woo Kim G Jackson Koivun G Rickie Fowler G Michael Brennan G Keegan Bradley G Tony Finau,,,
295,5203015475,JesusSaves586,0,487.5,G Xander Schauffele G Jackson Koivun G Ryan Gerard G Nicolai Højgaard G Rasmus Højgaard G Davis Chatfield,,,
298,5200692180,loosehead,0,487,G Si Woo Kim G Hideki Matsuyama G Nicolai Højgaard G Michael Brennan G Jacob Bridgeman G Jordan L. Smith,,,
298,5200964173,johnjohnnyc,0,487,G Cameron Young G Ryan Gerard G Nicolai Højgaard G Keegan Bradley G Doug Ghim G Jordan L. Smith,,,
300,5200677224,CDizzle75,0,486.5,G Xander Schauffele G Jake Knapp G Rickie Fowler G Jacob Bridgeman G Jordan Spieth G Ben Kohles,,,
300,5201018554,ulylz,0,486.5,G Cameron Young G Chris Gotterup G Michael Thorbjornsen G Ben Kohles G Christiaan Bezuidenhout G Chris Kirk,,,
300,5202714357,jthesaint,0,486.5,G Xander Schauffele G Akshay Bhatia G Rickie Fowler G Keegan Bradley G Marco Penge G Davis Thompson,,,
303,5200870903,Tpick1964,0,486,G Russell Henley G Patrick Cantlay G Akshay Bhatia G Michael Thorbjornsen G Jacob Bridgeman G Jordan L. Smith,,,
303,5202714729,willshat,0,486,G Si Woo Kim G Hideki Matsuyama G Ryan Gerard G Jacob Bridgeman G Ryo Hisatsune G Benjamin James,,,
303,5202998480,1981Shep,0,486,G Si Woo Kim G Hideki Matsuyama G Ryo Hisatsune G Doug Ghim G Michael Kim G Sungjae Im,,,
303,5203199106,pug22,0,486,G Si Woo Kim G Hideki Matsuyama G Ryan Gerard G Jacob Bridgeman G Ryo Hisatsune G Benjamin James,,,
307,5201352272,sbrown369,0,485.5,G Cameron Young G Xander Schauffele G Ryo Hisatsune G Ben Kohles G Jordan L. Smith G Emiliano Grillo,,,
307,5201407273,Erks81,0,485.5,G Patrick Cantlay G Hideki Matsuyama G Ryan Gerard G Jacob Bridgeman G Corey Conners G Rasmus Neergaard-Petersen,,,
307,5202649967,crackshots,0,485.5,G Xander Schauffele G Hideki Matsuyama G J.J. Spaun G Michael Brennan G Ben Kohles G Chandler Phillips,,,
307,5203194915,12s1st,0,485.5,G Si Woo Kim G Jackson Koivun G Hideki Matsuyama G Ryo Hisatsune G Michael Kim G Sungjae Im,,,
311,5201645612,Travismudcat,0,485,G Xander Schauffele G Russell Henley G Eric Cole G Corey Conners G Benjamin James G Sungjae Im,,,
311,5201821503,rumplemo,0,485,G Russell Henley G Hideki Matsuyama G Jake Knapp G Davis Thompson G Max Greyserman G Ben Kohles,,,
311,5202366504,airbarrett,0,485,G Xander Schauffele G Jackson Koivun G Russell Henley G Jordan L. Smith G Emiliano Grillo G William Mouw,,,
311,5202374091,muskyjack,0,485,G Si Woo Kim G Jackson Koivun G Rickie Fowler G Jacob Bridgeman G Jackson Suber G Corey Conners,,,
311,5202650758,Redtrash,0,485,G Hideki Matsuyama G Harris English G Rickie Fowler G Keegan Bradley G Ryo Hisatsune G Corey Conners,,,
311,5203172146,brianhalv,0,485,G Russell Henley G Patrick Cantlay G Jake Knapp G Rickie Fowler G Keegan Bradley G Sungjae Im,,,
317,5201251917,slberg01,0,484.5,G Russell Henley G Patrick Cantlay G Hideki Matsuyama G Davis Thompson G Denny McCarthy G Ben Kohles,,,
317,5201399968,MoDonoho,0,484.5,G Russell Henley G Patrick Cantlay G Hideki Matsuyama G Jacob Bridgeman G Ryo Hisatsune G Emiliano Grillo,,,
317,5202202554,captainblood,0,484.5,G Cameron Young G Hideki Matsuyama G Jacob Bridgeman G Ryo Hisatsune G Corey Conners G Christiaan Bezuidenhout,,,
317,5202454157,Tacoisrael,0,484.5,G Cameron Young G Hideki Matsuyama G Ryan Gerard G Jacob Bridgeman G Ricky Castillo G Zachary Bauchou,,,
317,5202965367,20stang00,0,484.5,G Si Woo Kim G Patrick Cantlay G J.J. Spaun G Davis Thompson G Jackson Suber G Ben Kohles,,,
317,5203113096,bigstick8412,0,484.5,G Cameron Young G Hideki Matsuyama G Jacob Bridgeman G Ryo Hisatsune G Corey Conners G Christiaan Bezuidenhout,,,
323,5202375187,robbyb73,0,484,G Si Woo Kim G Hideki Matsuyama G Ryan Gerard G Jacob Bridgeman G Christiaan Bezuidenhout G Emiliano Grillo,,,
323,5202919012,jybugg2623,0,484,G Cameron Young G Russell Henley G Jacob Bridgeman G Jordan Spieth G Mac Meissner G Tony Finau,,,
325,5200745723,Amazin11000,0,483.5,G Cameron Young G J.J. Spaun G Rickie Fowler G Keegan Bradley G Ryo Hisatsune G Michael Kim,,,
325,5200895322,raiderdad3028,0,483.5,G Si Woo Kim G Russell Henley G Ben Griffin G Michael Thorbjornsen G Mac Meissner G William Mouw,,,
325,5201023104,sutgiat,0,483.5,G Si Woo Kim G Jake Knapp G Ryan Gerard G Michael Thorbjornsen G Max Greyserman G Emiliano Grillo,,,
325,5201636193,ivymoose,0,483.5,G Si Woo Kim G Russell Henley G Harris English G Jacob Bridgeman G Corey Conners G Mac Meissner,,,
325,5201640258,WillieTheWimp,0,483.5,G Jackson Koivun G Russell Henley G Ben Griffin G Michael Thorbjornsen G Jackson Suber G Kevin Roy,,,
325,5202574215,dksmith0713,0,483.5,G Xander Schauffele G Hideki Matsuyama G Jake Knapp G Johnny Keefer G Ben Kohles G Kevin Yu,,,
325,5202705646,BeachNut2892,0,483.5,G Cameron Young G Ryan Gerard G Rickie Fowler G Jacob Bridgeman G Christiaan Bezuidenhout G Zac Blair,,,
325,5203159630,stock2mail,0,483.5,G Si Woo Kim G Russell Henley G Harris English G Jacob Bridgeman G Corey Conners G Mac Meissner,,,
333,5200592979,burnsy2323,0,483,G Cameron Young G Si Woo Kim G Jacob Bridgeman G Keegan Bradley G Jordan L. Smith G Sungjae Im,,,
333,5200646401,trendsetter21,0,483,G Si Woo Kim G Russell Henley G Ryan Gerard G Ryo Hisatsune G Jackson Suber G Ben Kohles,,,
333,5200889752,snifterful,0,483,G Cameron Young G Patrick Cantlay G Ryan Gerard G Davis Thompson G Ben Kohles G Chandler Phillips,,,
333,5201607609,stormking82,0,483,G Russell Henley G Hideki Matsuyama G Jake Knapp G Ryan Gerard G Ben Kohles G Zac Blair,,,
333,5202214760,mertqq40,0,483,G Russell Henley G Jake Knapp G J.J. Spaun G Michael Thorbjornsen G Jacob Bridgeman G Jordan L. Smith,,,
338,5201498030,sfcdrew,0,482.5,G Si Woo Kim G Russell Henley G J.J. Spaun G Rickie Fowler G Max Greyserman G Chris Kirk,,,
338,5202301970,scottyboy6969,0,482.5,G Hideki Matsuyama G Michael Thorbjornsen G Jackson Suber G Max Greyserman G Aldrich Potgieter G Chris Kirk,,,
338,5202471732,Browner97,0,482.5,G Si Woo Kim G Hideki Matsuyama G Rickie Fowler G Keegan Bradley G Marco Penge G Ryo Hisatsune,,,
338,5202965318,kidrock300,0,482.5,G Si Woo Kim G Patrick Cantlay G Ryan Gerard G Michael Thorbjornsen G Jackson Suber G Lucas Glover,,,
342,5200588642,CDogg11,0,482,G Cameron Young G Ryan Gerard G Rickie Fowler G Jacob Bridgeman G Ryo Hisatsune G Christiaan Bezuidenhout,,,
342,5200695993,Lazerboon,0,482,G Si Woo Kim G Russell Henley G Ryan Gerard G Jacob Bridgeman G Jackson Suber G Emiliano Grillo,,,
342,5201398991,mcJoJo1313,0,482,G Si Woo Kim G Russell Henley G Hideki Matsuyama G Davis Thompson G Ben Kohles G Billy Horschel,,,
342,5201658323,hjbreton,0,482,G Jackson Koivun G Patrick Cantlay G Jake Knapp G Keegan Bradley G Davis Thompson G Ricky Castillo,,,
342,5202344176,Bsfan888,0,482,G Cameron Young G Russell Henley G Ryan Gerard G Eric Cole G Ben Kohles G Kevin Roy,,,
342,5202433830,oicu2uno,0,482,G Russell Henley G Hideki Matsuyama G J.J. Spaun G Davis Thompson G Eric Cole G Corey Conners,,,
348,5200933395,dev_macd,0,481.5,G Jackson Koivun G Russell Henley G Akshay Bhatia G Michael Brennan G Davis Thompson G Ben Kohles,,,
348,5201370900,OzarkMindhunter,0,481.5,G Si Woo Kim G Hideki Matsuyama G Ryan Gerard G Jacob Bridgeman G Ryo Hisatsune G Emiliano Grillo,,,
348,5201500421,GoHawks1610,0,481.5,G Xander Schauffele G Si Woo Kim G Hideki Matsuyama G Ben Kohles G Chandler Phillips G Kevin Roy,,,
348,5201745148,Ricech,0,481.5,G Xander Schauffele G Ben Griffin G Michael Thorbjornsen G Jacob Bridgeman G Jackson Suber G Max Greyserman,,,
352,5201242158,Marshall0,0,481,G Xander Schauffele G Si Woo Kim G Patrick Cantlay G Tony Finau G Sungjae Im G Matthew McCarty,,,
352,5201867041,jbird49,0,481,G Xander Schauffele G Jackson Koivun G Hideki Matsuyama G Christiaan Bezuidenhout G Emiliano Grillo G Zecheng Dou,,,
352,5202613858,brandyM04,0,481,G Chris Gotterup G Russell Henley G Michael Brennan G Jacob Bridgeman G Davis Thompson G Ben Kohles,,,
352,5202761715,ninja9legs,0,481,G Cameron Young G Jackson Koivun G Jacob Bridgeman G Davis Thompson G Jordan Spieth G Zac Blair,,,
356,5200561468,rlarson5521,0,480.5,G Cameron Young G Jake Knapp G Nicolai Højgaard G Michael Thorbjornsen G Max Greyserman G Kevin Roy,,,
356,5201129781,sman62,0,480.5,G Cameron Young G Hideki Matsuyama G Davis Thompson G Ryo Hisatsune G Jackson Suber G Christiaan Bezuidenhout,,,
356,5201641129,IrishThirst,0,480.5,G Xander Schauffele G Si Woo Kim G Michael Thorbjornsen G Jordan Spieth G Johnny Keefer G Lucas Glover,,,
356,5202376703,reh256,0,480.5,G Cameron Young G Xander Schauffele G Ryo Hisatsune G Christiaan Bezuidenhout G Emiliano Grillo G Ricky Castillo,,,
356,5202608647,kimo66,0,480.5,G Si Woo Kim G Hideki Matsuyama G Rickie Fowler G Jacob Bridgeman G Jordan Spieth G Ryo Hisatsune,,,
356,5202946104,omes16,0,480.5,G Russell Henley G Hideki Matsuyama G J.J. Spaun G Ryan Gerard G Corey Conners G Nicolas Echavarria,,,
356,5202966510,atlfl3,0,480.5,G Russell Henley G Hideki Matsuyama G Jake Knapp G Rickie Fowler G Jackson Suber G Ben Kohles,,,
356,5203078916,THEBMZ,0,480.5,G Si Woo Kim G Jake Knapp G Michael Thorbjornsen G Davis Thompson G Ryo Hisatsune G Jackson Suber,,,
364,5200789995,jessicadill,0,480,G Chris Gotterup G Hideki Matsuyama G Ryan Gerard G Davis Thompson G Jackson Suber G Ben Kohles,,,
364,5201198207,mvcola1984,0,480,G Si Woo Kim G Hideki Matsuyama G Jake Knapp G Jacob Bridgeman G Corey Conners G Michael Kim,,,
364,5202052038,ssgmartin,0,480,G Cameron Young G Si Woo Kim G Ryan Gerard G Ben Kohles G Emiliano Grillo G Zac Blair,,,
364,5202217262,sklein92,0,480,G Xander Schauffele G Si Woo Kim G Patrick Cantlay G Johnny Keefer G William Mouw G Austin Eckroat,,,
364,5202443552,BustaKaep420,0,480,G Cameron Young G Si Woo Kim G Ryan Gerard G Ben Kohles G Emiliano Grillo G Zac Blair,,,
364,5203167583,budaman3195,0,480,G Xander Schauffele G Si Woo Kim G Hideki Matsuyama G Eric Cole G Corey Conners G Brian Campbell,,,
364,5203200045,chrisl1390,0,480,G Cameron Young G Nicolai Højgaard G Michael Thorbjornsen G Marco Penge G Davis Thompson G Rasmus Neergaard-Petersen,,,
364,5203265295,chupachabra,0,480,G Xander Schauffele G Akshay Bhatia G Rickie Fowler G Jacob Bridgeman G Jordan Spieth G Corey Conners,,,
372,5200895699,scaleydog,0,479.5,G Cameron Young G Hideki Matsuyama G Ryan Gerard G Davis Thompson G Emiliano Grillo G John Parry,,,
372,5201471201,lasorda,0,479.5,G Xander Schauffele G Chris Gotterup G Ryan Gerard G Jackson Suber G Sungjae Im G Kevin Roy,,,
372,5202406780,apatelg,0,479.5,G Cameron Young G Patrick Cantlay G Akshay Bhatia G Davis Thompson G Mac Meissner G Sungjae Im,,,
372,5202658632,StevieFlo21,0,479.5,G Cameron Young G Patrick Cantlay G Akshay Bhatia G Davis Thompson G Mac Meissner G Sungjae Im,,,
372,5203100015,Bigdal28,0,479.5,G Hideki Matsuyama G Jake Knapp G Akshay Bhatia G Michael Thorbjornsen G Jacob Bridgeman G Davis Thompson,,,
372,5203179947,LoganGrewe50,0,479.5,G Cameron Young G Patrick Cantlay G Akshay Bhatia G Davis Thompson G Mac Meissner G Sungjae Im,,,
372,5203193417,scrub69,0,479.5,G Cameron Young G Patrick Cantlay G Akshay Bhatia G Davis Thompson G Mac Meissner G Sungjae Im,,,
372,5203211706,RAJAHDAT420,0,479.5,G Cameron Young G Patrick Cantlay G Akshay Bhatia G Davis Thompson G Mac Meissner G Sungjae Im,,,
372,5203219535,ripking,0,479.5,G Cameron Young G Patrick Cantlay G Akshay Bhatia G Davis Thompson G Mac Meissner G Sungjae Im,,,
372,5203238444,Fn_Ralph,0,479.5,G Cameron Young G Patrick Cantlay G Akshay Bhatia G Davis Thompson G Mac Meissner G Sungjae Im,,,
382,5200736769,c_losonic22,0,479,G Hideki Matsuyama G Jake Knapp G J.J. Spaun G Ryan Gerard G Davis Thompson G Emiliano Grillo,,,
382,5202162323,jmitchellsb81,0,479,G Chris Gotterup G Ryan Gerard G Michael Thorbjornsen G Rickie Fowler G Ryo Hisatsune G Jackson Suber,,,
382,5202828333,LinkSinc,0,479,G Jackson Koivun G Ben Griffin G Nicolai Højgaard G Michael Thorbjornsen G Keegan Bradley G Mac Meissner,,,
382,5203167023,melz19230,0,479,G Cameron Young G Xander Schauffele G Michael Brennan G Max Greyserman G Sungjae Im G Billy Horschel,,,
386,5201351351,Bo_Dacious,0,478.5,G Cameron Young G Si Woo Kim G Jacob Bridgeman G Ben Kohles G Christiaan Bezuidenhout G Ricky Castillo,,,
386,5202499328,BfloBillz,0,478.5,G Jackson Koivun G Hideki Matsuyama G Ryan Gerard G Jacob Bridgeman G Ryo Hisatsune G Christiaan Bezuidenhout,,,
386,5202803571,Adk.-Legend,0,478.5,G Si Woo Kim G Jackson Koivun G Ryan Gerard G Jacob Bridgeman G Ben Kohles G Zac Blair,,,
386,5202938386,rtyoung82,0,478.5,G Hideki Matsuyama G Jake Knapp G Ryan Gerard G Michael Brennan G Jackson Suber G Beau Hossler,,,
386,5203168267,mistafletch40,0,478.5,G Hideki Matsuyama G J.J. Spaun G Ryan Gerard G Nicolai Højgaard G Jacob Bridgeman G Jackson Suber,,,
391,5200672800,bruc0074,0,478,G Xander Schauffele G J.J. Spaun G Nicolai Højgaard G Michael Brennan G Ryo Hisatsune G Benjamin James,,,
391,5201452807,4LeftsMakeItRight,0,478,G Wyndham Clark G Hideki Matsuyama G Jake Knapp G Michael Thorbjornsen G Davis Thompson G Sungjae Im,,,
391,5202200248,Jonnywheelz,0,478,G Jackson Koivun G Hideki Matsuyama G J.J. Spaun G Michael Brennan G Jackson Suber G Johnny Keefer,,,
391,5202515336,urban1106,0,478,G Russell Henley G Jake Knapp G Ryan Gerard G Rickie Fowler G Jacob Bridgeman G Benjamin James,,,
391,5202824089,enemymine,0,478,G Cameron Young G Hideki Matsuyama G Akshay Bhatia G Keegan Bradley G Mac Meissner G Sungjae Im,,,
391,5203040939,nauldyboy,0,478,G Xander Schauffele G Ben Griffin G Nicolai Højgaard G Keegan Bradley G Corey Conners G Mac Meissner,,,
391,5203085783,bigblue0622,0,478,G Si Woo Kim G Jackson Koivun G Hideki Matsuyama G Ryo Hisatsune G Michael Kim G Kevin Yu,,,
391,5203138386,CraigNel20,0,478,G Cameron Young G Jake Knapp G Ryan Gerard G Jacob Bridgeman G Ricky Castillo G Stephan Jaeger,,,
391,5203214499,siggyfootball,0,478,G Patrick Cantlay G Ben Griffin G J.J. Spaun G Michael Thorbjornsen G Davis Thompson G Max Greyserman,,,
400,5200756750,forbesti91,0,477.5,G Si Woo Kim G Hideki Matsuyama G Ryo Hisatsune G Kevin Yu G Sungjae Im G Keita Nakajima,,,
400,5201066008,ryanah,0,477.5,G Russell Henley G Patrick Cantlay G Hideki Matsuyama G Jordan Spieth G Corey Conners G Pierceson Coody,,,
400,5201187516,jrjk88,0,477.5,G Cameron Young G Hideki Matsuyama G Jacob Bridgeman G Ryo Hisatsune G Christiaan Bezuidenhout G Ricky Castillo,,,
400,5201277764,trailrunnerryan,0,477.5,G Xander Schauffele G Jackson Koivun G Jacob Bridgeman G Jordan Spieth G Doug Ghim G Tony Finau,,,
400,5201299907,MILLIONDOLLAMAN,0,477.5,G Jackson Koivun G Ryan Gerard G Akshay Bhatia G Rickie Fowler G Corey Conners G Ben Kohles,,,
400,5201323860,iampratte,0,477.5,G Cameron Young G Jackson Koivun G Jacob Bridgeman G Ryo Hisatsune G Ben Kohles G Ricky Castillo,,,
400,5201633983,lxastuducf,0,477.5,G Cameron Young G Jake Knapp G J.J. Spaun G Davis Thompson G Ben Kohles G Chris Kirk,,,
400,5201654902,nelsorob38,0,477.5,G Jackson Koivun G Jake Knapp G Ryan Gerard G Jacob Bridgeman G Keegan Bradley G Mac Meissner,,,
400,5202617613,brockwilliams3,0,477.5,G Cameron Young G Russell Henley G Jake Knapp G Ryo Hisatsune G Sungjae Im G Rico Hoey,,,
400,5202863529,chickstar,0,477.5,G Cameron Young G Si Woo Kim G Michael Thorbjornsen G Aldrich Potgieter G Michael Kim G Emiliano Grillo,,,
410,5200580959,ethpix,0,477,G Si Woo Kim G Hideki Matsuyama G Ryan Gerard G Jacob Bridgeman G Ryo Hisatsune G Christiaan Bezuidenhout,,,
410,5200684683,prome,0,477,G Si Woo Kim G Hideki Matsuyama G Jacob Bridgeman G Davis Thompson G Ryo Hisatsune G Christiaan Bezuidenhout,,,
410,5200824476,navyhmcm,0,477,G Chris Gotterup G Jackson Koivun G Ryan Gerard G Davis Thompson G Ben Kohles G Ricky Castillo,,,
410,5201021363,JPRut1965,0,477,G Cameron Young G Jackson Koivun G Rickie Fowler G Christiaan Bezuidenhout G Michael Kim G Emiliano Grillo,,,
410,5201510682,charlotteuptown,0,477,G Si Woo Kim G Hideki Matsuyama G Ryan Gerard G Jacob Bridgeman G Ryo Hisatsune G Christiaan Bezuidenhout,,,
410,5202156965,hitmen20002002,0,477,G Hideki Matsuyama G Jake Knapp G Ryan Gerard G Nicolai Højgaard G Davis Thompson G Jackson Suber,,,
410,5202332567,gregmile,0,477,G Si Woo Kim G Hideki Matsuyama G Ryan Gerard G Jacob Bridgeman G Ryo Hisatsune G Christiaan Bezuidenhout,,,
410,5202408587,coastrat69,0,477,G Si Woo Kim G Hideki Matsuyama G Ryan Gerard G Jacob Bridgeman G Ryo Hisatsune G Christiaan Bezuidenhout,,,
410,5202498372,mamaw-ott,0,477,G Cameron Young G Xander Schauffele G Jacob Bridgeman G Ryo Hisatsune G Tony Finau G Thorbjørn Olesen,,,
410,5202695912,RickyBrett,0,477,G Si Woo Kim G Hideki Matsuyama G Ryan Gerard G Jacob Bridgeman G Ryo Hisatsune G Christiaan Bezuidenhout,,,
410,5202774190,skolpainting,0,477,G Si Woo Kim G Hideki Matsuyama G Ryan Gerard G Jacob Bridgeman G Ryo Hisatsune G Christiaan Bezuidenhout,,,
410,5202797910,kblamt,0,477,G Si Woo Kim G Jackson Koivun G Hideki Matsuyama G Jacob Bridgeman G Ben Kohles G Zac Blair,,,
410,5202844458,bsinkc,0,477,G Jackson Koivun G Wyndham Clark G Nicolai Højgaard G Michael Thorbjornsen G Davis Thompson G Sungjae Im,,,
410,5202986995,hutchdawg16,0,477,G Xander Schauffele G Russell Henley G J.J. Spaun G Davis Thompson G Ben Kohles G Lucas Glover,,,
424,5200744251,RaiderPlayer,0,476.5,G Si Woo Kim G Russell Henley G Hideki Matsuyama G Ryo Hisatsune G Ben Kohles G Christiaan Bezuidenhout,,,
424,5200976208,mountainmonsters,0,476.5,G Cameron Young G Jackson Koivun G Ryan Gerard G Ryo Hisatsune G Ricky Castillo G Zac Blair,,,
424,5201009186,kingpin58,0,476.5,G Jackson Koivun G Hideki Matsuyama G Jake Knapp G Michael Brennan G Marco Penge G Ricky Castillo,,,
424,5201408793,hamhock41,0,476.5,G Xander Schauffele G Wyndham Clark G Michael Brennan G Davis Thompson G Jackson Suber G Kevin Yu,,,
424,5202922057,meyers2305,0,476.5,G Russell Henley G Jake Knapp G J.J. Spaun G Jacob Bridgeman G Davis Thompson G Corey Conners,,,
424,5203009881,Odie52,0,476.5,G Jackson Koivun G Russell Henley G Harris English G Davis Thompson G Ryo Hisatsune G Corey Conners,,,
424,5203157674,grandmasterpig,0,476.5,G Si Woo Kim G Jackson Koivun G Hideki Matsuyama G Max Greyserman G Benjamin James G Ricky Castillo,,,
424,5203203094,sdw911,0,476.5,G Cameron Young G Chris Gotterup G Michael Brennan G Ben Kohles G Michael Kim G Kevin Roy,,,
432,5200750281,OpenBet,0,476,G Cameron Young G Si Woo Kim G Jacob Bridgeman G Ryo Hisatsune G Ben Kohles G Ricky Castillo,,,
432,5201526644,MakeMyDay7,0,476,G Cameron Young G Hideki Matsuyama G Jacob Bridgeman G Ryo Hisatsune G Corey Conners G Nick Taylor,,,
432,5201715270,masterpick1973,0,476,G Chris Gotterup G Russell Henley G Patrick Cantlay G Rickie Fowler G Chris Kirk G Kevin Roy,,,
432,5201928738,strausberg,0,476,G Si Woo Kim G Jackson Koivun G Nicolai Højgaard G Jacob Bridgeman G Corey Conners G Ben Kohles,,,
432,5202430278,nschultz14,0,476,G Si Woo Kim G Hideki Matsuyama G Ryan Gerard G Jacob Bridgeman G Ryo Hisatsune G Zac Blair,,,
432,5202569552,ArlingtonMark,0,476,G Cameron Young G Si Woo Kim G Jacob Bridgeman G Ryo Hisatsune G Ben Kohles G Ricky Castillo,,,
432,5202889692,dadada234,0,476,G Si Woo Kim G Jackson Koivun G J.J. Spaun G Rickie Fowler G Benjamin James G Chris Kirk,,,
432,5202916294,markaf8347,0,476,G Chris Gotterup G Si Woo Kim G Hideki Matsuyama G Davis Thompson G Ricky Castillo G Kevin Roy,,,
432,5203042643,Mikeyi5000,0,476,G Si Woo Kim G Hideki Matsuyama G Ryan Gerard G Rickie Fowler G Denny McCarthy G Michael Kim,,,
432,5203132245,manneyst,0,476,G Cameron Young G Si Woo Kim G Nicolai Højgaard G Mac Meissner G Jordan L. Smith G Sungjae Im,,,
442,5201108890,igseep,0,475.5,G Cameron Young G Xander Schauffele G Jacob Bridgeman G Ben Kohles G Ricky Castillo G John Parry,,,
442,5202233455,rehillj,0,475.5,G Cameron Young G Russell Henley G Patrick Cantlay G Mac Meissner G Sungjae Im G Zachary Bauchou,,,
442,5202860234,CTvikings8084,0,475.5,G Cameron Young G Russell Henley G Patrick Cantlay G Mac Meissner G Sungjae Im G Zachary Bauchou,,,
442,5203166982,Double_L,0,475.5,G Cameron Young G Russell Henley G Patrick Cantlay G Mac Meissner G Sungjae Im G Zachary Bauchou,,,
446,5200634244,aulee1240,0,475,G Si Woo Kim G Hideki Matsuyama G Jake Knapp G Davis Thompson G Max Greyserman G Chris Kirk,,,
446,5200642867,Raizit,0,475,G Jackson Koivun G Hideki Matsuyama G Nicolai Højgaard G Jacob Bridgeman G Ryo Hisatsune G Corey Conners,,,
446,5201636893,lennon727,0,475,G Jackson Koivun G Hideki Matsuyama G J.J. Spaun G Ryan Gerard G Jackson Suber G Zac Blair,,,
446,5201768802,tbgolfer13,0,475,G Si Woo Kim G Jackson Koivun G Nicolai Højgaard G Jacob Bridgeman G Davis Thompson G Stephan Jaeger,,,
446,5202697648,whiteduece,0,475,G Chris Gotterup G Russell Henley G Hideki Matsuyama G Corey Conners G Ben Kohles G Kevin Yu,,,
451,5200670583,Jacks5150,0,474.5,G Cameron Young G Si Woo Kim G Jordan Spieth G Ryo Hisatsune G Ben Kohles G Ricky Castillo,,,
451,5201811859,lulu1327,0,474.5,G Cameron Young G Hideki Matsuyama G Ryan Gerard G Ryo Hisatsune G Christiaan Bezuidenhout G Zac Blair,,,
451,5202879744,JLMathers37,0,474.5,G Russell Henley G Ben Griffin G Ryan Gerard G Rickie Fowler G Jacob Bridgeman G Ben Kohles,,,
451,5202881776,ThunderboltsWin,0,474.5,G Wyndham Clark G Russell Henley G Michael Thorbjornsen G Marco Penge G Doug Ghim G Ben Kohles,,,
451,5202926218,pepsiman34,0,474.5,G Xander Schauffele G Jake Knapp G Rickie Fowler G Jacob Bridgeman G Ben Kohles G Christiaan Bezuidenhout,,,
451,5203120459,Monster2783,0,474.5,G Hideki Matsuyama G Ben Griffin G Ryan Gerard G Rickie Fowler G Ryo Hisatsune G Corey Conners,,,
451,5203192886,rufuse53,0,474.5,G Chris Gotterup G Jackson Koivun G Hideki Matsuyama G Jordan Spieth G Ricky Castillo G Rasmus Højgaard,,,
458,5200646961,Dneri68,0,474,G Cameron Young G Xander Schauffele G Davis Thompson G Ben Kohles G Emiliano Grillo G Lucas Glover,,,
458,5201256929,svenrick66,0,474,G Xander Schauffele G Jackson Koivun G Hideki Matsuyama G Johnny Keefer G Mac Meissner G Andrew Putnam,,,
458,5201462214,Lipperco,0,474,G Si Woo Kim G Hideki Matsuyama G Ryan Gerard G Jacob Bridgeman G Corey Conners G Rasmus Neergaard-Petersen,,,
458,5201471663,soonerbernie2002,0,474,G Xander Schauffele G Jake Knapp G Nicolai Højgaard G Michael Thorbjornsen G Davis Thompson G Chandler Phillips,,,
458,5202071503,the4amigos,0,474,G Cameron Young G Jackson Koivun G Jacob Bridgeman G Jackson Suber G Doug Ghim G Ben Kohles,,,
458,5202618695,Carolinakidz,0,474,G Si Woo Kim G Hideki Matsuyama G Ryan Gerard G Jacob Bridgeman G Corey Conners G Rasmus Neergaard-Petersen,,,
458,5202945739,martin684,0,474,G Cameron Young G Ryan Gerard G Akshay Bhatia G Michael Brennan G Johnny Keefer G Chris Kirk,,,
465,5200558832,erock9niner,0,473.5,G Hideki Matsuyama G Jake Knapp G Ryan Gerard G Rickie Fowler G Jacob Bridgeman G Ryo Hisatsune,,,
465,5200839142,jacobsjon,0,473.5,G Hideki Matsuyama G Jake Knapp G Ryan Gerard G Rickie Fowler G Jacob Bridgeman G Ryo Hisatsune,,,
465,5200879186,ctcbullock,0,473.5,G Russell Henley G Hideki Matsuyama G Ryan Gerard G Akshay Bhatia G Jackson Suber G Ben Kohles,,,
465,5200990353,tb2720,0,473.5,G Cameron Young G Jake Knapp G Rickie Fowler G Michael Brennan G Max Greyserman G Ben Kohles,,,
465,5201038515,lamondatd,0,473.5,G Si Woo Kim G Hideki Matsuyama G Ryan Gerard G Keegan Bradley G Rasmus Neergaard-Petersen G Ben Kohles,,,
465,5201092488,JERKER19,0,473.5,G Jackson Koivun G Jake Knapp G J.J. Spaun G Michael Thorbjornsen G Rickie Fowler G Zac Blair,,,
465,5201273819,themeltuwec,0,473.5,G Russell Henley G Jake Knapp G Ryan Gerard G Rickie Fowler G Jacob Bridgeman G Emiliano Grillo,,,
465,5201869885,jackbrenneke,0,473.5,G Hideki Matsuyama G Jake Knapp G Ryan Gerard G Rickie Fowler G Jacob Bridgeman G Ryo Hisatsune,,,
465,5201956716,swilliams3,0,473.5,G Si Woo Kim G Hideki Matsuyama G Nicolai Højgaard G Jacob Bridgeman G Ryo Hisatsune G Corey Conners,,,
465,5202041648,timothyrobinette,0,473.5,G Hideki Matsuyama G Jake Knapp G Ryan Gerard G Rickie Fowler G Jacob Bridgeman G Ryo Hisatsune,,,
465,5202303371,mdcupito,0,473.5,G Si Woo Kim G Hideki Matsuyama G Rickie Fowler G Jacob Bridgeman G Ryo Hisatsune G Jackson Suber,,,
465,5202667391,ChicagoMagpie,0,473.5,G Hideki Matsuyama G Jake Knapp G Ryan Gerard G Rickie Fowler G Jacob Bridgeman G Ryo Hisatsune,,,
465,5202963683,flair60,0,473.5,G Si Woo Kim G Russell Henley G Jake Knapp G Davis Thompson G Doug Ghim G Ben Kohles,,,
465,5203114564,Ezilodi,0,473.5,G Xander Schauffele G Wyndham Clark G Michael Thorbjornsen G Michael Brennan G Matt Wallace G Taylor Moore,,,
465,5203121936,criggs,0,473.5,G Xander Schauffele G Chris Gotterup G Nicolai Højgaard G Michael Brennan G Rasmus Højgaard G Zac Blair,,,
480,5202738350,bogie83,0,473,G Wyndham Clark G Patrick Cantlay G Hideki Matsuyama G Nicolai Højgaard G Matt Wallace G Kevin Roy,,,
480,5203090349,TedBurget76101,0,473,G Cameron Young G Si Woo Kim G Nicolai Højgaard G Ben Kohles G Jordan L. Smith G Ricky Castillo,,,
480,5203163308,donovan2008,0,473,G Xander Schauffele G Si Woo Kim G Jake Knapp G Michael Kim G Emiliano Grillo G Sungjae Im,,,
480,5203261381,aquafinatim,0,473,G Cameron Young G Russell Henley G Hideki Matsuyama G Mac Meissner G Sungjae Im G Steven Fisk,,,
484,5200707667,kramerap59,0,472.5,G Si Woo Kim G Hideki Matsuyama G Jake Knapp G Michael Thorbjornsen G Nick Taylor G Emiliano Grillo,,,
484,5200987440,Dthomas0428,0,472.5,G Cameron Young G J.J. Spaun G Keegan Bradley G Davis Thompson G Ryo Hisatsune G Jackson Suber,,,
484,5201123234,allen1558,0,472.5,G Si Woo Kim G Akshay Bhatia G Nicolai Højgaard G Michael Thorbjornsen G Jacob Bridgeman G Corey Conners,,,
484,5201438809,Dlhussier,0,472.5,G Si Woo Kim G Patrick Cantlay G J.J. Spaun G Ryo Hisatsune G Corey Conners G Ben Kohles,,,
484,5202148323,jpm_joshua2002,0,472.5,G Jackson Koivun G Russell Henley G Ryan Gerard G Rickie Fowler G Rasmus Neergaard-Petersen G Ben Kohles,,,
484,5202165132,joe_mac10,0,472.5,G Jackson Koivun G Russell Henley G Ryan Gerard G Rickie Fowler G Rasmus Neergaard-Petersen G Ben Kohles,,,
484,5202294937,Cliff-Crusades,0,472.5,G Cameron Young G Chris Gotterup G Davis Thompson G Corey Conners G Mac Meissner G Jordan L. Smith,,,
484,5202495539,luke_fritz2000,0,472.5,G Cameron Young G Si Woo Kim G Rickie Fowler G Ben Kohles G Christiaan Bezuidenhout G Emiliano Grillo,,,
484,5202914609,Pestilence,0,472.5,G Cameron Young G Si Woo Kim G Rickie Fowler G Ben Kohles G Christiaan Bezuidenhout G Emiliano Grillo,,,
493,5202927446,lukemcdonald4,0,472,G Jackson Koivun G Jake Knapp G J.J. Spaun G Michael Thorbjornsen G Johnny Keefer G Ben Kohles,,,
494,5201449182,jcrowepls,0,471.5,G Chris Gotterup G Ryan Gerard G Rickie Fowler G Michael Brennan G Jacob Bridgeman G Jordan Spieth,,,
494,5202392462,KenTasch,0,471.5,G Xander Schauffele G Hideki Matsuyama G Akshay Bhatia G Rickie Fowler G Matt Wallace G Lee Hodges,,,
496,5202780402,Maloneymat16,0,471,G Si Woo Kim G Jackson Koivun G Nicolai Højgaard G Michael Brennan G Marco Penge G Sungjae Im,,,
496,5203204032,dingodan39,0,471,G Chris Gotterup G Hideki Matsuyama G Ryan Gerard G Rickie Fowler G Ben Kohles G Emiliano Grillo,,,
498,5200924556,Mattie.11,0,470.5,G Hideki Matsuyama G Ryan Gerard G Nicolai Højgaard G Michael Thorbjornsen G Brooks Koepka G Jacob Bridgeman,,,
498,5202191247,rbassett77,0,470.5,G Cameron Young G Hideki Matsuyama G Rickie Fowler G Jacob Bridgeman G Rasmus Neergaard-Petersen G Ricky Castillo,,,
498,5202285860,dawgonegenius,0,470.5,G Chris Gotterup G Russell Henley G Ryan Gerard G Davis Thompson G Johnny Keefer G Ben Kohles,,,
498,5202448544,Dr_Fu_Manchu,0,470.5,G Cameron Young G Hideki Matsuyama G Jake Knapp G Michael Brennan G Ben Kohles G Dylan Wu,,,
498,5203167016,tissue17,0,470.5,G Jackson Koivun G Akshay Bhatia G Nicolai Højgaard G Michael Thorbjornsen G Marco Penge G Davis Thompson,,,
498,5203204570,tbjones2121,0,470.5,G Patrick Cantlay G Jake Knapp G J.J. Spaun G Ryan Gerard G Keegan Bradley G Sungjae Im,,,
504,5200911048,kknitter,0,470,G Cameron Young G Si Woo Kim G Michael Brennan G Corey Conners G Seamus Power G Ricky Castillo,,,
504,5201264634,ambiturner,0,470,G Cameron Young G Jake Knapp G Michael Thorbjornsen G Rickie Fowler G Corey Conners G Lucas Glover,,,
504,5202848001,t-rexes007,0,470,G Hideki Matsuyama G Ryan Gerard G Harris English G Nicolai Højgaard G Jacob Bridgeman G Jordan Spieth,,,
504,5203092438,jmil978,0,470,G Chris Gotterup G Jake Knapp G Michael Thorbjornsen G Michael Brennan G Davis Thompson G Jackson Suber,,,
504,5203096681,Phinsfan83,0,470,G Cameron Young G Si Woo Kim G J.J. Spaun G Mac Meissner G Sungjae Im G Zecheng Dou,,,
509,5201049202,fairwayhitter,0,469.5,G Ben Griffin G Jake Knapp G Ryan Gerard G Michael Thorbjornsen G Davis Thompson G William Mouw,,,
509,5201463052,prov1xbite,0,469.5,G Si Woo Kim G Jackson Koivun G Patrick Cantlay G Ryo Hisatsune G Michael Kim G Stephan Jaeger,,,
509,5201782323,2briar,0,469.5,G Ben Griffin G J.J. Spaun G Nicolai Højgaard G Michael Thorbjornsen G Jacob Bridgeman G Davis Thompson,,,
509,5201871407,m221mg,0,469.5,G Jackson Koivun G Russell Henley G Ben Griffin G Davis Thompson G Max Greyserman G Rasmus Højgaard,,,
509,5202860344,RINO19,0,469.5,G Xander Schauffele G Patrick Cantlay G Hideki Matsuyama G Pierceson Coody G Tony Finau G Sungjae Im,,,
514,5200663571,tbird1957,0,469,G Russell Henley G Hideki Matsuyama G Jake Knapp G Jacob Bridgeman G Ryo Hisatsune G Corey Conners,,,
514,5200853712,wundyfull,0,469,G Russell Henley G Hideki Matsuyama G Jake Knapp G Jacob Bridgeman G Ryo Hisatsune G Corey Conners,,,
514,5201248319,tman_willi,0,469,G Si Woo Kim G Jackson Koivun G Hideki Matsuyama G Ben Kohles G Christiaan Bezuidenhout G Emiliano Grillo,,,
514,5201306334,wtp0410,0,469,G J.J. Spaun G Harris English G Nicolai Højgaard G Michael Thorbjornsen G Keegan Bradley G Johnny Keefer,,,
514,5202290296,rkelly818,0,469,G Si Woo Kim G Hideki Matsuyama G J.J. Spaun G Ryo Hisatsune G Doug Ghim G Michael Kim,,,
514,5202301983,SanSouci84,0,469,G Cameron Young G Hideki Matsuyama G Ryan Gerard G Johnny Keefer G Sungjae Im G Billy Horschel,,,
514,5202460298,NTollette,0,469,G Si Woo Kim G Russell Henley G Jake Knapp G Jacob Bridgeman G Corey Conners G Sungjae Im,,,
514,5203250741,Milo1051,0,469,G Russell Henley G Hideki Matsuyama G Jake Knapp G Jacob Bridgeman G Ryo Hisatsune G Corey Conners,,,
514,5203260690,oilver22,0,469,G Cameron Young G Hideki Matsuyama G Jacob Bridgeman G Ryo Hisatsune G Nick Taylor G Ricky Castillo,,,
523,5200610776,bigwheelio,0,468.5,G Cameron Young G Jake Knapp G J.J. Spaun G Michael Brennan G Kevin Yu G Chris Kirk,,,
523,5200931096,cdh601,0,468.5,G Si Woo Kim G Jackson Koivun G Ryan Gerard G Ryo Hisatsune G Jackson Suber G Ben Kohles,,,
523,5201003152,Vulture8181,0,468.5,G Xander Schauffele G Ben Griffin G Ryan Gerard G Doug Ghim G Johnny Keefer G Ben Kohles,,,
523,5201262527,mlief,0,468.5,G Si Woo Kim G Jackson Koivun G Russell Henley G Doug Ghim G Jordan L. Smith G Kevin Yu,,,
523,5201763132,capt_buzzkill,0,468.5,G Cameron Young G Patrick Cantlay G Ben Griffin G Mac Meissner G Michael Kim G Sungjae Im,,,
523,5202093643,Choiclan,0,468.5,G Si Woo Kim G Jackson Koivun G Rickie Fowler G Jacob Bridgeman G Ryo Hisatsune G Ben Kohles,,,
523,5202409756,bhill1228,0,468.5,G Si Woo Kim G Jackson Koivun G Rickie Fowler G Jacob Bridgeman G Ryo Hisatsune G Ben Kohles,,,
523,5202583334,frenaldi,0,468.5,G Si Woo Kim G Hideki Matsuyama G Ryan Gerard G Jacob Bridgeman G Ryo Hisatsune G Nick Taylor,,,
523,5202892541,Arctic_Fox,0,468.5,G Si Woo Kim G Hideki Matsuyama G Ryan Gerard G Jacob Bridgeman G Ryo Hisatsune G Nick Taylor,,,
523,5202928600,dirtysanchez20,0,468.5,G Chris Gotterup G Russell Henley G Rickie Fowler G Jacob Bridgeman G Corey Conners G Ben Kohles,,,
533,5202181011,bobolemire,0,468,G Wyndham Clark G Hideki Matsuyama G Ryan Gerard G Jacob Bridgeman G Jordan Spieth G Corey Conners,,,
533,5202253056,bholt34,0,468,G Cameron Young G Chris Gotterup G Davis Thompson G Jackson Suber G Doug Ghim G Rico Hoey,,,
533,5202861383,lawrencevolk,0,468,G Cameron Young G Hideki Matsuyama G Jake Knapp G Marco Penge G Davis Thompson G Gordon Sargent,,,
533,5202984153,RollAtl,0,468,G Patrick Cantlay G Hideki Matsuyama G Ryan Gerard G Akshay Bhatia G Rickie Fowler G Zac Blair,,,
533,5203138105,Powell80,0,468,G Si Woo Kim G Hideki Matsuyama G Jacob Bridgeman G Ryo Hisatsune G Ben Kohles G Emiliano Grillo,,,
538,5200571981,tim_g,0,467.5,G Cameron Young G Patrick Cantlay G J.J. Spaun G Davis Thompson G Tony Finau G William Mouw,,,
538,5201089652,truckster1,0,467.5,G Cameron Young G Hideki Matsuyama G Jacob Bridgeman G Keegan Bradley G Ryo Hisatsune G Nick Taylor,,,
538,5201915145,jduepp17,0,467.5,G Si Woo Kim G Hideki Matsuyama G Akshay Bhatia G Davis Thompson G Jordan Spieth G Michael Kim,,,
538,5202057880,westh8bamix,0,467.5,G Xander Schauffele G Ryan Gerard G Harris English G Jordan Spieth G Ryo Hisatsune G Johnny Keefer,,,
538,5202669415,rgmclell,0,467.5,G Chris Gotterup G Jake Knapp G Michael Thorbjornsen G Michael Brennan G Davis Thompson G Johnny Keefer,,,
538,5202822631,eebob2072,0,467.5,G Wyndham Clark G Patrick Cantlay G Nicolai Højgaard G Michael Thorbjornsen G Davis Thompson G Max Greyserman,,,
538,5203057951,eperson911,0,467.5,G Xander Schauffele G Ben Griffin G Akshay Bhatia G Michael Thorbjornsen G Michael Kim G Stephan Jaeger,,,
538,5203103679,austin60915,0,467.5,G Si Woo Kim G Patrick Cantlay G J.J. Spaun G Ryan Gerard G Jordan L. Smith G William Mouw,,,
538,5203143000,dsm93309,0,467.5,G Jackson Koivun G Patrick Cantlay G Hideki Matsuyama G Ryan Gerard G Beau Hossler G Hayden Springer,,,
547,5200777911,sportsnat13,0,467,G Cameron Young G Patrick Cantlay G Rickie Fowler G Jacob Bridgeman G Tony Finau G Matthew McCarty,,,
547,5202392798,Yasz15,0,467,G Cameron Young G Jake Knapp G Ryan Gerard G Corey Conners G Jordan L. Smith G Emiliano Grillo,,,
547,5202750537,caldwelltylerusng94,0,467,G Xander Schauffele G Wyndham Clark G Michael Thorbjornsen G Jordan Spieth G Max Greyserman G Christiaan Bezuidenhout,,,
547,5202816101,boomersooner276,0,467,G Chris Gotterup G Patrick Cantlay G Rickie Fowler G Jacob Bridgeman G Corey Conners G Michael Kim,,,
547,5203051186,hilljorgensen,0,467,G Wyndham Clark G Hideki Matsuyama G Ryan Gerard G Michael Brennan G Jacob Bridgeman G Jordan L. Smith,,,
552,5200721821,lfoster4,0,466.5,G Xander Schauffele G Wyndham Clark G Ryan Gerard G Keegan Bradley G Ben Kohles G Zac Blair,,,
552,5200901281,TerpBoy2002,0,466.5,G Wyndham Clark G Patrick Cantlay G Ryan Gerard G Rickie Fowler G Corey Conners G Benjamin James,,,
552,5202287240,Ufgators948,0,466.5,G Cameron Young G Hideki Matsuyama G J.J. Spaun G Michael Brennan G Lucas Glover G Chris Kirk,,,
552,5203015460,Brentw9,0,466.5,G Chris Gotterup G Si Woo Kim G Ryan Gerard G Matt Wallace G Ben Kohles G Christiaan Bezuidenhout,,,
552,5203263747,TeamPV,0,466.5,G Si Woo Kim G Wyndham Clark G Patrick Cantlay G Michael Brennan G Kevin Yu G Rico Hoey,,,
557,5201245004,RMann82,0,466,G Xander Schauffele G Ben Griffin G Michael Thorbjornsen G Keegan Bradley G Eric Cole G Stephan Jaeger,,,
557,5201268209,nut14,0,466,G Cameron Young G Jackson Koivun G Rickie Fowler G Ryo Hisatsune G Ben Kohles G Zac Blair,,,
557,5201280734,tdezzy,0,466,G Chris Gotterup G Russell Henley G Ryan Gerard G Rickie Fowler G Emiliano Grillo G Kevin Roy,,,
557,5201842901,caryers,0,466,G Cameron Young G Jackson Koivun G Ryo Hisatsune G Jackson Suber G Ben Kohles G Sungjae Im,,,
557,5202897128,FlyWilly,0,466,G Chris Gotterup G Russell Henley G Ryan Gerard G Rickie Fowler G Emiliano Grillo G Kevin Roy,,,
557,5203111913,Ullys,0,466,G Si Woo Kim G Jake Knapp G Ryan Gerard G Rickie Fowler G Jackson Suber G Ben Kohles,,,
563,5200811328,djteebone,0,465.5,G Xander Schauffele G Russell Henley G Jake Knapp G Ben Kohles G Christiaan Bezuidenhout G Emiliano Grillo,,,
563,5200843587,the_process18,0,465.5,G Cameron Young G Russell Henley G J.J. Spaun G Davis Thompson G Chris Kirk G Cameron Davis,,,
563,5200923371,seanshoe16,0,465.5,G Russell Henley G Jake Knapp G Nicolai Højgaard G Michael Thorbjornsen G Marco Penge G Christiaan Bezuidenhout,,,
563,5201268071,bfaceg,0,465.5,G Chris Gotterup G Hideki Matsuyama G Ryan Gerard G Michael Brennan G Jacob Bridgeman G Zac Blair,,,
563,5202208839,briley317,0,465.5,G Jackson Koivun G Hideki Matsuyama G Jake Knapp G Rickie Fowler G Ben Kohles G Emiliano Grillo,,,
563,5202580254,GATA02,0,465.5,G Hideki Matsuyama G Ryan Gerard G Harris English G Akshay Bhatia G Keegan Bradley G Davis Thompson,,,
563,5203037482,jrcooper07,0,465.5,G Si Woo Kim G Patrick Cantlay G J.J. Spaun G Davis Thompson G Jackson Suber G Johnny Keefer,,,
570,5201511974,sbutcher413,0,465,G Cameron Young G Jake Knapp G Akshay Bhatia G Michael Thorbjornsen G Ben Kohles G Kevin Roy,,,
570,5201556060,hello35,0,465,G Si Woo Kim G Russell Henley G Ben Griffin G Michael Brennan G Ben Kohles G Sungjae Im,,,
570,5201620010,KCHSgolf,0,465,G Russell Henley G Jake Knapp G Ryan Gerard G Rickie Fowler G Jordan Spieth G Ryo Hisatsune,,,
570,5201859258,Alex17288,0,465,G Cameron Young G Hideki Matsuyama G Rickie Fowler G Jordan Spieth G Denny McCarthy G Michael Kim,,,
570,5201947950,arabia613,0,465,G Si Woo Kim G Jackson Koivun G Rickie Fowler G Michael Brennan G Corey Conners G Rasmus Neergaard-Petersen,,,
570,5202297994,Lord007,0,465,G Si Woo Kim G Hideki Matsuyama G Ryan Gerard G Jacob Bridgeman G Rasmus Neergaard-Petersen G Ben Kohles,,,
570,5202406267,GreenTailShiner,0,465,G Russell Henley G Jake Knapp G J.J. Spaun G Rickie Fowler G Jacob Bridgeman G Mac Meissner,,,
570,5202892502,jpbarr04,0,465,G Chris Gotterup G Jake Knapp G Michael Thorbjornsen G Michael Brennan G Jacob Bridgeman G Ben Kohles,,,
570,5203186063,markmajors,0,465,G Jackson Koivun G Ben Griffin G Ryan Gerard G Michael Thorbjornsen G Johnny Keefer G Zac Blair,,,
579,5203010296,Mark730,0,464.5,G Cameron Young G Jake Knapp G Ryan Gerard G Jackson Suber G Ben Kohles G Kevin Yu,,,
579,5203061291,pirate87,0,464.5,G Chris Gotterup G J.J. Spaun G Ryan Gerard G Jacob Bridgeman G Davis Thompson G Mac Meissner,,,
581,5201143457,slasher2017,0,464,G Si Woo Kim G Jackson Koivun G Ryan Gerard G Michael Brennan G Ben Kohles G Jesper Svensson,,,
581,5201261978,ksrock31,0,464,G Si Woo Kim G Russell Henley G Ryan Gerard G Jacob Bridgeman G Christiaan Bezuidenhout G Nick Taylor,,,
581,5201971732,Webby5759,0,464,G Chris Gotterup G Ryan Gerard G Michael Thorbjornsen G Michael Brennan G Jacob Bridgeman G Eric Cole,,,
581,5202165373,brandino800,0,464,G Cameron Young G Xander Schauffele G Michael Brennan G Johnny Keefer G Zachary Bauchou G William Mouw,,,
581,5202630555,BIGOOOS,0,464,G Russell Henley G Hideki Matsuyama G Ben Griffin G J.J. Spaun G Ben Kohles G Chris Kirk,,,
581,5202646769,FrankVuocolo,0,464,G Si Woo Kim G Russell Henley G Ryan Gerard G Ryo Hisatsune G Jackson Suber G Johnny Keefer,,,
581,5202668147,Leafshockey15,0,464,G Chris Gotterup G Russell Henley G Hideki Matsuyama G Corey Conners G Christiaan Bezuidenhout G Ricky Castillo,,,
581,5202849159,logan7777,0,464,G Cameron Young G Chris Gotterup G Davis Thompson G Corey Conners G Ben Kohles G Emiliano Grillo,,,
581,5202945463,cfalcon333,0,464,G Cameron Young G Patrick Cantlay G Rickie Fowler G Jordan Spieth G Corey Conners G Tom Hoge,,,
581,5203230668,mackcaddy1222,0,464,G Jackson Koivun G Hideki Matsuyama G J.J. Spaun G Ryan Gerard G Ricky Castillo G Zachary Bauchou,,,
591,5200628988,Velocityjon,0,463.5,G Ryan Gerard G Harris English G Nicolai Højgaard G Rickie Fowler G Marco Penge G Sungjae Im,,,
591,5201751599,kevinbrad06,0,463.5,G Wyndham Clark G Patrick Cantlay G Ryan Gerard G Jacob Bridgeman G Keegan Bradley G Mac Meissner,,,
591,5202034922,cso82,0,463.5,G Cameron Young G Si Woo Kim G Russell Henley G Mac Meissner G Kevin Roy G Andrew Putnam,,,
591,5202469842,lrothfolk,0,463.5,G Cameron Young G Ryan Gerard G Rickie Fowler G Emiliano Grillo G Nicolas Echavarria G Kevin Roy,,,
591,5202790727,agape,0,463.5,G Cameron Young G Russell Henley G Ryan Gerard G Rasmus Neergaard-Petersen G Ben Kohles G Patrick Fishburn,,,
596,5200809273,rdbyank456,0,463,G Hideki Matsuyama G Ben Griffin G Jake Knapp G Ryan Gerard G Davis Thompson G Chris Kirk,,,
596,5201544945,joelafire,0,463,G Ryan Gerard G Harris English G Akshay Bhatia G Nicolai Højgaard G Michael Thorbjornsen G Keegan Bradley,,,
596,5201571488,bkottmann,0,463,G Cameron Young G Hideki Matsuyama G Akshay Bhatia G Michael Brennan G Ben Kohles G Zac Blair,,,
596,5203230898,ashtuck4,0,463,G Chris Gotterup G Russell Henley G Ryan Gerard G Rickie Fowler G Emiliano Grillo G Sungjae Im,,,
600,5200573397,MNGolferMN,0,462.5,G Cameron Young G Jackson Koivun G Hideki Matsuyama G Stephan Jaeger G Billy Horschel G Kevin Roy,,,
600,5202681461,thejulionation,0,462.5,G Jackson Koivun G Russell Henley G Harris English G Nicolai Højgaard G Matt Wallace G Zecheng Dou,,,
600,5202701549,CAKSEER,0,462.5,G Si Woo Kim G Russell Henley G Hideki Matsuyama G Ryan Gerard G Benjamin James G Ryan Ruffels,,,
600,5203009259,atjorace,0,462.5,G Si Woo Kim G Hideki Matsuyama G Jake Knapp G Jacob Bridgeman G Corey Conners G Jordan L. Smith,,,
600,5203123436,disnerds87,0,462.5,G Cameron Young G Si Woo Kim G J.J. Spaun G Mac Meissner G Emiliano Grillo G Patrick Fishburn,,,
605,5201450420,jokerdpo,0,462,G Cameron Young G Jackson Koivun G Michael Thorbjornsen G Jackson Suber G Max Greyserman G Zachary Bauchou,,,
605,5201688818,coachp17,0,462,G Cameron Young G Si Woo Kim G Jacob Bridgeman G Johnny Keefer G Ben Kohles G Emiliano Grillo,,,
605,5202430921,cheesyleaf89,0,462,G Cameron Young G Chris Gotterup G Michael Thorbjornsen G Johnny Keefer G Ben Kohles G Neal Shipley,,,
605,5202516480,luckie1710,0,462,G Xander Schauffele G Akshay Bhatia G Michael Thorbjornsen G Jacob Bridgeman G Keegan Bradley G Rasmus Neergaard-Petersen,,,
605,5202598501,Buckeye-Ninja,0,462,G Cameron Young G Jackson Koivun G Akshay Bhatia G Corey Conners G Michael Kim G Sungjae Im,,,
605,5202858739,pat2222,0,462,G Chris Gotterup G Jackson Koivun G Michael Brennan G Jacob Bridgeman G Corey Conners G Ben Kohles,,,
605,5202871566,chandler74,0,462,G Chris Gotterup G Jackson Koivun G Ryan Gerard G Michael Brennan G Davis Thompson G Karl Vilips,,,
605,5202948685,little_jerry,0,462,G Si Woo Kim G Patrick Cantlay G Nicolai Højgaard G Jacob Bridgeman G Ryo Hisatsune G Corey Conners,,,
605,5203089868,coachcd13,0,462,G Cameron Young G Hideki Matsuyama G Rickie Fowler G Ryo Hisatsune G Corey Conners G Nicolas Echavarria,,,
605,5203133891,ydnarztluhcs,0,462,G Xander Schauffele G Chris Gotterup G Jordan Spieth G Corey Conners G Johnny Keefer G Ben Kohles,,,
605,5203151729,mbono8,0,462,G Xander Schauffele G Chris Gotterup G Marco Penge G Davis Thompson G Ben Kohles G Emiliano Grillo,,,
616,5200803334,drew1186,0,461.5,G Cameron Young G Si Woo Kim G Hideki Matsuyama G Ben Kohles G Sungjae Im G Andrew Putnam,,,
616,5201593102,smokers,0,461.5,G Si Woo Kim G Russell Henley G Jake Knapp G Davis Thompson G Benjamin James G Kevin Yu,,,
616,5202017350,MZWON,0,461.5,G Cameron Young G Jake Knapp G Jacob Bridgeman G Keegan Bradley G Davis Thompson G Max Greyserman,,,
616,5202692910,jsh1122,0,461.5,G Jackson Koivun G Hideki Matsuyama G J.J. Spaun G Ryan Gerard G Corey Conners G Chandler Phillips,,,
616,5203142318,KC_EMAW007,0,461.5,G Cameron Young G Jake Knapp G Ryan Gerard G Doug Ghim G Ben Kohles G William Mouw,,,
621,5201036698,lroddy,0,461,G Chris Gotterup G Russell Henley G Hideki Matsuyama G Jackson Suber G Ben Kohles G Michael Kim,,,
621,5201841724,AngelFuentes,0,461,G Russell Henley G Ben Griffin G Ryan Gerard G Davis Thompson G Christiaan Bezuidenhout G Kevin Yu,,,
621,5201886932,tdspike,0,461,G Xander Schauffele G Russell Henley G Jacob Bridgeman G Keegan Bradley G Jackson Suber G Seamus Power,,,
621,5201898467,Hitmen11,0,461,G Russell Henley G Hideki Matsuyama G Ben Griffin G Keegan Bradley G Jordan L. Smith G Sungjae Im,,,
621,5202247551,cjmccarthy51,0,461,G Wyndham Clark G Russell Henley G Patrick Cantlay G Davis Thompson G Doug Ghim G Ben Kohles,,,
621,5202434571,aruss19,0,461,G Cameron Young G Hideki Matsuyama G Ryan Gerard G Ben Kohles G Seamus Power G Christiaan Bezuidenhout,,,
621,5203076824,BadgerRK,0,461,G Xander Schauffele G Hideki Matsuyama G Rickie Fowler G Eric Cole G Ryo Hisatsune G Jackson Suber,,,
621,5203259025,jennifergillie,0,461,G Cameron Young G Russell Henley G Ryan Gerard G Benjamin James G Kevin Yu G Billy Horschel,,,
629,5201582953,Furious_Fox,0,460.5,G Xander Schauffele G Hideki Matsuyama G Rickie Fowler G Brooks Koepka G Jordan Spieth G Sungjae Im,,,
629,5201642188,sigmaderby1,0,460.5,G Hideki Matsuyama G Jake Knapp G Ryan Gerard G Akshay Bhatia G Davis Thompson G Michael Kim,,,
629,5201681891,BruisedOrange,0,460.5,G Cameron Young G Russell Henley G Rickie Fowler G Davis Thompson G Jackson Suber G Lucas Glover,,,
629,5202048995,moldova,0,460.5,G Si Woo Kim G Wyndham Clark G Ryan Gerard G Nicolai Højgaard G Mac Meissner G Rico Hoey,,,
629,5202166473,Hibbs1975,0,460.5,G Xander Schauffele G Jackson Koivun G Akshay Bhatia G Mac Meissner G Christiaan Bezuidenhout G Ricky Castillo,,,
629,5202985914,jamjamc94,0,460.5,G Wyndham Clark G Russell Henley G Hideki Matsuyama G Jackson Suber G Corey Conners G Ben Kohles,,,
629,5203052130,Theo13,0,460.5,G Chris Gotterup G Hideki Matsuyama G Ryan Gerard G Jacob Bridgeman G Ben Kohles G Jordan L. Smith,,,
636,5200883922,marrbuddy,0,460,G Chris Gotterup G Jackson Koivun G Ryan Gerard G Davis Thompson G Emiliano Grillo G Ricky Castillo,,,
636,5201256980,glen45,0,460,G Jackson Koivun G Hideki Matsuyama G Jake Knapp G Michael Brennan G Doug Ghim G Christiaan Bezuidenhout,,,
636,5201362789,luckymark62,0,460,G Si Woo Kim G Jackson Koivun G Michael Brennan G Jacob Bridgeman G Ryo Hisatsune G Jackson Suber,,,
636,5201457820,chrisrat,0,460,G Russell Henley G Patrick Cantlay G Ben Griffin G Ryan Gerard G Emiliano Grillo G Sungjae Im,,,
636,5201570127,jmerwin45,0,460,G Cameron Young G Jacob Bridgeman G Jordan Spieth G Corey Conners G Ricky Castillo G A.J. Ewart,,,
641,5202835144,jmc2501,0,459.5,G Cameron Young G Hideki Matsuyama G Ryan Gerard G Ryo Hisatsune G Jordan L. Smith G Mackenzie Hughes,,,
642,5202260867,Miky1216,0,459,G Cameron Young G Wyndham Clark G Ryan Gerard G Ben Kohles G Kevin Yu G Kevin Roy,,,
642,5202382994,TheBigPolish,0,459,G Russell Henley G Ben Griffin G Ryan Gerard G Jacob Bridgeman G Davis Thompson G Ryo Hisatsune,,,
644,5200742754,lpryan,0,458.5,G Si Woo Kim G Hideki Matsuyama G J.J. Spaun G Michael Brennan G Eric Cole G Kevin Roy,,,
644,5201334146,scdirtydawgs,0,458.5,G Chris Gotterup G J.J. Spaun G Ryan Gerard G Jacob Bridgeman G Davis Thompson G Ben Kohles,,,
644,5201510936,noonan50,0,458.5,G Cameron Young G Xander Schauffele G Jackson Suber G Corey Conners G Emiliano Grillo G Jesper Svensson,,,
644,5201721328,The_Undertaker,0,458.5,G Si Woo Kim G Jake Knapp G Ryan Gerard G Rickie Fowler G Ryo Hisatsune G Ben Kohles,,,
644,5202375756,ManningsElite,0,458.5,G Si Woo Kim G Patrick Cantlay G Ben Griffin G Rickie Fowler G Mac Meissner G Sungjae Im,,,
644,5202862296,mmcmp322,0,458.5,G Si Woo Kim G Jake Knapp G Ryan Gerard G Rickie Fowler G Ryo Hisatsune G Ben Kohles,,,
644,5203126072,lklk88088,0,458.5,G Xander Schauffele G J.J. Spaun G Akshay Bhatia G Rickie Fowler G Corey Conners G Matthew McCarty,,,
651,5200825513,tpikenn,0,458,G Chris Gotterup G Jackson Koivun G Michael Brennan G Davis Thompson G Jackson Suber G Ben Kohles,,,
651,5201826571,ashickerson,0,458,G Xander Schauffele G Patrick Cantlay G J.J. Spaun G Akshay Bhatia G Michael Kim G David Lipsky,,,
651,5203030313,twaaa,0,458,G Si Woo Kim G Russell Henley G Ryan Gerard G Jacob Bridgeman G Rasmus Neergaard-Petersen G Ben Kohles,,,
651,5203061419,Scruffy34,0,458,G Cameron Young G J.J. Spaun G Akshay Bhatia G Davis Thompson G Ben Kohles G Kevin Roy,,,
651,5203178759,dreamweaver80,0,458,G Jackson Koivun G Hideki Matsuyama G Jake Knapp G Davis Thompson G Ryo Hisatsune G Doug Ghim,,,
656,5200643629,Thebillsrock,0,457.5,G Chris Gotterup G Jackson Koivun G Michael Thorbjornsen G Rickie Fowler G Jackson Suber G Zac Blair,,,
656,5202758092,woopass,0,457.5,G Cameron Young G Hideki Matsuyama G Jacob Bridgeman G Jordan Spieth G Ryo Hisatsune G Nick Taylor,,,
656,5203124592,sunthenovice,0,457.5,G Hideki Matsuyama G Jake Knapp G Ryan Gerard G Akshay Bhatia G Davis Thompson G Ben Kohles,,,
659,5200556144,delbertmcfly,0,457,G Xander Schauffele G Chris Gotterup G Davis Thompson G Jackson Suber G Doug Ghim G Benjamin James,,,
659,5201280707,mharringtonga,0,457,G Xander Schauffele G Ryan Gerard G Harris English G Davis Thompson G Jackson Suber G Seamus Power,,,
659,5201468980,wallmr,0,457,G Cameron Young G Chris Gotterup G Keegan Bradley G Davis Thompson G Jordan L. Smith G Sungjae Im,,,
659,5202668082,Kohls04,0,457,G Cameron Young G Jake Knapp G Ryan Gerard G Ryo Hisatsune G Ben Kohles G Kevin Yu,,,
659,5203097523,dankc2,0,457,G Hideki Matsuyama G Ben Griffin G Jake Knapp G Michael Thorbjornsen G Jackson Suber G Ben Kohles,,,
664,5203219510,statistical_genius,0,456.5,G Cameron Young G Patrick Cantlay G Akshay Bhatia G Jordan Spieth G Mac Meissner G Sungjae Im,,,
665,5200706517,yahtzeeme3,0,456,G Cameron Young G Wyndham Clark G Michael Brennan G Jacob Bridgeman G Ben Kohles G Sungjae Im,,,
665,5201443210,intel07,0,456,G Cameron Young G Jackson Koivun G Jacob Bridgeman G Ryo Hisatsune G Christiaan Bezuidenhout G Ricky Castillo,,,
665,5201825471,bigbossAJ,0,456,G Chris Gotterup G Russell Henley G Hideki Matsuyama G Keegan Bradley G Ben Kohles G William Mouw,,,
665,5202146976,Ryjo79,0,456,G Cameron Young G Chris Gotterup G Jacob Bridgeman G Keegan Bradley G Sungjae Im G Chris Kirk,,,
665,5202332765,macbearkat,0,456,G Cameron Young G Chris Gotterup G Jacob Bridgeman G Keegan Bradley G Sungjae Im G Chris Kirk,,,
665,5202369420,ianpaleo0224,0,456,G Cameron Young G Chris Gotterup G Jacob Bridgeman G Keegan Bradley G Sungjae Im G Chris Kirk,,,
665,5202377110,I-HATE-PANTS,0,456,G Jackson Koivun G Wyndham Clark G Ryan Gerard G Michael Thorbjornsen G Benjamin James G Nick Taylor,,,
665,5202720021,sammagni1,0,456,G Si Woo Kim G Russell Henley G Jake Knapp G Marco Penge G Ben Kohles G Michael Kim,,,
665,5202948525,DGatlin14,0,456,G Xander Schauffele G Si Woo Kim G Nicolai Højgaard G Corey Conners G Ben Kohles G Harry Hall,,,
665,5203080310,lpratts,0,456,G Cameron Young G Chris Gotterup G Jacob Bridgeman G Keegan Bradley G Sungjae Im G Chris Kirk,,,
665,5203087071,BrewCityGillz,0,456,G Cameron Young G Chris Gotterup G Jacob Bridgeman G Keegan Bradley G Sungjae Im G Chris Kirk,,,
665,5203098400,Mudskippers,0,456,G Russell Henley G Jake Knapp G Ryan Gerard G Nicolai Højgaard G Marco Penge G Sungjae Im,,,
665,5203115718,jacks666,0,456,G Cameron Young G Chris Gotterup G Jacob Bridgeman G Keegan Bradley G Sungjae Im G Chris Kirk,,,
665,5203141492,TinyGiant99,0,456,G Cameron Young G Chris Gotterup G Jacob Bridgeman G Keegan Bradley G Sungjae Im G Chris Kirk,,,
665,5203188445,howudewin,0,456,G Cameron Young G Chris Gotterup G Jacob Bridgeman G Keegan Bradley G Sungjae Im G Chris Kirk,,,
680,5200759544,buzzwerf,0,455.5,G Russell Henley G Hideki Matsuyama G Michael Thorbjornsen G Jacob Bridgeman G Eric Cole G Rasmus Neergaard-Petersen,,,
680,5200858834,jrevelle3,0,455.5,G Xander Schauffele G Jackson Koivun G Rickie Fowler G Eric Cole G Johnny Keefer G Stephan Jaeger,,,
680,5201227993,Stevelambert,0,455.5,G Si Woo Kim G Russell Henley G Patrick Cantlay G Hideki Matsuyama G Lee Hodges G Brandt Snedeker,,,
680,5201641526,Bogey67,0,455.5,G Xander Schauffele G Si Woo Kim G Ryan Gerard G Jacob Bridgeman G Matthew McCarty G Davis Chatfield,,,
680,5201790225,bart2201,0,455.5,G Si Woo Kim G Jackson Koivun G Hideki Matsuyama G Jacob Bridgeman G Christiaan Bezuidenhout G Zac Blair,,,
680,5202573407,ccrider729,0,455.5,G Hideki Matsuyama G Ryan Gerard G Harris English G Akshay Bhatia G Davis Thompson G Jordan Spieth,,,
680,5202888899,Willis59,0,455.5,G Cameron Young G Si Woo Kim G Jacob Bridgeman G Corey Conners G Christiaan Bezuidenhout G Nick Taylor,,,
680,5203066435,TheGolfDraftKing,0,455.5,G Wyndham Clark G Ryan Gerard G Nicolai Højgaard G Michael Thorbjornsen G Jacob Bridgeman G Ryo Hisatsune,,,
688,5200558170,demanufacture714,0,455,G Chris Gotterup G Patrick Cantlay G Ryan Gerard G Jacob Bridgeman G Mac Meissner G Jordan L. Smith,,,
688,5200615680,neilknott,0,455,G Si Woo Kim G Russell Henley G Hideki Matsuyama G Rickie Fowler G Kevin Yu G Lucas Glover,,,
688,5200616246,BeetleBaine,0,455,G Si Woo Kim G Hideki Matsuyama G Ben Griffin G Jacob Bridgeman G Ben Kohles G Michael Kim,,,
688,5201020131,FlutieFlakes84,0,455,G Cameron Young G Ryan Gerard G Akshay Bhatia G Davis Thompson G Ryo Hisatsune G Kevin Yu,,,
688,5201085450,rohamilt,0,455,G Cameron Young G Patrick Cantlay G Akshay Bhatia G Jacob Bridgeman G Ben Kohles G Kevin Roy,,,
688,5201364356,famu47ac,0,455,G Cameron Young G Si Woo Kim G Michael Brennan G Davis Thompson G Max Greyserman G Lee Hodges,,,
688,5201408921,622995,0,455,G Cameron Young G Hideki Matsuyama G Rickie Fowler G Rasmus Neergaard-Petersen G Ben Kohles G Christiaan Bezuidenhout,,,
688,5202362885,brickhouse13,0,455,G Russell Henley G Hideki Matsuyama G Jake Knapp G Ryan Gerard G Michael Kim G Billy Horschel,,,
688,5202440970,dmoorehead79,0,455,G Russell Henley G Jake Knapp G J.J. Spaun G Nicolai Højgaard G Davis Thompson G Ben Kohles,,,
688,5202521822,MEP7811,0,455,G Cameron Young G Wyndham Clark G Rickie Fowler G Davis Thompson G Jordan L. Smith G Sungjae Im,,,
698,5200827231,Hori420,0,454.5,G Ryan Gerard G Harris English G Akshay Bhatia G Nicolai Højgaard G Michael Thorbjornsen G Jacob Bridgeman,,,
698,5200956656,iwinn33,0,454.5,G Jackson Koivun G Patrick Cantlay G Ryan Gerard G Michael Brennan G Jackson Suber G Denny McCarthy,,,
698,5201112194,chachi24,0,454.5,G Cameron Young G Si Woo Kim G Jacob Bridgeman G Ryo Hisatsune G Christiaan Bezuidenhout G Ricky Castillo,,,
698,5201162854,Bolt801,0,454.5,G Cameron Young G Si Woo Kim G Jacob Bridgeman G Ryo Hisatsune G Christiaan Bezuidenhout G Ricky Castillo,,,
698,5201385705,Amynjason,0,454.5,G Xander Schauffele G Russell Henley G Patrick Cantlay G J.J. Spaun G Luke Clanton G Brad Dalke,,,
698,5201425241,19aces70,0,454.5,G Cameron Young G Si Woo Kim G Jacob Bridgeman G Ryo Hisatsune G Christiaan Bezuidenhout G Ricky Castillo,,,
698,5201441787,TONN80,0,454.5,G Si Woo Kim G Jackson Koivun G Ryan Gerard G Jacob Bridgeman G Ryo Hisatsune G Zac Blair,,,
698,5201715099,ugene770,0,454.5,G Cameron Young G Si Woo Kim G Jacob Bridgeman G Ryo Hisatsune G Christiaan Bezuidenhout G Ricky Castillo,,,
698,5201743346,marino82867,0,454.5,G Cameron Young G Si Woo Kim G Jacob Bridgeman G Ryo Hisatsune G Christiaan Bezuidenhout G Ricky Castillo,,,
698,5201982861,cecilspringer,0,454.5,G Si Woo Kim G Ben Griffin G Rickie Fowler G Jacob Bridgeman G Keegan Bradley G Corey Conners,,,
698,5202654751,Bazoinkles,0,454.5,G Cameron Young G Si Woo Kim G Jacob Bridgeman G Ryo Hisatsune G Christiaan Bezuidenhout G Ricky Castillo,,,
698,5202714763,stephensa15,0,454.5,G Si Woo Kim G Russell Henley G Ryan Gerard G Jordan Spieth G Denny McCarthy G Michael Kim,,,
710,5200624884,Rollintr,0,454,G Xander Schauffele G Jake Knapp G J.J. Spaun G Michael Brennan G Johnny Keefer G Matthew McCarty,,,
710,5200827446,BevoSelects,0,454,G Cameron Young G Jackson Koivun G Jacob Bridgeman G Ryo Hisatsune G Ben Kohles G Christiaan Bezuidenhout,,,
710,5201026419,Patrick551,0,454,G Ben Griffin G Harris English G Nicolai Højgaard G Michael Thorbjornsen G Rickie Fowler G Keegan Bradley,,,
710,5201266770,eaglesnation83,0,454,G Cameron Young G Jackson Koivun G Nicolai Højgaard G Jackson Suber G Beau Hossler G Ricky Castillo,,,
710,5201280185,bones87,0,454,G Ben Griffin G Harris English G Nicolai Højgaard G Michael Thorbjornsen G Rickie Fowler G Keegan Bradley,,,
710,5201668803,deere1953,0,454,G Si Woo Kim G Wyndham Clark G Ryan Gerard G Michael Brennan G Ben Kohles G Benjamin James,,,
710,5203255378,jdaugherty,0,454,G Chris Gotterup G Jackson Koivun G Rickie Fowler G Jacob Bridgeman G Corey Conners G Ben Kohles,,,
717,5200773801,heidinsmith12,0,453.5,G Si Woo Kim G Patrick Cantlay G Ben Griffin G Davis Thompson G Mac Meissner G Jordan L. Smith,,,
717,5201285129,Bimbonose,0,453.5,G Chris Gotterup G Hideki Matsuyama G Ryan Gerard G Jacob Bridgeman G Ben Kohles G Christiaan Bezuidenhout,,,
717,5202927713,yellowfinch,0,453.5,G Xander Schauffele G Akshay Bhatia G Nicolai Højgaard G Michael Thorbjornsen G Michael Brennan G Steven Fisk,,,
717,5203260110,mhayden317,0,453.5,G Cameron Young G Si Woo Kim G Jacob Bridgeman G Ryo Hisatsune G Ricky Castillo G Zac Blair,,,
721,5200973759,kgilly52,0,453,G Chris Gotterup G Hideki Matsuyama G Ryan Gerard G Jacob Bridgeman G Ryo Hisatsune G Ricky Castillo,,,
721,5201040541,bhurl,0,453,G Chris Gotterup G Jake Knapp G Ryan Gerard G Michael Thorbjornsen G Max Greyserman G Ben Kohles,,,
721,5201847533,rrock19,0,453,G Chris Gotterup G Hideki Matsuyama G Ryan Gerard G Jacob Bridgeman G Ryo Hisatsune G Ricky Castillo,,,
721,5201929853,ackarmasports,0,453,G Patrick Cantlay G Hideki Matsuyama G Jake Knapp G Ryan Gerard G Davis Thompson G Chandler Phillips,,,
721,5202202539,edub1976,0,453,G Russell Henley G Hideki Matsuyama G J.J. Spaun G Akshay Bhatia G Corey Conners G Jordan L. Smith,,,
721,5202226770,xibalba7500,0,453,G Chris Gotterup G Hideki Matsuyama G Ryan Gerard G Jacob Bridgeman G Ryo Hisatsune G Ricky Castillo,,,
721,5202455335,HUCKSTERS,0,453,G Si Woo Kim G Hideki Matsuyama G Akshay Bhatia G Davis Thompson G Ryo Hisatsune G Michael Kim,,,
721,5202457327,chri0580,0,453,G Xander Schauffele G Patrick Cantlay G Ryan Gerard G Michael Brennan G Pierceson Coody G Hao-Tong Li,,,
721,5202598984,Machine1955,0,453,G Cameron Young G Harris English G Rickie Fowler G Jacob Bridgeman G Eric Cole G Matt Wallace,,,
721,5202780426,Treybird,0,453,G Hideki Matsuyama G Ben Griffin G Ryan Gerard G Jacob Bridgeman G Keegan Bradley G Ryo Hisatsune,,,
721,5202883613,Artho12,0,453,G Xander Schauffele G Jake Knapp G Ryan Gerard G Michael Brennan G Johnny Keefer G Billy Horschel,,,
721,5202959985,jleblanc1979,0,453,G Chris Gotterup G Hideki Matsuyama G Ryan Gerard G Jacob Bridgeman G Ryo Hisatsune G Ricky Castillo,,,
721,5202960549,TheFunk,0,453,G Jackson Koivun G Patrick Cantlay G Nicolai Højgaard G Jacob Bridgeman G Jackson Suber G Doug Ghim,,,
721,5203105498,frasig,0,453,G Cameron Young G Hideki Matsuyama G Jake Knapp G Ryo Hisatsune G Emiliano Grillo G Chris Kirk,,,
721,5203111245,pbravo33,0,453,G Cameron Young G Nicolai Højgaard G Rickie Fowler G Jacob Bridgeman G Ryo Hisatsune G Jackson Suber,,,
736,5201284457,meanergene,0,452.5,G Cameron Young G Si Woo Kim G Ryan Gerard G Davis Thompson G William Mouw G Chandler Phillips,,,
736,5201595123,toslaby,0,452.5,G Cameron Young G Hideki Matsuyama G Akshay Bhatia G Jordan L. Smith G Michael Kim G Kevin Yu,,,
736,5202297087,Stuckcee,0,452.5,G Cameron Young G Jake Knapp G Michael Thorbjornsen G Davis Thompson G Johnny Keefer G Chandler Phillips,,,
736,5202583233,Shoprat66,0,452.5,G Chris Gotterup G Hideki Matsuyama G Rickie Fowler G Jordan Spieth G Corey Conners G Christiaan Bezuidenhout,,,
736,5203068153,bbair11,0,452.5,G Russell Henley G Hideki Matsuyama G Akshay Bhatia G Jacob Bridgeman G Keegan Bradley G Jackson Suber,,,
736,5203115692,Teddy2Toes,0,452.5,G Cameron Young G Hideki Matsuyama G Jake Knapp G Ryo Hisatsune G Ben Kohles G Austin Eckroat,,,
736,5203126834,jsizzle81,0,452.5,G Hideki Matsuyama G Ben Griffin G Ryan Gerard G Jacob Bridgeman G Ryo Hisatsune G Ben Kohles,,,
743,5200824685,Seabass1977,0,452,G Cameron Young G Jackson Koivun G Ryan Gerard G Ben Kohles G Emiliano Grillo G Zachary Bauchou,,,
743,5200924631,sideliner,0,452,G Chris Gotterup G Ryan Gerard G Rickie Fowler G Jacob Bridgeman G Keegan Bradley G Jackson Suber,,,
743,5201082767,Dendogg86,0,452,G Xander Schauffele G Wyndham Clark G Russell Henley G Davis Thompson G William Mouw G Zac Blair,,,
743,5201671203,TimDawg_S,0,452,G Jackson Koivun G Hideki Matsuyama G Ryan Gerard G Jacob Bridgeman G Eric Cole G Jackson Suber,,,
743,5202969679,hopp_rw,0,452,G Si Woo Kim G Jackson Koivun G J.J. Spaun G Jackson Suber G Doug Ghim G Ben Kohles,,,
743,5203054450,ledge3,0,452,G Jackson Koivun G Hideki Matsuyama G Akshay Bhatia G Rickie Fowler G Ryo Hisatsune G Corey Conners,,,
743,5203162796,beesldk,0,452,G Jackson Koivun G Hideki Matsuyama G Ryan Gerard G Jacob Bridgeman G Jackson Suber G Pierceson Coody,,,
750,5200740612,jimbodsp3,0,451.5,G Jackson Koivun G Wyndham Clark G Ryan Gerard G Michael Brennan G Jackson Suber G Ben Kohles,,,
750,5200972481,crc505,0,451.5,G Si Woo Kim G Jake Knapp G J.J. Spaun G Jacob Bridgeman G Davis Thompson G Ben Kohles,,,
750,5201004954,AlDavisExperience,0,451.5,G Jackson Koivun G Wyndham Clark G Ryan Gerard G Michael Brennan G Jackson Suber G Ben Kohles,,,
750,5202239019,mallen2010,0,451.5,G Patrick Cantlay G Hideki Matsuyama G Jake Knapp G Rickie Fowler G Davis Thompson G Sam Stevens,,,
750,5202501686,bgwilker,0,451.5,G Xander Schauffele G Hideki Matsuyama G J.J. Spaun G Denny McCarthy G Johnny Keefer G Sungjae Im,,,
750,5203014643,ElPolloGuapo,0,451.5,G Xander Schauffele G Jake Knapp G Rickie Fowler G Jordan Spieth G Ryo Hisatsune G Johnny Keefer,,,
756,5201829269,regulators424,0,451,G Cameron Young G Jake Knapp G Davis Thompson G Ben Kohles G Christiaan Bezuidenhout G Emiliano Grillo,,,
756,5202276006,kirks91,0,451,G Chris Gotterup G Hideki Matsuyama G Michael Brennan G Jacob Bridgeman G Keegan Bradley G Ryo Hisatsune,,,
756,5202545269,WULFIE101,0,451,G Cameron Young G Xander Schauffele G Jacob Bridgeman G Ben Kohles G John Parry G Zac Blair,,,
756,5202723843,ryanstitan,0,451,G Cameron Young G Chris Gotterup G Corey Conners G Ben Kohles G Mac Meissner G Zac Blair,,,
756,5202788091,JeffreyMoore1969,0,451,G Si Woo Kim G Hideki Matsuyama G Ben Griffin G Ryo Hisatsune G Corey Conners G Mac Meissner,,,
756,5202794403,deltasam,0,451,G Xander Schauffele G Si Woo Kim G Rickie Fowler G Ryo Hisatsune G Aldrich Potgieter G Sungjae Im,,,
756,5202808886,EfrainGuz,0,451,G Xander Schauffele G Chris Gotterup G Ryan Gerard G Ben Kohles G Christiaan Bezuidenhout G Zac Blair,,,
756,5202837830,dechols2000,0,451,G Russell Henley G Hideki Matsuyama G Jake Knapp G Jacob Bridgeman G Ryo Hisatsune G Doug Ghim,,,
756,5202874735,PopFlyBoy,0,451,G Cameron Young G Si Woo Kim G Jake Knapp G Mac Meissner G Sungjae Im G William Mouw,,,
756,5203216707,Krystalizer,0,451,G Xander Schauffele G Chris Gotterup G Ryan Gerard G Ben Kohles G Christiaan Bezuidenhout G Zac Blair,,,
766,5201344217,rsumrall,0,450.5,G Cameron Young G Hideki Matsuyama G Akshay Bhatia G Davis Thompson G Emiliano Grillo G Beau Hossler,,,
766,5201556426,Maac0507,0,450.5,G Jackson Koivun G Wyndham Clark G Hideki Matsuyama G Ryan Gerard G Chris Kirk G Zac Blair,,,
766,5201810691,Kgiesige,0,450.5,G Hideki Matsuyama G Jake Knapp G Ryan Gerard G Nicolai Højgaard G Jacob Bridgeman G Christiaan Bezuidenhout,,,
766,5202058189,PicksMcGee,0,450.5,G Chris Gotterup G Russell Henley G Ryan Gerard G Jacob Bridgeman G Jackson Suber G Sungjae Im,,,
766,5202416141,hart03,0,450.5,G Jackson Koivun G Hideki Matsuyama G Ben Griffin G Marco Penge G Davis Thompson G Kevin Yu,,,
766,5202417726,edtwandmac,0,450.5,G Patrick Cantlay G Hideki Matsuyama G Jake Knapp G Nicolai Højgaard G Jackson Suber G Ben Kohles,,,
772,5200763972,Dollman,0,450,G Chris Gotterup G Ryan Gerard G Nicolai Højgaard G Michael Thorbjornsen G Michael Brennan G Sudarshan Yellamaraju,,,
772,5200880460,jusa300856,0,450,G Cameron Young G Russell Henley G Keegan Bradley G Ryo Hisatsune G Corey Conners G Rasmus Neergaard-Petersen,,,
772,5202096158,MDoose,0,450,G Xander Schauffele G Russell Henley G Patrick Cantlay G Benjamin James G Emiliano Grillo G Steven Fisk,,,
772,5202777035,Davey53,0,450,G Hideki Matsuyama G Ben Griffin G J.J. Spaun G Ryan Gerard G Jackson Suber G Ben Kohles,,,
772,5203130006,nlang003,0,450,G Cameron Young G Chris Gotterup G Rickie Fowler G Ben Kohles G Benjamin James G Sungjae Im,,,
772,5203143986,USMBrad14,0,450,G Xander Schauffele G Patrick Cantlay G Jake Knapp G Corey Conners G Rasmus Neergaard-Petersen G Sungjae Im,,,
772,5203152668,kenplong,0,450,G Chris Gotterup G Hideki Matsuyama G J.J. Spaun G Michael Brennan G Jackson Suber G Kevin Roy,,,
779,5200679602,johnbronco31,0,449.5,G Chris Gotterup G Jackson Koivun G Rickie Fowler G Davis Thompson G Ben Kohles G Emiliano Grillo,,,
779,5200806471,jimmyb.83159,0,449.5,G Chris Gotterup G Russell Henley G J.J. Spaun G Davis Thompson G Mac Meissner G Jordan L. Smith,,,
779,5201254927,tdonah01,0,449.5,G Chris Gotterup G Hideki Matsuyama G Ryan Gerard G Jacob Bridgeman G Kevin Yu G Emiliano Grillo,,,
779,5201324468,cashyobe,0,449.5,G Cameron Young G Si Woo Kim G Davis Thompson G Eric Cole G Ben Kohles G Jordan L. Smith,,,
779,5202201716,KOLBAS09,0,449.5,G Si Woo Kim G Jackson Koivun G Davis Thompson G Ryo Hisatsune G Jackson Suber G Johnny Keefer,,,
779,5202211349,jtreichert22,0,449.5,G Cameron Young G Xander Schauffele G Patrick Cantlay G Rico Hoey G Adrien Dumont De Chassart G Joel Dahmen,,,
779,5202282130,JohnnyDrama34,0,449.5,G Jackson Koivun G Jake Knapp G Akshay Bhatia G Michael Thorbjornsen G Davis Thompson G Jackson Suber,,,
779,5202415653,Byronn5,0,449.5,G Cameron Young G Wyndham Clark G Michael Brennan G Davis Thompson G Max Greyserman G Kevin Yu,,,
779,5202737755,ouelletter3,0,449.5,G Chris Gotterup G Si Woo Kim G Russell Henley G Michael Brennan G Corey Conners G Peter Malnati,,,
779,5203045710,fezzap,0,449.5,G Wyndham Clark G Hideki Matsuyama G Michael Thorbjornsen G Rickie Fowler G Keegan Bradley G Denny McCarthy,,,
779,5203085111,bisonation33,0,449.5,G Si Woo Kim G Patrick Cantlay G Jake Knapp G Rickie Fowler G Johnny Keefer G Sungjae Im,,,
790,5201040544,darragh8,0,449,G Cameron Young G Hideki Matsuyama G Jacob Bridgeman G Eric Cole G Jackson Suber G Ben Kohles,,,
790,5201050203,crazytyme,0,449,G Chris Gotterup G Hideki Matsuyama G Rickie Fowler G Keegan Bradley G Jordan Spieth G Jackson Suber,,,
790,5202365071,fredericksjr,0,449,G Cameron Young G Ryan Gerard G Nicolai Højgaard G Rickie Fowler G Jacob Bridgeman G Cameron Davis,,,
790,5202569140,Mulligan32,0,449,G Cameron Young G Jackson Koivun G Davis Thompson G Eric Cole G Jackson Suber G Ben Kohles,,,
794,5201286631,bradneale,0,448.5,G Cameron Young G Hideki Matsuyama G Nicolai Højgaard G Jacob Bridgeman G Ben Kohles G Zachary Bauchou,,,
794,5201480015,flanders21,0,448.5,G Cameron Young G Hideki Matsuyama G Jacob Bridgeman G Ryo Hisatsune G Corey Conners G Rasmus Neergaard-Petersen,,,
794,5201656800,4billhanks,0,448.5,G Xander Schauffele G Patrick Cantlay G Rickie Fowler G Jacob Bridgeman G Denny McCarthy G Tony Finau,,,
794,5201680053,ShanEwing,0,448.5,G Cameron Young G Jake Knapp G J.J. Spaun G Michael Brennan G Ben Kohles G Zac Blair,,,
794,5202163883,LuckyDog21,0,448.5,G Russell Henley G Jake Knapp G J.J. Spaun G Rickie Fowler G Keegan Bradley G Johnny Keefer,,,
794,5202855838,ricket17,0,448.5,G Chris Gotterup G Russell Henley G Rickie Fowler G Keegan Bradley G Christiaan Bezuidenhout G Ricky Castillo,,,
800,5201016356,Sid_the_Kid_87,0,448,G Cameron Young G Russell Henley G Rickie Fowler G Rasmus Neergaard-Petersen G Ben Kohles G Christiaan Bezuidenhout,,,
800,5201119984,acomplexkid,0,448,G Chris Gotterup G Si Woo Kim G J.J. Spaun G Davis Thompson G Ben Kohles G Chris Kirk,,,
800,5201143859,kingswish34,0,448,G Chris Gotterup G Si Woo Kim G J.J. Spaun G Davis Thompson G Ben Kohles G Chris Kirk,,,
800,5201635397,danno_35,0,448,G Cameron Young G J.J. Spaun G Michael Brennan G Davis Thompson G Max Greyserman G Lee Hodges,,,
800,5201647405,jetspaddle,0,448,G Cameron Young G Hideki Matsuyama G Michael Brennan G Marco Penge G Rasmus Neergaard-Petersen G Max Greyserman,,,
800,5202093415,butchismyhomie,0,448,G Chris Gotterup G Si Woo Kim G J.J. Spaun G Davis Thompson G Ben Kohles G Chris Kirk,,,
800,5202111340,Spkelley83,0,448,G Chris Gotterup G Si Woo Kim G J.J. Spaun G Davis Thompson G Ben Kohles G Chris Kirk,,,
800,5202205928,Richskin94,0,448,G Si Woo Kim G Hideki Matsuyama G Nicolai Højgaard G Jacob Bridgeman G Ryo Hisatsune G Jackson Suber,,,
800,5202456918,C-DADDY14,0,448,G Xander Schauffele G Ryan Gerard G Akshay Bhatia G Jacob Bridgeman G Davis Thompson G Sam Stevens,,,
800,5202632554,jhkee111,0,448,G Chris Gotterup G Si Woo Kim G J.J. Spaun G Davis Thompson G Ben Kohles G Chris Kirk,,,
800,5202837992,usathrows,0,448,G Si Woo Kim G Russell Henley G Jake Knapp G Keegan Bradley G Ben Kohles G Christiaan Bezuidenhout,,,
800,5202999415,chief1978,0,448,G Cameron Young G Jackson Koivun G Ryan Gerard G Ryo Hisatsune G Tony Finau G Zac Blair,,,
812,5200674228,kennak,0,447.5,G Si Woo Kim G Jackson Koivun G Hideki Matsuyama G Davis Thompson G Jackson Suber G Lee Hodges,,,
812,5200862187,Cabulance34,0,447.5,G Cameron Young G Si Woo Kim G Rickie Fowler G Jacob Bridgeman G Chris Kirk G Chandler Phillips,,,
812,5201020373,elway1987,0,447.5,G Jackson Koivun G Wyndham Clark G Hideki Matsuyama G Jacob Bridgeman G Ben Kohles G Ricky Castillo,,,
812,5201793974,BubbleheadsBrownsFan,0,447.5,G Si Woo Kim G Russell Henley G Ryan Gerard G Akshay Bhatia G Keegan Bradley G Mark Hubbard,,,
812,5202094813,JRaab,0,447.5,G Cameron Young G Si Woo Kim G Russell Henley G Nick Taylor G Rasmus Højgaard G Andrew Putnam,,,
812,5202890553,Spiritof2015,0,447.5,G Cameron Young G Xander Schauffele G Christiaan Bezuidenhout G Mackenzie Hughes G Tony Finau G Sungjae Im,,,
812,5202939753,rpt001,0,447.5,G Wyndham Clark G Russell Henley G Hideki Matsuyama G Keegan Bradley G Corey Conners G Nick Taylor,,,
812,5203265122,minsley,0,447.5,G Russell Henley G Ben Griffin G J.J. Spaun G Jacob Bridgeman G Keegan Bradley G Corey Conners,,,
820,5201236061,rogos,0,447,G Jackson Koivun G Jake Knapp G Ryan Gerard G Nicolai Højgaard G Corey Conners G Max Greyserman,,,
820,5201882398,Plug3154,0,447,G Hideki Matsuyama G Ryan Gerard G Akshay Bhatia G Nicolai Højgaard G Jacob Bridgeman G Jordan Spieth,,,
820,5202493001,timmy2747,0,447,G Hideki Matsuyama G J.J. Spaun G Harris English G Nicolai Højgaard G Keegan Bradley G Jordan Spieth,,,
820,5202858356,amobis,0,447,G Cameron Young G Xander Schauffele G Rickie Fowler G Emiliano Grillo G John Parry G Zac Blair,,,
820,5202934914,adman895,0,447,G Jackson Koivun G Jake Knapp G J.J. Spaun G Michael Thorbjornsen G Michael Brennan G Lee Hodges,,,
820,5203082657,jwberkman,0,447,G Xander Schauffele G Jake Knapp G Akshay Bhatia G Jacob Bridgeman G Davis Thompson G Sungjae Im,,,
826,5201357114,LucaButt,0,446.5,G Cameron Young G J.J. Spaun G Rickie Fowler G Jacob Bridgeman G Eric Cole G Chris Kirk,,,
826,5201658099,ttbaseball2001,0,446.5,G Xander Schauffele G Russell Henley G Akshay Bhatia G Michael Brennan G Michael Kim G Jesper Svensson,,,
826,5201825552,GolfMyWay28,0,446.5,G Si Woo Kim G Jake Knapp G Ryan Gerard G Davis Thompson G Ryo Hisatsune G Max Greyserman,,,
826,5201880941,kalpeace,0,446.5,G Si Woo Kim G Hideki Matsuyama G Jake Knapp G Jacob Bridgeman G Ben Kohles G Christiaan Bezuidenhout,,,
826,5202096720,Downandout11,0,446.5,G Cameron Young G Si Woo Kim G Hideki Matsuyama G Ryan Gerard G Danny Walker G Dylan Wu,,,
826,5202205694,Djwakeup11,0,446.5,G Chris Gotterup G Si Woo Kim G J.J. Spaun G Doug Ghim G Matt Wallace G Sungjae Im,,,
826,5202488196,nonothings,0,446.5,G Jackson Koivun G Jake Knapp G J.J. Spaun G Ryan Gerard G Jackson Suber G Kevin Roy,,,
826,5202620220,reimergreg0,0,446.5,G Cameron Young G Si Woo Kim G Nicolai Højgaard G Jackson Suber G Ben Kohles G Zac Blair,,,
826,5202662733,meitbe2014,0,446.5,G Chris Gotterup G Hideki Matsuyama G Ryan Gerard G Ryo Hisatsune G Corey Conners G Christiaan Bezuidenhout,,,
826,5202895665,datyoungreezy,0,446.5,G Patrick Cantlay G Jake Knapp G Akshay Bhatia G Michael Thorbjornsen G Keegan Bradley G Jackson Suber,,,
826,5203086807,L053R666,0,446.5,G Cameron Young G Wyndham Clark G Jacob Bridgeman G Corey Conners G Mac Meissner G Benjamin James,,,
826,5203247311,PRozelle,0,446.5,G Cameron Young G Hideki Matsuyama G Davis Thompson G Eric Cole G Ryo Hisatsune G Jackson Suber,,,
838,5200586415,Phil80041,0,446,G Ben Griffin G Jake Knapp G Nicolai Højgaard G Michael Thorbjornsen G Michael Brennan G Jacob Bridgeman,,,
838,5200876131,jpotts14,0,446,G Russell Henley G Hideki Matsuyama G Ben Griffin G Jacob Bridgeman G Ryo Hisatsune G Ricky Castillo,,,
838,5200979841,stenzy0314,0,446,G Cameron Young G Chris Gotterup G Michael Thorbjornsen G Jackson Suber G Emiliano Grillo G Zac Blair,,,
838,5201014611,ryanland,0,446,G Cameron Young G Hideki Matsuyama G Harris English G Ryo Hisatsune G Matt Wallace G Billy Horschel,,,
838,5201136420,slpendy,0,446,G Patrick Cantlay G Ben Griffin G Michael Thorbjornsen G Jacob Bridgeman G Davis Thompson G Matti Schmid,,,
838,5201719805,ESilvester,0,446,G Wyndham Clark G Patrick Cantlay G Ryan Gerard G Rickie Fowler G Ryo Hisatsune G Ben Kohles,,,
838,5201914002,JSpice22,0,446,G Xander Schauffele G Si Woo Kim G Hideki Matsuyama G Ryo Hisatsune G Aldrich Potgieter G Joe Highsmith,,,
838,5201994850,pschichtel,0,446,G Xander Schauffele G Patrick Cantlay G Ryan Gerard G Ryo Hisatsune G Rasmus Neergaard-Petersen G Tony Finau,,,
838,5202168850,rlbender,0,446,G Cameron Young G Russell Henley G Rickie Fowler G Ben Kohles G Christiaan Bezuidenhout G John Parry,,,
838,5202194589,otterkc,0,446,G Si Woo Kim G Hideki Matsuyama G Jake Knapp G Jacob Bridgeman G Ryo Hisatsune G Ricky Castillo,,,
838,5202335108,slipperywhendry,0,446,G Si Woo Kim G Wyndham Clark G Ryan Gerard G Keegan Bradley G Corey Conners G Emiliano Grillo,,,
838,5202466091,fuzzinool,0,446,G Cameron Young G Xander Schauffele G Jacob Bridgeman G Ben Kohles G Nick Taylor G Nicolas Echavarria,,,
838,5202977804,slim_ginjy88,0,446,G Xander Schauffele G Jake Knapp G Nicolai Højgaard G Michael Thorbjornsen G Johnny Keefer G Sudarshan Yellamaraju,,,
851,5201611299,Jazztwig11,0,445.5,G Si Woo Kim G Jake Knapp G Ryan Gerard G Jacob Bridgeman G Ryo Hisatsune G Ben Kohles,,,
851,5201804236,Stinky2006,0,445.5,G Cameron Young G Hideki Matsuyama G Jake Knapp G Michael Brennan G Chris Kirk G Chandler Phillips,,,
851,5202168471,icehouse131211,0,445.5,G Cameron Young G Xander Schauffele G Wyndham Clark G Chris Kirk G Chandler Phillips G Davis Riley,,,
851,5202298001,dmesh27,0,445.5,G Xander Schauffele G Ben Griffin G Ryan Gerard G Jacob Bridgeman G Ryo Hisatsune G William Mouw,,,
851,5202880325,dukester1970,0,445.5,G Si Woo Kim G Wyndham Clark G Ryan Gerard G Keegan Bradley G Ben Kohles G Kevin Yu,,,
851,5203086531,sn8kdoc,0,445.5,G Chris Gotterup G Ben Griffin G Keegan Bradley G Davis Thompson G Corey Conners G Rasmus Højgaard,,,
851,5203151741,bkayjac,0,445.5,G Cameron Young G Si Woo Kim G Davis Thompson G Jackson Suber G Rasmus Neergaard-Petersen G Ben Kohles,,,
858,5200706330,sprothero,0,445,G Chris Gotterup G Si Woo Kim G Hideki Matsuyama G Corey Conners G Ben Kohles G Zac Blair,,,
858,5200711936,Jonny3stix,0,445,G Si Woo Kim G Wyndham Clark G Ryan Gerard G Davis Thompson G Ryo Hisatsune G Ricky Castillo,,,
858,5201456184,F___thejets,0,445,G Cameron Young G Xander Schauffele G Rasmus Neergaard-Petersen G Ben Kohles G Christiaan Bezuidenhout G Emiliano Grillo,,,
858,5201971670,FatAssBass,0,445,G Si Woo Kim G Ben Griffin G Jake Knapp G Michael Thorbjornsen G Davis Thompson G William Mouw,,,
858,5202197346,goindeep78,0,445,G Cameron Young G Jackson Koivun G Davis Thompson G Jackson Suber G Ben Kohles G John Parry,,,
858,5202762301,Codymuck,0,445,G Cameron Young G Xander Schauffele G Rickie Fowler G Christiaan Bezuidenhout G Sudarshan Yellamaraju G Zac Blair,,,
858,5203090751,rabex023,0,445,G Xander Schauffele G Jake Knapp G Akshay Bhatia G Michael Brennan G Jordan Spieth G Sungjae Im,,,
865,5201056553,TROCCO19,0,444.5,G Russell Henley G Patrick Cantlay G Hideki Matsuyama G Jacob Bridgeman G Ryo Hisatsune G Sudarshan Yellamaraju,,,
865,5201478937,jean_bordeaux,0,444.5,G Si Woo Kim G Ryan Gerard G Nicolai Højgaard G Jacob Bridgeman G Ryo Hisatsune G Christiaan Bezuidenhout,,,
865,5201561438,svenanderson,0,444.5,G Cameron Young G Si Woo Kim G Ryan Gerard G Christiaan Bezuidenhout G Ricky Castillo G Andrew Putnam,,,
865,5201855939,Roller,0,444.5,G Cameron Young G Si Woo Kim G Ryan Gerard G Sam Stevens G Ricky Castillo G Zac Blair,,,
865,5202577950,bgallier,0,444.5,G Hideki Matsuyama G Ben Griffin G Jake Knapp G Jacob Bridgeman G Davis Thompson G Corey Conners,,,
865,5202707256,thebodyspill,0,444.5,G Xander Schauffele G J.J. Spaun G Michael Thorbjornsen G Jacob Bridgeman G Eric Cole G Rasmus Neergaard-Petersen,,,
865,5202733124,rfdkurn,0,444.5,G Cameron Young G Russell Henley G J.J. Spaun G Ben Kohles G Ricky Castillo G Chandler Phillips,,,
865,5202895408,dane33,0,444.5,G Russell Henley G Hideki Matsuyama G Jake Knapp G Nicolai Højgaard G Michael Kim G Nick Taylor,,,
865,5203236445,SMITTOFF11,0,444.5,G Cameron Young G Jackson Koivun G Hideki Matsuyama G Benjamin James G Ricky Castillo G Trace Crowe,,,
874,5200792487,hitmn42,0,444,G Cameron Young G Si Woo Kim G Patrick Cantlay G Chris Kirk G Kevin Roy G Austin Smotherman,,,
874,5201238789,jimdelaney,0,444,G Xander Schauffele G Chris Gotterup G Jordan Spieth G Jackson Suber G Corey Conners G Max Greyserman,,,
874,5201247413,jljjr,0,444,G Jackson Koivun G Russell Henley G Hideki Matsuyama G Denny McCarthy G Ben Kohles G Emiliano Grillo,,,
874,5201368963,bcjr2525,0,444,G Chris Gotterup G Patrick Cantlay G Hideki Matsuyama G Jacob Bridgeman G Emiliano Grillo G Sungjae Im,,,
874,5203238053,morewoodhead,0,444,G Si Woo Kim G Hideki Matsuyama G Nicolai Højgaard G Rickie Fowler G Rasmus Neergaard-Petersen G Ben Kohles,,,
879,5200568331,JGUELI1,0,443.5,G Jackson Koivun G Jake Knapp G Ryan Gerard G Rickie Fowler G Ryo Hisatsune G Jackson Suber,,,
879,5200803418,gurnee,0,443.5,G Xander Schauffele G Russell Henley G Rickie Fowler G Michael Brennan G Denny McCarthy G Sudarshan Yellamaraju,,,
879,5201579891,jbace1954,0,443.5,G Si Woo Kim G Hideki Matsuyama G Harris English G Keegan Bradley G Ryo Hisatsune G Jackson Suber,,,
879,5202256203,Antill3,0,443.5,G Cameron Young G Hideki Matsuyama G Jacob Bridgeman G Ryo Hisatsune G Denny McCarthy G Corey Conners,,,
879,5202859366,andrewran,0,443.5,G Cameron Young G Jake Knapp G Jacob Bridgeman G Jordan Spieth G Ryo Hisatsune G Corey Conners,,,
879,5203131062,knixon4201,0,443.5,G Xander Schauffele G Ryan Gerard G Akshay Bhatia G Jacob Bridgeman G Ryo Hisatsune G Christiaan Bezuidenhout,,,
885,5201973033,PapaJoe1947,0,443,G Jackson Koivun G Hideki Matsuyama G Ryan Gerard G Jordan Spieth G Eric Cole G Ryo Hisatsune,,,
885,5202376395,Disneynerd32,0,443,G Russell Henley G Hideki Matsuyama G J.J. Spaun G Michael Thorbjornsen G Pierceson Coody G Seamus Power,,,
885,5202395087,rikyrotten,0,443,G Cameron Young G Ben Griffin G Ryan Gerard G Jacob Bridgeman G Ben Kohles G Zac Blair,,,
885,5202686928,mltnoles,0,443,G Cameron Young G Jake Knapp G Ryan Gerard G Ryo Hisatsune G Ben Kohles G Zac Blair,,,
885,5202987415,dj3baker,0,443,G Si Woo Kim G Jackson Koivun G Jacob Bridgeman G Ryo Hisatsune G Ricky Castillo G Zac Blair,,,
885,5203095334,rockstar911,0,443,G Cameron Young G Patrick Cantlay G Ben Griffin G Matt Wallace G Mackenzie Hughes G Sungjae Im,,,
891,5200876530,exit154,0,442.5,G Xander Schauffele G Ben Griffin G Michael Brennan G Davis Thompson G Jordan Spieth G Rasmus Neergaard-Petersen,,,
891,5201295784,ThanksToTheBay,0,442.5,G Xander Schauffele G Chris Gotterup G Michael Brennan G Marco Penge G Aldrich Potgieter G Rasmus Højgaard,,,
891,5201297859,Shades007,0,442.5,G Jackson Koivun G Hideki Matsuyama G Jake Knapp G Michael Thorbjornsen G Max Greyserman G Aldrich Potgieter,,,
891,5201422185,bapulliam1,0,442.5,G Hideki Matsuyama G Jake Knapp G J.J. Spaun G Ryan Gerard G Davis Thompson G Billy Horschel,,,
891,5201488107,MikeRod,0,442.5,G Cameron Young G Jackson Koivun G Davis Thompson G Ben Kohles G Emiliano Grillo G Chandler Phillips,,,
891,5201556115,Sullys_1959,0,442.5,G Cameron Young G Ben Griffin G Ryan Gerard G Jackson Suber G Doug Ghim G Stephan Jaeger,,,
891,5201826460,Bcarr64,0,442.5,G Cameron Young G Hideki Matsuyama G Marco Penge G Eric Cole G Ryo Hisatsune G Corey Conners,,,
891,5202222355,smittywrldwd,0,442.5,G Cameron Young G Ben Griffin G Ryan Gerard G Jackson Suber G Ben Kohles G Jordan L. Smith,,,
891,5202360467,kosar911,0,442.5,G Si Woo Kim G Russell Henley G Ryan Gerard G Eric Cole G Jackson Suber G Doug Ghim,,,
891,5202383539,mlc52,0,442.5,G Jackson Koivun G Hideki Matsuyama G Jake Knapp G Michael Thorbjornsen G Max Greyserman G Aldrich Potgieter,,,
891,5202953287,chitown10,0,442.5,G Patrick Cantlay G Hideki Matsuyama G Nicolai Højgaard G Rickie Fowler G Jacob Bridgeman G Denny McCarthy,,,
902,5200911557,lilly99,0,442,G Patrick Cantlay G Hideki Matsuyama G Ben Griffin G Nicolai Højgaard G Doug Ghim G Ben Kohles,,,
902,5201469003,iacovelj,0,442,G Cameron Young G Jackson Koivun G Jake Knapp G Ben Kohles G Stephan Jaeger G William Mouw,,,
902,5202563766,TeamZuni,0,442,G Si Woo Kim G Jackson Koivun G Hideki Matsuyama G Jacob Bridgeman G Ricky Castillo G John Parry,,,
902,5203066684,VolFins,0,442,G Cameron Young G J.J. Spaun G Rickie Fowler G Keegan Bradley G Denny McCarthy G Ben Kohles,,,
902,5203089128,dcoppes,0,442,G Cameron Young G J.J. Spaun G Rickie Fowler G Jacob Bridgeman G Ryo Hisatsune G Nick Taylor,,,
907,5200998097,4950jolens,0,441.5,G Cameron Young G Hideki Matsuyama G Brooks Koepka G Jackson Suber G Corey Conners G Mac Meissner,,,
907,5201726187,cmak11,0,441.5,G Xander Schauffele G Russell Henley G Harris English G Michael Brennan G Jacob Bridgeman G Brad Dalke,,,
907,5202197311,orf499,0,441.5,G Cameron Young G Jake Knapp G Ryan Gerard G Davis Thompson G Ben Kohles G Chandler Phillips,,,
907,5202218964,cwarno20,0,441.5,G Xander Schauffele G Wyndham Clark G Jacob Bridgeman G Davis Thompson G Max Greyserman G Beau Hossler,,,
907,5202466257,MikeeesPicks,0,441.5,G Xander Schauffele G Hideki Matsuyama G Jake Knapp G Corey Conners G Johnny Keefer G John Parry,,,
907,5202467361,Mr._Bad,0,441.5,G Wyndham Clark G J.J. Spaun G Ryan Gerard G Michael Thorbjornsen G Rickie Fowler G Billy Horschel,,,
907,5202547926,olddad1953,0,441.5,G Cameron Young G Hideki Matsuyama G Rickie Fowler G Jacob Bridgeman G Nick Taylor G Sam Stevens,,,
907,5202708745,ed8802,0,441.5,G Patrick Cantlay G Jake Knapp G J.J. Spaun G Nicolai Højgaard G Davis Thompson G Doug Ghim,,,
907,5202833948,charlesrayallday,0,441.5,G Patrick Cantlay G Jake Knapp G J.J. Spaun G Nicolai Højgaard G Davis Thompson G Doug Ghim,,,
907,5202936576,epot,0,441.5,G Si Woo Kim G Jake Knapp G Nicolai Højgaard G Michael Thorbjornsen G Michael Brennan G Taylor Pendrith,,,
907,5203169422,tcaldwell2124,0,441.5,G Patrick Cantlay G Ryan Gerard G Akshay Bhatia G Nicolai Højgaard G Rickie Fowler G Jackson Suber,,,
918,5200846626,mommaboy,0,441,G Cameron Young G Hideki Matsuyama G Jake Knapp G Christiaan Bezuidenhout G Kevin Yu G Emiliano Grillo,,,
918,5201788261,bradsmith1679,0,441,G Hideki Matsuyama G Jake Knapp G Ryan Gerard G Akshay Bhatia G Davis Thompson G Jackson Suber,,,
918,5202067503,TaroTo,0,441,G Cameron Young G Si Woo Kim G Davis Thompson G Ryo Hisatsune G Rasmus Neergaard-Petersen G Michael Kim,,,
918,5202079199,Bonniegal,0,441,G Chris Gotterup G Russell Henley G Jake Knapp G Davis Thompson G Ben Kohles G Chris Kirk,,,
918,5202096194,Ship1992,0,441,G Si Woo Kim G Russell Henley G Ryan Gerard G Marco Penge G Jordan Spieth G Sudarshan Yellamaraju,,,
918,5202164325,lastminutelevi,0,441,G Hideki Matsuyama G Jake Knapp G Ryan Gerard G Akshay Bhatia G Davis Thompson G Jackson Suber,,,
918,5202571489,M3anD3an,0,441,G Jackson Koivun G Wyndham Clark G Patrick Cantlay G Davis Thompson G Ben Kohles G Jordan L. Smith,,,
918,5202826285,JLR1985,0,441,G Cameron Young G Si Woo Kim G Davis Thompson G Ryo Hisatsune G Rasmus Neergaard-Petersen G Michael Kim,,,
918,5202988603,skerns51,0,441,G Hideki Matsuyama G Jake Knapp G Ryan Gerard G Akshay Bhatia G Davis Thompson G Jackson Suber,,,
918,5203179669,Spukuff,0,441,G Cameron Young G Patrick Cantlay G Rickie Fowler G Max Greyserman G Seamus Power G Sungjae Im,,,
918,5203251842,GLover023,0,441,G Si Woo Kim G Russell Henley G Hideki Matsuyama G Rickie Fowler G Ryo Hisatsune G Lanto Griffin,,,
929,5201089594,BigLu322,0,440.5,G Xander Schauffele G Chris Gotterup G Patrick Cantlay G Davis Thompson G Kevin Roy G Aaron Wise,,,
929,5201360837,nachochopstix,0,440.5,G Cameron Young G Jake Knapp G J.J. Spaun G Doug Ghim G Ben Kohles G Kevin Yu,,,
929,5201665467,seamus615,0,440.5,G Chris Gotterup G Si Woo Kim G Russell Henley G Ben Kohles G Emiliano Grillo G Chris Kirk,,,
929,5201788900,Thegingerninja,0,440.5,G Si Woo Kim G Hideki Matsuyama G Michael Brennan G Jacob Bridgeman G Ryo Hisatsune G Rasmus Neergaard-Petersen,,,
929,5201935417,KuyaVT,0,440.5,G Cameron Young G Hideki Matsuyama G Akshay Bhatia G Jacob Bridgeman G Nick Taylor G Chris Kirk,,,
929,5202569625,bdeboom,0,440.5,G Wyndham Clark G Patrick Cantlay G Ryan Gerard G Jacob Bridgeman G Jackson Suber G Ben Kohles,,,
929,5202635844,jbbyers1188,0,440.5,G Xander Schauffele G Wyndham Clark G Rickie Fowler G Jacob Bridgeman G Jordan L. Smith G Emiliano Grillo,,,
929,5202818851,rumplesquirtskin,0,440.5,G Cameron Young G Hideki Matsuyama G J.J. Spaun G Jacob Bridgeman G Sungjae Im G Chandler Phillips,,,
929,5203043826,IndiaSummer,0,440.5,G Cameron Young G Jake Knapp G Rickie Fowler G Ryo Hisatsune G Jackson Suber G Ben Kohles,,,
938,5200785113,webercook,0,440,G Cameron Young G Jackson Koivun G Jacob Bridgeman G Denny McCarthy G Ben Kohles G Michael Kim,,,
938,5200880935,stambizzle,0,440,G Cameron Young G Ben Griffin G J.J. Spaun G Davis Thompson G Jordan L. Smith G Sungjae Im,,,
938,5201236139,senor_verde17,0,440,G Ben Griffin G Jake Knapp G J.J. Spaun G Michael Thorbjornsen G Michael Brennan G Jackson Suber,,,
938,5201777669,ehab,0,440,G Cameron Young G Jackson Koivun G Rickie Fowler G Ben Kohles G Aldrich Potgieter G Jordan L. Smith,,,
938,5202097078,dmayer88,0,440,G Chris Gotterup G Patrick Cantlay G J.J. Spaun G Jacob Bridgeman G Corey Conners G Sungjae Im,,,
938,5202145676,phillbennetzen,0,440,G Chris Gotterup G Patrick Cantlay G J.J. Spaun G Jacob Bridgeman G Corey Conners G Sungjae Im,,,
938,5202192028,egale007,0,440,G Cameron Young G Ben Griffin G J.J. Spaun G Davis Thompson G Jordan L. Smith G Sungjae Im,,,
938,5202254516,joelle,0,440,G Cameron Young G Russell Henley G Jordan Spieth G Ryo Hisatsune G Corey Conners G Rasmus Neergaard-Petersen,,,
938,5202733636,cdlsports,0,440,G Cameron Young G Ben Griffin G J.J. Spaun G Davis Thompson G Jordan L. Smith G Sungjae Im,,,
938,5202757093,milehisooner,0,440,G Cameron Young G Ben Griffin G J.J. Spaun G Davis Thompson G Jordan L. Smith G Sungjae Im,,,
938,5203064215,Cole3pt,0,440,G Cameron Young G Ben Griffin G J.J. Spaun G Davis Thompson G Jordan L. Smith G Sungjae Im,,,
938,5203189229,fritzruby1,0,440,G Cameron Young G Ben Griffin G J.J. Spaun G Davis Thompson G Jordan L. Smith G Sungjae Im,,,
938,5203255009,GEOTIS,0,440,G Jackson Koivun G Jake Knapp G Ryan Gerard G Rickie Fowler G Davis Thompson G Rasmus Neergaard-Petersen,,,
951,5200862156,Dont-Drink-Jobu-Rum4,0,439.5,G Xander Schauffele G Jake Knapp G J.J. Spaun G Ryan Gerard G Nicolas Echavarria G Kevin Roy,,,
951,5201753603,CaptainDeezer,0,439.5,G Si Woo Kim G Russell Henley G Jackson Suber G Ben Kohles G Michael Kim G Lee Hodges,,,
951,5202228314,mspozto,0,439.5,G Russell Henley G Patrick Cantlay G Ben Griffin G Rickie Fowler G Christiaan Bezuidenhout G Kevin Yu,,,
951,5203020986,JetsMania12,0,439.5,G Wyndham Clark G Russell Henley G Patrick Cantlay G Keegan Bradley G Doug Ghim G Kevin Yu,,,
951,5203085443,amentel,0,439.5,G Chris Gotterup G Hideki Matsuyama G Ryan Gerard G Eric Cole G Corey Conners G Michael Kim,,,
951,5203167059,Betenbough,0,439.5,G Cameron Young G Chris Gotterup G Michael Thorbjornsen G Davis Thompson G Johnny Keefer G Aaron Wise,,,
951,5203214437,Bridgeh201,0,439.5,G Wyndham Clark G Russell Henley G Patrick Cantlay G Keegan Bradley G Doug Ghim G Kevin Yu,,,
958,5200600368,brontoball,0,439,G Xander Schauffele G Ben Griffin G Ryan Gerard G Rickie Fowler G Sudarshan Yellamaraju G Stephan Jaeger,,,
958,5200901534,jtmittl,0,439,G Xander Schauffele G Ryan Gerard G Akshay Bhatia G Michael Brennan G Jackson Suber G Sam Stevens,,,
958,5201404364,ctaulbee3,0,439,G Chris Gotterup G Si Woo Kim G Ryan Gerard G Corey Conners G Ben Kohles G Nick Taylor,,,
958,5201718471,reeb,0,439,G Xander Schauffele G Hideki Matsuyama G Jake Knapp G Rasmus Neergaard-Petersen G Ben Kohles G Jordan L. Smith,,,
958,5202273651,CraigT1811,0,439,G Cameron Young G Chris Gotterup G J.J. Spaun G Kevin Yu G Rico Hoey G Patrick Fishburn,,,
958,5203082035,TheGame2169,0,439,G Chris Gotterup G Patrick Cantlay G Hideki Matsuyama G Jackson Suber G Ben Kohles G Jordan L. Smith,,,
958,5203092632,ZQ1989,0,439,G Wyndham Clark G Ben Griffin G Michael Thorbjornsen G Jacob Bridgeman G Keegan Bradley G Corey Conners,,,
965,5200573301,Astros7,0,438.5,G Xander Schauffele G Jake Knapp G Nicolai Højgaard G Marco Penge G Jordan Spieth G Jordan L. Smith,,,
965,5200599468,burtbarber88,0,438.5,G Cameron Young G Xander Schauffele G Ryo Hisatsune G Ben Kohles G Christiaan Bezuidenhout G Sudarshan Yellamaraju,,,
965,5200679687,snicktheace,0,438.5,G Xander Schauffele G Hideki Matsuyama G Ryan Gerard G Jacob Bridgeman G Rasmus Neergaard-Petersen G Chandler Phillips,,,
965,5200844746,SevetheHack,0,438.5,G Cameron Young G Hideki Matsuyama G Jake Knapp G Christiaan Bezuidenhout G Nick Taylor G Ricky Castillo,,,
965,5201271234,wildcatzz57,0,438.5,G Cameron Young G Jackson Koivun G Michael Thorbjornsen G Pierceson Coody G Ben Kohles G Sudarshan Yellamaraju,,,
965,5201526718,ol-pappyslapper,0,438.5,G Si Woo Kim G Russell Henley G Patrick Cantlay G Ryo Hisatsune G Corey Conners G Nicolas Echavarria,,,
965,5201800594,julietrev,0,438.5,G Jake Knapp G J.J. Spaun G Ryan Gerard G Nicolai Højgaard G Rickie Fowler G Jackson Suber,,,
965,5202163846,gassmanva,0,438.5,G Chris Gotterup G Ryan Gerard G Rickie Fowler G Jacob Bridgeman G Keegan Bradley G Nick Taylor,,,
965,5202175731,JBond00777,0,438.5,G Cameron Young G Hideki Matsuyama G Rickie Fowler G Jacob Bridgeman G Ryo Hisatsune G Lucas Glover,,,
965,5202658883,Slugxx,0,438.5,G Wyndham Clark G Russell Henley G Hideki Matsuyama G Jacob Bridgeman G Ben Kohles G Christiaan Bezuidenhout,,,
965,5202949441,keenmachine48,0,438.5,G Wyndham Clark G Russell Henley G Hideki Matsuyama G Jacob Bridgeman G Ben Kohles G Christiaan Bezuidenhout,,,
965,5203158761,DanielTy,0,438.5,G Si Woo Kim G Patrick Cantlay G Hideki Matsuyama G Jackson Suber G Denny McCarthy G Ben Kohles,,,
965,5203237750,axelfoleybdf,0,438.5,G Cameron Young G Si Woo Kim G Ryan Gerard G Ben Kohles G Taylor Pendrith G Zac Blair,,,
978,5200593952,Toatsmagoats,0,438,G Xander Schauffele G Hideki Matsuyama G Akshay Bhatia G Ryo Hisatsune G Jackson Suber G Emiliano Grillo,,,
978,5200672509,rmprescott,0,438,G Jackson Koivun G Hideki Matsuyama G Akshay Bhatia G Jacob Bridgeman G Keegan Bradley G Jackson Suber,,,
978,5201105987,Azdude123,0,438,G Xander Schauffele G Si Woo Kim G Ryan Gerard G Michael Brennan G John Parry G Tom Hoge,,,
978,5202307393,gatons,0,438,G Cameron Young G Si Woo Kim G Jordan Spieth G Corey Conners G Doug Ghim G Taylor Pendrith,,,
978,5202516557,heisenbergthegreat,0,438,G Xander Schauffele G Chris Gotterup G Davis Thompson G Corey Conners G Rasmus Neergaard-Petersen G Kevin Yu,,,
978,5202591599,plumberjake,0,438,G Cameron Young G Xander Schauffele G Jordan Spieth G Christiaan Bezuidenhout G Emiliano Grillo G Joel Dahmen,,,
978,5202753659,rsulzener,0,438,G Xander Schauffele G Chris Gotterup G Davis Thompson G Corey Conners G Rasmus Neergaard-Petersen G Kevin Yu,,,
978,5202924589,Traveshamockery,0,438,G Xander Schauffele G Chris Gotterup G Davis Thompson G Corey Conners G Rasmus Neergaard-Petersen G Kevin Yu,,,
978,5203013336,Dap1,0,438,G Xander Schauffele G Chris Gotterup G Davis Thompson G Corey Conners G Rasmus Neergaard-Petersen G Kevin Yu,,,
978,5203082909,onecutt21,0,438,G Chris Gotterup G Si Woo Kim G Ryan Gerard G Ryo Hisatsune G Ben Kohles G Ricky Castillo,,,
978,5203256615,Squatchy42,0,438,G Cameron Young G Si Woo Kim G Hideki Matsuyama G Ricky Castillo G John Parry G Zac Blair,,,
989,5201460377,dallessandro,0,437.5,G Cameron Young G Wyndham Clark G Ryan Gerard G Christiaan Bezuidenhout G Stephan Jaeger G Sungjae Im,,,
989,5202295252,Sleddog79,0,437.5,G Ben Griffin G Harris English G Michael Thorbjornsen G Jacob Bridgeman G Keegan Bradley G Ryo Hisatsune,,,
989,5202958060,Nugdeezy19,0,437.5,G Russell Henley G J.J. Spaun G Ryan Gerard G Rickie Fowler G Denny McCarthy G Christiaan Bezuidenhout,,,
989,5202968863,keavster,0,437.5,G Chris Gotterup G Jackson Koivun G Rickie Fowler G Jacob Bridgeman G Jordan Spieth G Ricky Castillo,,,
989,5203051652,kipper12,0,437.5,G Si Woo Kim G Wyndham Clark G Patrick Cantlay G Doug Ghim G Ben Kohles G Mac Meissner,,,
994,5201823265,saygoodbye1200,0,437,G Cameron Young G Russell Henley G J.J. Spaun G Davis Thompson G William Mouw G Chandler Phillips,,,
994,5202302007,millermdm,0,437,G Xander Schauffele G Wyndham Clark G Michael Thorbjornsen G Eric Cole G Doug Ghim G Emiliano Grillo,,,
994,5202809088,ebibby5,0,437,G Cameron Young G Hideki Matsuyama G Jake Knapp G Keegan Bradley G Corey Conners G Ryan Ruffels,,,
994,5203087625,Hatehater,0,437,G Xander Schauffele G Si Woo Kim G Rickie Fowler G Jackson Suber G Max Greyserman G Seamus Power,,,
994,5203208068,Getsome1977,0,437,G Russell Henley G Patrick Cantlay G Ben Griffin G Keegan Bradley G Doug Ghim G Johnny Keefer,,,
994,5203261462,bendennison,0,437,G Si Woo Kim G Wyndham Clark G Ryan Gerard G Jacob Bridgeman G Ben Kohles G Kevin Yu,,,
1000,5200665277,cammick,0,436.5,G Cameron Young G Nicolai Højgaard G Rickie Fowler G Jacob Bridgeman G Keegan Bradley G Rasmus Neergaard-Petersen,,,
1000,5200700377,Gunners06,0,436.5,G Cameron Young G Jake Knapp G Rickie Fowler G Michael Brennan G Rasmus Neergaard-Petersen G Ben Kohles,,,
1000,5201415159,Trave55,0,436.5,G Chris Gotterup G Si Woo Kim G Rickie Fowler G Ryo Hisatsune G Corey Conners G Ben Kohles,,,
1000,5202546268,djkempker100,0,436.5,G Jackson Koivun G Russell Henley G Rickie Fowler G Jacob Bridgeman G Eric Cole G Jackson Suber,,,