Rank,EntryId,EntryName,TimeRemaining,Points,Lineup,,Player,Roster Position,%Drafted,FPTS
1,5191005635,cgregor5,0,492.5,G Tommy Fleetwood G Cameron Young G Robert MacIntyre G Sam Burns G Russell Henley G Adam Scott,,Matt Fitzpatrick,G,46.17%,22
2,5189574901,suttree,0,480.5,G Scottie Scheffler G Cameron Young G Chris Gotterup G Jacob Bridgeman G Max Homa G Ryan Fox,,Robert MacIntyre,G,30.89%,63
2,5190048384,ninja9legs,0,480.5,G Scottie Scheffler G Tommy Fleetwood G Russell Henley G Adam Scott G Ryan Fox G Jesper Svensson,,Rory McIlroy,G,27.99%,66
4,5191007047,uwake,0,473,G Tommy Fleetwood G Cameron Young G Robert MacIntyre G Sam Burns G Russell Henley G Patrick Cantlay,,Chris Gotterup,G,26.34%,67
5,5190569640,mbvetteguy,0,471.5,G Xander Schauffele G Cameron Young G Collin Morikawa G Chris Gotterup G Patrick Reed G Ryan Fox,,Wyndham Clark,G,25.24%,33.5
6,5189105318,jacobsjon,0,467.5,G Scottie Scheffler G Rory McIlroy G Rickie Fowler G Ryan Fox G Casey Jarvis G Eric Cole,,Tommy Fleetwood,G,24.97%,88
7,5189447667,scionboy23,0,465.5,G Tommy Fleetwood G Cameron Young G Collin Morikawa G Robert MacIntyre G Hideki Matsuyama G Si Woo Kim,,Tom Kim,G,22.15%,22.5
8,5190892642,brobeater,0,464,G Jon Rahm G Cameron Young G Bryson DeChambeau G Sam Burns G Russell Henley G Corey Conners,,Collin Morikawa,G,21.72%,72.5
9,5189900477,robertmiller2426,0,463.5,G Scottie Scheffler G Xander Schauffele G Collin Morikawa G Ryan Fox G Casey Jarvis G Nick Taylor,,Viktor Hovland,G,21.04%,23.5
10,5190595852,ACUAT2004,0,462,G Rory McIlroy G Jon Rahm G Cameron Young G Kurt Kitayama G Ryan Fox G Victor Perez,,Si Woo Kim,G,20.21%,76.5
11,5190192373,erog30,0,460,G Scottie Scheffler G Rory McIlroy G Patrick Reed G Ryan Fox G Lucas Herbert G Matthew Southgate,,Patrick Reed,G,18.76%,61
12,5190495836,dbshankle,0,459,G Jon Rahm G Cameron Young G Collin Morikawa G Sam Burns G Russell Henley G Patrick Reed,,Scottie Scheffler,G,17.70%,81.5
13,5190882784,mcooper2300,0,458.5,G Tommy Fleetwood G Jon Rahm G Collin Morikawa G Sam Burns G Si Woo Kim G Ryan Gerard,,Russell Henley,G,16.65%,74.5
14,5190694589,smallpiglet1,0,458,G Rory McIlroy G Cameron Young G Sam Burns G Justin Thomas G Hideki Matsuyama G Si Woo Kim,,Tyrrell Hatton,G,16.19%,46.5
15,5191030026,whodats28,0,456,G Rory McIlroy G Cameron Young G Sam Burns G Russell Henley G Corey Conners G J.J. Spaun,,Justin Rose,G,15.33%,24.5
16,5189972849,teubank10,0,455,G Rory McIlroy G Jon Rahm G Collin Morikawa G Si Woo Kim G Rickie Fowler G Ryan Fox,,Sam Burns,G,14.45%,92
17,5189049793,Sanford71,0,454,G Rory McIlroy G Cameron Young G Robert MacIntyre G Sam Burns G Hideki Matsuyama G Victor Perez,,Cameron Young,G,11.63%,96.5
18,5190727359,hacdougduo,0,453.5,G Tommy Fleetwood G Chris Gotterup G Robert MacIntyre G Sam Burns G Russell Henley G Hideki Matsuyama,,Alex Fitzpatrick,G,10.84%,44
19,5189592888,vanhorn23,0,452.5,G Scottie Scheffler G Tommy Fleetwood G Sam Burns G Ryan Gerard G Jordan L. Smith G Nick Taylor,,Jon Rahm,G,10.40%,62.5
20,5189648514,Rifflerman88,0,451,G Cameron Young G Tyrrell Hatton G Collin Morikawa G Chris Gotterup G Sam Burns G Si Woo Kim,,Xander Schauffele,G,10.13%,64
20,5189786539,Bigdawg73,0,451,G Tommy Fleetwood G Cameron Young G Tyrrell Hatton G Russell Henley G Hideki Matsuyama G Si Woo Kim,,Hideki Matsuyama,G,9.57%,69
20,5190509209,Wheredacash,0,451,G Tommy Fleetwood G Jon Rahm G Robert MacIntyre G Sam Burns G Hideki Matsuyama G Si Woo Kim,,Min Woo Lee,G,8.99%,52.5
23,5189730073,SMU71,0,450.5,G Rory McIlroy G Ludvig Aberg G Sam Burns G Justin Thomas G Min Woo Lee G Ryan Fox,,Ludvig Aberg,G,8.20%,71.5
24,5188826208,sweetfeet_30,0,449.5,G Rory McIlroy G Cameron Young G Chris Gotterup G Sam Burns G Kurt Kitayama G Jordan L. Smith,,Joaquin Niemann,G,8.10%,19
24,5190768977,Daily_Big_Kahuna,0,449.5,G Scottie Scheffler G Collin Morikawa G Sam Burns G Si Woo Kim G J.J. Spaun G Rickie Fowler,,Justin Thomas,G,7.89%,58
26,5188802324,BrianPre,0,448,G Tommy Fleetwood G Jon Rahm G Cameron Young G Wyndham Clark G Ryan Fox G Sahith Theegala,,Shane Lowry,G,7.55%,66
26,5190081941,squatman2008,0,448,G Cameron Young G Tyrrell Hatton G Collin Morikawa G Shane Lowry G Sam Burns G Russell Henley,,Jordan Spieth,G,6.48%,18
26,5190742484,Brothaman007,0,448,G Ludvig Aberg G Collin Morikawa G Bryson DeChambeau G Shane Lowry G Sam Burns G Russell Henley,,Brian Harman,G,6.29%,17
26,5190835249,Milo1051,0,448,G Scottie Scheffler G Cameron Young G Sam Burns G Patrick Reed G Corey Conners G Shaun Norris,,Aaron Rai,G,6.09%,19
26,5190907025,RYANEOZ,0,448,G Ludvig Aberg G Cameron Young G Tyrrell Hatton G Sam Burns G Russell Henley G Corey Conners,,Patrick Cantlay,G,5.90%,59
26,5191025022,GNORDH,0,448,G Scottie Scheffler G Cameron Young G Bryson DeChambeau G Si Woo Kim G Rickie Fowler G Nick Taylor,,Nicolai Hojgaard,G,5.88%,29
32,5191010963,Cheney_81,0,446.5,G Xander Schauffele G Collin Morikawa G Chris Gotterup G Sam Burns G Russell Henley G Si Woo Kim,,Maverick McNealy,G,5.22%,23
33,5190362770,mjv2009,0,446,G Tommy Fleetwood G Jon Rahm G Shane Lowry G Sam Burns G Patrick Reed G Si Woo Kim,,J.J. Spaun,G,4.62%,60
33,5190395924,ThorThunder,0,446,G Scottie Scheffler G Tommy Fleetwood G Si Woo Kim G Min Woo Lee G Casey Jarvis G Victor Perez,,Akshay Bhatia,G,4.30%,18.5
33,5191043320,Gmac205,0,446,G Rory McIlroy G Cameron Young G Chris Gotterup G Sam Burns G Sahith Theegala G Victor Perez,,Ben Griffin,G,3.60%,49
36,5188938661,kevdav88,0,445,G Tommy Fleetwood G Ludvig Aberg G Sam Burns G Russell Henley G Justin Thomas G Patrick Reed,,Bryson DeChambeau,G,3.51%,71.5
37,5189700661,JaysinSensation,0,444.5,G Scottie Scheffler G Cameron Young G Justin Thomas G Hideki Matsuyama G Si Woo Kim G Max Homa,,Rickie Fowler,G,3.37%,67
37,5190419805,briannedanielle,0,444.5,G Scottie Scheffler G Sam Burns G Russell Henley G Patrick Cantlay G Patrick Reed G Si Woo Kim,,Brooks Koepka,G,3.14%,59.5
37,5190520330,boomturtle1,0,444.5,G Scottie Scheffler G Cameron Young G Shane Lowry G Si Woo Kim G Ryan Gerard G Sahith Theegala,,Adam Scott,G,3.13%,78.5
37,5190584892,whiteduece,0,444.5,G Scottie Scheffler G Sam Burns G Russell Henley G Patrick Cantlay G Patrick Reed G Si Woo Kim,,Harris English,G,3.11%,28.5
37,5190800330,Marsharks,0,444.5,G Scottie Scheffler G Sam Burns G Russell Henley G Patrick Cantlay G Patrick Reed G Si Woo Kim,,Victor Perez,G,3.11%,67.5
37,5191041764,xXxPLOSIVE,0,444.5,G Scottie Scheffler G Sam Burns G Russell Henley G Patrick Cantlay G Patrick Reed G Si Woo Kim,,Kurt Kitayama,G,3.06%,59
43,5189390280,stefze65,0,443.5,G Scottie Scheffler G Rory McIlroy G Ryan Fox G Jordan L. Smith G Johnny Keefer G Victor Perez,,Corey Conners,G,3.04%,67
43,5190376078,LinkSinc,0,443.5,G Scottie Scheffler G Collin Morikawa G Sam Burns G Patrick Cantlay G J.J. Spaun G Adam Scott,,Ryan Gerard,G,3.04%,67
45,5189911221,Rusty_P11,0,443,G Scottie Scheffler G Robert MacIntyre G Sam Burns G Patrick Reed G Hideki Matsuyama G Si Woo Kim,,Sahith Theegala,G,2.90%,57
46,5190955649,kfahey42,0,442.5,G Scottie Scheffler G Tommy Fleetwood G Patrick Reed G Ben Griffin G Ryan Fox G Michael Thorbjornsen,,Ryo Hisatsune,G,2.81%,51.5
47,5188880037,GenoMustGo,0,441.5,G Tommy Fleetwood G Cameron Young G Viktor Hovland G Sam Burns G Russell Henley G Ryan Gerard,,Ryan Fox,G,2.70%,110.5
47,5190737400,Baffoonery,0,441.5,G Tommy Fleetwood G Ludvig Aberg G Robert MacIntyre G Sam Burns G Justin Thomas G Hideki Matsuyama,,Jacob Bridgeman,G,2.44%,62
47,5190916302,turnberry,0,441.5,G Scottie Scheffler G Cameron Young G Patrick Cantlay G Patrick Reed G Si Woo Kim G Corey Conners,,Cameron Smith,G,2.42%,25.5
50,5189073102,Arnman7,0,440.5,G Ludvig Aberg G Collin Morikawa G Chris Gotterup G Robert MacIntyre G Sam Burns G Russell Henley,,Jordan L. Smith,G,2.27%,69
50,5190247832,K2fatbob,0,440.5,G Tommy Fleetwood G Collin Morikawa G Robert MacIntyre G Shane Lowry G Sam Burns G Patrick Cantlay,,Nick Taylor,G,2.25%,55
52,5189622332,TurtleTrot,0,440,G Tommy Fleetwood G Collin Morikawa G Chris Gotterup G Sam Burns G Alex Fitzpatrick G Si Woo Kim,,Johnny Keefer,G,1.77%,49
53,5190191409,swannee2111,0,439.5,G Cameron Young G Tyrrell Hatton G Chris Gotterup G Robert MacIntyre G Sam Burns G Russell Henley,,Kristoffer Reitan,G,1.69%,64.5
54,5190821593,Wonderman,0,439,G Tommy Fleetwood G Matt Fitzpatrick G Cameron Young G Kurt Kitayama G Max Homa G Ryan Fox,,Keita Nakajima,G,1.58%,21.5
54,5191002857,adavenport09,0,439,G Tommy Fleetwood G Cameron Young G Chris Gotterup G Russell Henley G Alex Fitzpatrick G Hideki Matsuyama,,Michael Thorbjornsen,G,1.58%,52.5
56,5190696730,botmager,0,438,G Tommy Fleetwood G Cameron Young G Collin Morikawa G Robert MacIntyre G Justin Thomas G Aldrich Potgieter,,Gary Woodland,G,1.56%,21.5
57,5189044858,Muttface,0,436.5,G Xander Schauffele G Jon Rahm G Collin Morikawa G Sam Burns G Hideki Matsuyama G Si Woo Kim,,Keith Mitchell,G,1.55%,23
57,5190453633,MendyFox,0,436.5,G Tommy Fleetwood G Collin Morikawa G Chris Gotterup G Sam Burns G Justin Thomas G Patrick Cantlay,,Max Homa,G,1.53%,63
59,5190502379,BeckyLeeLaw,0,436,G Cameron Young G Collin Morikawa G Chris Gotterup G Wyndham Clark G Sam Burns G Russell Henley,,Jackson Suber,G,1.35%,70.5
60,5189534627,Bruzin,0,435.5,G Rory McIlroy G Cameron Young G Hideki Matsuyama G Nicolai Hojgaard G Kristoffer Reitan G Ryan Fox,,Alex Noren,G,1.32%,59
61,5189569009,Biggunmiller,0,435,G Scottie Scheffler G Cameron Young G Collin Morikawa G Si Woo Kim G Adam Scott G Matthew McCarty,,Sam Stevens,G,1.23%,22
62,5190529752,Bonniegal,0,434.5,G Tommy Fleetwood G Matt Fitzpatrick G Collin Morikawa G Russell Henley G Corey Conners G Ryan Fox,,Stewart Cink,G,1.21%,21.5
63,5189018430,Amelin,0,434,G Xander Schauffele G Cameron Young G Chris Gotterup G Robert MacIntyre G Russell Henley G Hideki Matsuyama,,Francesco Molinari,G,1.12%,56.5
63,5190500011,M3anD3an,0,434,G Ludvig Aberg G Cameron Young G Chris Gotterup G Robert MacIntyre G Sam Burns G Alex Fitzpatrick,,Eugenio Lopez-Chacarra,G,1.09%,57
63,5190837047,mrcash4657,0,434,G Tommy Fleetwood G Jon Rahm G Shane Lowry G Sam Burns G Si Woo Kim G Ben Griffin,,Rasmus Hojgaard,G,1.02%,21
66,5190756494,thekaiser51,0,433.5,G Rory McIlroy G Jon Rahm G Cameron Young G J.J. Spaun G Max Homa G Rasmus Neergaard-Petersen,,Tom McKibbin,G,0.84%,22
67,5189534615,AJKELLY270,0,433,G Tommy Fleetwood G Cameron Young G Chris Gotterup G Alex Fitzpatrick G Patrick Reed G Si Woo Kim,,Nicolas Echavarria,G,0.83%,44.5
67,5190507392,lnclnchris,0,433,G Tommy Fleetwood G Collin Morikawa G Robert MacIntyre G Shane Lowry G Russell Henley G Hideki Matsuyama,,Sepp Straka,G,0.79%,48.5
69,5188906311,jimmymcnulty,0,432.5,G Tommy Fleetwood G Collin Morikawa G Chris Gotterup G Sam Burns G Alex Fitzpatrick G Hideki Matsuyama,,Matt Wallace,G,0.79%,60.5
69,5190352177,jsh1122,0,432.5,G Ludvig Aberg G Cameron Young G Collin Morikawa G Viktor Hovland G Sam Burns G Si Woo Kim,,J.T. Poston,G,0.79%,25
71,5189168085,ryrom11,0,432,G Xander Schauffele G Cameron Young G Chris Gotterup G Robert MacIntyre G Russell Henley G Ryan Gerard,,Keegan Bradley,G,0.77%,46.5
71,5190305343,hutchings07,0,432,G Scottie Scheffler G Cameron Young G Collin Morikawa G Patrick Cantlay G Ryan Gerard G Laurie Canter,,Jake Knapp,G,0.76%,19
71,5190857094,mgp1060,0,432,G Tommy Fleetwood G Cameron Young G Chris Gotterup G Russell Henley G Brooks Koepka G Keegan Bradley,,Matthew Jordan,G,0.76%,20
74,5189547220,biglor93,0,431.5,G Rory McIlroy G Chris Gotterup G Robert MacIntyre G Sam Burns G Russell Henley G Jordan L. Smith,,Alex Smalley,G,0.74%,58.5
75,5189408835,spinelsa777,0,431,G Rory McIlroy G Cameron Young G Robert MacIntyre G Shane Lowry G Si Woo Kim G Thomas Detry,,Hao-Tong Li,G,0.72%,22
75,5189453412,Buzz_Lightyear,0,431,G Ludvig Aberg G Cameron Young G Wyndham Clark G Robert MacIntyre G Sam Burns G Russell Henley,,John Parry,G,0.70%,65.5
75,5189642885,ehondaz,0,431,G Ludvig Aberg G Cameron Young G Wyndham Clark G Robert MacIntyre G Sam Burns G Russell Henley,,Darren Clarke,G,0.54%,19
78,5189726964,Patrick551,0,430.5,G Ludvig Aberg G Cameron Young G Collin Morikawa G Robert MacIntyre G Shane Lowry G Patrick Reed,,Jesper Svensson,G,0.53%,47.5
78,5190561386,mikeuf88,0,430.5,G Rory McIlroy G Tommy Fleetwood G Robert MacIntyre G Patrick Reed G Ryan Gerard G Rasmus Neergaard-Petersen,,Marco Penge,G,0.51%,70.5
78,5190918223,provm1,0,430.5,G Cameron Young G Collin Morikawa G Chris Gotterup G Wyndham Clark G Sam Burns G Hideki Matsuyama,,Sungjae Im,G,0.49%,67
81,5190440888,Raizit,0,430,G Scottie Scheffler G Cameron Young G Chris Gotterup G Si Woo Kim G Sahith Theegala G Ryo Hisatsune,,Jason Day,G,0.49%,20
81,5190875686,TAMUSA,0,430,G Ludvig Aberg G Cameron Young G Collin Morikawa G Chris Gotterup G Brooks Koepka G Max Homa,,David Puig,G,0.47%,13.5
83,5190815549,JamesChrond,0,429.5,G Rory McIlroy G Matt Fitzpatrick G Cameron Young G Ryan Gerard G Ryan Fox G Victor Perez,,Rasmus Neergaard-Petersen,G,0.46%,85.5
84,5189456861,bhuguga3,0,429,G Xander Schauffele G Cameron Young G Collin Morikawa G Chris Gotterup G Si Woo Kim G Min Woo Lee,,Bernd Wiesberger,G,0.44%,23.5
85,5188808102,ttollette15,0,428.5,G Tommy Fleetwood G Jon Rahm G Bryson DeChambeau G Robert MacIntyre G Si Woo Kim G Rickie Fowler,,Padraig Harrington,G,0.42%,22
85,5189043706,tbgolfer13,0,428.5,G Xander Schauffele G Jon Rahm G Collin Morikawa G Sam Burns G Patrick Reed G Si Woo Kim,,Bud Cauley,G,0.40%,62
85,5189223094,OCSerpents,0,428.5,G Tommy Fleetwood G Matt Fitzpatrick G Xander Schauffele G Si Woo Kim G Ryan Fox G Victor Perez,,Eric Cole,G,0.40%,62.5
85,5189676918,delka36,0,428.5,G Scottie Scheffler G Wyndham Clark G Sam Burns G Russell Henley G Si Woo Kim G Jackson Suber,,Lucas Herbert,G,0.37%,81
85,5190544360,NoBradyNoProblem,0,428.5,G Matt Fitzpatrick G Cameron Young G Chris Gotterup G Sam Burns G Russell Henley G Si Woo Kim,,Harry Hall,G,0.37%,34
85,5190720867,dkwilson1997,0,428.5,G Jon Rahm G Ludvig Aberg G Chris Gotterup G Sam Burns G Russell Henley G Patrick Reed,,Aldrich Potgieter,G,0.37%,60
91,5188866131,rotojohn,0,428,G Tommy Fleetwood G Cameron Young G Chris Gotterup G Robert MacIntyre G Patrick Reed G Min Woo Lee,,Daniel Berger,G,0.37%,16.5
92,5189405507,gogo63,0,427.5,G Xander Schauffele G Cameron Young G Tyrrell Hatton G Sam Burns G Brooks Koepka G Hideki Matsuyama,,Henrik Stenson,G,0.35%,27.5
92,5191017151,flair60,0,427.5,G Scottie Scheffler G Chris Gotterup G Russell Henley G Patrick Reed G Si Woo Kim G Ryan Gerard,,Caleb Surratt,G,0.35%,23.5
94,5189712835,Jester959,0,427,G Tommy Fleetwood G Cameron Young G Viktor Hovland G Sam Burns G Justin Thomas G Hideki Matsuyama,,Michael Kim,G,0.33%,23.5
94,5190003198,Southside085,0,427,G Tommy Fleetwood G Cameron Young G Viktor Hovland G Sam Burns G Justin Thomas G Hideki Matsuyama,,Casey Jarvis,G,0.33%,80
96,5188866802,crossbar501,0,426.5,G Jon Rahm G Ludvig Aberg G Chris Gotterup G Sam Burns G Russell Henley G Patrick Cantlay,,Thomas Detry,G,0.32%,63
96,5189193392,mikesr01,0,426.5,G Rory McIlroy G Jon Rahm G Ludvig Aberg G Kurt Kitayama G Ryan Fox G Sahith Theegala,,Hennie Du Plessis,G,0.30%,61
96,5189931208,marvin.the.great,0,426.5,G Rory McIlroy G Cameron Young G Russell Henley G Alex Fitzpatrick G Hideki Matsuyama G Si Woo Kim,,Matthew McCarty,G,0.30%,29.5
99,5189006476,smokers,0,426,G Cameron Young G Collin Morikawa G Chris Gotterup G Viktor Hovland G Sam Burns G Russell Henley,,Laurie Canter,G,0.30%,55.5
99,5189970029,joeyjoeyb,0,426,G Scottie Scheffler G Justin Rose G Shane Lowry G Si Woo Kim G Rickie Fowler G Ryan Fox,,Peter Uihlein,G,0.28%,55.5
99,5190377141,HAPPYPILLS,0,426,G Xander Schauffele G Collin Morikawa G Chris Gotterup G Shane Lowry G Sam Burns G Kristoffer Reitan,,Matthew Southgate,G,0.26%,60
99,5190648751,Lenny1955,0,426,G Cameron Young G Collin Morikawa G Chris Gotterup G Viktor Hovland G Sam Burns G Russell Henley,,Andrew Novak,G,0.25%,26
99,5190733887,Timpegoose,0,426,G Rory McIlroy G Matt Fitzpatrick G Sam Burns G Patrick Cantlay G Si Woo Kim G Ryan Fox,,Andy Sullivan,G,0.23%,44.5
104,5190337834,ckat1985,0,425.5,G Tommy Fleetwood G Tyrrell Hatton G Chris Gotterup G Robert MacIntyre G Sam Burns G Jordan L. Smith,,Joe Dean,G,0.21%,23.5
104,5190519793,P.Dallas,0,425.5,G Scottie Scheffler G Tommy Fleetwood G Hideki Matsuyama G Rickie Fowler G Max Homa G Sahith Theegala,,Max Greyserman,G,0.21%,27
106,5189422232,princefnunez,0,425,G Rory McIlroy G Cameron Young G Robert MacIntyre G Shane Lowry G Si Woo Kim G Sahith Theegala,,Matthew Baldwin,G,0.21%,17
106,5189461858,kmack22,0,425,G Rory McIlroy G Cameron Young G Viktor Hovland G Brooks Koepka G Hideki Matsuyama G Ryan Fox,,Billy Horschel,G,0.19%,22
106,5189493164,mlbsyndicate,0,425,G Tommy Fleetwood G Jon Rahm G Robert MacIntyre G Shane Lowry G Hideki Matsuyama G Si Woo Kim,,Shaun Norris,G,0.19%,50
106,5189585389,mfarw1,0,425,G Xander Schauffele G Jon Rahm G Robert MacIntyre G Sam Burns G Russell Henley G Hideki Matsuyama,,David Duval,G,0.19%,13
106,5189670125,Racin44P,0,425,G Jon Rahm G Cameron Young G Bryson DeChambeau G Wyndham Clark G Sam Burns G Hideki Matsuyama,,Scott Vincent,G,0.19%,18.5
106,5190309306,FlyWilly,0,425,G Rory McIlroy G Collin Morikawa G Robert MacIntyre G Russell Henley G Hideki Matsuyama G Casey Jarvis,,Tim Wiedemeyer,G,0.18%,15
112,5188825850,ClutchPlay24,0,424.5,G Tommy Fleetwood G Ludvig Aberg G Robert MacIntyre G Sam Burns G Patrick Reed G Ben Griffin,,Antoine Rozner,G,0.18%,25
112,5188860989,slmckayLN,0,424.5,G Matt Fitzpatrick G Cameron Young G Collin Morikawa G Robert MacIntyre G Sam Burns G Adam Scott,,Sam Bairstow,G,0.18%,17.5
112,5190616240,Hilvon,0,424.5,G Scottie Scheffler G Cameron Young G Russell Henley G Si Woo Kim G Harris English G Ryan Gerard,,Michael Brennan,G,0.16%,53.5
112,5190935206,Davey53,0,424.5,G Tommy Fleetwood G Tyrrell Hatton G Robert MacIntyre G Shane Lowry G Sam Burns G Hideki Matsuyama,,Angel Ayora Fanegas,G,0.16%,29
116,5189095933,TRICKPLAY,0,424,G Rory McIlroy G Collin Morikawa G Wyndham Clark G Robert MacIntyre G Adam Scott G Ryan Fox,,Jayden Trey Schaper,G,0.11%,26.5
116,5189222274,choman9477,0,424,G Jon Rahm G Cameron Young G Wyndham Clark G Robert MacIntyre G Sam Burns G Si Woo Kim,,Dan Bradbury,G,0.11%,19
118,5189777217,darragh8,0,423.5,G Scottie Scheffler G Tommy Fleetwood G Si Woo Kim G J.J. Spaun G Matt Wallace G Sahith Theegala,,Daniel Hillier,G,0.09%,27
118,5190296108,hcnpower,0,423.5,G Matt Fitzpatrick G Cameron Young G Bryson DeChambeau G Sam Burns G Russell Henley G Corey Conners,,Pierceson Coody,G,0.09%,65
118,5190562380,packerssuck,0,423.5,G Cameron Young G Chris Gotterup G Bryson DeChambeau G Wyndham Clark G Robert MacIntyre G Sam Burns,,Martin Couvra,G,0.09%,19.5
118,5190588503,pasmith7887,0,423.5,G Scottie Scheffler G Tommy Fleetwood G Shane Lowry G Patrick Reed G Jackson Suber G Francesco Molinari,,Alistair Docherty,G,0.09%,16.5
122,5190479936,PRTIGER,0,422.5,G Jon Rahm G Collin Morikawa G Bryson DeChambeau G Shane Lowry G Sam Burns G Justin Thomas,,James Nicholas,G,0.07%,4
122,5190611957,laxgk4,0,422.5,G Jon Rahm G Ludvig Aberg G Cameron Young G Shane Lowry G Patrick Cantlay G Corey Conners,,Sami Valimaki,G,0.07%,25.5
122,5190666892,MEGAPURR,0,422.5,G Scottie Scheffler G Tommy Fleetwood G Kurt Kitayama G Jacob Bridgeman G Ryan Fox G Gary Woodland,,Marcus Plunkett,G,0.05%,45
122,5191035422,millionsinlife,0,422.5,G Scottie Scheffler G Russell Henley G Si Woo Kim G Min Woo Lee G Adam Scott G Alex Noren,,Josele Ballester,G,0.05%,61.5
126,5189053502,zo595,0,422,G Scottie Scheffler G Shane Lowry G Sam Burns G Russell Henley G Ben Griffin G Kurt Kitayama,,Kota Kaneko,G,0.05%,14
126,5189088316,TeamZuni,0,422,G Scottie Scheffler G Tommy Fleetwood G Si Woo Kim G Eugenio Lopez-Chacarra G Jacob Bridgeman G Sahith Theegala,,Austen Truslow,G,0.05%,10
126,5189759382,mshrum1905,0,422,G Ludvig Aberg G Cameron Young G Collin Morikawa G Chris Gotterup G Robert MacIntyre G Ryo Hisatsune,,Francesco Laporta,G,0.05%,18
126,5190927310,allister624,0,422,G Scottie Scheffler G Collin Morikawa G Chris Gotterup G Sam Burns G Francesco Molinari G Michael Thorbjornsen,,Louis Oosthuizen,G,0.04%,0
126,5191031372,A1HoosierSales,0,422,G Cameron Young G Tyrrell Hatton G Collin Morikawa G Chris Gotterup G Robert MacIntyre G Si Woo Kim,,Michael Hollick,G,0.04%,17
126,5191031556,hambone703,0,422,G Tommy Fleetwood G Matt Fitzpatrick G Sam Burns G Russell Henley G Rickie Fowler G Adam Scott,,Daniel Brown,G,0.04%,77.5
126,5191032529,roostahroo,0,422,G Cameron Young G Tyrrell Hatton G Collin Morikawa G Chris Gotterup G Robert MacIntyre G Si Woo Kim,,Baard Bjoernevik Skogen,G,0.04%,22
133,5189958885,seminolefs,0,421.5,G Scottie Scheffler G Tommy Fleetwood G J.J. Spaun G Rickie Fowler G Adam Scott G Keegan Bradley,,Stuart Grehan,G,0.04%,21
133,5190665143,willy1wilson,0,421.5,G Tommy Fleetwood G Tyrrell Hatton G Chris Gotterup G Russell Henley G Hideki Matsuyama G Si Woo Kim,,Ren Yonezawa,G,0.04%,7
133,5190780827,joeywert,0,421.5,G Rory McIlroy G Cameron Young G Wyndham Clark G Sam Burns G Si Woo Kim G Sahith Theegala,,MJ Daffue,G,0.02%,60
133,5190809325,MannyManHugs,0,421.5,G Scottie Scheffler G Cameron Young G Alex Fitzpatrick G Patrick Reed G Si Woo Kim G Jacob Bridgeman,,Frederic Lacroix,G,0.02%,21.5
133,5190944956,Brandolito,0,421.5,G Justin Rose G Cameron Young G Collin Morikawa G Chris Gotterup G Sam Burns G Hideki Matsuyama,,Nevill Ruiter,G,0.02%,25.5
138,5189640558,sumdikhed,0,421,G Rory McIlroy G Tyrrell Hatton G Robert MacIntyre G Shane Lowry G Hideki Matsuyama G Ryan Fox,,Ryutaro Nagano,G,0.02%,19.5
138,5190609037,wlawnservice,0,421,G Matt Fitzpatrick G Cameron Young G Chris Gotterup G Sam Burns G Russell Henley G Hideki Matsuyama,,Alejandro De Castro Piera,G,0.02%,17
138,5190697982,rickroyer24,0,421,G Scottie Scheffler G Tyrrell Hatton G Sam Burns G Si Woo Kim G Eugenio Lopez-Chacarra G Victor Perez,,Cameron John,G,0.02%,61
141,5190688608,mprubyz,0,420.5,G Jon Rahm G Cameron Young G Bryson DeChambeau G Robert MacIntyre G Shane Lowry G Patrick Reed,,Joakim Lagergren,G,0.02%,22
141,5190720673,rfd641,0,420.5,G Tommy Fleetwood G Matt Fitzpatrick G Cameron Young G Patrick Cantlay G Si Woo Kim G Adam Scott,,David Howard,G,0.02%,24
141,5190861315,deftpunk,0,420.5,G Tommy Fleetwood G Jon Rahm G Robert MacIntyre G Shane Lowry G Sam Burns G Johnny Keefer,,,
144,5188942234,Harringtonr3,0,419.5,G Tommy Fleetwood G Ludvig Aberg G Robert MacIntyre G Sam Burns G Alex Fitzpatrick G Patrick Reed,,,
144,5189119963,Hertbags,0,419.5,G Ludvig Aberg G Cameron Young G Chris Gotterup G Viktor Hovland G Sam Burns G Hideki Matsuyama,,,
144,5189653592,oravets66,0,419.5,G Scottie Scheffler G Cameron Young G Alex Fitzpatrick G Patrick Cantlay G Si Woo Kim G Jacob Bridgeman,,,
144,5189718595,LouisvilleAngel,0,419.5,G Rory McIlroy G Tommy Fleetwood G Patrick Reed G Hideki Matsuyama G Si Woo Kim G Kurt Kitayama,,,
144,5189902026,LilLeoGiesige,0,419.5,G Xander Schauffele G Cameron Young G Collin Morikawa G Shane Lowry G Brooks Koepka G Patrick Reed,,,
144,5190081369,mario8687,0,419.5,G Scottie Scheffler G Cameron Young G Hideki Matsuyama G Si Woo Kim G Nicolai Hojgaard G Rickie Fowler,,,
144,5190307907,19murphy82,0,419.5,G Scottie Scheffler G Cameron Young G Russell Henley G Si Woo Kim G Harris English G Jacob Bridgeman,,,
151,5189445360,burrito9521,0,419,G Scottie Scheffler G Cameron Young G Russell Henley G Si Woo Kim G Maverick McNealy G Ryan Gerard,,,
151,5189456889,Nadesify,0,419,G Rory McIlroy G Jon Rahm G Sam Burns G Russell Henley G Hideki Matsuyama G Nick Taylor,,,
151,5189707024,steelergeorge,0,419,G Tommy Fleetwood G Jon Rahm G Chris Gotterup G Shane Lowry G Si Woo Kim G Kurt Kitayama,,,
151,5190023070,Kowboy,0,419,G Scottie Scheffler G Bryson DeChambeau G Sam Burns G Alex Fitzpatrick G Adam Scott G Ryo Hisatsune,,,
151,5190430474,kooks13,0,419,G Scottie Scheffler G Cameron Young G Russell Henley G Si Woo Kim G Maverick McNealy G Ryan Gerard,,,
151,5190628959,Birdman011,0,419,G Tommy Fleetwood G Matt Fitzpatrick G Cameron Young G Hideki Matsuyama G Si Woo Kim G Rickie Fowler,,,
151,5190779234,AwesomemusPrime,0,419,G Scottie Scheffler G Cameron Young G Russell Henley G Si Woo Kim G Maverick McNealy G Ryan Gerard,,,
151,5190827028,Zatorla1,0,419,G Tommy Fleetwood G Tyrrell Hatton G Collin Morikawa G Russell Henley G Patrick Reed G Si Woo Kim,,,
151,5190874880,Wrister99,0,419,G Tommy Fleetwood G Jon Rahm G Collin Morikawa G Sam Burns G Cameron Smith G Adam Scott,,,
151,5191037356,ChezLife,0,419,G Xander Schauffele G Ludvig Aberg G Bryson DeChambeau G Robert MacIntyre G Sam Burns G Sahith Theegala,,,
161,5189525523,tt1127,0,418.5,G Tommy Fleetwood G Ludvig Aberg G Collin Morikawa G Patrick Reed G Si Woo Kim G Ben Griffin,,,
161,5190821003,Kurtjoneswvkurtjone,0,418.5,G Scottie Scheffler G Ludvig Aberg G Cameron Young G Rasmus Neergaard-Petersen G Michael Kim G Aldrich Potgieter,,,
163,5189596143,Trotter_331,0,417.5,G Scottie Scheffler G Cameron Young G Russell Henley G Patrick Cantlay G Ben Griffin G Sahith Theegala,,,
163,5189965385,rcat34,0,417.5,G Tommy Fleetwood G Ludvig Aberg G Chris Gotterup G Shane Lowry G Si Woo Kim G Sepp Straka,,,
163,5190435161,stingerz22,0,417.5,G Rory McIlroy G Chris Gotterup G Bryson DeChambeau G Sam Burns G Patrick Cantlay G Jacob Bridgeman,,,
163,5190701887,sstreuli,0,417.5,G Rory McIlroy G Cameron Young G Tyrrell Hatton G Collin Morikawa G John Parry G Jackson Suber,,,
167,5190088427,redhen,0,417,G Scottie Scheffler G Cameron Young G Alex Fitzpatrick G Patrick Cantlay G Hideki Matsuyama G Ryan Gerard,,,
167,5190651179,define7,0,417,G Tommy Fleetwood G Jon Rahm G Collin Morikawa G Shane Lowry G Patrick Reed G Sungjae Im,,,
169,5188880813,RdRdrDC,0,416.5,G Rory McIlroy G Collin Morikawa G Chris Gotterup G Wyndham Clark G Ryan Gerard G Ryan Fox,,,
169,5189313178,Bootsie63,0,416.5,G Jon Rahm G Ludvig Aberg G Cameron Young G Shane Lowry G Patrick Cantlay G Patrick Reed,,,
169,5189459228,Schrammrb24,0,416.5,G Ludvig Aberg G Cameron Young G Collin Morikawa G Shane Lowry G Sam Burns G Jordan Spieth,,,
169,5190671768,VINCESFANTASY,0,416.5,G Scottie Scheffler G Cameron Young G Russell Henley G Si Woo Kim G Harris English G Alex Noren,,,
169,5190870830,wjetter,0,416.5,G Tommy Fleetwood G Cameron Young G Chris Gotterup G Shane Lowry G Si Woo Kim G Tom Kim,,,
174,5189939889,gradyad,0,416,G Rory McIlroy G Justin Rose G Robert MacIntyre G Sam Burns G J.J. Spaun G Ryan Fox,,,
175,5189874402,SenorJerky,0,415.5,G Tommy Fleetwood G Collin Morikawa G Robert MacIntyre G Russell Henley G Brooks Koepka G Justin Thomas,,,
175,5190442691,no_bueno805,0,415.5,G Tyrrell Hatton G Collin Morikawa G Chris Gotterup G Robert MacIntyre G Sam Burns G Russell Henley,,,
175,5190856348,blairmoore14,0,415.5,G Tyrrell Hatton G Collin Morikawa G Chris Gotterup G Robert MacIntyre G Sam Burns G Russell Henley,,,
175,5190993678,justwinbaby00,0,415.5,G Scottie Scheffler G Bryson DeChambeau G Viktor Hovland G Patrick Reed G Ryan Fox G Victor Perez,,,
175,5190997332,kris4vols,0,415.5,G Tommy Fleetwood G Matt Fitzpatrick G Xander Schauffele G Russell Henley G Ryan Fox G Francesco Molinari,,,
180,5190459255,jalarie21,0,415,G Rory McIlroy G Tommy Fleetwood G Chris Gotterup G Rickie Fowler G Ryan Fox G Daniel Berger,,,
180,5190747892,craigp85,0,415,G Tommy Fleetwood G Tyrrell Hatton G Collin Morikawa G Chris Gotterup G Si Woo Kim G Kristoffer Reitan,,,
180,5190979275,dparent3,0,415,G Scottie Scheffler G Ludvig Aberg G Bryson DeChambeau G Corey Conners G Rickie Fowler G Francesco Molinari,,,
180,5190979939,jeff.friis,0,415,G Tommy Fleetwood G Cameron Young G Tyrrell Hatton G Shane Lowry G Patrick Reed G Eugenio Lopez-Chacarra,,,
184,5188875713,Rock333,0,414.5,G Ludvig Aberg G Justin Rose G Cameron Young G Chris Gotterup G Si Woo Kim G Adam Scott,,,
184,5190350201,jruss5585,0,414.5,G Tommy Fleetwood G Xander Schauffele G Russell Henley G Justin Thomas G Patrick Reed G Hideki Matsuyama,,,
184,5190705508,macgator14,0,414.5,G Cameron Young G Tyrrell Hatton G Collin Morikawa G Chris Gotterup G Robert MacIntyre G Hideki Matsuyama,,,
184,5190872478,DannyBecker,0,414.5,G Jon Rahm G Cameron Young G Tyrrell Hatton G Bryson DeChambeau G Patrick Reed G Si Woo Kim,,,
184,5190993765,tommyn2,0,414.5,G Tommy Fleetwood G Justin Rose G Collin Morikawa G Sam Burns G Patrick Reed G Si Woo Kim,,,
184,5191010243,dguinn,0,414.5,G Tommy Fleetwood G Justin Rose G Collin Morikawa G Sam Burns G Patrick Reed G Si Woo Kim,,,
190,5188857938,SDOD1,0,414,G Scottie Scheffler G Collin Morikawa G Robert MacIntyre G Hideki Matsuyama G Si Woo Kim G Ryo Hisatsune,,,
190,5189077935,BMarc19,0,414,G Tommy Fleetwood G Jon Rahm G Cameron Young G Alex Fitzpatrick G Patrick Reed G Jacob Bridgeman,,,
190,5189580810,terryf20,0,414,G Scottie Scheffler G Cameron Young G Russell Henley G Si Woo Kim G Maverick McNealy G Jacob Bridgeman,,,
190,5190201563,ronserr,0,414,G Tommy Fleetwood G Matt Fitzpatrick G Sam Burns G Russell Henley G Patrick Reed G Si Woo Kim,,,
190,5190378272,Frostykeg,0,414,G Rory McIlroy G Jon Rahm G Cameron Young G Min Woo Lee G Jordan L. Smith G Victor Perez,,,
190,5190566300,rickp1223,0,414,G Tommy Fleetwood G Matt Fitzpatrick G Sam Burns G Russell Henley G Patrick Reed G Si Woo Kim,,,
190,5190874916,Trckrdd,0,414,G Tommy Fleetwood G Matt Fitzpatrick G Cameron Young G Si Woo Kim G Min Woo Lee G Adam Scott,,,
190,5190894712,wvuoblack,0,414,G Cameron Young G Tyrrell Hatton G Chris Gotterup G Bryson DeChambeau G Russell Henley G Justin Thomas,,,
198,5189472718,Skimmy8V320,0,413.5,G Xander Schauffele G Cameron Young G Collin Morikawa G Chris Gotterup G Patrick Reed G Min Woo Lee,,,
198,5189541998,pig2mugee,0,413.5,G Scottie Scheffler G Ludvig Aberg G Sam Burns G Si Woo Kim G Nicolai Hojgaard G Thomas Detry,,,
200,5188811074,shogunasskicker,0,413,G Tommy Fleetwood G Collin Morikawa G Wyndham Clark G Sam Burns G Russell Henley G Min Woo Lee,,,
200,5191040386,jlhulsman,0,413,G Scottie Scheffler G Sam Burns G Justin Thomas G Alex Fitzpatrick G Patrick Reed G Si Woo Kim,,,
202,5190256842,Maury2620,0,412.5,G Scottie Scheffler G Collin Morikawa G Wyndham Clark G Sam Burns G Eric Cole G Jackson Suber,,,
202,5190701356,dingodan39,0,412.5,G Cameron Young G Collin Morikawa G Chris Gotterup G Russell Henley G Justin Thomas G Alex Fitzpatrick,,,
202,5191017772,tiger1344,0,412.5,G Scottie Scheffler G Collin Morikawa G Sam Burns G Si Woo Kim G Tom Kim G Victor Perez,,,
202,5191043407,sooner1_us,0,412.5,G Scottie Scheffler G Chris Gotterup G Brooks Koepka G Patrick Reed G Si Woo Kim G Rickie Fowler,,,
202,5191043995,migtheboss,0,412.5,G Tommy Fleetwood G Chris Gotterup G Wyndham Clark G Robert MacIntyre G Sam Burns G Hideki Matsuyama,,,
207,5189661565,skewis70,0,412,G Jon Rahm G Cameron Young G Collin Morikawa G Chris Gotterup G Patrick Reed G Min Woo Lee,,,
207,5189836551,flipmode03,0,412,G Rory McIlroy G Collin Morikawa G Robert MacIntyre G Russell Henley G Hideki Matsuyama G Corey Conners,,,
207,5190696003,skinpie23,0,412,G Tommy Fleetwood G Matt Fitzpatrick G Sam Burns G Russell Henley G Patrick Cantlay G Si Woo Kim,,,
207,5190721148,respo22,0,412,G Tommy Fleetwood G Matt Fitzpatrick G Sam Burns G Russell Henley G Patrick Cantlay G Si Woo Kim,,,
207,5190781652,cowgirls0287,0,412,G Cameron Young G Tyrrell Hatton G Chris Gotterup G Wyndham Clark G Sam Burns G Si Woo Kim,,,
207,5190836029,jduknowme1,0,412,G Tommy Fleetwood G Matt Fitzpatrick G Sam Burns G Russell Henley G Patrick Cantlay G Si Woo Kim,,,
207,5190941977,J_PuLLee,0,412,G Tommy Fleetwood G Cameron Young G Tyrrell Hatton G Collin Morikawa G Sahith Theegala G Ryo Hisatsune,,,
214,5188820800,rtscarraher,0,411.5,G Rory McIlroy G Tommy Fleetwood G Alex Fitzpatrick G Marco Penge G Kristoffer Reitan G Adam Scott,,,
214,5189252784,UncleJeter,0,411.5,G Rory McIlroy G Jon Rahm G Tyrrell Hatton G Hideki Matsuyama G Ryan Fox G Sahith Theegala,,,
214,5189805777,broncobaetis,0,411.5,G Scottie Scheffler G Tyrrell Hatton G Sam Burns G Patrick Reed G Jason Day G Ryan Fox,,,
214,5189812634,wojo3315,0,411.5,G Rory McIlroy G Chris Gotterup G Bryson DeChambeau G Wyndham Clark G Max Homa G Ryan Fox,,,
214,5190105203,k1963stojan,0,411.5,G Scottie Scheffler G Collin Morikawa G Sam Burns G Si Woo Kim G J.J. Spaun G Nicolai Hojgaard,,,
214,5190632818,robertebert10,0,411.5,G Scottie Scheffler G Ludvig Aberg G Justin Thomas G Patrick Reed G Nicolai Hojgaard G Ryan Fox,,,
214,5190843520,cbodden24,0,411.5,G Scottie Scheffler G Wyndham Clark G Justin Thomas G Patrick Cantlay G Hideki Matsuyama G Ryan Fox,,,
214,5191030384,travismc13,0,411.5,G Tommy Fleetwood G Collin Morikawa G Robert MacIntyre G Russell Henley G Patrick Reed G Michael Thorbjornsen,,,
222,5188905195,weszy,0,411,G Scottie Scheffler G Chris Gotterup G Sam Burns G Corey Conners G Eugenio Lopez-Chacarra G Keegan Bradley,,,
222,5189631754,drpolak,0,411,G Scottie Scheffler G Xander Schauffele G Brooks Koepka G Harris English G Ryan Fox G Sungjae Im,,,
222,5189876704,swilliams3,0,411,G Scottie Scheffler G Cameron Young G Russell Henley G Patrick Cantlay G Si Woo Kim G Keith Mitchell,,,
222,5190178087,Mikey_Deeze,0,411,G Scottie Scheffler G Cameron Young G Justin Thomas G Patrick Cantlay G Ben Griffin G Ryan Gerard,,,
222,5190298795,meitbe2014,0,411,G Tommy Fleetwood G Collin Morikawa G Chris Gotterup G Robert MacIntyre G Alex Fitzpatrick G Si Woo Kim,,,
222,5190650910,cevanish,0,411,G Matt Fitzpatrick G Xander Schauffele G Cameron Young G Sam Burns G Hideki Matsuyama G Victor Perez,,,
222,5190697180,DJDeP1967NJ,0,411,G Scottie Scheffler G Cameron Young G Russell Henley G Si Woo Kim G Maverick McNealy G Alex Noren,,,
222,5190919727,Sp0rtsman92,0,411,G Scottie Scheffler G Cameron Young G Russell Henley G Patrick Cantlay G Si Woo Kim G Keith Mitchell,,,
230,5188854208,BadgerRK,0,410.5,G Scottie Scheffler G Rory McIlroy G Ryan Gerard G Rasmus Neergaard-Petersen G Sahith Theegala G Michael Brennan,,,
230,5188945964,BillyB2121,0,410.5,G Tommy Fleetwood G Tyrrell Hatton G Collin Morikawa G Shane Lowry G Patrick Reed G Si Woo Kim,,,
230,5189504236,PAG60,0,410.5,G Tommy Fleetwood G Matt Fitzpatrick G Chris Gotterup G Robert MacIntyre G J.J. Spaun G Ryan Fox,,,
230,5189678337,Lamkin91,0,410.5,G Scottie Scheffler G Tommy Fleetwood G Corey Conners G Kurt Kitayama G Jesper Svensson G Victor Perez,,,
230,5190124619,HyliaReborn,0,410.5,G Scottie Scheffler G Collin Morikawa G Justin Thomas G Patrick Cantlay G Patrick Reed G Adam Scott,,,
230,5190208433,Hainer68,0,410.5,G Scottie Scheffler G Sam Burns G Russell Henley G Joaquin Niemann G Si Woo Kim G Ryan Gerard,,,
230,5190216109,kage12,0,410.5,G Scottie Scheffler G Cameron Young G Russell Henley G Si Woo Kim G Maverick McNealy G Alex Smalley,,,
230,5190396650,furesshu43,0,410.5,G Matt Fitzpatrick G Cameron Young G Chris Gotterup G Shane Lowry G Sam Burns G Corey Conners,,,
230,5190420479,mllrtime33,0,410.5,G Scottie Scheffler G Cameron Young G Russell Henley G Si Woo Kim G Maverick McNealy G Alex Smalley,,,
230,5190738143,jitz4life777,0,410.5,G Scottie Scheffler G Xander Schauffele G Bryson DeChambeau G Jacob Bridgeman G Ryo Hisatsune G Casey Jarvis,,,
230,5191034596,alienhood,0,410.5,G Rory McIlroy G Collin Morikawa G Bryson DeChambeau G Robert MacIntyre G Kurt Kitayama G Adam Scott,,,
241,5188946025,jrcommish20,0,410,G Rory McIlroy G Tommy Fleetwood G Chris Gotterup G J.J. Spaun G Ryan Gerard G Bud Cauley,,,
241,5189543953,Gibdan27,0,410,G Tommy Fleetwood G Chris Gotterup G Viktor Hovland G Robert MacIntyre G Sam Burns G Si Woo Kim,,,
241,5189693481,Earl7447,0,410,G Tommy Fleetwood G Chris Gotterup G Viktor Hovland G Robert MacIntyre G Sam Burns G Si Woo Kim,,,
241,5190512102,pingdot,0,410,G Rory McIlroy G Xander Schauffele G Russell Henley G Hideki Matsuyama G Si Woo Kim G J.J. Spaun,,,
241,5190872192,Krex408,0,410,G Tommy Fleetwood G Tyrrell Hatton G Robert MacIntyre G Sam Burns G Brooks Koepka G Patrick Reed,,,
246,5188936615,Daddydog14,0,409.5,G Rory McIlroy G Shane Lowry G Sam Burns G Russell Henley G Alex Fitzpatrick G Corey Conners,,,
246,5189081435,Dragons32,0,409.5,G Rory McIlroy G Collin Morikawa G Russell Henley G Patrick Cantlay G Patrick Reed G Si Woo Kim,,,
246,5189330880,gheny34,0,409.5,G Tyrrell Hatton G Collin Morikawa G Robert MacIntyre G Sam Burns G Russell Henley G Patrick Reed,,,
246,5190133908,Puttputtking5,0,409.5,G Xander Schauffele G Ludvig Aberg G Chris Gotterup G Bryson DeChambeau G Patrick Cantlay G Si Woo Kim,,,
246,5190224037,muskyjack,0,409.5,G Justin Rose G Cameron Young G Collin Morikawa G Shane Lowry G Sam Burns G Justin Thomas,,,
251,5188951055,exit154,0,409,G Xander Schauffele G Jon Rahm G Cameron Young G Russell Henley G Alex Fitzpatrick G Victor Perez,,,
251,5189104666,LateNite,0,409,G Rory McIlroy G Chris Gotterup G Robert MacIntyre G Sam Burns G Patrick Reed G J.J. Spaun,,,
251,5189534778,gcmusketeer,0,409,G Jon Rahm G Cameron Young G Collin Morikawa G Robert MacIntyre G Sam Burns G Tom Kim,,,
251,5189640134,oilver22,0,409,G Scottie Scheffler G Cameron Young G Russell Henley G Si Woo Kim G Maverick McNealy G Sahith Theegala,,,
251,5190082743,MoneyLine1234,0,409,G Tyrrell Hatton G Chris Gotterup G Robert MacIntyre G Shane Lowry G Sam Burns G Russell Henley,,,
251,5190108926,bkayjac,0,409,G Tommy Fleetwood G Collin Morikawa G Robert MacIntyre G Sam Burns G Russell Henley G Joaquin Niemann,,,
251,5190226780,Wmgarvin09,0,409,G Tommy Fleetwood G Collin Morikawa G Robert MacIntyre G Sam Burns G Russell Henley G Joaquin Niemann,,,
251,5190263753,maxangst,0,409,G Tommy Fleetwood G Matt Fitzpatrick G Collin Morikawa G Chris Gotterup G Ryan Fox G Johnny Keefer,,,
251,5190382520,philjay82,0,409,G Scottie Scheffler G Cameron Young G Russell Henley G Si Woo Kim G Maverick McNealy G Sahith Theegala,,,
251,5190583231,kingswish34,0,409,G Scottie Scheffler G Ludvig Aberg G Chris Gotterup G Kristoffer Reitan G Alex Noren G John Parry,,,
251,5190800438,TatumRose,0,409,G Tommy Fleetwood G Collin Morikawa G Robert MacIntyre G Sam Burns G Russell Henley G Joaquin Niemann,,,
251,5190807129,twinks113,0,409,G Matt Fitzpatrick G Cameron Young G Shane Lowry G Sam Burns G Russell Henley G Justin Thomas,,,
251,5190966285,enjoystick,0,409,G Tommy Fleetwood G Ludvig Aberg G Robert MacIntyre G Shane Lowry G Alex Fitzpatrick G Si Woo Kim,,,
264,5189587849,mkeyes001,0,408.5,G Tommy Fleetwood G Cameron Young G Viktor Hovland G Robert MacIntyre G Patrick Reed G Si Woo Kim,,,
264,5190224909,Tylercohen07,0,408.5,G Scottie Scheffler G Jon Rahm G Russell Henley G J.J. Spaun G Adam Scott G Ryo Hisatsune,,,
264,5190603483,Hoff21,0,408.5,G Scottie Scheffler G Cameron Young G Sam Burns G Min Woo Lee G Akshay Bhatia G Victor Perez,,,
267,5189683413,Bsfan888,0,408,G Rory McIlroy G Chris Gotterup G Robert MacIntyre G Russell Henley G Patrick Reed G Si Woo Kim,,,
267,5190046434,bertalot17,0,408,G Tommy Fleetwood G Collin Morikawa G Wyndham Clark G Robert MacIntyre G Russell Henley G Si Woo Kim,,,
267,5190516157,thegaurd1,0,408,G Ludvig Aberg G Cameron Young G Chris Gotterup G Wyndham Clark G Robert MacIntyre G Si Woo Kim,,,
267,5190733463,FakeNickG,0,408,G Scottie Scheffler G Collin Morikawa G Chris Gotterup G Brooks Koepka G Bud Cauley G John Parry,,,
267,5190781852,colonel1,0,408,G Tommy Fleetwood G Tyrrell Hatton G Robert MacIntyre G Shane Lowry G Sam Burns G Min Woo Lee,,,
267,5190842494,miamitim68,0,408,G Jon Rahm G Ludvig Aberg G Collin Morikawa G Bryson DeChambeau G Patrick Reed G Hideki Matsuyama,,,
273,5189427894,JohnZaps,0,407.5,G Scottie Scheffler G Chris Gotterup G Russell Henley G Patrick Cantlay G Patrick Reed G Kristoffer Reitan,,,
273,5190794798,chadfu23,0,407.5,G Tommy Fleetwood G Collin Morikawa G Chris Gotterup G Sam Burns G Joaquin Niemann G Hideki Matsuyama,,,
273,5190907719,kenny.krueger,0,407.5,G Xander Schauffele G Cameron Young G Tyrrell Hatton G Collin Morikawa G Patrick Reed G Ryan Gerard,,,
276,5188858111,jsulli2121,0,407,G Tyrrell Hatton G Collin Morikawa G Chris Gotterup G Robert MacIntyre G Shane Lowry G Sam Burns,,,
276,5188931006,Werhane11,0,407,G Scottie Scheffler G Xander Schauffele G Russell Henley G Patrick Reed G Matt Wallace G John Parry,,,
276,5189493382,rdbyank456,0,407,G Rory McIlroy G Matt Fitzpatrick G Robert MacIntyre G Hideki Matsuyama G Si Woo Kim G Ryan Fox,,,
276,5189981318,Lord007,0,407,G Tommy Fleetwood G Tyrrell Hatton G Robert MacIntyre G Shane Lowry G Russell Henley G Hideki Matsuyama,,,
276,5190173803,coppesni,0,407,G Rory McIlroy G Collin Morikawa G Chris Gotterup G Russell Henley G J.J. Spaun G Rickie Fowler,,,
276,5190382538,fun4randy,0,407,G Scottie Scheffler G Robert MacIntyre G Justin Thomas G Patrick Reed G Si Woo Kim G Corey Conners,,,
276,5190439913,andyznutz,0,407,G Tommy Fleetwood G Matt Fitzpatrick G Wyndham Clark G Sam Burns G Patrick Reed G Ryan Fox,,,
276,5190468041,WhynotPedro,0,407,G Tommy Fleetwood G Tyrrell Hatton G Robert MacIntyre G Shane Lowry G Russell Henley G Hideki Matsuyama,,,
276,5190534782,marksgelfand,0,407,G Scottie Scheffler G Cameron Young G Patrick Reed G Hideki Matsuyama G Si Woo Kim G Tom Kim,,,
276,5190558346,mckiss,0,407,G Scottie Scheffler G Cameron Young G Patrick Reed G Hideki Matsuyama G Si Woo Kim G Tom Kim,,,
276,5190703417,bmitch33,0,407,G Matt Fitzpatrick G Cameron Young G Collin Morikawa G Russell Henley G Adam Scott G Max Homa,,,
276,5190722419,DEEZ.NU.TEES,0,407,G Scottie Scheffler G Cameron Young G Chris Gotterup G Si Woo Kim G Jacob Bridgeman G Bernd Wiesberger,,,
276,5190919954,TedBurget76101,0,407,G Tommy Fleetwood G Tyrrell Hatton G Robert MacIntyre G Shane Lowry G Russell Henley G Hideki Matsuyama,,,
276,5191030358,Bridgeh201,0,407,G Tommy Fleetwood G Tyrrell Hatton G Robert MacIntyre G Shane Lowry G Russell Henley G Hideki Matsuyama,,,
276,5191044299,jakeupjohnson,0,407,G Scottie Scheffler G Cameron Young G Patrick Reed G Hideki Matsuyama G Si Woo Kim G Tom Kim,,,
291,5188806220,mattbpoole,0,406.5,G Tommy Fleetwood G Matt Fitzpatrick G Cameron Young G Russell Henley G Corey Conners G Alex Smalley,,,
291,5188816677,jruhz,0,406.5,G Rory McIlroy G Chris Gotterup G Sam Burns G Alex Fitzpatrick G Patrick Reed G Si Woo Kim,,,
291,5188849719,aceassin,0,406.5,G Jon Rahm G Ludvig Aberg G Collin Morikawa G Sam Burns G Patrick Cantlay G Ben Griffin,,,
291,5189625236,ouroboros0,0,406.5,G Scottie Scheffler G Rory McIlroy G Kurt Kitayama G Ryan Gerard G Eric Cole G Jackson Suber,,,
291,5189803845,WJH321,0,406.5,G Tommy Fleetwood G Ludvig Aberg G Chris Gotterup G Sam Burns G Nicolai Hojgaard G Kurt Kitayama,,,
291,5189823037,CappyLou,0,406.5,G Ludvig Aberg G Collin Morikawa G Chris Gotterup G Robert MacIntyre G Russell Henley G Justin Thomas,,,
291,5190115238,Wanna_Square_Up1567,0,406.5,G Xander Schauffele G Jon Rahm G Cameron Young G Robert MacIntyre G Justin Thomas G Eric Cole,,,
291,5190407938,scottie332,0,406.5,G Scottie Scheffler G Robert MacIntyre G Sam Burns G Alex Fitzpatrick G Patrick Cantlay G Rickie Fowler,,,
291,5190447410,Dezperado,0,406.5,G Tommy Fleetwood G Matt Fitzpatrick G Sam Burns G Russell Henley G Patrick Reed G Hideki Matsuyama,,,
300,5189537848,HWallbanger,0,406,G Tommy Fleetwood G Ludvig Aberg G Collin Morikawa G Alex Fitzpatrick G Patrick Reed G Hideki Matsuyama,,,
300,5190270531,tmheiman,0,406,G Scottie Scheffler G Matt Fitzpatrick G Patrick Reed G Min Woo Lee G Adam Scott G Ryan Fox,,,
300,5190578846,Mmcg2765,0,406,G Rory McIlroy G Cameron Young G Tyrrell Hatton G Patrick Reed G Hideki Matsuyama G Sungjae Im,,,
300,5190776011,halo7033,0,406,G Tommy Fleetwood G Justin Rose G Sam Burns G Russell Henley G Justin Thomas G Hideki Matsuyama,,,
300,5190844233,zestfulyclean,0,406,G Xander Schauffele G Ludvig Aberg G Chris Gotterup G Robert MacIntyre G Sam Burns G Sepp Straka,,,
305,5188963570,DeeDay,0,405.5,G Xander Schauffele G Collin Morikawa G Chris Gotterup G Wyndham Clark G Sam Burns G Si Woo Kim,,,
305,5189477584,es18car,0,405.5,G Tommy Fleetwood G Matt Fitzpatrick G Sam Burns G Russell Henley G Si Woo Kim G Min Woo Lee,,,
305,5189508616,craigger34,0,405.5,G Cameron Young G Tyrrell Hatton G Collin Morikawa G Robert MacIntyre G Shane Lowry G Patrick Reed,,,
305,5190346624,junkline2,0,405.5,G Xander Schauffele G Collin Morikawa G Wyndham Clark G Sam Burns G Russell Henley G Hideki Matsuyama,,,
305,5190416799,bench-press,0,405.5,G Tommy Fleetwood G Xander Schauffele G Collin Morikawa G Justin Thomas G Patrick Reed G Jacob Bridgeman,,,
305,5190612864,bassman10lb,0,405.5,G Tommy Fleetwood G Xander Schauffele G Wyndham Clark G Russell Henley G Hideki Matsuyama G Si Woo Kim,,,
305,5190820869,SWGraff,0,405.5,G Tommy Fleetwood G Tyrrell Hatton G Collin Morikawa G Robert MacIntyre G Patrick Cantlay G Si Woo Kim,,,
305,5191017508,rrb248,0,405.5,G Rory McIlroy G Chris Gotterup G Robert MacIntyre G Shane Lowry G Si Woo Kim G Corey Conners,,,
313,5188919793,23luck,0,405,G Rory McIlroy G Tyrrell Hatton G Sam Burns G Russell Henley G Eugenio Lopez-Chacarra G Jordan L. Smith,,,
313,5189315918,earlyfloyd,0,405,G Tommy Fleetwood G Robert MacIntyre G Shane Lowry G Sam Burns G Corey Conners G Nicolai Hojgaard,,,
313,5190010212,Elmo2448,0,405,G Scottie Scheffler G Rory McIlroy G Rickie Fowler G Max Homa G Sahith Theegala G Jackson Suber,,,
313,5190644641,gassmanva,0,405,G Tommy Fleetwood G Cameron Young G Collin Morikawa G Aaron Rai G Si Woo Kim G Min Woo Lee,,,
317,5188839947,louba5,0,404.5,G Ludvig Aberg G Cameron Young G Collin Morikawa G Chris Gotterup G Russell Henley G Tom Kim,,,
317,5190205273,rlbender,0,404.5,G Scottie Scheffler G Rory McIlroy G Sahith Theegala G Ryo Hisatsune G Lucas Herbert G Victor Perez,,,
317,5190621328,gmdc092173,0,404.5,G Scottie Scheffler G Collin Morikawa G Sam Burns G Russell Henley G Akshay Bhatia G John Parry,,,
317,5190908801,kalpeace,0,404.5,G Scottie Scheffler G Collin Morikawa G Sam Burns G Russell Henley G Akshay Bhatia G John Parry,,,
317,5190984628,bjones58,0,404.5,G Rory McIlroy G Collin Morikawa G Robert MacIntyre G Russell Henley G Patrick Reed G Victor Perez,,,
322,5189577756,niyo21,0,404,G Scottie Scheffler G Xander Schauffele G Robert MacIntyre G Adam Scott G Jacob Bridgeman G Nick Taylor,,,
322,5189751047,theonlyhanch,0,404,G Rory McIlroy G Collin Morikawa G Robert MacIntyre G Russell Henley G Hideki Matsuyama G Kurt Kitayama,,,
322,5190298394,brucekimmes,0,404,G Xander Schauffele G Jon Rahm G Cameron Young G Brooks Koepka G Hideki Matsuyama G Min Woo Lee,,,
322,5190480848,5golf60,0,404,G Tommy Fleetwood G Jon Rahm G Shane Lowry G Alex Fitzpatrick G Si Woo Kim G Sungjae Im,,,
322,5190762058,nrlane24,0,404,G Tommy Fleetwood G Jon Rahm G Collin Morikawa G Robert MacIntyre G Justin Thomas G Matthew Southgate,,,
322,5190980243,AThomas10,0,404,G Rory McIlroy G Tommy Fleetwood G Shane Lowry G Marco Penge G Rickie Fowler G Keegan Bradley,,,
322,5191035034,kellenasai,0,404,G Tommy Fleetwood G Matt Fitzpatrick G Cameron Young G Si Woo Kim G Kurt Kitayama G Jacob Bridgeman,,,
329,5189221168,OGTeddybongwater,0,403.5,G Xander Schauffele G Cameron Young G Wyndham Clark G Sam Burns G Brooks Koepka G Justin Thomas,,,
329,5189401255,docdre42,0,403.5,G Rory McIlroy G Wyndham Clark G Sam Burns G Russell Henley G Patrick Reed G Si Woo Kim,,,
329,5189697235,4tot,0,403.5,G Xander Schauffele G Cameron Young G Wyndham Clark G Sam Burns G Brooks Koepka G Justin Thomas,,,
329,5189755212,mohawk41,0,403.5,G Rory McIlroy G Cameron Young G Robert MacIntyre G Justin Thomas G Patrick Reed G Kurt Kitayama,,,
329,5190460459,pat2222,0,403.5,G Scottie Scheffler G Cameron Young G Patrick Reed G Hideki Matsuyama G Si Woo Kim G Jake Knapp,,,
329,5190846515,2silent323,0,403.5,G Rory McIlroy G Tommy Fleetwood G Cameron Young G Rickie Fowler G Andrew Novak G Aldrich Potgieter,,,
329,5190952244,ets0004,0,403.5,G Matt Fitzpatrick G Cameron Young G Collin Morikawa G Chris Gotterup G Hideki Matsuyama G Si Woo Kim,,,
336,5188949285,mattyd2326,0,403,G Scottie Scheffler G Tyrrell Hatton G Collin Morikawa G Adam Scott G Ryan Gerard G Sahith Theegala,,,
336,5189381587,TerpBoy2002,0,403,G Tommy Fleetwood G Justin Rose G Cameron Young G Shane Lowry G Patrick Reed G Ryan Gerard,,,
336,5189706197,KenTasch,0,403,G Tommy Fleetwood G Matt Fitzpatrick G Jon Rahm G Patrick Reed G Kurt Kitayama G Ryan Fox,,,
336,5190091788,Andrewjacob32,0,403,G Tommy Fleetwood G Jon Rahm G Sam Burns G Russell Henley G Aaron Rai G Corey Conners,,,
336,5190218495,IraA18,0,403,G Tommy Fleetwood G Matt Fitzpatrick G Cameron Young G Robert MacIntyre G Adam Scott G Nick Taylor,,,
336,5190755325,Svqueen1221,0,403,G Rory McIlroy G Tommy Fleetwood G Collin Morikawa G Si Woo Kim G Adam Scott G Stewart Cink,,,
336,5190805906,sweagles13,0,403,G Tommy Fleetwood G Cameron Young G Chris Gotterup G Brooks Koepka G Hideki Matsuyama G Maverick McNealy,,,
336,5190884532,drshotz,0,403,G Tommy Fleetwood G Jon Rahm G Cameron Young G Chris Gotterup G Stewart Cink G Victor Perez,,,
336,5190886731,khp62,0,403,G Tommy Fleetwood G Wyndham Clark G Sam Burns G Rasmus Neergaard-Petersen G Ryo Hisatsune G Michael Thorbjornsen,,,
336,5190948015,jimbo484848,0,403,G Scottie Scheffler G Jon Rahm G Sam Burns G Hideki Matsuyama G Si Woo Kim G Keita Nakajima,,,
346,5190068329,aulee1240,0,402.5,G Tommy Fleetwood G Matt Fitzpatrick G Collin Morikawa G Russell Henley G Si Woo Kim G Jordan L. Smith,,,
346,5190163204,ba_split,0,402.5,G Tommy Fleetwood G Cameron Young G Robert MacIntyre G Sam Burns G Alex Fitzpatrick G Joaquin Niemann,,,
346,5190186290,ast1211,0,402.5,G Tommy Fleetwood G Xander Schauffele G Robert MacIntyre G Alex Fitzpatrick G Si Woo Kim G Corey Conners,,,
346,5190329450,loganremmers,0,402.5,G Rory McIlroy G Tyrrell Hatton G Shane Lowry G Sam Burns G Hideki Matsuyama G Max Homa,,,
346,5190598920,CJMILLER,0,402.5,G Matt Fitzpatrick G Cameron Young G Chris Gotterup G Shane Lowry G Russell Henley G Si Woo Kim,,,
346,5190706210,trent.adams23,0,402.5,G Rory McIlroy G Collin Morikawa G Chris Gotterup G Bryson DeChambeau G Rickie Fowler G Alex Smalley,,,
346,5190869601,Constantevo,0,402.5,G Tommy Fleetwood G Jon Rahm G Cameron Young G Collin Morikawa G Max Homa G Matthew Jordan,,,
346,5190947987,Gronkowski69,0,402.5,G Scottie Scheffler G Sam Burns G Russell Henley G Aaron Rai G Patrick Cantlay G Si Woo Kim,,,
346,5191032618,La0sg0d816,0,402.5,G Scottie Scheffler G Cameron Young G Alex Fitzpatrick G Hideki Matsuyama G Min Woo Lee G Kurt Kitayama,,,
346,5191037346,mchala27,0,402.5,G Matt Fitzpatrick G Cameron Young G Chris Gotterup G Sam Burns G Justin Thomas G Corey Conners,,,
346,5191043317,ssgmartin,0,402.5,G Tommy Fleetwood G Jon Rahm G Ludvig Aberg G Robert MacIntyre G Kurt Kitayama G Alex Smalley,,,
357,5188904931,Socrates66,0,402,G Tommy Fleetwood G Matt Fitzpatrick G Cameron Young G Si Woo Kim G Ryo Hisatsune G Victor Perez,,,
357,5189313497,JKouch,0,402,G Scottie Scheffler G Rory McIlroy G Ryan Gerard G Ryan Fox G Hao-Tong Li G Nick Taylor,,,
357,5189618484,turksensei,0,402,G Tommy Fleetwood G Collin Morikawa G Robert MacIntyre G Brooks Koepka G Justin Thomas G Patrick Reed,,,
357,5190465747,zg22,0,402,G Rory McIlroy G Tommy Fleetwood G Robert MacIntyre G J.J. Spaun G Kristoffer Reitan G Matt Wallace,,,
357,5190580081,bigdog531555,0,402,G Rory McIlroy G Matt Fitzpatrick G Chris Gotterup G Sam Burns G Ryan Fox G Nicolas Echavarria,,,
357,5190677521,T-Nic,0,402,G Matt Fitzpatrick G Cameron Young G Collin Morikawa G Sam Burns G Justin Thomas G Patrick Reed,,,
357,5190850432,brandonator79,0,402,G Tommy Fleetwood G Ludvig Aberg G Sam Burns G Russell Henley G Justin Thomas G Jordan Spieth,,,
357,5190982145,colby1982,0,402,G Tommy Fleetwood G Matt Fitzpatrick G Chris Gotterup G Sam Burns G Tom Kim G Ryan Fox,,,
357,5190982319,Boltmantom,0,402,G Xander Schauffele G Jon Rahm G Chris Gotterup G Robert MacIntyre G Hideki Matsuyama G Si Woo Kim,,,
357,5191000547,selinashannon,0,402,G Tommy Fleetwood G Xander Schauffele G Ludvig Aberg G Hideki Matsuyama G Min Woo Lee G Sahith Theegala,,,
367,5189014393,Gmen145265,0,401.5,G Rory McIlroy G Robert MacIntyre G Shane Lowry G Sam Burns G Alex Fitzpatrick G Marco Penge,,,
367,5190216691,erazz,0,401.5,G Tommy Fleetwood G Collin Morikawa G Wyndham Clark G Robert MacIntyre G Shane Lowry G Adam Scott,,,
367,5190232147,Abrit,0,401.5,G Jon Rahm G Ludvig Aberg G Collin Morikawa G Russell Henley G Alex Fitzpatrick G Si Woo Kim,,,
367,5190424706,deez516,0,401.5,G Scottie Scheffler G Wyndham Clark G Sam Burns G Patrick Cantlay G Si Woo Kim G Alex Noren,,,
367,5190856446,Shortfore,0,401.5,G Xander Schauffele G Collin Morikawa G Chris Gotterup G Robert MacIntyre G Shane Lowry G Hideki Matsuyama,,,
367,5190982438,Bigdal28,0,401.5,G Xander Schauffele G Ludvig Aberg G Bryson DeChambeau G Shane Lowry G Brooks Koepka G Hideki Matsuyama,,,
367,5191046769,Eaglewood311,0,401.5,G Xander Schauffele G Ludvig Aberg G Collin Morikawa G Russell Henley G Justin Thomas G Patrick Reed,,,
374,5189853029,ksrock31,0,401,G Tommy Fleetwood G Matt Fitzpatrick G Chris Gotterup G Hideki Matsuyama G Si Woo Kim G Adam Scott,,,
374,5190670848,rehillj,0,401,G Scottie Scheffler G Cameron Young G Russell Henley G Si Woo Kim G Ben Griffin G Keith Mitchell,,,
374,5190678944,GreenTailShiner,0,401,G Tommy Fleetwood G Collin Morikawa G Wyndham Clark G Shane Lowry G Sam Burns G Ben Griffin,,,
374,5190880280,Yasz15,0,401,G Tommy Fleetwood G Tyrrell Hatton G Robert MacIntyre G Shane Lowry G Patrick Reed G Si Woo Kim,,,
378,5189824189,pinkandbrown44,0,400.5,G Tommy Fleetwood G Ludvig Aberg G Viktor Hovland G Robert MacIntyre G Alex Fitzpatrick G Ryan Fox,,,
378,5190180262,Floradora3,0,400.5,G Tommy Fleetwood G Collin Morikawa G Wyndham Clark G Robert MacIntyre G Russell Henley G Hideki Matsuyama,,,
378,5190374668,gsbuckles,0,400.5,G Scottie Scheffler G Viktor Hovland G Sam Burns G Russell Henley G J.J. Spaun G Jordan L. Smith,,,
378,5190421394,dwb84,0,400.5,G Tommy Fleetwood G Matt Fitzpatrick G Robert MacIntyre G Sam Burns G Si Woo Kim G Kurt Kitayama,,,
378,5190438254,Dad2gacs,0,400.5,G Tommy Fleetwood G Tyrrell Hatton G Collin Morikawa G Justin Thomas G Patrick Cantlay G Si Woo Kim,,,
378,5190964416,Slamba,0,400.5,G Rory McIlroy G Chris Gotterup G Robert MacIntyre G Russell Henley G Patrick Reed G Hideki Matsuyama,,,
378,5190990833,MikesBulls,0,400.5,G Tommy Fleetwood G Matt Fitzpatrick G Cameron Young G Hideki Matsuyama G Jacob Bridgeman G Max Homa,,,
378,5191028824,MyBall_ZachErtz,0,400.5,G Tommy Fleetwood G Collin Morikawa G Wyndham Clark G Robert MacIntyre G Russell Henley G Hideki Matsuyama,,,
386,5189042824,jahnyb,0,400,G Scottie Scheffler G Robert MacIntyre G Russell Henley G Justin Thomas G Si Woo Kim G Keegan Bradley,,,
386,5189371373,rskoch,0,400,G Scottie Scheffler G Robert MacIntyre G Sam Burns G Russell Henley G Corey Conners G Hao-Tong Li,,,
386,5189711277,carlosrobertson17,0,400,G Tommy Fleetwood G Jon Rahm G Cameron Young G Wyndham Clark G Rickie Fowler G Michael Thorbjornsen,,,
386,5189758781,hoppinball26,0,400,G Scottie Scheffler G Jon Rahm G Si Woo Kim G Min Woo Lee G J.J. Spaun G Rickie Fowler,,,
386,5190242795,EZ3LL,0,400,G Matt Fitzpatrick G Ludvig Aberg G Cameron Young G Russell Henley G Patrick Cantlay G Si Woo Kim,,,
386,5190441618,SNH1211,0,400,G Scottie Scheffler G Brian Harman G Sepp Straka G Ryan Fox G Rasmus Neergaard-Petersen G Sahith Theegala,,,
386,5190875696,Ngroves8,0,400,G Tommy Fleetwood G Collin Morikawa G Chris Gotterup G Viktor Hovland G Sam Burns G Sahith Theegala,,,
393,5189074110,LarrysLegends,0,399.5,G Cameron Young G Collin Morikawa G Bryson DeChambeau G Wyndham Clark G Shane Lowry G Brooks Koepka,,,
393,5189625021,FarmHallFalls,0,399.5,G Scottie Scheffler G Bryson DeChambeau G Russell Henley G Justin Thomas G Patrick Cantlay G Nick Taylor,,,
393,5190760432,ruru10,0,399.5,G Collin Morikawa G Chris Gotterup G Bryson DeChambeau G Wyndham Clark G Robert MacIntyre G Sam Burns,,,
396,5188981919,unhfan78,0,399,G Rory McIlroy G Tommy Fleetwood G Cameron Young G Ryan Gerard G Harry Hall G Jesper Svensson,,,
396,5189175519,B1enderman,0,399,G Ludvig Aberg G Cameron Young G Tyrrell Hatton G Sam Burns G Russell Henley G Jordan Spieth,,,
396,5189403153,Pdiddy31,0,399,G Rory McIlroy G Chris Gotterup G Robert MacIntyre G Russell Henley G Patrick Reed G Victor Perez,,,
396,5190359759,geoff_pirkl,0,399,G Tommy Fleetwood G Justin Rose G Shane Lowry G Sam Burns G Brooks Koepka G Hideki Matsuyama,,,
396,5191032114,joeatorres69,0,399,G Rory McIlroy G Xander Schauffele G Sam Burns G Patrick Reed G Eugenio Lopez-Chacarra G Kurt Kitayama,,,
401,5188849549,kschwartz99,0,398.5,G Tommy Fleetwood G Matt Fitzpatrick G Cameron Young G Sam Burns G Si Woo Kim G Michael Kim,,,
401,5189028088,BigFatAss,0,398.5,G Scottie Scheffler G Cameron Young G Hideki Matsuyama G Si Woo Kim G Min Woo Lee G Tom Kim,,,
401,5189754969,HebrewHammer37,0,398.5,G Scottie Scheffler G Rory McIlroy G Ryan Fox G Gary Woodland G Sahith Theegala G Bud Cauley,,,
401,5190722034,ledheadzach,0,398.5,G Tommy Fleetwood G Xander Schauffele G Jon Rahm G Si Woo Kim G Min Woo Lee G Nick Taylor,,,
401,5190895218,bryan4987,0,398.5,G Rory McIlroy G Tommy Fleetwood G Sam Burns G Tom Kim G Corey Conners G Thomas Detry,,,
401,5191009522,Djazzman,0,398.5,G Tommy Fleetwood G Cameron Young G Chris Gotterup G Viktor Hovland G Russell Henley G Johnny Keefer,,,
407,5189070013,mlief,0,398,G Tommy Fleetwood G Xander Schauffele G Cameron Young G Viktor Hovland G Alex Smalley G Victor Perez,,,
407,5190300533,Blatzenburger,0,398,G Rory McIlroy G Tommy Fleetwood G Tyrrell Hatton G Adam Scott G Sahith Theegala G Bud Cauley,,,
407,5190345513,Vimmy29,0,398,G Ludvig Aberg G Cameron Young G Chris Gotterup G Viktor Hovland G Robert MacIntyre G Si Woo Kim,,,
407,5190850220,HITMEN999,0,398,G Rory McIlroy G Cameron Young G Chris Gotterup G Hideki Matsuyama G Si Woo Kim G Maverick McNealy,,,
407,5190966995,drewrees,0,398,G Ludvig Aberg G Collin Morikawa G Chris Gotterup G Robert MacIntyre G Shane Lowry G Justin Thomas,,,
412,5188858399,Scodie,0,397.5,G Scottie Scheffler G Collin Morikawa G Russell Henley G Patrick Reed G Tom Kim G Rasmus Neergaard-Petersen,,,
412,5188925087,SacredGopher,0,397.5,G Tommy Fleetwood G Matt Fitzpatrick G Chris Gotterup G Sam Burns G Justin Thomas G Jackson Suber,,,
412,5188961381,zehman1972,0,397.5,G Scottie Scheffler G Tommy Fleetwood G Hideki Matsuyama G Tom Kim G Jordan L. Smith G Victor Perez,,,
412,5189175970,ioneman,0,397.5,G Rory McIlroy G Jon Rahm G Cameron Young G Patrick Cantlay G Hideki Matsuyama G Nicolas Echavarria,,,
412,5189508256,badgerboy0513,0,397.5,G Tommy Fleetwood G Xander Schauffele G Cameron Young G Patrick Cantlay G Corey Conners G Maverick McNealy,,,
412,5190417852,ND_4life,0,397.5,G Cameron Young G Collin Morikawa G Chris Gotterup G Brooks Koepka G Justin Thomas G Alex Fitzpatrick,,,
412,5190598547,smitty510,0,397.5,G Jon Rahm G Cameron Young G Collin Morikawa G Bryson DeChambeau G Hideki Matsuyama G Cameron Smith,,,
412,5190761094,tymccabe,0,397.5,G Cameron Young G Chris Gotterup G Bryson DeChambeau G Wyndham Clark G Robert MacIntyre G Shane Lowry,,,
412,5190852792,Rkruszyna,0,397.5,G Rory McIlroy G Collin Morikawa G Chris Gotterup G Robert MacIntyre G J.J. Spaun G Jordan L. Smith,,,
421,5189015270,ginswins1128,0,397,G Rory McIlroy G Collin Morikawa G Robert MacIntyre G Justin Thomas G Patrick Reed G Si Woo Kim,,,
421,5189861515,cappo8,0,397,G Matt Fitzpatrick G Ludvig Aberg G Cameron Young G Shane Lowry G Sam Burns G Johnny Keefer,,,
421,5190222735,bdembo,0,397,G Rory McIlroy G Cameron Young G Collin Morikawa G Patrick Reed G Tom Kim G Adam Scott,,,
421,5190394839,Magic63,0,397,G Scottie Scheffler G Cameron Young G Chris Gotterup G Shane Lowry G Jordan L. Smith G Matthew Baldwin,,,
421,5190758058,jemi0811,0,397,G Tommy Fleetwood G Justin Rose G Cameron Young G Justin Thomas G Patrick Reed G Hideki Matsuyama,,,
421,5190872765,BucNeaR,0,397,G Cameron Young G Tyrrell Hatton G Collin Morikawa G Robert MacIntyre G Russell Henley G Alex Fitzpatrick,,,
421,5190973785,esamson,0,397,G Scottie Scheffler G Cameron Young G Russell Henley G Patrick Cantlay G Akshay Bhatia G Ryan Gerard,,,
421,5191029303,FroggiesMonkies,0,397,G Scottie Scheffler G Cameron Young G Alex Fitzpatrick G Patrick Cantlay G Ben Griffin G Ryan Gerard,,,
429,5188904503,forbesti91,0,396.5,G Collin Morikawa G Hideki Matsuyama G Si Woo Kim G Min Woo Lee G Kurt Kitayama G Sungjae Im,,,
429,5189912641,goldenboylenny,0,396.5,G Tommy Fleetwood G Ludvig Aberg G Cameron Young G Viktor Hovland G J.J. Spaun G Sahith Theegala,,,
429,5189973755,whitewillie,0,396.5,G Scottie Scheffler G Chris Gotterup G Wyndham Clark G Si Woo Kim G Min Woo Lee G Rasmus Neergaard-Petersen,,,
429,5190618909,WhiteyDFS9090,0,396.5,G Scottie Scheffler G Cameron Young G Patrick Cantlay G Si Woo Kim G Maverick McNealy G J.J. Spaun,,,
433,5188928594,Cfw828,0,396,G Rory McIlroy G Ludvig Aberg G Cameron Young G Maverick McNealy G Harris English G Ryan Fox,,,
433,5189121765,riptide2,0,396,G Scottie Scheffler G Matt Fitzpatrick G Sam Burns G Si Woo Kim G Jordan L. Smith G Nick Taylor,,,
433,5189176316,moandbro,0,396,G Tommy Fleetwood G Jon Rahm G Justin Rose G Justin Thomas G Min Woo Lee G Ryan Fox,,,
433,5189636298,Gackle510,0,396,G Tommy Fleetwood G Matt Fitzpatrick G Collin Morikawa G Sam Burns G Hideki Matsuyama G Michael Thorbjornsen,,,
433,5190362144,tbello22,0,396,G Rory McIlroy G Tommy Fleetwood G Russell Henley G Si Woo Kim G Nicolai Hojgaard G Jacob Bridgeman,,,
433,5190455136,SidLuckyman,0,396,G Rory McIlroy G Matt Fitzpatrick G Shane Lowry G Russell Henley G Ryan Fox G Sahith Theegala,,,
433,5190492133,Lowgear51,0,396,G Scottie Scheffler G Tommy Fleetwood G Alex Fitzpatrick G Adam Scott G Ryo Hisatsune G Michael Thorbjornsen,,,
433,5190586737,andymilligan3,0,396,G Justin Rose G Cameron Young G Collin Morikawa G Chris Gotterup G Russell Henley G Patrick Reed,,,
433,5190588464,fredericksjr,0,396,G Rory McIlroy G Tommy Fleetwood G Sam Burns G Maverick McNealy G J.J. Spaun G Ryan Gerard,,,
433,5190838614,belle11523,0,396,G Tommy Fleetwood G Ludvig Aberg G Collin Morikawa G Robert MacIntyre G Min Woo Lee G Sepp Straka,,,
433,5191034362,FantasyTuff,0,396,G Scottie Scheffler G Rory McIlroy G Ryan Gerard G Ryan Fox G Rasmus Hojgaard G Shaun Norris,,,
444,5188926192,Berger2,0,395.5,G Ludvig Aberg G Cameron Young G Chris Gotterup G Wyndham Clark G Shane Lowry G Patrick Reed,,,
444,5189796104,Squeeba,0,395.5,G Rory McIlroy G Tommy Fleetwood G Sam Burns G Harris English G Kurt Kitayama G Jacob Bridgeman,,,
444,5190583348,kellydonald,0,395.5,G Tommy Fleetwood G Matt Fitzpatrick G Chris Gotterup G Russell Henley G Si Woo Kim G Victor Perez,,,
444,5190816105,Rags59,0,395.5,G Matt Fitzpatrick G Ludvig Aberg G Cameron Young G Sam Burns G Patrick Reed G Min Woo Lee,,,
444,5190961844,pinapleshrimp,0,395.5,G Scottie Scheffler G Tommy Fleetwood G Russell Henley G Patrick Cantlay G Sam Stevens G Jackson Suber,,,
449,5188844532,TheFrauline,0,395,G Tommy Fleetwood G Tyrrell Hatton G Collin Morikawa G Robert MacIntyre G Justin Thomas G Ryan Gerard,,,
449,5189367167,rjacobs50,0,395,G Tommy Fleetwood G Cameron Young G Chris Gotterup G Wyndham Clark G Patrick Reed G Ben Griffin,,,
449,5189518356,tplmiz23,0,395,G Scottie Scheffler G Xander Schauffele G Alex Fitzpatrick G Si Woo Kim G Rickie Fowler G Bud Cauley,,,
449,5190120041,Sizzy,0,395,G Scottie Scheffler G Cameron Young G Tyrrell Hatton G Jacob Bridgeman G Sahith Theegala G Ryo Hisatsune,,,
449,5190551105,elwood2010,0,395,G Rory McIlroy G Chris Gotterup G Wyndham Clark G Sam Burns G Si Woo Kim G J.J. Spaun,,,
449,5190585483,krobinson34,0,395,G Rory McIlroy G Chris Gotterup G Wyndham Clark G Sam Burns G Si Woo Kim G J.J. Spaun,,,
449,5190911740,SCMarko864,0,395,G Scottie Scheffler G Viktor Hovland G Shane Lowry G Hideki Matsuyama G Si Woo Kim G Adam Scott,,,
449,5190967653,Mac1077,0,395,G Tommy Fleetwood G Chris Gotterup G Wyndham Clark G Robert MacIntyre G Russell Henley G Hideki Matsuyama,,,
449,5191010371,alnic1119,0,395,G Scottie Scheffler G Ludvig Aberg G Russell Henley G Si Woo Kim G Harris English G Eric Cole,,,
458,5189409215,PowayMike,0,394.5,G Rory McIlroy G Xander Schauffele G Justin Thomas G Patrick Reed G Hideki Matsuyama G Si Woo Kim,,,
458,5190263801,JDamien2442,0,394.5,G Ludvig Aberg G Cameron Young G Tyrrell Hatton G Chris Gotterup G Alex Fitzpatrick G Hideki Matsuyama,,,
458,5190907328,tomazibo,0,394.5,G Tommy Fleetwood G Cameron Young G Wyndham Clark G Shane Lowry G Sam Burns G Akshay Bhatia,,,
461,5188964783,prov1xbite,0,394,G Tommy Fleetwood G Matt Fitzpatrick G Collin Morikawa G Sam Burns G Patrick Reed G Alex Smalley,,,
461,5189529735,CANT_STOP_BEASTMODE,0,394,G Rory McIlroy G Collin Morikawa G Bryson DeChambeau G Justin Thomas G Patrick Cantlay G Rickie Fowler,,,
461,5190103115,duval12,0,394,G Rory McIlroy G Cameron Young G Collin Morikawa G Si Woo Kim G Cameron Smith G Eugenio Lopez-Chacarra,,,
461,5190441208,pvitek3,0,394,G Tommy Fleetwood G Jon Rahm G Collin Morikawa G Justin Thomas G Alex Fitzpatrick G Jordan L. Smith,,,
461,5190469186,bbache14,0,394,G Rory McIlroy G Tommy Fleetwood G Jordan Spieth G Si Woo Kim G Rickie Fowler G Adam Scott,,,
461,5190646321,Chalmchalms,0,394,G Tommy Fleetwood G Matt Fitzpatrick G Robert MacIntyre G Shane Lowry G Si Woo Kim G Adam Scott,,,
461,5190890524,thedub784,0,394,G Ludvig Aberg G Cameron Young G Chris Gotterup G Viktor Hovland G Russell Henley G Patrick Reed,,,
461,5190905812,jdollar23,0,394,G Matt Fitzpatrick G Cameron Young G Shane Lowry G Sam Burns G Brooks Koepka G Justin Thomas,,,
461,5190973561,vadoseshelf2156,0,394,G Xander Schauffele G Jon Rahm G Chris Gotterup G Robert MacIntyre G Patrick Reed G Si Woo Kim,,,
461,5191017628,Shackrave123,0,394,G Xander Schauffele G Chris Gotterup G Wyndham Clark G Robert MacIntyre G Sam Burns G Russell Henley,,,
471,5188792514,KThurman101,0,393.5,G Tommy Fleetwood G Matt Fitzpatrick G Cameron Young G Robert MacIntyre G Jordan L. Smith G Nick Taylor,,,
471,5188972764,sooners1740,0,393.5,G Scottie Scheffler G Collin Morikawa G Justin Thomas G Hideki Matsuyama G Min Woo Lee G J.J. Spaun,,,
471,5189319542,clemsonsmartguy,0,393.5,G Tommy Fleetwood G Jon Rahm G Collin Morikawa G Robert MacIntyre G Nicolai Hojgaard G Adam Scott,,,
471,5189346792,schollman,0,393.5,G Tommy Fleetwood G Ludvig Aberg G Chris Gotterup G Viktor Hovland G Si Woo Kim G Rickie Fowler,,,
471,5189348853,RoccoDoodleDoo,0,393.5,G Rory McIlroy G Cameron Young G Viktor Hovland G Russell Henley G Tom Kim G Ryan Fox,,,
471,5189425533,ryandaboss,0,393.5,G Scottie Scheffler G Chris Gotterup G Justin Thomas G Patrick Reed G Hideki Matsuyama G Eugenio Lopez-Chacarra,,,
471,5189515524,Gamedaygarbage,0,393.5,G Scottie Scheffler G Collin Morikawa G Robert MacIntyre G Sam Burns G Kristoffer Reitan G Matthew Jordan,,,
471,5189515625,cambo77,0,393.5,G Scottie Scheffler G Collin Morikawa G Robert MacIntyre G Sam Burns G Kristoffer Reitan G Matthew Jordan,,,
471,5190304894,mganuc2,0,393.5,G Rory McIlroy G Cameron Young G Sam Burns G Joaquin Niemann G Patrick Cantlay G Patrick Reed,,,
471,5190468912,rpt001,0,393.5,G Xander Schauffele G Collin Morikawa G Chris Gotterup G Robert MacIntyre G Shane Lowry G Patrick Reed,,,
471,5190770103,swampdonk69,0,393.5,G Scottie Scheffler G Collin Morikawa G Russell Henley G Si Woo Kim G J.J. Spaun G Harris English,,,
482,5189157063,PBowie70,0,393,G Tommy Fleetwood G Matt Fitzpatrick G Robert MacIntyre G Russell Henley G Hideki Matsuyama G Si Woo Kim,,,
482,5189266483,FirefighterCaptain,0,393,G Matt Fitzpatrick G Collin Morikawa G Chris Gotterup G Robert MacIntyre G Sam Burns G Si Woo Kim,,,
482,5189276268,Mcoleman1902,0,393,G Tommy Fleetwood G Matt Fitzpatrick G Robert MacIntyre G Russell Henley G Hideki Matsuyama G Si Woo Kim,,,
482,5189555959,matta32,0,393,G Xander Schauffele G Cameron Young G Collin Morikawa G Robert MacIntyre G Russell Henley G Tom Kim,,,
482,5189988061,BigPod,0,393,G Tommy Fleetwood G Matt Fitzpatrick G Robert MacIntyre G Russell Henley G Hideki Matsuyama G Si Woo Kim,,,
482,5190154770,valestij,0,393,G Scottie Scheffler G Rory McIlroy G Si Woo Kim G Casey Jarvis G Stewart Cink G Victor Perez,,,
482,5190304417,warstar13,0,393,G Tommy Fleetwood G Matt Fitzpatrick G Collin Morikawa G Sam Burns G Rickie Fowler G Ryo Hisatsune,,,
482,5190332025,birdiebones,0,393,G Ludvig Aberg G Chris Gotterup G Shane Lowry G Brooks Koepka G Si Woo Kim G Min Woo Lee,,,
482,5190660646,Cwell32,0,393,G Xander Schauffele G Ludvig Aberg G Wyndham Clark G Robert MacIntyre G Sam Burns G Hideki Matsuyama,,,
482,5190731705,brandonjung5,0,393,G Xander Schauffele G Cameron Young G Collin Morikawa G Sam Burns G Aaron Rai G Ben Griffin,,,
482,5190742837,keenmachine48,0,393,G Tommy Fleetwood G Matt Fitzpatrick G Chris Gotterup G Sam Burns G Hideki Matsuyama G Nick Taylor,,,
482,5190819406,lauthdw,0,393,G Matt Fitzpatrick G Collin Morikawa G Chris Gotterup G Robert MacIntyre G Sam Burns G Si Woo Kim,,,
482,5190886915,disturbedspooon,0,393,G Rory McIlroy G Jon Rahm G Justin Thomas G Patrick Reed G Hideki Matsuyama G Si Woo Kim,,,
482,5191026774,Jets2015Champs,0,393,G Rory McIlroy G Tommy Fleetwood G Sam Burns G Patrick Reed G Brian Harman G Jordan L. Smith,,,
482,5191037625,jph1111,0,393,G Rory McIlroy G Wyndham Clark G Sam Burns G Russell Henley G Justin Thomas G Hideki Matsuyama,,,
497,5189409407,TyGuy24,0,392.5,G Rory McIlroy G Ludvig Aberg G Shane Lowry G Patrick Cantlay G Patrick Reed G Hideki Matsuyama,,,
497,5190573193,cmorgs24,0,392.5,G Rory McIlroy G Tommy Fleetwood G Alex Fitzpatrick G Patrick Reed G Maverick McNealy G Ryan Fox,,,
497,5190602093,Kaddy18,0,392.5,G Scottie Scheffler G Rory McIlroy G Ryan Fox G Sahith Theegala G J.T. Poston G Michael Thorbjornsen,,,
497,5190676811,hamn20,0,392.5,G Scottie Scheffler G Rory McIlroy G Patrick Reed G Ryo Hisatsune G Bud Cauley G Jackson Suber,,,
497,5190729211,Hatehater,0,392.5,G Justin Rose G Cameron Young G Collin Morikawa G Robert MacIntyre G Sam Burns G Alex Fitzpatrick,,,
502,5188837600,cessnak30,0,392,G Matt Fitzpatrick G Jon Rahm G Cameron Young G Wyndham Clark G Corey Conners G Ryan Fox,,,
502,5188996395,CubbieBearsDen,0,392,G Scottie Scheffler G Rory McIlroy G Russell Henley G Nick Taylor G Jackson Suber G Nicolas Echavarria,,,
502,5189331213,sfcdrew,0,392,G Rory McIlroy G Wyndham Clark G Robert MacIntyre G Sam Burns G Patrick Reed G Si Woo Kim,,,
502,5189561611,eb44ny,0,392,G Cameron Young G Collin Morikawa G Chris Gotterup G Wyndham Clark G Robert MacIntyre G Brooks Koepka,,,
502,5189935295,Kgiesige,0,392,G Ludvig Aberg G Cameron Young G Collin Morikawa G Bryson DeChambeau G Joaquin Niemann G Patrick Reed,,,
502,5189996626,jdstewa14,0,392,G Tommy Fleetwood G Ludvig Aberg G Robert MacIntyre G Shane Lowry G Russell Henley G Nicolai Hojgaard,,,
502,5190265243,jah_586,0,392,G Tommy Fleetwood G Jon Rahm G Viktor Hovland G Robert MacIntyre G Si Woo Kim G Adam Scott,,,
502,5190550147,fantasy_catastrophe,0,392,G Scottie Scheffler G Cameron Young G Robert MacIntyre G J.J. Spaun G Nicolai Hojgaard G Jacob Bridgeman,,,
502,5190679218,3TimesLooney,0,392,G Scottie Scheffler G Collin Morikawa G Bryson DeChambeau G Alex Fitzpatrick G Sahith Theegala G John Parry,,,
502,5190960716,Mitch1941,0,392,G Rory McIlroy G Jon Rahm G Cameron Young G Hideki Matsuyama G Si Woo Kim G Stewart Cink,,,
502,5191033715,broupa73,0,392,G Collin Morikawa G Wyndham Clark G Sam Burns G Corey Conners G J.J. Spaun G Rickie Fowler,,,
502,5191036169,Irish3131,0,392,G Scottie Scheffler G Collin Morikawa G Chris Gotterup G Ben Griffin G Corey Conners G Nick Taylor,,,
514,5189038287,schepman1,0,391.5,G Rory McIlroy G Tommy Fleetwood G Russell Henley G Corey Conners G Nicolai Hojgaard G Rickie Fowler,,,
514,5189885514,Will4fun79,0,391.5,G Xander Schauffele G Cameron Young G Chris Gotterup G Wyndham Clark G Robert MacIntyre G Victor Perez,,,
514,5190794460,audibles,0,391.5,G Tommy Fleetwood G Matt Fitzpatrick G Robert MacIntyre G Russell Henley G Si Woo Kim G Victor Perez,,,
514,5190900072,Rioslugger008,0,391.5,G Rory McIlroy G Collin Morikawa G Robert MacIntyre G Patrick Reed G Si Woo Kim G Min Woo Lee,,,
518,5189059153,luckymeyer69,0,391,G Scottie Scheffler G Shane Lowry G Sam Burns G Si Woo Kim G Min Woo Lee G Tom Kim,,,
518,5189093475,E992,0,391,G Tommy Fleetwood G Matt Fitzpatrick G Chris Gotterup G Sam Burns G J.J. Spaun G Jacob Bridgeman,,,
518,5189335870,dnomon,0,391,G Tommy Fleetwood G Cameron Young G Chris Gotterup G Brooks Koepka G Joaquin Niemann G Patrick Reed,,,
518,5189602466,bigtee73,0,391,G Rory McIlroy G Tommy Fleetwood G Robert MacIntyre G Patrick Cantlay G J.J. Spaun G Nick Taylor,,,
518,5189729386,therizzo,0,391,G Rory McIlroy G Tommy Fleetwood G Patrick Cantlay G Si Woo Kim G Min Woo Lee G Ben Griffin,,,
523,5188817866,Tedbz,0,390.5,G Cameron Young G Collin Morikawa G Chris Gotterup G Wyndham Clark G Robert MacIntyre G Justin Thomas,,,
523,5188920882,criggs,0,390.5,G Rory McIlroy G Matt Fitzpatrick G Robert MacIntyre G Si Woo Kim G Min Woo Lee G Ryan Fox,,,
523,5189264292,grantgoupil,0,390.5,G Scottie Scheffler G Viktor Hovland G Russell Henley G Si Woo Kim G Rickie Fowler G Victor Perez,,,
523,5190212333,Odie52,0,390.5,G Tommy Fleetwood G Jon Rahm G Cameron Young G Collin Morikawa G Sam Stevens G Johnny Keefer,,,
523,5190513260,Bryonjones,0,390.5,G Matt Fitzpatrick G Ludvig Aberg G Cameron Young G Collin Morikawa G Si Woo Kim G Ryo Hisatsune,,,
523,5190613643,ryanland,0,390.5,G Tommy Fleetwood G Xander Schauffele G Cameron Young G Joaquin Niemann G Si Woo Kim G Keegan Bradley,,,
523,5190644008,th4i,0,390.5,G Tommy Fleetwood G Matt Fitzpatrick G Wyndham Clark G Sam Burns G Si Woo Kim G Adam Scott,,,
523,5190938700,ddahm04,0,390.5,G Tommy Fleetwood G Matt Fitzpatrick G Collin Morikawa G Sam Burns G Patrick Reed G Nick Taylor,,,
531,5188849555,SSS966,0,390,G Rory McIlroy G Tommy Fleetwood G Justin Thomas G Si Woo Kim G Maverick McNealy G Adam Scott,,,
531,5188901086,jimmyb.83159,0,390,G Xander Schauffele G Collin Morikawa G Chris Gotterup G Wyndham Clark G Sam Burns G Patrick Reed,,,
531,5188935428,Mrboozer,0,390,G Scottie Scheffler G Cameron Young G Patrick Reed G Si Woo Kim G Ben Griffin G Cameron Smith,,,
531,5190184680,kgreen89,0,390,G Tommy Fleetwood G Jon Rahm G Tyrrell Hatton G Patrick Reed G Hideki Matsuyama G Thomas Detry,,,
531,5190254014,73pd2x,0,390,G Scottie Scheffler G Xander Schauffele G Si Woo Kim G Ben Griffin G J.J. Spaun G Kurt Kitayama,,,
531,5190497501,w1Ldc8t-1,0,390,G Rory McIlroy G Cameron Young G Chris Gotterup G Patrick Reed G Si Woo Kim G Maverick McNealy,,,
531,5190602043,DeafAaron,0,390,G Tommy Fleetwood G Justin Rose G Chris Gotterup G Sam Burns G Brooks Koepka G Kurt Kitayama,,,
531,5190895884,stayeduptolate,0,390,G Scottie Scheffler G Xander Schauffele G Si Woo Kim G Ben Griffin G J.J. Spaun G Kurt Kitayama,,,
539,5188785231,Chuckwag0n,0,389.5,G Rory McIlroy G Tommy Fleetwood G Russell Henley G Patrick Reed G Si Woo Kim G Bernd Wiesberger,,,
539,5188992286,TwoHearted,0,389.5,G Scottie Scheffler G Rory McIlroy G Hideki Matsuyama G Si Woo Kim G Daniel Brown G Dan Bradbury,,,
539,5189255035,cusplove,0,389.5,G Rory McIlroy G Cameron Young G Robert MacIntyre G Russell Henley G Tom Kim G Rickie Fowler,,,
539,5190927343,donovan2008,0,389.5,G Tommy Fleetwood G Matt Fitzpatrick G Tyrrell Hatton G Alex Fitzpatrick G Adam Scott G Ryan Fox,,,
539,5191030445,BigNucTech,0,389.5,G Cameron Young G Tyrrell Hatton G Wyndham Clark G Robert MacIntyre G Sam Burns G Justin Thomas,,,
544,5188991699,ryder_back,0,389,G Tommy Fleetwood G Matt Fitzpatrick G Collin Morikawa G Patrick Reed G Hideki Matsuyama G Si Woo Kim,,,
544,5189626411,TontoGoldstein5,0,389,G Rory McIlroy G Tommy Fleetwood G Alex Fitzpatrick G Si Woo Kim G Min Woo Lee G Jacob Bridgeman,,,
544,5189678991,erikcroce15,0,389,G Tommy Fleetwood G Justin Rose G Chris Gotterup G Sam Burns G Matt Wallace G Sahith Theegala,,,
544,5189960917,Bilmalk,0,389,G Tommy Fleetwood G Matt Fitzpatrick G Collin Morikawa G Patrick Reed G Hideki Matsuyama G Si Woo Kim,,,
544,5190083613,AFTERSHOCK5O,0,389,G Tommy Fleetwood G Matt Fitzpatrick G Cameron Young G Patrick Reed G Min Woo Lee G Jordan L. Smith,,,
544,5190544769,jjnads2000,0,389,G Tommy Fleetwood G Ludvig Aberg G Collin Morikawa G Viktor Hovland G Si Woo Kim G Sahith Theegala,,,
544,5190576765,barley2410,0,389,G Matt Fitzpatrick G Jon Rahm G Chris Gotterup G Sam Burns G Hideki Matsuyama G Si Woo Kim,,,
544,5190855374,markduff,0,389,G Matt Fitzpatrick G Collin Morikawa G Chris Gotterup G Sam Burns G Russell Henley G Patrick Reed,,,
544,5190970657,geier033,0,389,G Tommy Fleetwood G Jon Rahm G Shane Lowry G Brooks Koepka G Alex Fitzpatrick G Hideki Matsuyama,,,
544,5191010767,sunndancekiid,0,389,G Xander Schauffele G Ludvig Aberg G Tyrrell Hatton G Shane Lowry G Sam Burns G Johnny Keefer,,,
544,5191017924,hambone536,0,389,G Scottie Scheffler G Rory McIlroy G Adam Scott G Max Homa G Jesper Svensson G Michael Thorbjornsen,,,
555,5188958532,mcJoJo1313,0,388.5,G Rory McIlroy G Ludvig Aberg G Collin Morikawa G Corey Conners G Sepp Straka G Max Homa,,,
555,5188987947,hitmn42,0,388.5,G Tommy Fleetwood G Collin Morikawa G Viktor Hovland G Russell Henley G Patrick Reed G Hideki Matsuyama,,,
555,5189096011,1garddo1,0,388.5,G Scottie Scheffler G Rory McIlroy G Sam Burns G Sam Stevens G Jackson Suber G Francesco Molinari,,,
555,5189318717,dusterj23,0,388.5,G Scottie Scheffler G Matt Fitzpatrick G Russell Henley G Si Woo Kim G Ryan Fox G Bernd Wiesberger,,,
555,5189727827,mariusbr,0,388.5,G Ludvig Aberg G Collin Morikawa G Viktor Hovland G Robert MacIntyre G Shane Lowry G Sam Burns,,,
555,5190525605,FlameThrower4,0,388.5,G Scottie Scheffler G Rory McIlroy G Brian Harman G Ryan Fox G Alex Smalley G Nick Taylor,,,
555,5190843658,tlesnick,0,388.5,G Scottie Scheffler G Cameron Young G Shane Lowry G Harris English G Eugenio Lopez-Chacarra G Alex Noren,,,
555,5191022319,sarasotakid1961,0,388.5,G Tommy Fleetwood G Ludvig Aberg G Collin Morikawa G Chris Gotterup G Joaquin Niemann G Jackson Suber,,,
563,5188795274,Azdude123,0,388,G Rory McIlroy G Cameron Young G Collin Morikawa G Aaron Rai G Corey Conners G Rickie Fowler,,,
563,5189339767,Zacky165,0,388,G Matt Fitzpatrick G Ludvig Aberg G Collin Morikawa G Chris Gotterup G Si Woo Kim G Adam Scott,,,
563,5189352127,len.larrabee,0,388,G Tommy Fleetwood G Justin Rose G Collin Morikawa G Bryson DeChambeau G Corey Conners G Kristoffer Reitan,,,
563,5189607652,Big_Mama,0,388,G Matt Fitzpatrick G Ludvig Aberg G Collin Morikawa G Sam Burns G Patrick Reed G Hideki Matsuyama,,,
563,5190006767,clonchkn,0,388,G Tommy Fleetwood G Matt Fitzpatrick G Chris Gotterup G Sam Burns G J.J. Spaun G Kurt Kitayama,,,
563,5190381576,cmak11,0,388,G Scottie Scheffler G Bryson DeChambeau G Russell Henley G Patrick Reed G Si Woo Kim G Maverick McNealy,,,
563,5190480936,bamakirk,0,388,G Rory McIlroy G Collin Morikawa G Shane Lowry G Sam Burns G Hideki Matsuyama G Tom Kim,,,
563,5190524527,Tcapuro,0,388,G Rory McIlroy G Tommy Fleetwood G Jordan Spieth G Patrick Reed G Si Woo Kim G Adam Scott,,,
563,5190604354,Weezesworld,0,388,G Scottie Scheffler G Robert MacIntyre G Sam Burns G Si Woo Kim G Min Woo Lee G Tom Kim,,,
563,5190763736,rls0034,0,388,G Scottie Scheffler G Viktor Hovland G Sam Burns G Justin Thomas G Tom Kim G Ryan Fox,,,
563,5191012477,crs98,0,388,G Scottie Scheffler G Chris Gotterup G Robert MacIntyre G Justin Thomas G Ryan Gerard G Ryo Hisatsune,,,
574,5188920756,jarrodc61,0,387.5,G Ludvig Aberg G Justin Rose G Chris Gotterup G Sam Burns G Russell Henley G Justin Thomas,,,
574,5189286017,dgrahamtastic,0,387.5,G Cameron Young G Tyrrell Hatton G Viktor Hovland G Robert MacIntyre G Shane Lowry G Sam Burns,,,
574,5189532222,stock2mail,0,387.5,G Scottie Scheffler G Tyrrell Hatton G Collin Morikawa G Rickie Fowler G Michael Thorbjornsen G Victor Perez,,,
574,5189933874,kingofkings62917,0,387.5,G Scottie Scheffler G Rory McIlroy G Bryson DeChambeau G Ryan Fox G Marcus Plunkett G David Duval,,,
574,5189938226,serenityf1234,0,387.5,G Tyrrell Hatton G Collin Morikawa G Chris Gotterup G Bryson DeChambeau G Robert MacIntyre G Rickie Fowler,,,
574,5190100428,dnobes19,0,387.5,G Rory McIlroy G Tommy Fleetwood G Robert MacIntyre G Nicolai Hojgaard G Adam Scott G Max Homa,,,
574,5190506372,Pbrain,0,387.5,G Xander Schauffele G Collin Morikawa G Wyndham Clark G Shane Lowry G Sam Burns G Brooks Koepka,,,
574,5190759966,jackdaniel_8,0,387.5,G Tommy Fleetwood G Justin Rose G Cameron Young G Robert MacIntyre G Corey Conners G Sepp Straka,,,
574,5190796065,skolpainting,0,387.5,G Tommy Fleetwood G Cameron Young G Tyrrell Hatton G Wyndham Clark G Patrick Reed G Jacob Bridgeman,,,
574,5190856184,JIMBO9785,0,387.5,G Rory McIlroy G Ludvig Aberg G Shane Lowry G Si Woo Kim G Nicolai Hojgaard G Adam Scott,,,
574,5190873133,jsizzle81,0,387.5,G Rory McIlroy G Matt Fitzpatrick G Chris Gotterup G Ryan Gerard G Ryan Fox G Nick Taylor,,,
574,5191038880,nikoni5,0,387.5,G Rory McIlroy G Collin Morikawa G Robert MacIntyre G Justin Thomas G Patrick Cantlay G Hideki Matsuyama,,,
574,5191041145,Majic09,0,387.5,G Rory McIlroy G Tommy Fleetwood G Cameron Young G Patrick Reed G Sahith Theegala G Darren Clarke,,,
587,5188802211,Lucky870Buddy,0,387,G Rory McIlroy G Cameron Young G Collin Morikawa G Chris Gotterup G Max Homa G Padraig Harrington,,,
587,5188856405,RoyalBigHead,0,387,G Tommy Fleetwood G Matt Fitzpatrick G Collin Morikawa G Patrick Cantlay G Hideki Matsuyama G Si Woo Kim,,,
587,5189031625,ronmexicoburgundy,0,387,G Tommy Fleetwood G Jon Rahm G Tyrrell Hatton G Patrick Reed G Si Woo Kim G Min Woo Lee,,,
587,5189218153,rwdw0822,0,387,G Rory McIlroy G Chris Gotterup G Robert MacIntyre G Sam Burns G Si Woo Kim G Tom Kim,,,
587,5189265028,elked12,0,387,G Tommy Fleetwood G Chris Gotterup G Wyndham Clark G Robert MacIntyre G Russell Henley G Patrick Reed,,,
587,5189450581,crup08,0,387,G Scottie Scheffler G Matt Fitzpatrick G Sam Burns G Eugenio Lopez-Chacarra G Jordan L. Smith G John Parry,,,
587,5189499833,Baller3311,0,387,G Matt Fitzpatrick G Cameron Young G Collin Morikawa G Chris Gotterup G Si Woo Kim G Min Woo Lee,,,
587,5190061079,jdooley99,0,387,G Scottie Scheffler G Rory McIlroy G Sam Burns G Jesper Svensson G Jackson Suber G Matthew McCarty,,,
587,5190550472,RSN21,0,387,G Rory McIlroy G Chris Gotterup G Robert MacIntyre G Sam Burns G Si Woo Kim G Tom Kim,,,
587,5190597170,Unclesinny7,0,387,G Rory McIlroy G Jon Rahm G Collin Morikawa G Russell Henley G Rickie Fowler G Nicolas Echavarria,,,
587,5190621899,jimhughes6,0,387,G Tommy Fleetwood G Matt Fitzpatrick G Collin Morikawa G Russell Henley G Patrick Reed G Jordan L. Smith,,,
587,5190927642,cbspga11,0,387,G Rory McIlroy G Tommy Fleetwood G Russell Henley G Hideki Matsuyama G Tom Kim G Sungjae Im,,,
599,5189098269,Brookview,0,386.5,G Rory McIlroy G Matt Fitzpatrick G Russell Henley G Hideki Matsuyama G Si Woo Kim G Adam Scott,,,
599,5190018512,bsolom11,0,386.5,G Rory McIlroy G Ludvig Aberg G Brooks Koepka G Alex Fitzpatrick G Hideki Matsuyama G Si Woo Kim,,,
599,5190465043,chicks3,0,386.5,G Scottie Scheffler G Collin Morikawa G Russell Henley G Hideki Matsuyama G J.J. Spaun G Nicolai Hojgaard,,,
599,5190892111,bretty71669,0,386.5,G Tommy Fleetwood G Cameron Young G Robert MacIntyre G Shane Lowry G Alex Fitzpatrick G Nicolai Hojgaard,,,
599,5190989704,jklodawizard,0,386.5,G Scottie Scheffler G Xander Schauffele G Hideki Matsuyama G Si Woo Kim G Brian Harman G Adam Scott,,,
599,5191027252,daddyjolly,0,386.5,G Cameron Young G Bryson DeChambeau G Shane Lowry G Brooks Koepka G Harris English G Kristoffer Reitan,,,
605,5188790795,LucaButt,0,386,G Tommy Fleetwood G Matt Fitzpatrick G Wyndham Clark G Robert MacIntyre G Hideki Matsuyama G Ryan Fox,,,
605,5188987691,ThunderThighs55,0,386,G Xander Schauffele G Ludvig Aberg G Cameron Young G Collin Morikawa G Akshay Bhatia G Max Homa,,,
605,5189012145,bgoob,0,386,G Tommy Fleetwood G Jon Rahm G Tyrrell Hatton G Patrick Cantlay G Patrick Reed G Hideki Matsuyama,,,
605,5189193249,goofybh207,0,386,G Scottie Scheffler G Wyndham Clark G Russell Henley G Justin Thomas G Si Woo Kim G Jacob Bridgeman,,,
605,5189491742,Bloopdouble,0,386,G Tommy Fleetwood G Xander Schauffele G Bryson DeChambeau G Wyndham Clark G Akshay Bhatia G Ryan Fox,,,
605,5189629455,mkleeman20,0,386,G Rory McIlroy G Jon Rahm G Robert MacIntyre G Patrick Cantlay G Si Woo Kim G Kurt Kitayama,,,
605,5190017633,Carter91,0,386,G Tommy Fleetwood G Jon Rahm G Tyrrell Hatton G Patrick Cantlay G Patrick Reed G Hideki Matsuyama,,,
605,5190322608,cwilsn,0,386,G Tommy Fleetwood G Matt Fitzpatrick G Bryson DeChambeau G Robert MacIntyre G Adam Scott G Max Homa,,,
605,5190386437,sando1970,0,386,G Tommy Fleetwood G Ludvig Aberg G Cameron Young G Min Woo Lee G Akshay Bhatia G Kurt Kitayama,,,
605,5190568569,indybilly,0,386,G Xander Schauffele G Cameron Young G Bryson DeChambeau G Sam Burns G Alex Fitzpatrick G Jordan Spieth,,,
605,5190834123,RamsRuleRamsRule,0,386,G Rory McIlroy G Ludvig Aberg G Shane Lowry G Patrick Reed G Hideki Matsuyama G Min Woo Lee,,,
605,5190928361,scoobydaniels,0,386,G Xander Schauffele G Ludvig Aberg G Collin Morikawa G Sam Burns G Joaquin Niemann G Corey Conners,,,
605,5191021395,ga33,0,386,G Tommy Fleetwood G Matt Fitzpatrick G Shane Lowry G Russell Henley G Patrick Cantlay G Si Woo Kim,,,
605,5191038815,mittlekitty,0,386,G Matt Fitzpatrick G Cameron Young G Chris Gotterup G Bryson DeChambeau G Si Woo Kim G Min Woo Lee,,,
619,5188788709,swiftyjb,0,385.5,G Scottie Scheffler G Justin Rose G Shane Lowry G Marco Penge G Jacob Bridgeman G Lucas Herbert,,,
619,5188874456,PMFD,0,385.5,G Xander Schauffele G Cameron Young G Chris Gotterup G Viktor Hovland G Justin Thomas G Si Woo Kim,,,
619,5189254177,tomfoos,0,385.5,G Rory McIlroy G Wyndham Clark G Shane Lowry G Sam Burns G Patrick Cantlay G Hideki Matsuyama,,,
619,5189326351,fredgeo77,0,385.5,G Tommy Fleetwood G Matt Fitzpatrick G Chris Gotterup G Sam Burns G Ben Griffin G Victor Perez,,,
619,5189802881,royemunson22,0,385.5,G Tommy Fleetwood G Matt Fitzpatrick G Chris Gotterup G Robert MacIntyre G Si Woo Kim G Jordan L. Smith,,,
619,5190275457,mitchPSpoolman,0,385.5,G Scottie Scheffler G Chris Gotterup G Bryson DeChambeau G Rickie Fowler G Adam Scott G Jason Day,,,
619,5190328090,chewbomb,0,385.5,G Xander Schauffele G Ludvig Aberg G Tyrrell Hatton G Collin Morikawa G Russell Henley G Francesco Molinari,,,
619,5190460170,cfridz1,0,385.5,G Ludvig Aberg G Cameron Young G Collin Morikawa G Chris Gotterup G Joaquin Niemann G Patrick Cantlay,,,
619,5190555915,LocoKP,0,385.5,G Scottie Scheffler G Collin Morikawa G Wyndham Clark G Russell Henley G Rickie Fowler G Francesco Molinari,,,
619,5190624328,lastminutelevi,0,385.5,G Matt Fitzpatrick G Collin Morikawa G Chris Gotterup G Robert MacIntyre G Sam Burns G Hideki Matsuyama,,,
619,5190624361,Necromancer88,0,385.5,G Tommy Fleetwood G Tyrrell Hatton G Wyndham Clark G Robert MacIntyre G Alex Fitzpatrick G Ryan Fox,,,
619,5190667544,HOCOLOCOS,0,385.5,G Rory McIlroy G Tommy Fleetwood G Joaquin Niemann G Hideki Matsuyama G Si Woo Kim G Rickie Fowler,,,
619,5190853837,Kenjan,0,385.5,G Scottie Scheffler G Cameron Young G Aaron Rai G Hideki Matsuyama G Min Woo Lee G Corey Conners,,,
619,5190990609,dkRunt3321,0,385.5,G Scottie Scheffler G Collin Morikawa G Robert MacIntyre G Hideki Matsuyama G Akshay Bhatia G Lucas Herbert,,,
633,5189122886,RynJor23,0,385,G Jon Rahm G Ludvig Aberg G Cameron Young G Tyrrell Hatton G Tom Kim G Rasmus Neergaard-Petersen,,,
633,5189462567,bcjahnke,0,385,G Jon Rahm G Ludvig Aberg G Cameron Young G Robert MacIntyre G Hideki Matsuyama G Tom Kim,,,
633,5189648410,stephenszach,0,385,G Rory McIlroy G Tommy Fleetwood G Robert MacIntyre G Min Woo Lee G Max Homa G Michael Thorbjornsen,,,
633,5190194110,ManningsElite,0,385,G Scottie Scheffler G Wyndham Clark G Russell Henley G Patrick Cantlay G Si Woo Kim G J.J. Spaun,,,
633,5190255747,tbjones2121,0,385,G Scottie Scheffler G Xander Schauffele G Justin Thomas G Patrick Cantlay G Nick Taylor G Victor Perez,,,
633,5190461441,rmbonitz,0,385,G Tommy Fleetwood G Jon Rahm G Tyrrell Hatton G Alex Fitzpatrick G Si Woo Kim G Victor Perez,,,
633,5190488658,freedom2dfs,0,385,G Rory McIlroy G Tommy Fleetwood G Patrick Cantlay G Si Woo Kim G Corey Conners G Harris English,,,
633,5190537621,SunnyD1371,0,385,G Tommy Fleetwood G Matt Fitzpatrick G Patrick Reed G Si Woo Kim G Kurt Kitayama G Adam Scott,,,
633,5190804660,shiposki75,0,385,G Scottie Scheffler G Xander Schauffele G Justin Thomas G Patrick Cantlay G Nick Taylor G Victor Perez,,,
633,5190906247,ryanhill10,0,385,G Scottie Scheffler G Xander Schauffele G Sam Burns G Jordan L. Smith G Nick Taylor G Michael Kim,,,
633,5191004274,misnomer,0,385,G Collin Morikawa G Chris Gotterup G Bryson DeChambeau G Wyndham Clark G Shane Lowry G Russell Henley,,,
644,5188872133,Penaldhno,0,384.5,G Scottie Scheffler G Rory McIlroy G Ryan Gerard G Michael Brennan G Johnny Keefer G Victor Perez,,,
644,5189224710,cdh601,0,384.5,G Rory McIlroy G Tyrrell Hatton G Robert MacIntyre G Sam Burns G Min Woo Lee G Kristoffer Reitan,,,
644,5189304270,Chuckbang,0,384.5,G Rory McIlroy G Xander Schauffele G Chris Gotterup G Hideki Matsuyama G Corey Conners G Ryo Hisatsune,,,
644,5189484735,kdtre9,0,384.5,G Xander Schauffele G Jon Rahm G Bryson DeChambeau G Brooks Koepka G Justin Thomas G Hideki Matsuyama,,,
644,5189614196,bmurr1001,0,384.5,G Tommy Fleetwood G Cameron Young G Collin Morikawa G Brooks Koepka G Ben Griffin G Jake Knapp,,,
644,5189647973,MSNrube,0,384.5,G Rory McIlroy G Matt Fitzpatrick G Sam Burns G Patrick Reed G Si Woo Kim G Ryan Gerard,,,
644,5189861032,packernation4n12,0,384.5,G Rory McIlroy G Ludvig Aberg G Cameron Young G Si Woo Kim G Tom Kim G Ryo Hisatsune,,,
644,5190074114,cubmann11,0,384.5,G Rory McIlroy G Wyndham Clark G Robert MacIntyre G Sam Burns G Patrick Reed G Hideki Matsuyama,,,
644,5190411633,hitmen20002002,0,384.5,G Ludvig Aberg G Cameron Young G Collin Morikawa G Viktor Hovland G Alex Fitzpatrick G Si Woo Kim,,,
644,5190457412,KarrosHair,0,384.5,G Scottie Scheffler G Chris Gotterup G Russell Henley G Si Woo Kim G Maverick McNealy G Jacob Bridgeman,,,
644,5190741128,goodie1336,0,384.5,G Tommy Fleetwood G Matt Fitzpatrick G Collin Morikawa G Sam Burns G Patrick Reed G Johnny Keefer,,,
644,5190810869,ACEdaddy727,0,384.5,G Tommy Fleetwood G Chris Gotterup G Sam Burns G Russell Henley G Alex Fitzpatrick G Aaron Rai,,,
644,5190886665,mnmahmoodi1281,0,384.5,G Tommy Fleetwood G Matt Fitzpatrick G Robert MacIntyre G Sam Burns G Min Woo Lee G Rickie Fowler,,,
644,5190968128,dschoener,0,384.5,G Tommy Fleetwood G Jon Rahm G Collin Morikawa G Sam Burns G Jordan Spieth G Ryo Hisatsune,,,
644,5190990328,GLover023,0,384.5,G Jon Rahm G Ludvig Aberg G Cameron Young G Shane Lowry G Hideki Matsuyama G Jake Knapp,,,
659,5188785234,yenoham1,0,384,G Scottie Scheffler G Wyndham Clark G Robert MacIntyre G Russell Henley G Si Woo Kim G Nick Taylor,,,
659,5189288259,KingWade41,0,384,G Cameron Young G Tyrrell Hatton G Chris Gotterup G Bryson DeChambeau G Wyndham Clark G Hideki Matsuyama,,,
659,5189351752,mika0015,0,384,G Scottie Scheffler G Wyndham Clark G Sam Burns G Patrick Reed G Ben Griffin G Rickie Fowler,,,
659,5190099688,rolltideTCP14,0,384,G Rory McIlroy G Viktor Hovland G Shane Lowry G Sam Burns G Justin Thomas G Adam Scott,,,
659,5190571073,beedeb36,0,384,G Xander Schauffele G Cameron Young G Bryson DeChambeau G Viktor Hovland G Brooks Koepka G Hideki Matsuyama,,,
659,5190676961,surveyor7866,0,384,G Tommy Fleetwood G Cameron Young G Chris Gotterup G Wyndham Clark G Si Woo Kim G Tom Kim,,,
659,5190683024,hallmart,0,384,G Tommy Fleetwood G Xander Schauffele G Chris Gotterup G Brooks Koepka G Si Woo Kim G Nicolai Hojgaard,,,
659,5190924484,jake_desselle,0,384,G Tommy Fleetwood G Collin Morikawa G Wyndham Clark G Robert MacIntyre G Justin Thomas G Hideki Matsuyama,,,
659,5191028000,kbstunna,0,384,G Matt Fitzpatrick G Tyrrell Hatton G Collin Morikawa G Sam Burns G Russell Henley G Si Woo Kim,,,
668,5189250998,jimjon2781,0,383.5,G Scottie Scheffler G Collin Morikawa G Russell Henley G Hideki Matsuyama G Akshay Bhatia G Victor Perez,,,
668,5189361168,HUNTERZW,0,383.5,G Rory McIlroy G Tyrrell Hatton G Robert MacIntyre G Sam Burns G Ben Griffin G Rickie Fowler,,,
668,5189622200,ryanc1,0,383.5,G Tommy Fleetwood G Collin Morikawa G Chris Gotterup G Robert MacIntyre G Russell Henley G Akshay Bhatia,,,
668,5189644909,zanaze,0,383.5,G Jon Rahm G Tyrrell Hatton G Chris Gotterup G Bryson DeChambeau G Brooks Koepka G Si Woo Kim,,,
668,5189925434,jgfny1961,0,383.5,G Rory McIlroy G Matt Fitzpatrick G Cameron Young G Si Woo Kim G Rickie Fowler G Peter Uihlein,,,
668,5190430739,Money-Maker-Mooney,0,383.5,G Cameron Young G Tyrrell Hatton G Chris Gotterup G Viktor Hovland G Sam Burns G Justin Thomas,,,
668,5190449423,Roughdraft2332,0,383.5,G Rory McIlroy G Collin Morikawa G Chris Gotterup G Robert MacIntyre G Min Woo Lee G Eric Cole,,,
668,5190647454,jdb19761,0,383.5,G Scottie Scheffler G Rory McIlroy G Jacob Bridgeman G Matt Wallace G Ryo Hisatsune G Bud Cauley,,,
668,5190731672,Zrios85,0,383.5,G Tommy Fleetwood G Jon Rahm G Wyndham Clark G Robert MacIntyre G Si Woo Kim G J.J. Spaun,,,
668,5190829807,mtarzia,0,383.5,G Jon Rahm G Ludvig Aberg G Cameron Young G Viktor Hovland G Joaquin Niemann G Ryan Fox,,,
678,5188790495,beddy1,0,383,G Cameron Young G Viktor Hovland G Wyndham Clark G Robert MacIntyre G Sam Burns G Russell Henley,,,
678,5188869711,ryanc5,0,383,G Xander Schauffele G Jon Rahm G Collin Morikawa G Robert MacIntyre G Patrick Reed G J.J. Spaun,,,
678,5188905405,slappey22,0,383,G Tommy Fleetwood G Xander Schauffele G Cameron Young G Alex Fitzpatrick G Hideki Matsuyama G Gary Woodland,,,
678,5189425608,maverick_1324,0,383,G Rory McIlroy G Collin Morikawa G Chris Gotterup G Alex Fitzpatrick G Maverick McNealy G Ryan Fox,,,
678,5189525231,MakeMyDay7,0,383,G Rory McIlroy G Cameron Young G Robert MacIntyre G Justin Thomas G Si Woo Kim G Maverick McNealy,,,
678,5190983703,pmahoney5,0,383,G Tommy Fleetwood G Matt Fitzpatrick G Collin Morikawa G Shane Lowry G Rickie Fowler G Victor Perez,,,
678,5190986985,weatherg,0,383,G Scottie Scheffler G Rory McIlroy G Ryan Fox G Rasmus Hojgaard G Ryo Hisatsune G Michael Thorbjornsen,,,
685,5189039936,MJRIPZ,0,382.5,G Scottie Scheffler G Chris Gotterup G Sam Burns G Min Woo Lee G Tom Kim G Ryan Gerard,,,
685,5189055503,cutes1969,0,382.5,G Scottie Scheffler G Rory McIlroy G Keegan Bradley G Max Homa G Nick Taylor G Jackson Suber,,,
685,5189357344,ZipJip,0,382.5,G Rory McIlroy G Tyrrell Hatton G Russell Henley G Justin Thomas G Patrick Reed G Si Woo Kim,,,
685,5189504172,Jeffbro300,0,382.5,G Jon Rahm G Chris Gotterup G Viktor Hovland G Robert MacIntyre G Sam Burns G Russell Henley,,,
685,5189671600,j2rose,0,382.5,G Matt Fitzpatrick G Cameron Young G Chris Gotterup G Sam Burns G Alex Fitzpatrick G Patrick Reed,,,
685,5189714146,hungee,0,382.5,G Scottie Scheffler G Chris Gotterup G Sam Burns G Jordan Spieth G Hideki Matsuyama G Nick Taylor,,,
685,5190309927,ivymoose,0,382.5,G Scottie Scheffler G Jon Rahm G Patrick Cantlay G Min Woo Lee G J.J. Spaun G Ryan Gerard,,,
685,5190649511,NatePrice0617,0,382.5,G Scottie Scheffler G Jon Rahm G Patrick Cantlay G Min Woo Lee G J.J. Spaun G Ryan Gerard,,,
693,5188840404,JcClark18,0,382,G Scottie Scheffler G Viktor Hovland G Robert MacIntyre G Patrick Cantlay G Si Woo Kim G Adam Scott,,,
693,5188968288,Kalmer70,0,382,G Rory McIlroy G Tyrrell Hatton G Chris Gotterup G Hideki Matsuyama G Si Woo Kim G Sahith Theegala,,,
693,5189474827,raywilliams14,0,382,G Scottie Scheffler G Ludvig Aberg G Justin Thomas G Ben Griffin G Corey Conners G Nick Taylor,,,
693,5189553566,atorres805,0,382,G Tommy Fleetwood G Matt Fitzpatrick G Chris Gotterup G Brooks Koepka G Rickie Fowler G Adam Scott,,,
693,5189686368,daniel3320,0,382,G Rory McIlroy G Cameron Young G Viktor Hovland G Sam Burns G Min Woo Lee G Ryo Hisatsune,,,
693,5189735824,dugan001,0,382,G Jon Rahm G Ludvig Aberg G Bryson DeChambeau G Russell Henley G Justin Thomas G Alex Fitzpatrick,,,
693,5189736519,thebonenc,0,382,G Tommy Fleetwood G Collin Morikawa G Chris Gotterup G Robert MacIntyre G Russell Henley G Brian Harman,,,
693,5189880585,UpstateSS,0,382,G Tommy Fleetwood G Collin Morikawa G Chris Gotterup G Robert MacIntyre G Russell Henley G Brian Harman,,,
693,5189943228,brodyvegas,0,382,G Tommy Fleetwood G Matt Fitzpatrick G Cameron Young G Alex Fitzpatrick G Patrick Reed G Jackson Suber,,,
693,5189973743,Zaner378,0,382,G Tommy Fleetwood G Collin Morikawa G Chris Gotterup G Robert MacIntyre G Russell Henley G Brian Harman,,,
693,5190122259,unimattc,0,382,G Rory McIlroy G Tyrrell Hatton G Chris Gotterup G Russell Henley G Si Woo Kim G Ryo Hisatsune,,,
693,5190488893,esfdae21,0,382,G Tommy Fleetwood G Ludvig Aberg G Collin Morikawa G Robert MacIntyre G Jordan Spieth G Jordan L. Smith,,,
693,5190622592,jercofmqa,0,382,G Rory McIlroy G Cameron Young G Collin Morikawa G Patrick Reed G Nicolai Hojgaard G Sahith Theegala,,,
693,5190951369,Maxedout19,0,382,G Scottie Scheffler G Jon Rahm G Justin Thomas G Patrick Cantlay G J.J. Spaun G Hennie Du Plessis,,,
693,5191031354,colson26,0,382,G Rory McIlroy G Tyrrell Hatton G Sam Burns G Alex Fitzpatrick G Si Woo Kim G Eugenio Lopez-Chacarra,,,
708,5188792024,Damonri,0,381.5,G Rory McIlroy G Jon Rahm G Robert MacIntyre G Patrick Cantlay G Min Woo Lee G Adam Scott,,,
708,5189459129,johnsons24,0,381.5,G Scottie Scheffler G Robert MacIntyre G Sam Burns G Alex Fitzpatrick G Tom Kim G Adam Scott,,,
708,5189482027,mpontrich,0,381.5,G Rory McIlroy G Tommy Fleetwood G Robert MacIntyre G Justin Thomas G Ryo Hisatsune G Nick Taylor,,,
708,5190232549,RyanCox421,0,381.5,G Rory McIlroy G Xander Schauffele G Ludvig Aberg G Michael Thorbjornsen G Victor Perez G Aldrich Potgieter,,,
708,5190382542,LOCNOTM,0,381.5,G Tommy Fleetwood G Matt Fitzpatrick G Sam Burns G Alex Fitzpatrick G Patrick Cantlay G Si Woo Kim,,,
708,5190409068,Gagep1328,0,381.5,G Matt Fitzpatrick G Cameron Young G Bryson DeChambeau G Robert MacIntyre G Brooks Koepka G Hideki Matsuyama,,,
708,5190449666,Buckeye-Ninja,0,381.5,G Tommy Fleetwood G Ludvig Aberg G Viktor Hovland G Robert MacIntyre G Patrick Cantlay G Si Woo Kim,,,
708,5190478021,jcobb04,0,381.5,G Scottie Scheffler G Robert MacIntyre G Sam Burns G Alex Fitzpatrick G Tom Kim G Adam Scott,,,
708,5190533209,RTL701,0,381.5,G Scottie Scheffler G Chris Gotterup G Robert MacIntyre G Hideki Matsuyama G Tom Kim G Adam Scott,,,
708,5190540167,postalwolf,0,381.5,G Cameron Young G Tyrrell Hatton G Chris Gotterup G Bryson DeChambeau G Viktor Hovland G Si Woo Kim,,,
708,5190582365,bryonr41,0,381.5,G Jon Rahm G Cameron Young G Collin Morikawa G Bryson DeChambeau G Viktor Hovland G Nick Taylor,,,
708,5190669378,Tugger06,0,381.5,G Matt Fitzpatrick G Ludvig Aberg G Chris Gotterup G Sam Burns G Si Woo Kim G Min Woo Lee,,,
720,5188793751,shon28,0,381,G Rory McIlroy G Cameron Young G Chris Gotterup G Si Woo Kim G Min Woo Lee G Tom Kim,,,
720,5189000830,abbitude,0,381,G Matt Fitzpatrick G Jon Rahm G Tyrrell Hatton G Robert MacIntyre G Si Woo Kim G Ryan Fox,,,
720,5189004596,belvison,0,381,G Tommy Fleetwood G Jon Rahm G Collin Morikawa G Patrick Cantlay G Si Woo Kim G Tom Kim,,,
720,5189118382,jsibby20,0,381,G Cameron Young G Collin Morikawa G Viktor Hovland G Wyndham Clark G Robert MacIntyre G Sam Burns,,,
720,5189175243,WheelsupDFS,0,381,G Scottie Scheffler G Collin Morikawa G Bryson DeChambeau G Joaquin Niemann G Si Woo Kim G Matthew Southgate,,,
720,5189647106,homeyc99,0,381,G Ludvig Aberg G Tyrrell Hatton G Wyndham Clark G Robert MacIntyre G Sam Burns G Russell Henley,,,
720,5189843261,rawlsr64,0,381,G Matt Fitzpatrick G Jon Rahm G Chris Gotterup G Sam Burns G Patrick Reed G Si Woo Kim,,,
720,5189904490,golfinthe215,0,381,G Rory McIlroy G Justin Rose G Collin Morikawa G Patrick Reed G Keegan Bradley G Ryan Fox,,,
720,5189953642,Bcarr64,0,381,G Scottie Scheffler G Rory McIlroy G Patrick Reed G Adam Scott G Jackson Suber G Joe Dean,,,
720,5190014871,JillandPhil,0,381,G Rory McIlroy G Ludvig Aberg G Robert MacIntyre G Patrick Cantlay G Hideki Matsuyama G Min Woo Lee,,,
720,5190203673,btchica,0,381,G Rory McIlroy G Tyrrell Hatton G Chris Gotterup G Robert MacIntyre G Adam Scott G Aldrich Potgieter,,,
720,5190245831,henry296,0,381,G Rory McIlroy G Tommy Fleetwood G Shane Lowry G Si Woo Kim G Tom Kim G Bud Cauley,,,
720,5190291671,Lightnin18,0,381,G Cameron Young G Collin Morikawa G Viktor Hovland G Wyndham Clark G Robert MacIntyre G Sam Burns,,,
720,5190550416,DolfinfanKen,0,381,G Justin Rose G Cameron Young G Collin Morikawa G Chris Gotterup G Brooks Koepka G Patrick Reed,,,
720,5190840028,brandon_kristy,0,381,G Tommy Fleetwood G Matt Fitzpatrick G Wyndham Clark G Russell Henley G Min Woo Lee G Ryan Fox,,,
720,5190951077,gregsuxD,0,381,G Tommy Fleetwood G Ludvig Aberg G Collin Morikawa G Aaron Rai G Patrick Reed G Hideki Matsuyama,,,
736,5189215842,bigmac70,0,380.5,G Tommy Fleetwood G Chris Gotterup G Wyndham Clark G Russell Henley G Brooks Koepka G Justin Thomas,,,
736,5189493577,trailrunnerryan,0,380.5,G Tommy Fleetwood G Xander Schauffele G Chris Gotterup G Jordan Spieth G Si Woo Kim G Sungjae Im,,,
736,5189544698,HuskerNTexas,0,380.5,G Matt Fitzpatrick G Collin Morikawa G Chris Gotterup G Sam Burns G Russell Henley G Min Woo Lee,,,
736,5190214504,roybick,0,380.5,G Jon Rahm G Tyrrell Hatton G Chris Gotterup G Robert MacIntyre G Russell Henley G Corey Conners,,,
736,5190402851,themeltuwec,0,380.5,G Rory McIlroy G Cameron Young G Chris Gotterup G Patrick Cantlay G Hideki Matsuyama G Maverick McNealy,,,
736,5190548810,cjg817,0,380.5,G Matt Fitzpatrick G Collin Morikawa G Chris Gotterup G Shane Lowry G Sam Burns G Patrick Reed,,,
736,5190578363,volcharlie,0,380.5,G Tommy Fleetwood G Cameron Young G Tyrrell Hatton G Justin Thomas G Hideki Matsuyama G Tom Kim,,,
736,5190730829,jeckleberry,0,380.5,G Rory McIlroy G Ludvig Aberg G Cameron Young G Tom Kim G Ryan Gerard G Sahith Theegala,,,
736,5190840308,Clevelandhague97,0,380.5,G Scottie Scheffler G Chris Gotterup G Shane Lowry G Alex Fitzpatrick G Max Homa G Alex Noren,,,
736,5190914110,Perkinsbrookings,0,380.5,G Rory McIlroy G Bryson DeChambeau G Shane Lowry G Sam Burns G Jordan Spieth G Rickie Fowler,,,
736,5190931262,Cole3pt,0,380.5,G Tommy Fleetwood G Jon Rahm G Viktor Hovland G Robert MacIntyre G Si Woo Kim G Rickie Fowler,,,
736,5190977847,ocnicohco,0,380.5,G Jon Rahm G Cameron Young G Tyrrell Hatton G Wyndham Clark G Russell Henley G Rickie Fowler,,,
748,5188797695,tigobity,0,380,G Jon Rahm G Ludvig Aberg G Tyrrell Hatton G Robert MacIntyre G Si Woo Kim G J.J. Spaun,,,
748,5188852507,jrancor22,0,380,G Tommy Fleetwood G Matt Fitzpatrick G Russell Henley G Justin Thomas G Patrick Reed G Si Woo Kim,,,
748,5189053477,Cedar247,0,380,G Tommy Fleetwood G Matt Fitzpatrick G Chris Gotterup G Wyndham Clark G Kurt Kitayama G Ryan Fox,,,
748,5189109415,nvandey,0,380,G Jon Rahm G Tyrrell Hatton G Collin Morikawa G Robert MacIntyre G Russell Henley G Patrick Reed,,,
748,5189155717,jayhayallday,0,380,G Scottie Scheffler G Justin Rose G Robert MacIntyre G Russell Henley G Casey Jarvis G Francesco Molinari,,,
748,5189311296,Lukeyg4,0,380,G Jon Rahm G Tyrrell Hatton G Collin Morikawa G Robert MacIntyre G Russell Henley G Patrick Reed,,,
748,5189574943,Willis59,0,380,G Rory McIlroy G Justin Rose G Sam Burns G Russell Henley G Patrick Reed G Jacob Bridgeman,,,
748,5189840854,betmguerra,0,380,G Tommy Fleetwood G Tyrrell Hatton G Viktor Hovland G Robert MacIntyre G Sam Burns G Ryan Gerard,,,
748,5190373838,Mikeck88,0,380,G Tommy Fleetwood G Cameron Young G Robert MacIntyre G Shane Lowry G Alex Fitzpatrick G Tom Kim,,,
748,5190389273,Willis0714,0,380,G Rory McIlroy G Tommy Fleetwood G Joaquin Niemann G Patrick Reed G Adam Scott G Victor Perez,,,
748,5190775348,Alexbieri,0,380,G Cameron Young G Collin Morikawa G Chris Gotterup G Bryson DeChambeau G Viktor Hovland G Ben Griffin,,,
748,5190849085,wingding1961,0,380,G Tommy Fleetwood G Cameron Young G Tyrrell Hatton G Aaron Rai G Patrick Reed G Hideki Matsuyama,,,
748,5190858051,smilingeyes,0,380,G Scottie Scheffler G Tommy Fleetwood G Ludvig Aberg G Sam Stevens G Josele Ballester G Peter Uihlein,,,
761,5189011265,Superdan916,0,379.5,G Cameron Young G Tyrrell Hatton G Chris Gotterup G Wyndham Clark G Sam Burns G Alex Fitzpatrick,,,
761,5189109396,tblanton111,0,379.5,G Scottie Scheffler G Rory McIlroy G Hideki Matsuyama G Adam Scott G Sahith Theegala G Henrik Stenson,,,
761,5189119917,Gxpress,0,379.5,G Tommy Fleetwood G Tyrrell Hatton G Chris Gotterup G Robert MacIntyre G Shane Lowry G Johnny Keefer,,,
761,5189334578,jlee20,0,379.5,G Rory McIlroy G Matt Fitzpatrick G Robert MacIntyre G Sam Burns G Ryan Fox G Andrew Novak,,,
761,5189873429,Brucebruce123,0,379.5,G Scottie Scheffler G Bryson DeChambeau G Robert MacIntyre G Si Woo Kim G Tom Kim G Kristoffer Reitan,,,
761,5189953300,Needabump,0,379.5,G Tommy Fleetwood G Jon Rahm G Tyrrell Hatton G Patrick Reed G Hideki Matsuyama G Min Woo Lee,,,
761,5190429695,jtyler123,0,379.5,G Tommy Fleetwood G Jon Rahm G Collin Morikawa G Robert MacIntyre G Nicolai Hojgaard G Kristoffer Reitan,,,
761,5190433429,Peanutbuttershelf,0,379.5,G Tommy Fleetwood G Ludvig Aberg G Chris Gotterup G Robert MacIntyre G Patrick Reed G Nicolai Hojgaard,,,
761,5190490539,rangersfan6,0,379.5,G Tommy Fleetwood G Jon Rahm G Collin Morikawa G Robert MacIntyre G Nicolai Hojgaard G Kristoffer Reitan,,,
761,5190699639,Fieldofdreams1,0,379.5,G Scottie Scheffler G Ludvig Aberg G Aaron Rai G Si Woo Kim G Min Woo Lee G Adam Scott,,,
761,5190703648,tnolan83,0,379.5,G Rory McIlroy G Wyndham Clark G Sam Burns G Russell Henley G Patrick Reed G Min Woo Lee,,,
761,5190707246,boomer5294,0,379.5,G Matt Fitzpatrick G Jon Rahm G Cameron Young G Chris Gotterup G Si Woo Kim G Nick Taylor,,,
761,5190764796,apotts25,0,379.5,G Matt Fitzpatrick G Ludvig Aberg G Chris Gotterup G Sam Burns G Justin Thomas G Hideki Matsuyama,,,
761,5190915588,LovemyChubb,0,379.5,G Tommy Fleetwood G Jon Rahm G Collin Morikawa G Robert MacIntyre G Nicolai Hojgaard G Kristoffer Reitan,,,
761,5191014606,Bigron7,0,379.5,G Tommy Fleetwood G Jon Rahm G Collin Morikawa G Robert MacIntyre G Nicolai Hojgaard G Kristoffer Reitan,,,
776,5188983920,jeffcappa,0,379,G Rory McIlroy G Tommy Fleetwood G Robert MacIntyre G Si Woo Kim G Nicolai Hojgaard G Francesco Molinari,,,
776,5190090017,KB327327,0,379,G Tommy Fleetwood G Xander Schauffele G Chris Gotterup G Robert MacIntyre G Akshay Bhatia G Adam Scott,,,
776,5190697697,Mendon1,0,379,G Tommy Fleetwood G Chris Gotterup G Viktor Hovland G Robert MacIntyre G Patrick Reed G Si Woo Kim,,,
776,5190819227,lenfran,0,379,G Matt Fitzpatrick G Cameron Young G Chris Gotterup G Justin Thomas G Patrick Cantlay G Si Woo Kim,,,
776,5190833790,teamleem,0,379,G Tommy Fleetwood G Cameron Young G Tyrrell Hatton G Shane Lowry G Patrick Cantlay G Maverick McNealy,,,
776,5190891315,bilnicki75,0,379,G Tommy Fleetwood G Justin Rose G Tyrrell Hatton G Sam Burns G Patrick Reed G Ryan Gerard,,,
776,5190901566,NeoRevan,0,379,G Scottie Scheffler G Tommy Fleetwood G Brooks Koepka G Nicolai Hojgaard G John Parry G Peter Uihlein,,,
776,5190971535,cmrnfdz,0,379,G Scottie Scheffler G Rory McIlroy G Russell Henley G Casey Jarvis G Laurie Canter G Keita Nakajima,,,
784,5188805883,Jesseromes714,0,378.5,G Jon Rahm G Justin Rose G Collin Morikawa G Sam Burns G Russell Henley G Min Woo Lee,,,
784,5189209709,creistad24,0,378.5,G Cameron Young G Chris Gotterup G Viktor Hovland G Wyndham Clark G Shane Lowry G Sam Burns,,,
784,5189494095,stormking82,0,378.5,G Scottie Scheffler G Tommy Fleetwood G Casey Jarvis G Nick Taylor G Matthew McCarty G Nicolas Echavarria,,,
784,5189814331,kcw66,0,378.5,G Scottie Scheffler G Collin Morikawa G Shane Lowry G Russell Henley G Akshay Bhatia G John Parry,,,
784,5190398305,bradfordtl,0,378.5,G Rory McIlroy G Cameron Young G Robert MacIntyre G Alex Fitzpatrick G Ben Griffin G J.J. Spaun,,,
784,5190603075,wsol,0,378.5,G Rory McIlroy G Justin Rose G Robert MacIntyre G Sam Burns G Tom Kim G Ryan Fox,,,
784,5190701893,dkarmour,0,378.5,G Rory McIlroy G Tommy Fleetwood G Justin Thomas G Hideki Matsuyama G Si Woo Kim G Rasmus Hojgaard,,,
784,5190836385,Votts,0,378.5,G Matt Fitzpatrick G Tyrrell Hatton G Chris Gotterup G Sam Burns G Russell Henley G Si Woo Kim,,,
784,5190969965,GhostriderSS,0,378.5,G Matt Fitzpatrick G Xander Schauffele G Collin Morikawa G Russell Henley G Hideki Matsuyama G Si Woo Kim,,,
784,5191007565,anteup11,0,378.5,G Scottie Scheffler G Rory McIlroy G Kristoffer Reitan G Gary Woodland G Daniel Brown G Victor Perez,,,
784,5191024616,blg85,0,378.5,G Scottie Scheffler G Matt Fitzpatrick G Hideki Matsuyama G Si Woo Kim G Jacob Bridgeman G Victor Perez,,,
795,5189422991,Wineandshine247,0,378,G Justin Rose G Cameron Young G Collin Morikawa G Sam Burns G Russell Henley G Jordan Spieth,,,
795,5189926689,BoozeHound7791,0,378,G Matt Fitzpatrick G Jon Rahm G Chris Gotterup G Bryson DeChambeau G Si Woo Kim G Adam Scott,,,
795,5190280759,tango46,0,378,G Tyrrell Hatton G Collin Morikawa G Chris Gotterup G Marco Penge G Eugenio Lopez-Chacarra G Kristoffer Reitan,,,
795,5190773019,RichGaluszka,0,378,G Rory McIlroy G Collin Morikawa G Sam Burns G Brooks Koepka G Aaron Rai G Hideki Matsuyama,,,
795,5190870933,PackersNSkins,0,378,G Xander Schauffele G Ludvig Aberg G Cameron Young G Justin Thomas G Aaron Rai G Hideki Matsuyama,,,
795,5191032719,nit4muhnee,0,378,G Tommy Fleetwood G Matt Fitzpatrick G Wyndham Clark G Robert MacIntyre G Patrick Reed G Ryan Fox,,,
801,5188822853,ingystyle,0,377.5,G Tommy Fleetwood G Jon Rahm G Viktor Hovland G Russell Henley G Si Woo Kim G Min Woo Lee,,,
801,5188830510,tigerseagles12,0,377.5,G Matt Fitzpatrick G Cameron Young G Wyndham Clark G Sam Burns G Russell Henley G Kurt Kitayama,,,
801,5188834389,luckymark62,0,377.5,G Matt Fitzpatrick G Xander Schauffele G Robert MacIntyre G Sam Burns G Si Woo Kim G J.J. Spaun,,,
801,5189065248,Tbone1230,0,377.5,G Scottie Scheffler G Sam Burns G Justin Thomas G Jordan Spieth G Patrick Reed G Rickie Fowler,,,
801,5189114475,codiepk,0,377.5,G Rory McIlroy G Tommy Fleetwood G Robert MacIntyre G Ben Griffin G J.J. Spaun G Ryo Hisatsune,,,
801,5189171585,brightw,0,377.5,G Rory McIlroy G Tommy Fleetwood G Hideki Matsuyama G Corey Conners G Harris English G Kurt Kitayama,,,
801,5189880489,cxt7,0,377.5,G Xander Schauffele G Cameron Young G Collin Morikawa G Viktor Hovland G Patrick Reed G J.J. Spaun,,,
801,5190072088,LoganGrewe50,0,377.5,G Tommy Fleetwood G Jon Rahm G Viktor Hovland G Russell Henley G Si Woo Kim G Min Woo Lee,,,
801,5190099568,avclampitt,0,377.5,G Rory McIlroy G Collin Morikawa G Shane Lowry G Brooks Koepka G Patrick Reed G Min Woo Lee,,,
801,5190349422,MartyParty323,0,377.5,G Tommy Fleetwood G Jon Rahm G Viktor Hovland G Russell Henley G Si Woo Kim G Min Woo Lee,,,
801,5190709413,Ryan138,0,377.5,G Scottie Scheffler G Wyndham Clark G Russell Henley G Patrick Cantlay G Si Woo Kim G Min Woo Lee,,,
801,5190784975,wbrady83,0,377.5,G Rory McIlroy G Tommy Fleetwood G Collin Morikawa G Akshay Bhatia G Ryan Gerard G John Parry,,,
801,5190891107,scrub69,0,377.5,G Tommy Fleetwood G Jon Rahm G Viktor Hovland G Russell Henley G Si Woo Kim G Min Woo Lee,,,
814,5188883235,maverick7735,0,377,G Scottie Scheffler G Chris Gotterup G Russell Henley G Patrick Cantlay G Si Woo Kim G Akshay Bhatia,,,
814,5189136368,cox8282,0,377,G Jon Rahm G Ludvig Aberg G Chris Gotterup G Robert MacIntyre G Alex Fitzpatrick G Hideki Matsuyama,,,
814,5189463526,slickcat,0,377,G Scottie Scheffler G Robert MacIntyre G Russell Henley G Patrick Cantlay G Si Woo Kim G Tom Kim,,,
814,5189598465,WHITGAR,0,377,G Rory McIlroy G Tommy Fleetwood G Sam Burns G Patrick Reed G Akshay Bhatia G Ryo Hisatsune,,,
814,5190455720,Kennyjoy,0,377,G Tommy Fleetwood G Xander Schauffele G Shane Lowry G Sam Burns G Jordan Spieth G Ben Griffin,,,
814,5190498761,jumangibuttercup,0,377,G Tommy Fleetwood G Matt Fitzpatrick G Ludvig Aberg G Si Woo Kim G J.J. Spaun G Kurt Kitayama,,,
814,5190528973,13Sig,0,377,G Tommy Fleetwood G Tyrrell Hatton G Robert MacIntyre G Russell Henley G Alex Fitzpatrick G Patrick Reed,,,
814,5190579016,Cobra777666777,0,377,G Ludvig Aberg G Collin Morikawa G Chris Gotterup G Viktor Hovland G Shane Lowry G Si Woo Kim,,,
814,5191031843,AGreene23,0,377,G Jon Rahm G Collin Morikawa G Bryson DeChambeau G Sam Burns G Brooks Koepka G Joaquin Niemann,,,
823,5188944036,hawk5rule,0,376.5,G Scottie Scheffler G Ryan Gerard G Rasmus Hojgaard G Rasmus Neergaard-Petersen G Jordan L. Smith G Michael Thorbjornsen,,,
823,5188947638,mrkmax,0,376.5,G Scottie Scheffler G Chris Gotterup G Viktor Hovland G Kurt Kitayama G Rickie Fowler G Adam Scott,,,
823,5189005718,ekimnotloh,0,376.5,G Matt Fitzpatrick G Xander Schauffele G Collin Morikawa G Russell Henley G Si Woo Kim G Corey Conners,,,
823,5189127197,MEC20,0,376.5,G Scottie Scheffler G Bryson DeChambeau G Sam Burns G Jordan Spieth G Patrick Reed G Michael Thorbjornsen,,,
823,5189198330,btruman,0,376.5,G Matt Fitzpatrick G Xander Schauffele G Collin Morikawa G Robert MacIntyre G Si Woo Kim G Adam Scott,,,
823,5189295886,spike08139,0,376.5,G Tommy Fleetwood G Viktor Hovland G Wyndham Clark G Robert MacIntyre G Sam Burns G Si Woo Kim,,,
823,5189657651,docfromstl,0,376.5,G Scottie Scheffler G Tyrrell Hatton G Jacob Bridgeman G Ryan Fox G Caleb Surratt G Michael Thorbjornsen,,,
823,5189759226,cplo42,0,376.5,G Matt Fitzpatrick G Cameron Young G Viktor Hovland G Shane Lowry G Sam Burns G Si Woo Kim,,,
823,5189932845,magee7645,0,376.5,G Xander Schauffele G Collin Morikawa G Chris Gotterup G Robert MacIntyre G Sam Burns G Jordan Spieth,,,
823,5190362103,domin8ters,0,376.5,G Tommy Fleetwood G Matt Fitzpatrick G Robert MacIntyre G Russell Henley G Si Woo Kim G Min Woo Lee,,,
823,5190554535,cjspearsdog,0,376.5,G Rory McIlroy G Matt Fitzpatrick G Cameron Young G Hideki Matsuyama G Laurie Canter G Victor Perez,,,
823,5190732706,newguy84,0,376.5,G Rory McIlroy G Collin Morikawa G Wyndham Clark G Patrick Cantlay G Hideki Matsuyama G Si Woo Kim,,,
823,5190823302,DoloMitex478,0,376.5,G Tommy Fleetwood G Jon Rahm G Viktor Hovland G Shane Lowry G Si Woo Kim G J.J. Spaun,,,
823,5190994360,Bonafide24,0,376.5,G Scottie Scheffler G Tyrrell Hatton G Alex Fitzpatrick G Patrick Reed G Si Woo Kim G Rickie Fowler,,,
837,5189032882,ebdog,0,376,G Justin Rose G Cameron Young G Collin Morikawa G Viktor Hovland G Sam Burns G Corey Conners,,,
837,5189472703,24-Seven,0,376,G Scottie Scheffler G Chris Gotterup G Russell Henley G Hideki Matsuyama G Corey Conners G Brian Harman,,,
837,5189615994,JPME,0,376,G Tommy Fleetwood G Tyrrell Hatton G Chris Gotterup G Robert MacIntyre G Patrick Cantlay G Min Woo Lee,,,
837,5189685501,tek1959,0,376,G Tommy Fleetwood G Collin Morikawa G Viktor Hovland G Robert MacIntyre G Shane Lowry G Max Homa,,,
837,5189821229,michaelpayne3222,0,376,G Rory McIlroy G Justin Rose G Wyndham Clark G Robert MacIntyre G Adam Scott G Ryan Fox,,,
837,5189966545,popguy9898,0,376,G Rory McIlroy G Tommy Fleetwood G Russell Henley G J.J. Spaun G Harris English G Alex Noren,,,
837,5190020635,RoobK19,0,376,G Scottie Scheffler G Jon Rahm G Si Woo Kim G J.J. Spaun G Harris English G Ryan Gerard,,,
837,5190188862,bart2201,0,376,G Tommy Fleetwood G Justin Rose G Cameron Young G Wyndham Clark G Si Woo Kim G Sahith Theegala,,,
837,5190241529,enemymine,0,376,G Tommy Fleetwood G Jon Rahm G Ludvig Aberg G Patrick Cantlay G Si Woo Kim G Akshay Bhatia,,,
837,5190258457,sharpy78,0,376,G Scottie Scheffler G Rory McIlroy G Harry Hall G Jordan L. Smith G Nick Taylor G Jackson Suber,,,
837,5190571083,timer454,0,376,G Matt Fitzpatrick G Cameron Young G Wyndham Clark G Robert MacIntyre G Sam Burns G Hideki Matsuyama,,,
837,5190805602,nostradopus,0,376,G Scottie Scheffler G Tommy Fleetwood G Si Woo Kim G Tom Kim G Nick Taylor G Michael Thorbjornsen,,,
837,5190877544,Thibeaux87,0,376,G Rory McIlroy G Jon Rahm G Shane Lowry G Hideki Matsuyama G Min Woo Lee G J.J. Spaun,,,
837,5190934715,ganussbaum,0,376,G Xander Schauffele G Justin Rose G Robert MacIntyre G Sam Burns G Russell Henley G Justin Thomas,,,
837,5190957496,scosho3124,0,376,G Jon Rahm G Justin Rose G Cameron Young G Chris Gotterup G Si Woo Kim G Ben Griffin,,,
852,5188799580,bdubsfantasy,0,375.5,G Cameron Young G Chris Gotterup G Viktor Hovland G Wyndham Clark G Robert MacIntyre G Sam Burns,,,
852,5188875717,seanhackbarth,0,375.5,G Scottie Scheffler G Jon Rahm G Hideki Matsuyama G Ben Griffin G Rickie Fowler G Keegan Bradley,,,
852,5189020096,USRaider,0,375.5,G Tommy Fleetwood G Cameron Young G Robert MacIntyre G Shane Lowry G Alex Fitzpatrick G Jordan Spieth,,,
852,5189382913,fatboys98,0,375.5,G Rory McIlroy G Ludvig Aberg G Chris Gotterup G Si Woo Kim G Cameron Smith G Jordan L. Smith,,,
852,5189450852,xghvk,0,375.5,G Rory McIlroy G Tommy Fleetwood G Chris Gotterup G Russell Henley G Matthew Jordan G Matthew Southgate,,,
852,5189568425,jschmiegdk,0,375.5,G Scottie Scheffler G Chris Gotterup G Shane Lowry G Si Woo Kim G Cameron Smith G Kurt Kitayama,,,
852,5190089798,ZMurr72,0,375.5,G Matt Fitzpatrick G Collin Morikawa G Chris Gotterup G Robert MacIntyre G Russell Henley G Si Woo Kim,,,
852,5190093153,timothyrobinette,0,375.5,G Scottie Scheffler G Matt Fitzpatrick G Patrick Reed G Si Woo Kim G Ryan Gerard G Victor Perez,,,
852,5190194584,jacksnations,0,375.5,G Tommy Fleetwood G Matt Fitzpatrick G Ludvig Aberg G Patrick Reed G Tom Kim G Ryan Fox,,,
852,5190287593,efret19,0,375.5,G Matt Fitzpatrick G Ludvig Aberg G Chris Gotterup G Sam Burns G Patrick Reed G Jacob Bridgeman,,,
852,5190337749,bwizzle71,0,375.5,G Scottie Scheffler G Matt Fitzpatrick G Patrick Reed G Si Woo Kim G Ryan Gerard G Victor Perez,,,
852,5190526371,chrislach,0,375.5,G Rory McIlroy G Matt Fitzpatrick G Shane Lowry G Alex Fitzpatrick G Ryan Gerard G Ryan Fox,,,
852,5190768919,budaman3195,0,375.5,G Xander Schauffele G Cameron Young G Tyrrell Hatton G Wyndham Clark G Russell Henley G Matt Wallace,,,
852,5190991775,jkericks,0,375.5,G Tommy Fleetwood G Matt Fitzpatrick G Robert MacIntyre G Shane Lowry G Si Woo Kim G J.J. Spaun,,,
852,5191030834,jbgiants81,0,375.5,G Tommy Fleetwood G Ludvig Aberg G Robert MacIntyre G Shane Lowry G Jordan Spieth G Hideki Matsuyama,,,
852,5191045232,tracy1965,0,375.5,G Scottie Scheffler G Ludvig Aberg G Patrick Reed G Akshay Bhatia G Kristoffer Reitan G Adam Scott,,,
868,5188848095,bbarks,0,375,G Rory McIlroy G Collin Morikawa G Robert MacIntyre G Russell Henley G Si Woo Kim G Tom Kim,,,
868,5188976091,MTRgolfer,0,375,G Scottie Scheffler G Wyndham Clark G Sam Burns G Hideki Matsuyama G Si Woo Kim G Tom Kim,,,
868,5189267031,capt_buzzkill,0,375,G Tommy Fleetwood G Jon Rahm G Robert MacIntyre G Shane Lowry G Harris English G Rickie Fowler,,,
868,5189586935,mullaner,0,375,G Rory McIlroy G Collin Morikawa G Wyndham Clark G Sam Burns G Ben Griffin G Jacob Bridgeman,,,
868,5189719212,deznutz58,0,375,G Rory McIlroy G Collin Morikawa G Robert MacIntyre G Russell Henley G Si Woo Kim G Tom Kim,,,
868,5190349789,jasonetate,0,375,G Tommy Fleetwood G Jon Rahm G Robert MacIntyre G Russell Henley G Jordan Spieth G Hideki Matsuyama,,,
868,5190435106,Jcasa1,0,375,G Cameron Young G Tyrrell Hatton G Collin Morikawa G Chris Gotterup G Russell Henley G Jordan Spieth,,,
868,5190555897,Smunderwood,0,375,G Matt Fitzpatrick G Jon Rahm G Collin Morikawa G Russell Henley G Si Woo Kim G Rickie Fowler,,,
868,5190658383,eebob2072,0,375,G Tommy Fleetwood G Matt Fitzpatrick G Chris Gotterup G Hideki Matsuyama G Si Woo Kim G Min Woo Lee,,,
868,5190702884,ctaylor1790,0,375,G Scottie Scheffler G Cameron Young G Hideki Matsuyama G Si Woo Kim G Tom Kim G Nicolai Hojgaard,,,
868,5190765786,cottlej09,0,375,G Tommy Fleetwood G Cameron Young G Chris Gotterup G Wyndham Clark G Corey Conners G Maverick McNealy,,,
868,5190767164,Quake211,0,375,G Rory McIlroy G Collin Morikawa G Robert MacIntyre G Russell Henley G Si Woo Kim G Tom Kim,,,
868,5190910118,tarheels735,0,375,G Tommy Fleetwood G Jon Rahm G Robert MacIntyre G Russell Henley G Justin Thomas G Nicolai Hojgaard,,,
868,5190921543,jmajbk,0,375,G Ludvig Aberg G Tyrrell Hatton G Collin Morikawa G Wyndham Clark G Sam Burns G Patrick Cantlay,,,
868,5190940092,DeLuca1705,0,375,G Rory McIlroy G Tommy Fleetwood G Robert MacIntyre G Sam Burns G Gary Woodland G Nicolas Echavarria,,,
868,5190979812,stink8510,0,375,G Tommy Fleetwood G Matt Fitzpatrick G Cameron Young G Hideki Matsuyama G Si Woo Kim G Maverick McNealy,,,
868,5191022585,Probert24Redwings,0,375,G Rory McIlroy G Collin Morikawa G Chris Gotterup G Justin Thomas G Min Woo Lee G Kurt Kitayama,,,
868,5191043987,CatsBy5,0,375,G Rory McIlroy G Ludvig Aberg G Justin Thomas G Alex Fitzpatrick G Patrick Cantlay G Si Woo Kim,,,
886,5189098540,Stuckcee,0,374.5,G Rory McIlroy G Tommy Fleetwood G Justin Thomas G Si Woo Kim G Brian Harman G Jordan L. Smith,,,
886,5189194738,JuniorMoody8,0,374.5,G Tommy Fleetwood G Jon Rahm G Ludvig Aberg G Alex Fitzpatrick G Eugenio Lopez-Chacarra G Ryo Hisatsune,,,
886,5189442931,bledsoe417,0,374.5,G Scottie Scheffler G Rory McIlroy G Harry Hall G Sungjae Im G Sahith Theegala G Jordan L. Smith,,,
886,5189487296,Maac0507,0,374.5,G Scottie Scheffler G Tommy Fleetwood G Min Woo Lee G Tom Kim G Lucas Herbert G Johnny Keefer,,,
886,5190269912,zachm5,0,374.5,G Rory McIlroy G Tommy Fleetwood G Hideki Matsuyama G Si Woo Kim G Min Woo Lee G Tom Kim,,,
886,5190333625,GuruStarts,0,374.5,G Scottie Scheffler G Jon Rahm G Robert MacIntyre G Hideki Matsuyama G Sepp Straka G Shaun Norris,,,
886,5190335057,tenpoundhog,0,374.5,G Rory McIlroy G Collin Morikawa G Robert MacIntyre G Sam Burns G Jordan Spieth G Max Homa,,,
886,5190685919,KylerScott14,0,374.5,G Jon Rahm G Ludvig Aberg G Bryson DeChambeau G Sam Burns G Justin Thomas G Joaquin Niemann,,,
886,5190801749,onealrac11,0,374.5,G Matt Fitzpatrick G Jon Rahm G Ludvig Aberg G Russell Henley G Si Woo Kim G Victor Perez,,,
886,5190879389,JB38,0,374.5,G Tommy Fleetwood G Justin Rose G Shane Lowry G Russell Henley G Patrick Reed G Matt Wallace,,,
886,5190956789,jdeitcher23,0,374.5,G Rory McIlroy G Tommy Fleetwood G Hideki Matsuyama G Si Woo Kim G Min Woo Lee G Tom Kim,,,
886,5190977408,Milobutt,0,374.5,G Justin Rose G Cameron Young G Chris Gotterup G Wyndham Clark G Sam Burns G Patrick Reed,,,
886,5190991209,Benhiggi,0,374.5,G Scottie Scheffler G Chris Gotterup G Russell Henley G Hideki Matsuyama G Tom Kim G J.J. Spaun,,,
899,5188949949,danodonnell67,0,374,G Rory McIlroy G Tommy Fleetwood G Jon Rahm G Max Homa G Sungjae Im G Henrik Stenson,,,
899,5188972314,Toomuchskin,0,374,G Rory McIlroy G Tommy Fleetwood G Collin Morikawa G Maverick McNealy G Alex Noren G John Parry,,,
899,5189218864,Cowboys082288,0,374,G Tommy Fleetwood G Xander Schauffele G Viktor Hovland G Robert MacIntyre G Si Woo Kim G Kurt Kitayama,,,
899,5189450392,alemorkam,0,374,G Scottie Scheffler G Rory McIlroy G Keegan Bradley G Max Homa G Bud Cauley G Nick Taylor,,,
899,5189608822,MWTrey,0,374,G Tommy Fleetwood G Collin Morikawa G Viktor Hovland G Robert MacIntyre G Justin Thomas G Hideki Matsuyama,,,
899,5189822819,namie329,0,374,G Rory McIlroy G Chris Gotterup G Robert MacIntyre G Shane Lowry G Brooks Koepka G Michael Thorbjornsen,,,
899,5189955067,script12,0,374,G Matt Fitzpatrick G Jon Rahm G Cameron Young G Wyndham Clark G Ben Griffin G Ryan Fox,,,
899,5190314771,zeebra1000,0,374,G Jon Rahm G Tyrrell Hatton G Collin Morikawa G Wyndham Clark G Sam Burns G Rickie Fowler,,,
899,5190411252,mh-mz,0,374,G Rory McIlroy G Jon Rahm G Robert MacIntyre G Si Woo Kim G Ben Griffin G Eugenio Lopez-Chacarra,,,
899,5190424304,FlashTheCash84,0,374,G Tommy Fleetwood G Cameron Young G Tyrrell Hatton G Sam Burns G Tom Kim G Harris English,,,
899,5190497827,wingnut412,0,374,G Cameron Young G Tyrrell Hatton G Chris Gotterup G Bryson DeChambeau G Wyndham Clark G Patrick Cantlay,,,
899,5190518263,jimcon2,0,374,G Rory McIlroy G Tommy Fleetwood G Patrick Reed G Hideki Matsuyama G Corey Conners G Maverick McNealy,,,
899,5190569927,GoboCop76,0,374,G Scottie Scheffler G Jon Rahm G Hideki Matsuyama G Si Woo Kim G Tom Kim G Jacob Bridgeman,,,
899,5190653130,daldi,0,374,G Xander Schauffele G Tyrrell Hatton G Collin Morikawa G Sam Burns G Si Woo Kim G Tom Kim,,,
899,5190678574,jarradkern,0,374,G Scottie Scheffler G Rory McIlroy G Si Woo Kim G Ben Griffin G Francesco Molinari G Nicolas Echavarria,,,
899,5190699111,denisesdestroyers,0,374,G Tommy Fleetwood G Chris Gotterup G Wyndham Clark G Sam Burns G Russell Henley G Joaquin Niemann,,,
899,5190899826,NewJohn,0,374,G Scottie Scheffler G Collin Morikawa G Robert MacIntyre G Corey Conners G Maverick McNealy G Ryan Gerard,,,
916,5188783272,chastothemax,0,373.5,G Xander Schauffele G Tyrrell Hatton G Chris Gotterup G Robert MacIntyre G Shane Lowry G Corey Conners,,,
916,5189003975,Majik1016,0,373.5,G Rory McIlroy G Collin Morikawa G Chris Gotterup G Hideki Matsuyama G Si Woo Kim G Tom Kim,,,
916,5189115288,KrameDiesel,0,373.5,G Rory McIlroy G Justin Rose G Robert MacIntyre G Russell Henley G Si Woo Kim G Jordan L. Smith,,,
916,5189529227,Clevjer,0,373.5,G Rory McIlroy G Cameron Young G Collin Morikawa G Hideki Matsuyama G Min Woo Lee G Brian Harman,,,
916,5189630417,benjihogan,0,373.5,G Rory McIlroy G Collin Morikawa G Chris Gotterup G Wyndham Clark G Hideki Matsuyama G John Parry,,,
916,5189970070,TOTOECHIII,0,373.5,G Rory McIlroy G Tommy Fleetwood G Robert MacIntyre G Harris English G Kurt Kitayama G Jordan L. Smith,,,
916,5190047707,AverillsAvengers,0,373.5,G Xander Schauffele G Jon Rahm G Chris Gotterup G Sam Burns G Joaquin Niemann G Hideki Matsuyama,,,
916,5190067023,thebodyspill,0,373.5,G Rory McIlroy G Ludvig Aberg G Justin Thomas G Si Woo Kim G Min Woo Lee G Ben Griffin,,,
916,5190200197,smithcj16,0,373.5,G Ludvig Aberg G Tyrrell Hatton G Wyndham Clark G Robert MacIntyre G Sam Burns G Corey Conners,,,
916,5191037338,WillStrickland5,0,373.5,G Rory McIlroy G Tommy Fleetwood G Justin Thomas G Patrick Reed G Ben Griffin G Ryo Hisatsune,,,
926,5189233636,meanergene,0,373,G Scottie Scheffler G Collin Morikawa G Robert MacIntyre G Tom Kim G Maverick McNealy G Ryan Fox,,,
926,5189262244,BarbnJerrUtah,0,373,G Scottie Scheffler G Tommy Fleetwood G Patrick Reed G Akshay Bhatia G Ryan Gerard G Sahith Theegala,,,
926,5189535917,gregbecker1961,0,373,G Rory McIlroy G Chris Gotterup G Wyndham Clark G Robert MacIntyre G Si Woo Kim G Ryan Gerard,,,
926,5189971236,bearev,0,373,G Scottie Scheffler G Matt Fitzpatrick G Si Woo Kim G Min Woo Lee G Adam Scott G Jacob Bridgeman,,,
926,5190477523,hughct,0,373,G Matt Fitzpatrick G Xander Schauffele G Chris Gotterup G Sam Burns G Patrick Reed G Corey Conners,,,
926,5190618548,MichaelScarn1,0,373,G Scottie Scheffler G Collin Morikawa G Russell Henley G Ben Griffin G Corey Conners G Harris English,,,
926,5190666508,rockstar73,0,373,G Tommy Fleetwood G Ludvig Aberg G Robert MacIntyre G Shane Lowry G Patrick Cantlay G Cameron Smith,,,
926,5190766293,Lionheart76,0,373,G Tommy Fleetwood G Viktor Hovland G Robert MacIntyre G Shane Lowry G Russell Henley G Justin Thomas,,,
926,5190778776,mgoudy11,0,373,G Rory McIlroy G Matt Fitzpatrick G Chris Gotterup G Nicolai Hojgaard G Adam Scott G Ryan Fox,,,
926,5190786968,Talented0808,0,373,G Rory McIlroy G Tyrrell Hatton G Collin Morikawa G Patrick Reed G Corey Conners G J.J. Spaun,,,
926,5191030494,pucci410,0,373,G Tommy Fleetwood G Jon Rahm G Viktor Hovland G Russell Henley G Alex Noren G John Parry,,,
937,5188857273,norty23,0,372.5,G Rory McIlroy G Tyrrell Hatton G Sam Burns G Russell Henley G Si Woo Kim G Brian Harman,,,
937,5188920327,drccpro,0,372.5,G Tommy Fleetwood G Justin Rose G Cameron Young G Chris Gotterup G Si Woo Kim G Matthew Jordan,,,
937,5188932909,nickyjoe,0,372.5,G Jon Rahm G Tyrrell Hatton G Collin Morikawa G Bryson DeChambeau G Brooks Koepka G J.J. Spaun,,,
937,5189041671,DKjamy,0,372.5,G Tommy Fleetwood G Jon Rahm G Ludvig Aberg G Shane Lowry G Patrick Reed G Joe Dean,,,
937,5189131135,neech74,0,372.5,G Scottie Scheffler G Tyrrell Hatton G Bryson DeChambeau G Patrick Reed G Sahith Theegala G Nick Taylor,,,
937,5189236978,Sportmeister77,0,372.5,G Tommy Fleetwood G Justin Rose G Chris Gotterup G Robert MacIntyre G Patrick Reed G Hideki Matsuyama,,,
937,5189237858,stimm1967,0,372.5,G Scottie Scheffler G Tommy Fleetwood G Min Woo Lee G Nicolai Hojgaard G Kristoffer Reitan G Sahith Theegala,,,
937,5189367757,gillyunc0542,0,372.5,G Rory McIlroy G Cameron Young G Robert MacIntyre G Aaron Rai G Patrick Cantlay G Hideki Matsuyama,,,
937,5189539790,Deezuhl,0,372.5,G Scottie Scheffler G Matt Fitzpatrick G Patrick Reed G Hideki Matsuyama G Adam Scott G Matt Wallace,,,
937,5189893657,theCof,0,372.5,G Tommy Fleetwood G Tyrrell Hatton G Robert MacIntyre G Shane Lowry G Sam Burns G Brian Harman,,,
937,5190002687,amtr58,0,372.5,G Tommy Fleetwood G Xander Schauffele G Shane Lowry G Russell Henley G Aaron Rai G Patrick Reed,,,
937,5190238978,tazdevil29xx,0,372.5,G Rory McIlroy G Ludvig Aberg G Cameron Young G Viktor Hovland G Jackson Suber G Nicolas Echavarria,,,
937,5190822712,blank5759,0,372.5,G Rory McIlroy G Robert MacIntyre G Sam Burns G Russell Henley G Justin Thomas G Aaron Rai,,,
950,5188842730,GUSTUV,0,372,G Jon Rahm G Cameron Young G Bryson DeChambeau G Robert MacIntyre G Brooks Koepka G Joaquin Niemann,,,
950,5189028128,longhorndavey,0,372,G Tommy Fleetwood G Cameron Young G Tyrrell Hatton G Shane Lowry G Min Woo Lee G Tom Kim,,,
950,5189643836,therook,0,372,G Xander Schauffele G Justin Rose G Collin Morikawa G Sam Burns G Justin Thomas G Patrick Reed,,,
950,5190213532,davebla,0,372,G Scottie Scheffler G Rory McIlroy G Hideki Matsuyama G Si Woo Kim G Peter Uihlein G Caleb Surratt,,,
950,5190329694,JDEBUCH,0,372,G Xander Schauffele G Justin Rose G Collin Morikawa G Sam Burns G Justin Thomas G Patrick Reed,,,
950,5190344560,SkinsnSox14,0,372,G Xander Schauffele G Collin Morikawa G Chris Gotterup G Wyndham Clark G Shane Lowry G Hideki Matsuyama,,,
950,5190779892,zzani675,0,372,G Scottie Scheffler G Bryson DeChambeau G Robert MacIntyre G Nicolai Hojgaard G Sepp Straka G Adam Scott,,,
957,5188929638,tigertim15,0,371.5,G Tommy Fleetwood G Cameron Young G Chris Gotterup G Viktor Hovland G Jordan Spieth G Adam Scott,,,
957,5189189989,scscr,0,371.5,G Rory McIlroy G Chris Gotterup G Robert MacIntyre G Sam Burns G Patrick Reed G Tom Kim,,,
957,5189323697,R.Bobby,0,371.5,G Tommy Fleetwood G Chris Gotterup G Viktor Hovland G Wyndham Clark G Sam Burns G Victor Perez,,,
957,5189343066,jgpage,0,371.5,G Tommy Fleetwood G Matt Fitzpatrick G Shane Lowry G Russell Henley G Patrick Reed G J.J. Spaun,,,
957,5189358448,jbjethawk,0,371.5,G Scottie Scheffler G Collin Morikawa G Russell Henley G Patrick Cantlay G Patrick Reed G Keith Mitchell,,,
957,5189598532,allidoiswin09,0,371.5,G Tommy Fleetwood G Collin Morikawa G Wyndham Clark G Robert MacIntyre G Sam Burns G Tom Kim,,,
957,5189600152,ryedoc,0,371.5,G Rory McIlroy G Chris Gotterup G Robert MacIntyre G Sam Burns G Patrick Reed G Tom Kim,,,
957,5189927546,Suicideking456,0,371.5,G Rory McIlroy G Tommy Fleetwood G Cameron Young G Jordan Spieth G Rasmus Neergaard-Petersen G Sam Bairstow,,,
957,5189937503,markandrewbray,0,371.5,G Tommy Fleetwood G Collin Morikawa G Wyndham Clark G Robert MacIntyre G Sam Burns G Tom Kim,,,
957,5190100884,stumper24,0,371.5,G Scottie Scheffler G Matt Fitzpatrick G Ryan Fox G Rasmus Hojgaard G Jordan L. Smith G Victor Perez,,,
957,5190322319,Redirkulous420,0,371.5,G Matt Fitzpatrick G Ludvig Aberg G Cameron Young G Alex Fitzpatrick G Patrick Reed G Si Woo Kim,,,
957,5190544657,kcoleman64,0,371.5,G Scottie Scheffler G Matt Fitzpatrick G Chris Gotterup G J.J. Spaun G Lucas Herbert G Matthew Southgate,,,
957,5190720593,Brandon-golf-3B,0,371.5,G Scottie Scheffler G Jon Rahm G Robert MacIntyre G Min Woo Lee G Sahith Theegala G Nick Taylor,,,
957,5190980303,Duboix,0,371.5,G Rory McIlroy G Collin Morikawa G Robert MacIntyre G Sam Burns G Patrick Reed G Brian Harman,,,
957,5190995804,pigskin23,0,371.5,G Rory McIlroy G Cameron Young G Viktor Hovland G Justin Thomas G J.J. Spaun G Victor Perez,,,
957,5191001814,bbroom9,0,371.5,G Xander Schauffele G Ludvig Aberg G Collin Morikawa G Wyndham Clark G Patrick Reed G Hideki Matsuyama,,,
957,5191018624,mballou2,0,371.5,G Rory McIlroy G Chris Gotterup G Wyndham Clark G Patrick Reed G Si Woo Kim G Victor Perez,,,
957,5191028956,tportiguee,0,371.5,G Tommy Fleetwood G Collin Morikawa G Chris Gotterup G Shane Lowry G Patrick Cantlay G Jake Knapp,,,
957,5191039939,Finnnns,0,371.5,G Scottie Scheffler G Chris Gotterup G Alex Fitzpatrick G Patrick Reed G Hideki Matsuyama G Ben Griffin,,,
976,5189288932,tinabtw,0,371,G Rory McIlroy G Tommy Fleetwood G Robert MacIntyre G Si Woo Kim G Tom Kim G Nick Taylor,,,
976,5189297366,kdog3393,0,371,G Tommy Fleetwood G Matt Fitzpatrick G Cameron Young G Robert MacIntyre G Si Woo Kim G Antoine Rozner,,,
976,5189423003,horsebot9000,0,371,G Tommy Fleetwood G Matt Fitzpatrick G Wyndham Clark G Sam Burns G Si Woo Kim G Kurt Kitayama,,,
976,5189456905,nick_43326,0,371,G Matt Fitzpatrick G Xander Schauffele G Collin Morikawa G Chris Gotterup G Si Woo Kim G Jordan L. Smith,,,
976,5189727542,jordanchand,0,371,G Rory McIlroy G Ludvig Aberg G Chris Gotterup G Patrick Cantlay G Ben Griffin G Alex Smalley,,,
976,5189824408,jybugg2623,0,371,G Rory McIlroy G Jon Rahm G Justin Thomas G Patrick Cantlay G Patrick Reed G Kristoffer Reitan,,,
976,5190276197,CroatianSensation,0,371,G Cameron Young G Chris Gotterup G Wyndham Clark G Robert MacIntyre G Sam Burns G Joaquin Niemann,,,
976,5190808359,keekdasneak,0,371,G Tommy Fleetwood G Jon Rahm G Collin Morikawa G Joaquin Niemann G Si Woo Kim G Min Woo Lee,,,
976,5190814719,tedredbear,0,371,G Scottie Scheffler G Wyndham Clark G Sam Burns G Alex Fitzpatrick G Min Woo Lee G Victor Perez,,,
976,5190991599,demayo95,0,371,G Scottie Scheffler G Matt Fitzpatrick G Robert MacIntyre G Rickie Fowler G Ryan Gerard G Jackson Suber,,,
976,5191019152,BIG-LEVI1,0,371,G Tommy Fleetwood G Matt Fitzpatrick G Wyndham Clark G Sam Burns G Si Woo Kim G Kurt Kitayama,,,
976,5191040084,FiestaFox215,0,371,G Rory McIlroy G Tommy Fleetwood G Chris Gotterup G Harris English G Alex Noren G Eric Cole,,,
988,5188814060,rikj68,0,370.5,G Tommy Fleetwood G Xander Schauffele G Ludvig Aberg G Si Woo Kim G Jake Knapp G Ryo Hisatsune,,,
988,5189994661,jsteelman69,0,370.5,G Matt Fitzpatrick G Jon Rahm G Cameron Young G Alex Fitzpatrick G Hideki Matsuyama G Si Woo Kim,,,
988,5190382308,Reber11,0,370.5,G Tommy Fleetwood G Justin Rose G Cameron Young G Viktor Hovland G Min Woo Lee G Rasmus Neergaard-Petersen,,,
988,5190423262,beavmanns,0,370.5,G Tommy Fleetwood G Chris Gotterup G Bryson DeChambeau G Viktor Hovland G Alex Fitzpatrick G Si Woo Kim,,,
988,5190733908,gptalbott49,0,370.5,G Tommy Fleetwood G Matt Fitzpatrick G Ludvig Aberg G Patrick Cantlay G Patrick Reed G Jordan L. Smith,,,
988,5190829340,natedog2184,0,370.5,G Tommy Fleetwood G Matt Fitzpatrick G Collin Morikawa G Chris Gotterup G Patrick Reed G Matthew Southgate,,,
988,5191001523,Sir_Big_Daddy,0,370.5,G Tommy Fleetwood G Ludvig Aberg G Tyrrell Hatton G Shane Lowry G Si Woo Kim G Hao-Tong Li,,,
988,5191018986,Devin09,0,370.5,G Rory McIlroy G Matt Fitzpatrick G Cameron Young G Jacob Bridgeman G Ryan Gerard G Sahith Theegala,,,
988,5191025273,Mark730,0,370.5,G Rory McIlroy G Matt Fitzpatrick G Russell Henley G Hideki Matsuyama G Si Woo Kim G Eric Cole,,,
997,5189414543,olsont7675,0,370,G Rory McIlroy G Collin Morikawa G Wyndham Clark G Hideki Matsuyama G Si Woo Kim G Min Woo Lee,,,
997,5189626413,jhwood79,0,370,G Matt Fitzpatrick G Collin Morikawa G Bryson DeChambeau G Robert MacIntyre G Sam Burns G Ben Griffin,,,
997,5189629868,LRoyTheKing,0,370,G Tommy Fleetwood G Cameron Young G Tyrrell Hatton G Justin Thomas G Min Woo Lee G Harris English,,,
997,5189765578,howardwi,0,370,G Tommy Fleetwood G Jon Rahm G Cameron Young G Alex Fitzpatrick G Aaron Rai G Aldrich Potgieter,,,
997,5189772263,Startsy8,0,370,G Scottie Scheffler G Jon Rahm G Patrick Reed G Hideki Matsuyama G Harris English G Victor Perez,,,
997,5190498737,waynewhite,0,370,G Rory McIlroy G Tommy Fleetwood G Russell Henley G Tom Kim G J.J. Spaun G Alex Noren,,,
997,5190886618,LuckySchmuck,0,370,G Matt Fitzpatrick G Tyrrell Hatton G Chris Gotterup G Shane Lowry G Sam Burns G Si Woo Kim,,,
997,5190960930,mattkabe,0,370,G Tommy Fleetwood G Matt Fitzpatrick G Cameron Young G Justin Thomas G Kurt Kitayama G Keegan Bradley,,,