Rank,EntryId,EntryName,TimeRemaining,Points,Lineup,,Player,Roster Position,%Drafted,FPTS
1,5196512512,mskellett (2/20),0,715.5,G Hideki Matsuyama G Tom Kim G Jackson Koivun G Brian Harman G Ben Kohles G Denny McCarthy,,Scottie Scheffler,G,27.49%,133.5
2,5195460118,craigger34 (3/9),0,693.5,G Hideki Matsuyama G Jackson Koivun G Corey Conners G Jordan L. Smith G Brian Harman G Chandler Phillips,,Kurt Kitayama,G,24.19%,94
3,5196013329,Reboot78 (16/20),0,691.5,G Kurt Kitayama G Jackson Koivun G Davis Thompson G Brian Harman G Ben Kohles G Michael Kim,,Tom Kim,G,20.78%,88.5
4,5195369209,coachneilson,0,681,G Kurt Kitayama G Hideki Matsuyama G Jackson Koivun G Ricky Castillo G Denny McCarthy G Zac Blair,,Ben Kohles,G,20.02%,103.5
5,5195139181,mlief (7/20),0,680,G Scottie Scheffler G Brian Harman G Emiliano Grillo G Ben Kohles G Zac Blair G Davis Chatfield,,Hideki Matsuyama,G,18.48%,126.5
6,5196116304,stock2mail (19/20),0,679,G Hideki Matsuyama G Jackson Koivun G Corey Conners G Michael Brennan G Brian Harman G Michael Kim,,Benjamin James,G,18.34%,31
7,5196483681,kellyzboyz (3/4),0,675.5,G Hideki Matsuyama G Jake Knapp G Jackson Koivun G Emiliano Grillo G Ben Kohles G Matti Schmid,,Jackson Suber,G,15.53%,30.5
8,5194843477,6Tino4 (5/10),0,674,G Kurt Kitayama G Hideki Matsuyama G Jackson Koivun G Emiliano Grillo G Lucas Glover G Zac Blair,,Mac Meissner,G,15.44%,36
9,5196857479,jradesanmi (11/20),0,673,G Kurt Kitayama G Jackson Koivun G Gary Woodland G Rasmus Neergaard-Petersen G Brian Harman G Zac Blair,,Zac Blair,G,15.14%,103
10,5196663178,DanL79,0,671.5,G Hideki Matsuyama G Tom Kim G Jackson Koivun G Brian Harman G Ben Kohles G Lucas Glover,,Maverick McNealy,G,14.56%,87
11,5194697228,jrevelle3 (2/20),0,668.5,G Hideki Matsuyama G Jackson Koivun G Jordan L. Smith G Rasmus Neergaard-Petersen G Kevin Yu G Emiliano Grillo,,Max Homa,G,14.22%,21
12,5196453655,musicman777 (19/20),0,667.5,G Kurt Kitayama G Hideki Matsuyama G Jackson Koivun G Emiliano Grillo G A.J. Ewart G Zac Blair,,Casey Jarvis,G,14.04%,77.5
13,5196496108,Fluffhead017 (11/20),0,666,G Jake Knapp G Jackson Koivun G Corey Conners G Christiaan Bezuidenhout G Brian Harman G Emiliano Grillo,,Corey Conners,G,13.31%,78.5
14,5195294808,jlee20 (2/6),0,665,G Hideki Matsuyama G Tom Kim G Jackson Koivun G Ben Kohles G Denny McCarthy G A.J. Ewart,,Christiaan Bezuidenhout,G,13.22%,93
14,5195301782,jlee20 (4/6),0,665,G Hideki Matsuyama G Tom Kim G Jackson Koivun G Ben Kohles G Denny McCarthy G A.J. Ewart,,Jackson Koivun,G,11.46%,155
14,5195301850,jlee20 (6/6),0,665,G Hideki Matsuyama G Tom Kim G Jackson Koivun G Ben Kohles G Denny McCarthy G A.J. Ewart,,Emiliano Grillo,G,11.29%,118.5
17,5196668363,Maloneymat16 (9/20),0,664.5,G Kurt Kitayama G Hideki Matsuyama G Jackson Koivun G Brian Harman G Casey Jarvis G Joel Dahmen,,Doug Ghim,G,11.00%,28.5
18,5196453649,musicman777 (13/20),0,663.5,G Kurt Kitayama G Hideki Matsuyama G Jackson Koivun G Christiaan Bezuidenhout G Emiliano Grillo G Troy Merritt,,Keith Mitchell,G,10.98%,74.5
19,5196846749,lightsoutdnb (1/3),0,663,G Hideki Matsuyama G Tom Kim G Jackson Koivun G Emiliano Grillo G Michael Kim G Rico Hoey,,Sungjae Im,G,10.21%,26.5
20,5194973821,vertabrae (11/20),0,659.5,G Scottie Scheffler G Emiliano Grillo G Ben Kohles G Zac Blair G Austin Eckroat G Chandler Phillips,,Johnny Keefer,G,9.88%,39.5
21,5195496056,EHulseDC (11/20),0,659,G Kurt Kitayama G Hideki Matsuyama G Jackson Koivun G Ben Kohles G Lucas Glover G Zac Blair,,Rasmus Neergaard-Petersen,G,9.60%,96
22,5195560490,yepjnelz (19/20),0,658,G Scottie Scheffler G Brian Harman G Emiliano Grillo G Ben Kohles G Kris Ventura G Davis Chatfield,,Sam Stevens,G,9.52%,65
23,5195028772,Vegeta32 (15/20),0,657.5,G Hideki Matsuyama G Jake Knapp G Jackson Koivun G John Parry G Ben Kohles G Lucas Glover,,Jordan L. Smith,G,9.26%,80
24,5196756813,myres12384 (6/8),0,656,G Kurt Kitayama G Hideki Matsuyama G Christiaan Bezuidenhout G Brian Harman G Emiliano Grillo G Zac Blair,,Jake Knapp,G,9.15%,100
25,5196496100,Fluffhead017 (3/20),0,655.5,G Scottie Scheffler G Brian Harman G Ben Kohles G Lee Hodges G Seamus Power G Davis Chatfield,,Tony Finau,G,9.10%,28
25,5196512518,mskellett (8/20),0,655.5,G Maverick McNealy G Tom Kim G Jackson Koivun G Emiliano Grillo G Ben Kohles G Zac Blair,,William Mouw,G,8.60%,34.5
27,5195388024,B32044 (6/20),0,653.5,G Scottie Scheffler G Emiliano Grillo G Ben Kohles G Billy Horschel G Zac Blair G Joel Dahmen,,Pierceson Coody,G,8.52%,22.5
27,5196655540,Bigb16 (3/20),0,653.5,G Scottie Scheffler G Casey Jarvis G Emiliano Grillo G Michael Kim G Denny McCarthy G Davis Chatfield,,Brian Harman,G,8.35%,121
29,5196453651,musicman777 (15/20),0,652,G Kurt Kitayama G Hideki Matsuyama G Jackson Koivun G Ricky Castillo G Emiliano Grillo G Troy Merritt,,Sudarshan Yellamaraju,G,7.53%,33
30,5194720063,stewie1963 (10/20),0,650,G Hideki Matsuyama G Keith Mitchell G Jackson Koivun G Ben Kohles G Lee Hodges G Zac Blair,,Ricky Castillo,G,7.52%,81.5
31,5195780020,YardieKnoe (3/20),0,649.5,G Maverick McNealy G Tom Kim G Jackson Koivun G John Parry G Michael Kim G Denny McCarthy,,Michael Brennan,G,7.18%,95.5
32,5196074147,LTskelter (6/20),0,648,G Hideki Matsuyama G Tom Kim G Jackson Koivun G Ben Kohles G Michael Kim G Rico Hoey,,Tom Hoge,G,7.13%,27
32,5196477433,LonghornAggieMom (2/2),0,648,G Kurt Kitayama G Hideki Matsuyama G Michael Brennan G Max Greyserman G Davis Thompson G Brian Harman,,Lucas Glover,G,7.05%,77
34,5196871939,kreller17 (3/20),0,647,G Hideki Matsuyama G Tom Kim G Jackson Koivun G John Parry G Michael Kim G Mackenzie Hughes,,Gary Woodland,G,6.83%,104
35,5196668360,Maloneymat16 (6/20),0,646.5,G Kurt Kitayama G Tom Kim G Jackson Koivun G Emiliano Grillo G Ben Kohles G Zachary Bauchou,,Max McGreevy,G,6.71%,38
35,5196782341,knicker111 (13/14),0,646.5,G Kurt Kitayama G Tom Kim G Jackson Koivun G Ben Kohles G Michael Kim G Zac Blair,,Andrew Putnam,G,6.63%,27.5
35,5196859369,EagleEye3434 (19/20),0,646.5,G Maverick McNealy G Jake Knapp G Jackson Koivun G Brian Harman G Michael Kim G Kris Ventura,,Aaron Wise,G,6.33%,23
38,5194864955,caxton22 (19/20),0,645.5,G Kurt Kitayama G Jackson Koivun G Corey Conners G Rasmus Neergaard-Petersen G Emiliano Grillo G Ben Kohles,,Zachary Bauchou,G,5.61%,87
38,5195076216,Lamps08 (9/11),0,645.5,G Hideki Matsuyama G Jackson Koivun G Corey Conners G Jordan L. Smith G Michael Kim G Zac Blair,,Michael Kim,G,5.28%,102.5
38,5195306707,rsumrall (16/20),0,645.5,G Kurt Kitayama G Jackson Koivun G Christiaan Bezuidenhout G Michael Brennan G Davis Thompson G Kevin Yu,,Stephan Jaeger,G,4.87%,33.5
38,5196388876,cj351 (13/20),0,645.5,G Kurt Kitayama G Jackson Koivun G Christiaan Bezuidenhout G Michael Brennan G Brian Harman G Zachary Bauchou,,Mackenzie Hughes,G,4.76%,79
42,5194814785,b-rad1969 (1/3),0,643,G Kurt Kitayama G Hideki Matsuyama G Jackson Koivun G Casey Jarvis G Zachary Bauchou G Zac Blair,,A.J. Ewart,G,4.37%,70.5
42,5195139193,mlief (19/20),0,643,G Scottie Scheffler G Casey Jarvis G Emiliano Grillo G Ben Kohles G Seamus Power G Davis Chatfield,,Max Greyserman,G,4.06%,95.5
42,5196262681,Tavius87 (6/20),0,643,G Scottie Scheffler G Casey Jarvis G Emiliano Grillo G Ben Kohles G Seamus Power G Davis Chatfield,,Matti Schmid,G,3.97%,72
45,5196453653,musicman777 (17/20),0,642.5,G Kurt Kitayama G Hideki Matsuyama G Jackson Koivun G Emiliano Grillo G Rico Hoey G Troy Merritt,,Taylor Pendrith,G,3.79%,24
46,5194809924,GenaroP (18/20),0,639,G Kurt Kitayama G Jackson Koivun G Gary Woodland G Max Greyserman G Emiliano Grillo G Rico Hoey,,Aldrich Potgieter,G,3.68%,38
47,5194841347,Terry301 (1/5),0,638.5,G Scottie Scheffler G Ben Kohles G Zachary Bauchou G Denny McCarthy G Zac Blair G Joel Dahmen,,Denny McCarthy,G,3.55%,121
47,5195388020,B32044 (2/20),0,638.5,G Scottie Scheffler G Brian Harman G Ben Kohles G Lucas Glover G Zac Blair G Davis Chatfield,,Joel Dahmen,G,3.45%,90.5
49,5195411305,kvoight84 (10/10),0,637.5,G Hideki Matsuyama G Jake Knapp G Jackson Koivun G William Mouw G Emiliano Grillo G Zac Blair,,Troy Merritt,G,3.41%,76.5
50,5196837083,jah_586 (4/20),0,637,G Scottie Scheffler G Brian Harman G Ben Kohles G Zachary Bauchou G Austin Smotherman G Davis Chatfield,,Rasmus Højgaard,G,3.38%,30.5
51,5196778649,zandwich (9/20),0,636.5,G Hideki Matsuyama G Tom Kim G Corey Conners G Brian Harman G Emiliano Grillo G Ben Kohles,,Lee Hodges,G,3.32%,87.5
52,5194583238,SLMCNM (18/20),0,636,G Maverick McNealy G Tom Kim G Jackson Koivun G Billy Horschel G Austin Eckroat G Chandler Phillips,,Kevin Yu,G,3.29%,92.5
52,5194723359,sportsfanatic89 (13/20),0,636,G Hideki Matsuyama G Jackson Koivun G Gary Woodland G Rasmus Neergaard-Petersen G Casey Jarvis G Lucas Glover,,John Parry,G,3.24%,95.5
52,5195239379,kamprath (1/2),0,636,G Hideki Matsuyama G Keith Mitchell G Jackson Koivun G Ricky Castillo G John Parry G Zac Blair,,David Lipsky,G,3.21%,29.5
52,5196566554,CraigAD66 (6/8),0,636,G Hideki Matsuyama G Jackson Koivun G Corey Conners G Jordan L. Smith G Michael Brennan G Davis Chatfield,,Davis Thompson,G,3.20%,115.5
56,5196036018,bamerson32 (16/20),0,634,G Kurt Kitayama G Hideki Matsuyama G Jackson Koivun G Jesper Svensson G A.J. Ewart G Zac Blair,,Rico Hoey,G,3.15%,72
57,5195194745,mahaa507 (6/20),0,633.5,G Kurt Kitayama G Tom Kim G Jackson Koivun G Michael Kim G Zac Blair G Joel Dahmen,,Kevin Roy,G,3.09%,84
57,5196073000,Brenden5258 (6/20),0,633.5,G Tom Kim G Jackson Koivun G Jordan L. Smith G Christiaan Bezuidenhout G Rasmus Neergaard-Petersen G Brian Harman,,Patrick Rodgers,G,3.04%,27.5
57,5196658378,Spocker14 (11/20),0,633.5,G Hideki Matsuyama G Jackson Koivun G Michael Brennan G Johnny Keefer G Rasmus Neergaard-Petersen G Brian Harman,,Austin Eckroat,G,3.04%,68.5
60,5196394363,BenByers (6/20),0,632,G Kurt Kitayama G Hideki Matsuyama G Jackson Koivun G Christiaan Bezuidenhout G Zachary Bauchou G Troy Merritt,,Jesper Svensson,G,3.00%,85
61,5195742832,evansrc717 (13/16),0,631.5,G Maverick McNealy G Kurt Kitayama G Jackson Koivun G Davis Thompson G Austin Smotherman G Vince Whaley,,Beau Hossler,G,2.97%,65
61,5196261626,Dubbzz (19/20),0,631.5,G Maverick McNealy G Tom Kim G Jackson Koivun G Brian Harman G Lucas Glover G Zac Blair,,Steven Fisk,G,2.83%,25
61,5196512522,mskellett (12/20),0,631.5,G Tom Kim G Jackson Koivun G Jackson Suber G Davis Thompson G Brian Harman G Denny McCarthy,,Davis Chatfield,G,2.73%,100.5
64,5196855290,aquafinatim (13/20),0,631,G Scottie Scheffler G Brian Harman G Casey Jarvis G John Parry G Zac Blair G Davis Chatfield,,Takumi Kanaya,G,2.56%,25.5
65,5195009289,Vegeta32 (3/20),0,630.5,G Hideki Matsuyama G Jackson Koivun G Corey Conners G Jordan L. Smith G Lee Hodges G Zac Blair,,Keita Nakajima,G,2.37%,32.5
65,5196074146,LTskelter (5/20),0,630.5,G Scottie Scheffler G Casey Jarvis G John Parry G Michael Kim G Denny McCarthy G Davis Chatfield,,Taylor Moore,G,2.24%,29.5
65,5196453650,musicman777 (14/20),0,630.5,G Kurt Kitayama G Hideki Matsuyama G Jackson Koivun G Ricky Castillo G A.J. Ewart G Zac Blair,,Matt Kuchar,G,2.19%,17.5
68,5196438377,porterj1223 (2/20),0,630,G Kurt Kitayama G Tom Kim G Jackson Koivun G Emiliano Grillo G Ben Kohles G A.J. Ewart,,Brandt Snedeker,G,1.80%,17
68,5196472383,Tully936 (18/20),0,630,G Hideki Matsuyama G Tom Kim G Jackson Koivun G Casey Jarvis G Ben Kohles G Mackenzie Hughes,,Austin Smotherman,G,1.72%,91.5
68,5196742879,BILLBOGEY (2/2),0,630,G Scottie Scheffler G Brian Harman G Casey Jarvis G Emiliano Grillo G Zac Blair G Troy Merritt,,Seamus Power,G,1.58%,109.5
68,5196806450,automahn (1/2),0,630,G Kurt Kitayama G Tom Kim G Jackson Koivun G Emiliano Grillo G Ben Kohles G A.J. Ewart,,Erik Van Rooyen,G,1.58%,28.5
72,5196033197,wowwwwwdfs_kkc (10/20),0,629,G Scottie Scheffler G Brian Harman G Casey Jarvis G Zachary Bauchou G Seamus Power G Davis Chatfield,,Preston Stout,G,1.49%,29
72,5196072022,bschaper23 (4/20),0,629,G Scottie Scheffler G Casey Jarvis G Emiliano Grillo G Ben Kohles G Zecheng Dou G Davis Chatfield,,Brice Garnett,G,1.43%,26.5
72,5196660242,smithcj16 (4/20),0,629,G Maverick McNealy G Jackson Koivun G Gary Woodland G Davis Thompson G Beau Hossler G Michael Kim,,Billy Horschel,G,1.35%,104.5
75,5196668373,Maloneymat16 (19/20),0,628.5,G Hideki Matsuyama G Tom Kim G Jackson Koivun G William Mouw G Brian Harman G Zac Blair,,Cameron Champ,G,1.28%,26.5
75,5196791152,Stree (13/20),0,628.5,G Keith Mitchell G Jackson Koivun G Corey Conners G Rasmus Neergaard-Petersen G Brian Harman G Ben Kohles,,Chris Kirk,G,1.26%,91.5
77,5194683328,Tiny_Classified_Ads (5/20),0,628,G Hideki Matsuyama G Tom Kim G Jackson Koivun G Casey Jarvis G Ben Kohles G Lucas Glover,,Paul Peterson,G,1.26%,22.5
78,5195129995,slpanthers24 (6/8),0,627.5,G Maverick McNealy G Hideki Matsuyama G Jackson Koivun G Mackenzie Hughes G Lucas Glover G Zac Blair,,Thorbjørn Olesen,G,1.17%,29
78,5195340345,skid68 (6/20),0,627.5,G Maverick McNealy G Keith Mitchell G Jackson Koivun G Brian Harman G Zachary Bauchou G Zac Blair,,Adrien Dumont De Chassart,G,1.10%,27.5
78,5195439108,dcuff (5/20),0,627.5,G Hideki Matsuyama G Tom Kim G Jordan L. Smith G Christiaan Bezuidenhout G Brian Harman G Emiliano Grillo,,Will Gordon,G,1.05%,74
78,5196097429,kenplong (19/20),0,627.5,G Hideki Matsuyama G Jackson Koivun G Mac Meissner G Michael Brennan G Rasmus Neergaard-Petersen G Emiliano Grillo,,Fabián Gómez,G,1.04%,60
82,5195253948,whwalker13 (18/20),0,626.5,G Hideki Matsuyama G Jackson Koivun G Sungjae Im G John Parry G Emiliano Grillo G Billy Horschel,,Hao-Tong Li,G,1.00%,74.5
82,5195306700,rsumrall (9/20),0,626.5,G Scottie Scheffler G Brian Harman G Emiliano Grillo G Rico Hoey G Kris Ventura G Davis Chatfield,,Ryder Cowan,G,0.94%,33.5
82,5195814209,dockman12600 (12/20),0,626.5,G Kurt Kitayama G Hideki Matsuyama G Jackson Koivun G Casey Jarvis G A.J. Ewart G Zac Blair,,Tyler Duncan,G,0.93%,29
82,5196332288,hzdaniel (11/20),0,626.5,G Scottie Scheffler G Kevin Yu G Emiliano Grillo G Ben Kohles G Kevin Roy G Kevin Streelman,,Jeremy Paul,G,0.92%,23
86,5195303153,Daily_Big_Kahuna (10/20),0,625.5,G Scottie Scheffler G Brian Harman G Michael Kim G Seamus Power G Austin Eckroat G Joel Dahmen,,Chandler Phillips,G,0.90%,132.5
86,5196629707,whoisjohngalt420 (2/20),0,625.5,G Keith Mitchell G Jackson Koivun G Corey Conners G Christiaan Bezuidenhout G Brian Harman G Ben Kohles,,Adam Svensson,G,0.90%,29
88,5195449926,thutja (4/20),0,625,G Scottie Scheffler G Casey Jarvis G Emiliano Grillo G Ben Kohles G Austin Smotherman G Davis Chatfield,,Stefano Mazzoli,G,0.90%,26
89,5195043506,Plug3154 (20/20),0,624.5,G Kurt Kitayama G Hideki Matsuyama G Gary Woodland G Emiliano Grillo G Michael Kim G Mackenzie Hughes,,Kris Ventura,G,0.89%,81
89,5195339243,nachochopstix (9/13),0,624.5,G Scottie Scheffler G Ben Kohles G Michael Kim G Zac Blair G Patrick Fishburn G Kevin Roy,,Mark Hubbard,G,0.88%,79
89,5196090801,TheKid2430 (15/20),0,624.5,G Kurt Kitayama G Hideki Matsuyama G Jackson Koivun G Casey Jarvis G Lee Hodges G Kevin Roy,,David Skinns,G,0.86%,23.5
89,5196749593,hemoguy (17/18),0,624.5,G Scottie Scheffler G Ben Kohles G Michael Kim G Austin Eckroat G Kevin Roy G Chandler Phillips,,Hayden Springer,G,0.85%,36.5
93,5195253939,whwalker13 (9/20),0,624,G Hideki Matsuyama G Jackson Koivun G Sudarshan Yellamaraju G Max Greyserman G John Parry G Emiliano Grillo,,Lanto Griffin,G,0.84%,59.5
93,5196131662,Keroppi613 (12/20),0,624,G Kurt Kitayama G Jackson Koivun G Corey Conners G Davis Thompson G Casey Jarvis G Ben Kohles,,Adam Hadwin,G,0.82%,24.5
93,5196262694,Tavius87 (19/20),0,624,G Scottie Scheffler G Brian Harman G Ricky Castillo G Ben Kohles G Kevin Roy G Davis Chatfield,,Brannon Fahrny,G,0.79%,23.5
96,5196332290,hzdaniel (13/20),0,623.5,G Scottie Scheffler G Kevin Yu G Emiliano Grillo G Ben Kohles G Austin Smotherman G Camilo Villegas,,Karl Vilips,G,0.76%,25
97,5196112277,bgwig500 (9/20),0,623,G Maverick McNealy G Hideki Matsuyama G Jackson Koivun G Ricky Castillo G Billy Horschel G Austin Eckroat,,Joe Highsmith,G,0.74%,28.5
97,5196394359,BenByers (2/20),0,623,G Hideki Matsuyama G Tom Kim G Jackson Koivun G Ben Kohles G Mackenzie Hughes G A.J. Ewart,,Zecheng Dou,G,0.69%,95.5
97,5196620387,mack69 (3/20),0,623,G Scottie Scheffler G Brian Harman G John Parry G Michael Kim G Kevin Roy G John VanDerLaan,,Cameron Davis,G,0.69%,23.5
97,5196688400,marwalk82 (8/20),0,623,G Hideki Matsuyama G Jackson Koivun G Gary Woodland G Benjamin James G Ben Kohles G Zac Blair,,Ben Silverman,G,0.67%,32
101,5194723350,sportsfanatic89 (4/20),0,622.5,G Jake Knapp G Jackson Koivun G Corey Conners G Sam Stevens G Brian Harman G Zac Blair,,Chad Ramey,G,0.67%,33
101,5196619666,JaserD (10/20),0,622.5,G Maverick McNealy G Kurt Kitayama G Jackson Koivun G Michael Kim G Zac Blair G Kris Ventura,,Trace Crowe,G,0.67%,65.5
103,5196800727,aformb21 (6/20),0,622,G Hideki Matsuyama G Jackson Koivun G Jordan L. Smith G Christiaan Bezuidenhout G Michael Brennan G Matti Schmid,,Luke Clanton,G,0.66%,29
104,5194729322,drega09 (3/20),0,621.5,G Scottie Scheffler G Emiliano Grillo G Ben Kohles G Zachary Bauchou G Zac Blair G Jimmy Stanger,,Gordon Sargent,G,0.65%,40
104,5196220608,rs430414 (4/20),0,621.5,G Scottie Scheffler G Brian Harman G Michael Kim G Denny McCarthy G Kevin Roy G Lanto Griffin,,Davis Riley,G,0.64%,26
104,5196709736,mammola (2/5),0,621.5,G Kurt Kitayama G Tom Kim G Jackson Koivun G Casey Jarvis G Ben Kohles G Zac Blair,,Patrick Fishburn,G,0.56%,98
104,5196764605,matt5566 (1/2),0,621.5,G Scottie Scheffler G Brian Harman G Lucas Glover G Denny McCarthy G Seamus Power G Lanto Griffin,,Neal Shipley,G,0.52%,74.5
108,5196864702,JayMacK3 (3/20),0,621,G Hideki Matsuyama G Tom Kim G Gary Woodland G Rasmus Neergaard-Petersen G Emiliano Grillo G Lee Hodges,,Dylan Wu,G,0.50%,28
109,5195112581,Geebir (14/20),0,620.5,G Scottie Scheffler G Casey Jarvis G Ben Kohles G Michael Kim G Zac Blair G Davis Chatfield,,Luke List,G,0.50%,25.5
110,5194651758,mikenimchek,0,620,G Hideki Matsuyama G Jackson Koivun G Corey Conners G Jordan L. Smith G Lucas Glover G Zac Blair,,Nick Dunlap,G,0.45%,29.5
110,5195360567,coachp17 (15/20),0,620,G Hideki Matsuyama G Jake Knapp G Tom Kim G Ricky Castillo G Michael Kim G Denny McCarthy,,Kevin Streelman,G,0.45%,94.5
110,5196058955,cowboys767 (7/20),0,620,G Keith Mitchell G Jake Knapp G Jackson Koivun G Brian Harman G Kevin Yu G Lucas Glover,,Matthieu Pavon,G,0.45%,31.5
110,5196100026,lsulunatik (3/10),0,620,G Maverick McNealy G Tom Kim G Jackson Koivun G Emiliano Grillo G Michael Kim G Austin Eckroat,,Camilo Villegas,G,0.43%,84
110,5196864707,JayMacK3 (8/20),0,620,G Scottie Scheffler G Rasmus Neergaard-Petersen G Casey Jarvis G Seamus Power G Zac Blair G Davis Chatfield,,Garrick Higgo,G,0.43%,24
115,5194754961,Mousedef (3/20),0,619.5,G Hideki Matsuyama G Jackson Koivun G Sam Stevens G Jordan L. Smith G Rico Hoey G Denny McCarthy,,Vince Whaley,G,0.43%,88.5
115,5195509489,binghab (9/12),0,619.5,G Hideki Matsuyama G Tom Kim G Gary Woodland G Davis Thompson G Ricky Castillo G Ben Kohles,,Jimmy Stanger,G,0.42%,76
115,5195916015,TheBigOuch (8/20),0,619.5,G Hideki Matsuyama G Tom Kim G Gary Woodland G Brian Harman G Kevin Yu G Zachary Bauchou,,Peter Malnati,G,0.32%,19.5
115,5196660256,smithcj16 (18/20),0,619.5,G Keith Mitchell G Tom Kim G Jackson Koivun G Max Greyserman G Davis Thompson G Joel Dahmen,,Brian Campbell,G,0.31%,35
119,5196855291,aquafinatim (14/20),0,618,G Kurt Kitayama G Jackson Koivun G Jordan L. Smith G Christiaan Bezuidenhout G Casey Jarvis G Emiliano Grillo,,Harry Higgs,G,0.31%,36.5
120,5194723356,sportsfanatic89 (10/20),0,617.5,G Kurt Kitayama G Tom Kim G Gary Woodland G Brian Harman G Emiliano Grillo G Chris Kirk,,Nick Hardy,G,0.30%,27
120,5194723365,sportsfanatic89 (19/20),0,617.5,G Maverick McNealy G Kurt Kitayama G Davis Thompson G Brian Harman G Ricky Castillo G Emiliano Grillo,,Hank Lebioda,G,0.29%,98.5
120,5196349751,MnMoney (17/20),0,617.5,G Kurt Kitayama G Jackson Koivun G Sam Stevens G Jordan L. Smith G Michael Kim G Denny McCarthy,,Chandler Blanchet,G,0.28%,95.5
123,5194891678,mackers5757 (8/20),0,617,G Maverick McNealy G Kurt Kitayama G Gary Woodland G Davis Thompson G Brian Harman G Chandler Blanchet,,Justin Lower,G,0.27%,34.5
123,5196827958,meyers2305 (2/20),0,617,G Hideki Matsuyama G Jake Knapp G Tom Kim G John Parry G Ben Kohles G Zac Blair,,Patton Kizzire,G,0.23%,12
125,5196003910,SoCalHusker (2/20),0,616.5,G Scottie Scheffler G Rasmus Neergaard-Petersen G Casey Jarvis G Emiliano Grillo G Joel Dahmen G Davis Chatfield,,Pontus Nyholm,G,0.19%,80
126,5194971627,jsamp17 (16/20),0,616,G Kurt Kitayama G Hideki Matsuyama G Christiaan Bezuidenhout G Rasmus Neergaard-Petersen G Ben Kohles G Zac Blair,,Ben Martin,G,0.17%,32
126,5195839006,bjnfan (3/20),0,616,G Tom Kim G Jackson Koivun G Jordan L. Smith G Christiaan Bezuidenhout G Rasmus Neergaard-Petersen G Ben Kohles,,Muzzy Donohue,G,0.16%,89
126,5196388870,cj351 (7/20),0,616,G Maverick McNealy G Hideki Matsuyama G Corey Conners G Emiliano Grillo G Michael Kim G Zac Blair,,Danny Walker,G,0.16%,27
126,5196437266,lyeo91 (17/20),0,616,G Hideki Matsuyama G Keith Mitchell G Jordan L. Smith G Michael Brennan G Brian Harman G Emiliano Grillo,,Alejandro Tosti,G,0.15%,23
126,5196717847,gtsml (20/20),0,616,G Hideki Matsuyama G Jake Knapp G Davis Thompson G Emiliano Grillo G Jesper Svensson G A.J. Ewart,,Jason Day,G,0.15%,0
131,5195004625,mknob87 (3/20),0,615.5,G Scottie Scheffler G Brian Harman G Emiliano Grillo G Zachary Bauchou G Chandler Phillips G Aaron Wise,,Jeffrey Kang,G,0.15%,63
131,5195518188,craigp85 (13/13),0,615.5,G Kurt Kitayama G Hideki Matsuyama G Tom Kim G Ben Kohles G A.J. Ewart G Chandler Phillips,,Kensei Hirata,G,0.13%,13.5
131,5196664171,chrispy2005 (9/20),0,615.5,G Hideki Matsuyama G Jackson Koivun G Sam Stevens G Max Greyserman G Rasmus Neergaard-Petersen G Casey Jarvis,,Adam Schenk,G,0.13%,32
131,5196868329,krens (2/2),0,615.5,G Jackson Koivun G Gary Woodland G Sam Stevens G Jordan L. Smith G Rasmus Neergaard-Petersen G Davis Thompson,,Thomas Campbell,G,0.11%,21.5
135,5194715222,PopFlyBoy (12/20),0,615,G Maverick McNealy G Jake Knapp G Christiaan Bezuidenhout G Michael Brennan G Brian Harman G Emiliano Grillo,,Rafael Campos,G,0.11%,21
135,5196838449,BrandonSaunders (1/20),0,615,G Hideki Matsuyama G Jackson Koivun G Sungjae Im G Christiaan Bezuidenhout G John Parry G Emiliano Grillo,,John VanDerLaan,G,0.10%,86.5
135,5196844205,BrandonSaunders (18/20),0,615,G Hideki Matsuyama G Jackson Koivun G Sungjae Im G Christiaan Bezuidenhout G John Parry G Emiliano Grillo,,Charley Hoffman,G,0.10%,30
138,5195211548,ctscts3232 (11/20),0,614.5,G Maverick McNealy G Tom Kim G Jackson Koivun G Casey Jarvis G Ben Kohles G Zac Blair,,Nicholas Lindheim,G,0.09%,22
138,5195368577,aceman3026,0,614.5,G Scottie Scheffler G Tom Kim G Denny McCarthy G Kevin Streelman G Davis Chatfield G Troy Merritt,,Christo Lamprecht,G,0.08%,23.5
138,5196105379,naughttj (11/20),0,614.5,G Hideki Matsuyama G Keith Mitchell G Gary Woodland G Ben Kohles G Jesper Svensson G Denny McCarthy,,Sihan Sandhu,G,0.07%,32.5
138,5196799096,Bellyball422 (3/4),0,614.5,G Scottie Scheffler G Kevin Yu G Ben Kohles G Austin Eckroat G Kevin Roy G Chandler Phillips,,Marcelo Rozo,G,0.05%,34
142,5194820936,Onager41 (19/20),0,614,G Scottie Scheffler G Emiliano Grillo G Ben Kohles G Zac Blair G Chandler Phillips G Aaron Wise,,Griffin Wood,G,0.02%,30
142,5194960534,vertabrae (3/20),0,614,G Scottie Scheffler G Emiliano Grillo G Ben Kohles G Lee Hodges G A.J. Ewart G Davis Chatfield,,Seung-Yul Noh,G,0.01%,0
144,5195253946,whwalker13 (16/20),0,613.5,G Hideki Matsuyama G Jackson Koivun G Sungjae Im G John Parry G Emiliano Grillo G Austin Smotherman,,Ryan Brehm,G,0.01%,38
144,5195253947,whwalker13 (17/20),0,613.5,G Hideki Matsuyama G Jackson Koivun G Sungjae Im G John Parry G Emiliano Grillo G Chris Kirk,,Jeevan Sihota,G,0.01%,19.5
144,5196668309,RunWired (2/3),0,613.5,G Scottie Scheffler G Jesper Svensson G Zachary Bauchou G Denny McCarthy G Zac Blair G Kevin Roy,,,
144,5196839768,BrandonSaunders (9/20),0,613.5,G Hideki Matsuyama G Jackson Koivun G Corey Conners G Jordan L. Smith G A.J. Ewart G Zac Blair,,,
148,5196189216,BIGOOOS (12/20),0,613,G Kurt Kitayama G Jackson Koivun G Gary Woodland G Max Greyserman G Kevin Yu G Matti Schmid,,,
148,5196600248,Mige1 (9/20),0,613,G Maverick McNealy G Hideki Matsuyama G Keith Mitchell G Brian Harman G Ben Kohles G Davis Chatfield,,,
150,5195067027,Lamps08 (1/11),0,612.5,G Hideki Matsuyama G Tom Kim G Jordan L. Smith G Christiaan Bezuidenhout G Brian Harman G Ben Kohles,,,
150,5195082141,zacamu (12/20),0,612.5,G Hideki Matsuyama G Tom Kim G Jordan L. Smith G Christiaan Bezuidenhout G Brian Harman G Ben Kohles,,,
150,5195458454,thutja (7/20),0,612.5,G Scottie Scheffler G Beau Hossler G Emiliano Grillo G Ben Kohles G Austin Smotherman G Davis Chatfield,,,
150,5195548778,gulp (3/7),0,612.5,G Kurt Kitayama G Hideki Matsuyama G Tom Kim G Michael Kim G Seamus Power G Austin Smotherman,,,
150,5196126787,jt0378 (6/14),0,612.5,G Kurt Kitayama G Hideki Matsuyama G Christiaan Bezuidenhout G Michael Brennan G Emiliano Grillo G Jesper Svensson,,,
150,5196220609,rs430414 (5/20),0,612.5,G Scottie Scheffler G Brian Harman G Michael Kim G Chris Kirk G Austin Eckroat G Chandler Blanchet,,,
150,5196261613,Dubbzz (6/20),0,612.5,G Scottie Scheffler G Casey Jarvis G Ben Kohles G Billy Horschel G Zac Blair G Joel Dahmen,,,
150,5196811267,Raiderfanatic2195 (14/20),0,612.5,G Hideki Matsuyama G Tom Kim G Jordan L. Smith G Christiaan Bezuidenhout G Brian Harman G Ben Kohles,,,
158,5194826372,RMann82 (14/20),0,612,G Jake Knapp G Gary Woodland G Corey Conners G Christiaan Bezuidenhout G Davis Thompson G Brian Harman,,,
158,5196072995,Brenden5258 (1/20),0,612,G Hideki Matsuyama G Jackson Koivun G Corey Conners G Christiaan Bezuidenhout G Brian Harman G Max McGreevy,,,
158,5196401760,HockeyCardsPlus (9/20),0,612,G Keith Mitchell G Jackson Koivun G Corey Conners G Jordan L. Smith G Brian Harman G Zac Blair,,,
158,5196734993,thutja (18/20),0,612,G Scottie Scheffler G Emiliano Grillo G Ben Kohles G Lucas Glover G Zac Blair G Troy Merritt,,,
158,5196814517,theWIRE1111111111 (12/20),0,612,G Scottie Scheffler G Brian Harman G Kevin Yu G Mackenzie Hughes G Joel Dahmen G Chandler Blanchet,,,
163,5195447243,sbolomo (3/20),0,611.5,G Scottie Scheffler G Rico Hoey G Lucas Glover G Zachary Bauchou G Seamus Power G Chandler Phillips,,,
163,5195985627,Wanna_Square_Up1567 (8/20),0,611.5,G Kurt Kitayama G Jackson Koivun G Sudarshan Yellamaraju G Christiaan Bezuidenhout G Davis Thompson G Brian Harman,,,
163,5196038118,az350z (8/20),0,611.5,G Scottie Scheffler G Ben Kohles G Lee Hodges G Zecheng Dou G Zac Blair G Vince Whaley,,,
163,5196136968,scooter989 (2/20),0,611.5,G Hideki Matsuyama G Jackson Koivun G Jackson Suber G Casey Jarvis G Emiliano Grillo G Ben Kohles,,,
163,5196453652,musicman777 (16/20),0,611.5,G Kurt Kitayama G Keith Mitchell G Jackson Koivun G Christiaan Bezuidenhout G Emiliano Grillo G Troy Merritt,,,
163,5196717294,big_dog7 (2/4),0,611.5,G Hideki Matsuyama G Keith Mitchell G Jake Knapp G Michael Kim G Zachary Bauchou G Denny McCarthy,,,
169,5196791861,El-Franchise (12/20),0,611,G Jake Knapp G Jackson Koivun G Jordan L. Smith G Rasmus Neergaard-Petersen G Lucas Glover G Zac Blair,,,
170,5195013150,Vegeta32 (4/20),0,610.5,G Hideki Matsuyama G Jackson Koivun G Jordan L. Smith G Michael Brennan G Davis Thompson G Aldrich Potgieter,,,
170,5195014860,kylehaeussler (20/20),0,610.5,G Hideki Matsuyama G Corey Conners G Christiaan Bezuidenhout G Michael Brennan G Rasmus Neergaard-Petersen G Brian Harman,,,
170,5196139940,MEP7811 (8/20),0,610.5,G Kurt Kitayama G Jackson Koivun G Sungjae Im G Christiaan Bezuidenhout G Brian Harman G Denny McCarthy,,,
170,5196629708,whoisjohngalt420 (3/20),0,610.5,G Scottie Scheffler G Kevin Yu G Casey Jarvis G Ben Kohles G Zac Blair G Davis Chatfield,,,
170,5196871938,kreller17 (2/20),0,610.5,G Scottie Scheffler G Brian Harman G Ricky Castillo G Lucas Glover G Zac Blair G Kevin Streelman,,,
175,5194674557,raiderdad3028 (15/20),0,610,G Scottie Scheffler G Davis Thompson G Lucas Glover G Seamus Power G Kevin Roy G Joel Dahmen,,,
176,5196717845,gtsml (18/20),0,609.5,G Hideki Matsuyama G Jackson Koivun G Christiaan Bezuidenhout G Davis Thompson G William Mouw G Jesper Svensson,,,
176,5196791863,El-Franchise (14/20),0,609.5,G Keith Mitchell G Jackson Koivun G Gary Woodland G Rasmus Neergaard-Petersen G Lucas Glover G Zac Blair,,,
176,5196791866,El-Franchise (17/20),0,609.5,G Jake Knapp G Jackson Koivun G Corey Conners G Rasmus Neergaard-Petersen G Lucas Glover G Zac Blair,,,
176,5196800722,aformb21 (1/20),0,609.5,G Scottie Scheffler G Brian Harman G Casey Jarvis G Zac Blair G Kevin Roy G Joel Dahmen,,,
180,5196453639,musicman777 (3/20),0,608.5,G Scottie Scheffler G Ricky Castillo G John Parry G Emiliano Grillo G Zac Blair G Troy Merritt,,,
181,5194697241,jrevelle3 (15/20),0,608,G Scottie Scheffler G Casey Jarvis G Emiliano Grillo G Lee Hodges G Joel Dahmen G Davis Chatfield,,,
181,5194985252,lakeside2220 (6/20),0,608,G Maverick McNealy G Keith Mitchell G Jackson Koivun G Ben Kohles G Jesper Svensson G Zac Blair,,,
181,5196276202,comonc (9/15),0,608,G Hideki Matsuyama G Sam Stevens G Davis Thompson G Emiliano Grillo G Ben Kohles G Mackenzie Hughes,,,
181,5196666850,lelo2906 (6/20),0,608,G Kurt Kitayama G Jackson Koivun G Sam Stevens G Michael Brennan G Brian Harman G Casey Jarvis,,,
185,5196119121,phasty,0,607.5,G Scottie Scheffler G Brian Harman G Denny McCarthy G Billy Horschel G Zac Blair G Adam Hadwin,,,
185,5196311233,jbpalmer (6/20),0,607.5,G Kurt Kitayama G Jackson Koivun G Gary Woodland G Michael Brennan G Rico Hoey G Zachary Bauchou,,,
185,5196316004,grantgoupil (15/20),0,607.5,G Maverick McNealy G Hideki Matsuyama G Michael Brennan G Rasmus Neergaard-Petersen G Ricky Castillo G Denny McCarthy,,,
188,5196016590,cliffwes (19/20),0,607,G Scottie Scheffler G Brian Harman G Max McGreevy G Denny McCarthy G Zac Blair G Joel Dahmen,,,
188,5196136979,scooter989 (13/20),0,607,G Kurt Kitayama G Tom Kim G Jackson Koivun G Rasmus Neergaard-Petersen G A.J. Ewart G Zac Blair,,,
188,5196276182,soler1 (1/2),0,607,G Hideki Matsuyama G Jake Knapp G Gary Woodland G Casey Jarvis G John Parry G Ben Kohles,,,
188,5196726365,dtozz22 (5/20),0,607,G Scottie Scheffler G John Parry G Emiliano Grillo G Ben Kohles G Matti Schmid G Camilo Villegas,,,
192,5195388036,B32044 (18/20),0,606.5,G Tom Kim G Jackson Koivun G Jackson Suber G Christiaan Bezuidenhout G Brian Harman G Emiliano Grillo,,,
192,5195509259,fisherladyh (2/7),0,606.5,G Hideki Matsuyama G Keith Mitchell G Christiaan Bezuidenhout G Michael Brennan G Rasmus Neergaard-Petersen G Brian Harman,,,
192,5196131655,Keroppi613 (5/20),0,606.5,G Scottie Scheffler G Ben Kohles G Michael Kim G Mackenzie Hughes G Lee Hodges G Davis Chatfield,,,
192,5196217307,engelg (17/20),0,606.5,G Hideki Matsuyama G Jackson Koivun G Gary Woodland G Christiaan Bezuidenhout G Steven Fisk G Zac Blair,,,
196,5194768642,chadraybon (8/20),0,606,G Maverick McNealy G Jackson Koivun G Max Homa G Brian Harman G Emiliano Grillo G Ben Kohles,,,
196,5195976494,moldova (16/20),0,606,G Kurt Kitayama G Jackson Koivun G Jackson Suber G Rasmus Neergaard-Petersen G Brian Harman G Seamus Power,,,
196,5196449673,mt949 (5/20),0,606,G Kurt Kitayama G Keith Mitchell G Tom Kim G Emiliano Grillo G Denny McCarthy G Seamus Power,,,
196,5196867312,almccullum (6/11),0,606,G Hideki Matsuyama G Keith Mitchell G Tom Kim G Emiliano Grillo G Lucas Glover G Denny McCarthy,,,
196,5196868739,skeetsmcgee (1/4),0,606,G Kurt Kitayama G Jackson Koivun G Corey Conners G Rasmus Neergaard-Petersen G Ben Kohles G Mackenzie Hughes,,,
201,5194971206,vertabrae (9/20),0,605.5,G Scottie Scheffler G Emiliano Grillo G Ben Kohles G Mackenzie Hughes G A.J. Ewart G Davis Chatfield,,,
201,5195280672,comets1234 (3/7),0,605.5,G Scottie Scheffler G Emiliano Grillo G Ben Kohles G A.J. Ewart G Zac Blair G Troy Merritt,,,
201,5195518932,CryinLionsFan (2/4),0,605.5,G Hideki Matsuyama G Gary Woodland G Sam Stevens G Christiaan Bezuidenhout G Rasmus Neergaard-Petersen G Brian Harman,,,
201,5196465854,GreenTailShiner (10/20),0,605.5,G Keith Mitchell G Tom Kim G Jackson Koivun G Max Greyserman G Lee Hodges G Billy Horschel,,,
201,5196620395,mack69 (11/20),0,605.5,G Scottie Scheffler G Beau Hossler G Michael Kim G Seamus Power G Billy Horschel G Joel Dahmen,,,
201,5196796472,jmchambers16 (3/3),0,605.5,G Hideki Matsuyama G Sudarshan Yellamaraju G Brian Harman G Emiliano Grillo G Ben Kohles G Zac Blair,,,
201,5196797388,colemryt (5/20),0,605.5,G Maverick McNealy G Hideki Matsuyama G Jordan L. Smith G Brian Harman G Ben Kohles G Lee Hodges,,,
208,5194634912,Astros7 (5/11),0,605,G Kurt Kitayama G Hideki Matsuyama G Tom Kim G Michael Kim G Zac Blair G Joel Dahmen,,,
208,5196390076,scottie332 (8/20),0,605,G Scottie Scheffler G Ben Kohles G Lee Hodges G Zachary Bauchou G Zac Blair G Joel Dahmen,,,
208,5196827016,ed8802 (2/5),0,605,G Scottie Scheffler G Ben Kohles G Lee Hodges G Zachary Bauchou G Zac Blair G Joel Dahmen,,,
211,5194699702,Knickeless (2/20),0,604.5,G Scottie Scheffler G Casey Jarvis G Ben Kohles G Michael Kim G Zachary Bauchou G Davis Chatfield,,,
211,5195745535,dksmith0713 (18/20),0,604.5,G Kurt Kitayama G Jake Knapp G Jackson Koivun G Lucas Glover G Zachary Bauchou G Austin Smotherman,,,
211,5196140743,jonytiler (16/20),0,604.5,G Scottie Scheffler G Casey Jarvis G Ben Kohles G Michael Kim G Zachary Bauchou G Davis Chatfield,,,
211,5196800731,aformb21 (10/20),0,604.5,G Maverick McNealy G Hideki Matsuyama G Christiaan Bezuidenhout G Max Greyserman G Brian Harman G Ricky Castillo,,,
215,5194697243,jrevelle3 (17/20),0,604,G Scottie Scheffler G Kevin Yu G Emiliano Grillo G Max McGreevy G Denny McCarthy G Davis Chatfield,,,
215,5194809170,kcweir1087 (12/20),0,604,G Hideki Matsuyama G Tom Kim G Jackson Koivun G Taylor Pendrith G Emiliano Grillo G Chris Kirk,,,
215,5195166842,m4rkbe,0,604,G Kurt Kitayama G Jackson Koivun G Sam Stevens G Michael Brennan G Davis Thompson G Mackenzie Hughes,,,
215,5195438071,boyle5000 (5/20),0,604,G Hideki Matsuyama G Gary Woodland G Corey Conners G Max Greyserman G Rasmus Neergaard-Petersen G Ben Kohles,,,
215,5195446203,thutja (2/20),0,604,G Kurt Kitayama G Tom Kim G Corey Conners G Brian Harman G Emiliano Grillo G Ben Kohles,,,
215,5196714827,juggalotus,0,604,G Hideki Matsuyama G Jake Knapp G Gary Woodland G Christiaan Bezuidenhout G Casey Jarvis G Zac Blair,,,
215,5196837084,jah_586 (5/20),0,604,G Maverick McNealy G Jackson Koivun G Corey Conners G Casey Jarvis G Ben Kohles G Michael Kim,,,
222,5196053923,MiamiSKC (4/20),0,603.5,G Keith Mitchell G Jackson Koivun G Corey Conners G Christiaan Bezuidenhout G Brian Harman G Ricky Castillo,,,
222,5196453654,musicman777 (18/20),0,603.5,G Kurt Kitayama G Hideki Matsuyama G Jackson Koivun G Sudarshan Yellamaraju G Emiliano Grillo G Troy Merritt,,,
222,5196846880,gitsum40 (5/5),0,603.5,G Maverick McNealy G Jackson Koivun G Sam Stevens G Davis Thompson G Casey Jarvis G Ben Kohles,,,
225,5196805611,CartoGuy (3/20),0,603,G Hideki Matsuyama G Jake Knapp G Corey Conners G Brian Harman G Ricky Castillo G John Parry,,,
225,5196859351,EagleEye3434 (1/20),0,603,G Kurt Kitayama G Jackson Koivun G Jordan L. Smith G Christiaan Bezuidenhout G Casey Jarvis G Ben Kohles,,,
227,5195224411,rhoj99 (5/7),0,602.5,G Maverick McNealy G Jackson Koivun G Tony Finau G Rasmus Neergaard-Petersen G Davis Thompson G Denny McCarthy,,,
227,5195286803,kacktrey7 (10/20),0,602.5,G Kurt Kitayama G Jackson Koivun G Mac Meissner G Christiaan Bezuidenhout G Brian Harman G Ben Kohles,,,
227,5195289957,tedsellers86 (11/20),0,602.5,G Maverick McNealy G Hideki Matsuyama G Corey Conners G Brian Harman G Michael Kim G Zachary Bauchou,,,
227,5196287745,jcobb04 (9/20),0,602.5,G Jake Knapp G Jackson Koivun G Corey Conners G Max Greyserman G Rasmus Neergaard-Petersen G Casey Jarvis,,,
231,5194613588,taugust7 (19/20),0,602,G Kurt Kitayama G Hideki Matsuyama G Rasmus Neergaard-Petersen G Davis Thompson G Kevin Yu G Casey Jarvis,,,
231,5195865509,kozy6813 (15/20),0,602,G Maverick McNealy G Kurt Kitayama G Corey Conners G Brian Harman G Emiliano Grillo G Zac Blair,,,
231,5196014648,lbquadz (3/10),0,602,G Hideki Matsuyama G Tom Kim G Jordan L. Smith G Rasmus Neergaard-Petersen G Davis Thompson G John Parry,,,
231,5196250522,hhubbard (18/20),0,602,G Hideki Matsuyama G Keith Mitchell G Jake Knapp G Brian Harman G Lucas Glover G Zac Blair,,,
231,5196512515,mskellett (5/20),0,602,G Hideki Matsuyama G Jackson Koivun G Sam Stevens G Benjamin James G Brian Harman G Ben Kohles,,,
231,5196756099,brarob11 (3/10),0,602,G Scottie Scheffler G John Parry G Michael Kim G Lucas Glover G Zac Blair G Joel Dahmen,,,
237,5195082143,zacamu (14/20),0,601.5,G Kurt Kitayama G Hideki Matsuyama G Jordan L. Smith G Casey Jarvis G Michael Kim G Denny McCarthy,,,
237,5196388865,cj351 (2/20),0,601.5,G Maverick McNealy G Kurt Kitayama G Corey Conners G Emiliano Grillo G Michael Kim G Denny McCarthy,,,
237,5196600240,Mige1 (1/20),0,601.5,G Scottie Scheffler G Ben Kohles G Michael Kim G Zac Blair G Austin Eckroat G Joel Dahmen,,,
240,5195841641,ratrace66 (8/8),0,601,G Hideki Matsuyama G Keith Mitchell G Tom Kim G Brian Harman G Lee Hodges G Zac Blair,,,
240,5196072034,bschaper23 (16/20),0,601,G Kurt Kitayama G Jackson Koivun G Corey Conners G Christiaan Bezuidenhout G Ben Kohles G Lucas Glover,,,
240,5196671587,G.0720.R,0,601,G Scottie Scheffler G Christiaan Bezuidenhout G Denny McCarthy G Seamus Power G Kevin Roy G Fabián Gómez,,,
240,5196749585,hemoguy (9/18),0,601,G Tom Kim G Jackson Koivun G Sam Stevens G Christiaan Bezuidenhout G Rasmus Neergaard-Petersen G Ben Kohles,,,
240,5196768338,petem940 (5/5),0,601,G Kurt Kitayama G Hideki Matsuyama G Corey Conners G Casey Jarvis G Ben Kohles G Denny McCarthy,,,
240,5196773387,kirks91 (4/20),0,601,G Scottie Scheffler G Emiliano Grillo G Jesper Svensson G A.J. Ewart G Zac Blair G Joel Dahmen,,,
246,5194824173,Brue1979 (5/20),0,600.5,G Hideki Matsuyama G Jake Knapp G Corey Conners G Michael Brennan G John Parry G Billy Horschel,,,
246,5195004642,mknob87 (20/20),0,600.5,G Scottie Scheffler G Brian Harman G Ben Kohles G Zachary Bauchou G Chandler Phillips G Aaron Wise,,,
246,5195972006,sosamightygg22 (18/20),0,600.5,G Hideki Matsuyama G Jake Knapp G Tom Kim G Casey Jarvis G Zachary Bauchou G Denny McCarthy,,,
249,5194663042,westh8bamix (5/20),0,600,G Keith Mitchell G Jackson Koivun G Sam Stevens G Davis Thompson G Michael Kim G Lee Hodges,,,
249,5196453640,musicman777 (4/20),0,600,G Scottie Scheffler G Ricky Castillo G Emiliano Grillo G Zachary Bauchou G Zac Blair G Troy Merritt,,,
249,5196648507,jetty76 (1/20),0,600,G Jake Knapp G Tom Kim G Jackson Koivun G William Mouw G Emiliano Grillo G Ben Kohles,,,
252,5195111282,Alexbieri (7/20),0,599.5,G Tom Kim G Jackson Koivun G Sam Stevens G Brian Harman G Kevin Yu G Casey Jarvis,,,
252,5195537976,changchunweiwayne (10/20),0,599.5,G Kurt Kitayama G Hideki Matsuyama G Jackson Koivun G Ben Kohles G Matt Kuchar G Zac Blair,,,
252,5195775112,jpkoppy21 (2/2),0,599.5,G Hideki Matsuyama G Jake Knapp G Christiaan Bezuidenhout G Brian Harman G Ricky Castillo G Casey Jarvis,,,
252,5195971998,sosamightygg22 (10/20),0,599.5,G Kurt Kitayama G Jackson Koivun G Jordan L. Smith G Benjamin James G Brian Harman G Emiliano Grillo,,,
256,5195222648,bett2112 (14/20),0,599,G Jake Knapp G Jackson Koivun G Sam Stevens G Jordan L. Smith G Rasmus Neergaard-Petersen G Zac Blair,,,
256,5195938094,gottastack (4/20),0,599,G Scottie Scheffler G Lee Hodges G Matti Schmid G A.J. Ewart G Zac Blair G Chandler Phillips,,,
256,5196249364,DCowell12 (3/8),0,599,G Hideki Matsuyama G Tom Kim G Jordan L. Smith G Christiaan Bezuidenhout G Kevin Yu G Emiliano Grillo,,,
256,5196296340,binghab (11/12),0,599,G Scottie Scheffler G John Parry G Ben Kohles G Michael Kim G Lee Hodges G Troy Merritt,,,
256,5196357584,marvink (14/20),0,599,G Hideki Matsuyama G Jake Knapp G Tom Kim G Casey Jarvis G Ben Kohles G Zac Blair,,,
256,5196453643,musicman777 (7/20),0,599,G Scottie Scheffler G John Parry G Emiliano Grillo G Rico Hoey G Zac Blair G Troy Merritt,,,
262,5195014856,kylehaeussler (16/20),0,598.5,G Maverick McNealy G Kurt Kitayama G Jackson Koivun G Michael Kim G Austin Smotherman G Austin Eckroat,,,
262,5196127423,SmokinGuns40 (2/5),0,598.5,G Jackson Koivun G Christiaan Bezuidenhout G Michael Brennan G Rasmus Neergaard-Petersen G Ricky Castillo G Casey Jarvis,,,
262,5196663215,TheGame2169 (5/20),0,598.5,G Kurt Kitayama G Hideki Matsuyama G Sam Stevens G Christiaan Bezuidenhout G Lee Hodges G Chandler Phillips,,,
265,5195292380,griffalicious24 (16/20),0,598,G Scottie Scheffler G Brian Harman G Emiliano Grillo G Michael Kim G Joel Dahmen G Ben Silverman,,,
265,5195401612,gunner2632 (13/20),0,598,G Scottie Scheffler G Rico Hoey G Zachary Bauchou G Billy Horschel G Zac Blair G Patrick Fishburn,,,
265,5195537974,changchunweiwayne (8/20),0,598,G Kurt Kitayama G Keith Mitchell G Jackson Koivun G Kevin Yu G Mackenzie Hughes G Zac Blair,,,
265,5195848720,Gizmotastic (3/4),0,598,G Kurt Kitayama G Tom Kim G Jordan L. Smith G Rasmus Neergaard-Petersen G Brian Harman G Emiliano Grillo,,,
265,5195964651,1luckdude,0,598,G Scottie Scheffler G Rasmus Neergaard-Petersen G Emiliano Grillo G A.J. Ewart G Zac Blair G Troy Merritt,,,
265,5195971990,sosamightygg22 (2/20),0,598,G Keith Mitchell G Tom Kim G Jackson Koivun G Brian Harman G Ricky Castillo G Casey Jarvis,,,
265,5196432618,Shanacole (6/20),0,598,G Hideki Matsuyama G Jake Knapp G Jackson Koivun G Michael Brennan G Patrick Fishburn G Aaron Wise,,,
265,5196564747,17RacingH (17/20),0,598,G Scottie Scheffler G John Parry G Emiliano Grillo G Ben Kohles G A.J. Ewart G Troy Merritt,,,
273,5194957405,wsdp (17/20),0,597.5,G Tom Kim G Jackson Koivun G Corey Conners G Mac Meissner G Brian Harman G Emiliano Grillo,,,
273,5195339239,nachochopstix (5/13),0,597.5,G Hideki Matsuyama G Tom Kim G Sam Stevens G Christiaan Bezuidenhout G Brian Harman G Ben Kohles,,,
273,5195481323,swandad,0,597.5,G Kurt Kitayama G Hideki Matsuyama G Christiaan Bezuidenhout G Casey Jarvis G Ben Kohles G Zac Blair,,,
273,5195870478,Szentiger (14/20),0,597.5,G Hideki Matsuyama G Tom Kim G Sam Stevens G Max Greyserman G Emiliano Grillo G Ben Kohles,,,
273,5196250514,hhubbard (10/20),0,597.5,G Kurt Kitayama G Tom Kim G Jackson Koivun G Emiliano Grillo G Ben Kohles G Max McGreevy,,,
273,5196313204,sturkdawg_trsturk,0,597.5,G Hideki Matsuyama G Tom Kim G Sam Stevens G Christiaan Bezuidenhout G Brian Harman G Ben Kohles,,,
273,5196691663,joeystorey813 (5/20),0,597.5,G Tom Kim G Jackson Koivun G Corey Conners G Mac Meissner G Emiliano Grillo G Denny McCarthy,,,
280,5196074158,LTskelter (17/20),0,597,G Kurt Kitayama G Jackson Koivun G Christiaan Bezuidenhout G Rasmus Neergaard-Petersen G Brian Harman G Max McGreevy,,,
280,5196116290,stock2mail (5/20),0,597,G Tom Kim G Jackson Koivun G Mac Meissner G Christiaan Bezuidenhout G Brian Harman G Ben Kohles,,,
280,5196548854,drcobosjr (13/20),0,597,G Kurt Kitayama G Hideki Matsuyama G Corey Conners G Ricky Castillo G John Parry G Denny McCarthy,,,
283,5195360556,coachp17 (4/20),0,596.5,G Scottie Scheffler G Emiliano Grillo G Michael Kim G Seamus Power G Zac Blair G David Lipsky,,,
283,5195627430,khp5050 (2/20),0,596.5,G Kurt Kitayama G Jake Knapp G Gary Woodland G Casey Jarvis G Emiliano Grillo G Michael Kim,,,
283,5196512524,mskellett (14/20),0,596.5,G Jake Knapp G Jackson Koivun G Jackson Suber G Davis Thompson G Kevin Yu G Zac Blair,,,
286,5194799690,Plug3154 (5/20),0,596,G Tom Kim G Jackson Koivun G Corey Conners G Christiaan Bezuidenhout G Casey Jarvis G Ben Kohles,,,
286,5196013332,Reboot78 (19/20),0,596,G Kurt Kitayama G Jackson Koivun G Jackson Suber G Brian Harman G Kevin Yu G Zac Blair,,,
286,5196518151,cashyobe (1/2),0,596,G Scottie Scheffler G Casey Jarvis G Emiliano Grillo G Ben Kohles G Zac Blair G Fabián Gómez,,,
289,5194582595,mconnolly88 (7/20),0,595.5,G Hideki Matsuyama G Jackson Koivun G Jordan L. Smith G Mac Meissner G John Parry G Michael Kim,,,
289,5195112573,Geebir (6/20),0,595.5,G Hideki Matsuyama G Tom Kim G Corey Conners G Brian Harman G Casey Jarvis G Ben Kohles,,,
289,5195348772,baahstonbotfly (4/5),0,595.5,G Maverick McNealy G Kurt Kitayama G Christiaan Bezuidenhout G Davis Thompson G Ben Kohles G Michael Kim,,,
289,5195348773,baahstonbotfly (5/5),0,595.5,G Maverick McNealy G Kurt Kitayama G Christiaan Bezuidenhout G Davis Thompson G Ben Kohles G Michael Kim,,,
289,5195438070,boyle5000 (4/20),0,595.5,G Maverick McNealy G Jackson Koivun G Corey Conners G Max Greyserman G Kevin Yu G Zachary Bauchou,,,
289,5196090796,TheKid2430 (10/20),0,595.5,G Scottie Scheffler G Ricky Castillo G Emiliano Grillo G Zac Blair G Austin Eckroat G Joel Dahmen,,,
289,5196233371,Steven_1974 (6/20),0,595.5,G Kurt Kitayama G Tom Kim G Jackson Koivun G Casey Jarvis G Ben Kohles G Lucas Glover,,,
296,5194987044,cangood1 (16/20),0,595,G Maverick McNealy G Jackson Koivun G Max Homa G Brian Harman G Kevin Yu G Emiliano Grillo,,,
296,5196322753,saranac34 (15/20),0,595,G Scottie Scheffler G Jackson Koivun G Zac Blair G Cameron Champ G Davis Chatfield G Troy Merritt,,,
296,5196438382,porterj1223 (7/20),0,595,G Kurt Kitayama G Jackson Koivun G Doug Ghim G Rasmus Neergaard-Petersen G Emiliano Grillo G Zac Blair,,,
296,5196508891,adamfoster9 (2/2),0,595,G Kurt Kitayama G Hideki Matsuyama G Michael Brennan G Johnny Keefer G Brian Harman G Emiliano Grillo,,,
296,5196656478,jetty76 (2/20),0,595,G Jake Knapp G Jackson Koivun G Corey Conners G Johnny Keefer G Emiliano Grillo G Ben Kohles,,,
301,5196448124,monkeybrains (15/16),0,594.5,G Scottie Scheffler G Casey Jarvis G Ben Kohles G Michael Kim G Lucas Glover G Davis Chatfield,,,
301,5196776345,tfer66 (2/4),0,594.5,G Hideki Matsuyama G Jackson Koivun G Max Homa G Christiaan Bezuidenhout G Rasmus Neergaard-Petersen G Zac Blair,,,
303,5194843384,ATLSeminole (3/7),0,594,G Kurt Kitayama G Jake Knapp G Jackson Koivun G Emiliano Grillo G Ben Kohles G Aaron Wise,,,
303,5195790745,ynot4greg21 (7/20),0,594,G Kurt Kitayama G Jackson Koivun G Doug Ghim G Brian Harman G Kevin Yu G Zac Blair,,,
303,5195865510,kozy6813 (16/20),0,594,G Maverick McNealy G Jackson Koivun G Corey Conners G Christiaan Bezuidenhout G Casey Jarvis G Zac Blair,,,
303,5195885573,weller96 (3/3),0,594,G Scottie Scheffler G Casey Jarvis G Emiliano Grillo G Jesper Svensson G Zac Blair G Troy Merritt,,,
303,5196349747,MnMoney (13/20),0,594,G Maverick McNealy G Hideki Matsuyama G Corey Conners G John Parry G Ben Kohles G Zac Blair,,,
308,5195008904,tommyh9991 (2/7),0,593.5,G Scottie Scheffler G Jackson Koivun G Seamus Power G Adam Hadwin G Kevin Streelman G Troy Merritt,,,
308,5196636502,Carolinakidz (11/13),0,593.5,G Kurt Kitayama G Tom Kim G Jackson Koivun G William Mouw G Emiliano Grillo G Zac Blair,,,
310,5195270175,qazwdcefv,0,593,G Kurt Kitayama G Hideki Matsuyama G Christiaan Bezuidenhout G Michael Brennan G Ricky Castillo G Michael Kim,,,
310,5195292378,griffalicious24 (14/20),0,593,G Kurt Kitayama G Hideki Matsuyama G Sam Stevens G Max Greyserman G Michael Kim G Seamus Power,,,
310,5195409156,bl3rf (19/20),0,593,G Kurt Kitayama G Tom Kim G Christiaan Bezuidenhout G John Parry G Emiliano Grillo G Ben Kohles,,,
310,5196778650,zandwich (10/20),0,593,G Scottie Scheffler G Ben Kohles G Michael Kim G Mackenzie Hughes G Kevin Roy G Joel Dahmen,,,
310,5196797396,colemryt (13/20),0,593,G Maverick McNealy G Hideki Matsuyama G Michael Brennan G Casey Jarvis G Ben Kohles G Zac Blair,,,
310,5196797398,colemryt (15/20),0,593,G Scottie Scheffler G Ben Kohles G Michael Kim G Mackenzie Hughes G Kevin Roy G Joel Dahmen,,,
316,5194918185,ARockyW (19/20),0,592.5,G Scottie Scheffler G Emiliano Grillo G Jesper Svensson G Zac Blair G Austin Eckroat G Kevin Roy,,,
316,5195745519,dksmith0713 (2/20),0,592.5,G Keith Mitchell G Tom Kim G Jackson Koivun G Rasmus Neergaard-Petersen G Zachary Bauchou G Austin Smotherman,,,
316,5195851777,blondeflame19 (7/20),0,592.5,G Hideki Matsuyama G Tom Kim G Sam Stevens G Michael Brennan G Rasmus Neergaard-Petersen G Denny McCarthy,,,
316,5196241247,schlep31 (2/8),0,592.5,G Scottie Scheffler G Ben Kohles G Lucas Glover G Chris Kirk G Zac Blair G Kevin Roy,,,
316,5196241251,schlep31 (4/8),0,592.5,G Scottie Scheffler G Ben Kohles G Lucas Glover G Chris Kirk G Zac Blair G Kevin Roy,,,
316,5196241258,schlep31 (6/8),0,592.5,G Scottie Scheffler G Ben Kohles G Lucas Glover G Chris Kirk G Zac Blair G Kevin Roy,,,
316,5196241266,schlep31 (8/8),0,592.5,G Scottie Scheffler G Ben Kohles G Lucas Glover G Chris Kirk G Zac Blair G Kevin Roy,,,
316,5196546137,tdriver22671 (8/20),0,592.5,G Kurt Kitayama G Hideki Matsuyama G Jackson Koivun G Brian Harman G Mackenzie Hughes G Brandt Snedeker,,,
316,5196652931,ParkerSoSerious (6/20),0,592.5,G Kurt Kitayama G Jackson Koivun G Mac Meissner G Christiaan Bezuidenhout G Rasmus Neergaard-Petersen G Emiliano Grillo,,,
325,5194820934,Onager41 (17/20),0,592,G Scottie Scheffler G Emiliano Grillo G Ben Kohles G Kris Ventura G Chandler Phillips G Aaron Wise,,,
325,5195171817,heidinsmith12 (9/17),0,592,G Tom Kim G Jackson Koivun G Jackson Suber G Rasmus Neergaard-Petersen G Emiliano Grillo G Ben Kohles,,,
325,5195453091,purpleHayz (1/3),0,592,G Scottie Scheffler G Ben Kohles G Zachary Bauchou G Zac Blair G Kris Ventura G Kevin Roy,,,
325,5195964771,heidinsmith12 (12/17),0,592,G Jake Knapp G Jackson Koivun G Gary Woodland G Sudarshan Yellamaraju G Brian Harman G Mackenzie Hughes,,,
325,5196140729,jonytiler (2/20),0,592,G Kurt Kitayama G Hideki Matsuyama G Christiaan Bezuidenhout G Michael Brennan G Rasmus Neergaard-Petersen G Zachary Bauchou,,,
325,5196283448,matts-H2 (3/4),0,592,G Scottie Scheffler G Davis Thompson G Brian Harman G Lucas Glover G Austin Eckroat G Troy Merritt,,,
325,5196629713,whoisjohngalt420 (8/20),0,592,G Maverick McNealy G Kurt Kitayama G Christiaan Bezuidenhout G Rasmus Neergaard-Petersen G Emiliano Grillo G Ben Kohles,,,
332,5195793761,Dragon63 (7/16),0,591.5,G Hideki Matsuyama G Tom Kim G Jackson Koivun G Casey Jarvis G Beau Hossler G Mackenzie Hughes,,,
332,5196200820,totototo (6/20),0,591.5,G Gary Woodland G Jordan L. Smith G Rasmus Neergaard-Petersen G Davis Thompson G Kevin Yu G Ben Kohles,,,
332,5196465857,GreenTailShiner (13/20),0,591.5,G Kurt Kitayama G Hideki Matsuyama G Sam Stevens G Brian Harman G Ricky Castillo G Ben Kohles,,,
332,5196632169,Skralph (8/20),0,591.5,G Scottie Scheffler G Brian Harman G Casey Jarvis G Max McGreevy G Denny McCarthy G Davis Chatfield,,,
332,5196847018,BlueVooDoo223 (6/11),0,591.5,G Scottie Scheffler G Emiliano Grillo G Ben Kohles G Lucas Glover G Chandler Phillips G Cameron Champ,,,
337,5195787872,YardieKnoe (17/20),0,591,G Kurt Kitayama G Jackson Koivun G Sam Stevens G Christiaan Bezuidenhout G Ricky Castillo G Michael Kim,,,
337,5196449670,mt949 (2/20),0,591,G Kurt Kitayama G Keith Mitchell G Tom Kim G Ben Kohles G Denny McCarthy G Seamus Power,,,
339,5195115886,UltimateGunslingers,0,590.5,G Kurt Kitayama G Hideki Matsuyama G Christiaan Bezuidenhout G Rasmus Neergaard-Petersen G Casey Jarvis G Ben Kohles,,,
339,5196453644,musicman777 (8/20),0,590.5,G Scottie Scheffler G Emiliano Grillo G Rico Hoey G Zachary Bauchou G Zac Blair G Troy Merritt,,,
341,5194754121,cowboys3322,0,590,G Scottie Scheffler G Brian Harman G Ben Kohles G Michael Kim G Zac Blair G Brice Garnett,,,
341,5195007449,bellaworth (1/20),0,590,G Kurt Kitayama G Hideki Matsuyama G Rasmus Neergaard-Petersen G Kevin Yu G Casey Jarvis G Ben Kohles,,,
341,5196290758,KhaosAddict (6/20),0,590,G Scottie Scheffler G Max Greyserman G Ricky Castillo G Seamus Power G Kris Ventura G Muzzy Donohue,,,
341,5196334647,kevinbrock (19/20),0,590,G Scottie Scheffler G Michael Brennan G Seamus Power G Austin Smotherman G Kevin Roy G Jimmy Stanger,,,
341,5196791860,El-Franchise (11/20),0,590,G Kurt Kitayama G Jackson Koivun G Sam Stevens G Rasmus Neergaard-Petersen G Lucas Glover G Zac Blair,,,
346,5195312075,derekdog (4/20),0,589.5,G Jake Knapp G Tom Kim G Jackson Koivun G Casey Jarvis G Beau Hossler G Ben Kohles,,,
346,5196140737,jonytiler (10/20),0,589.5,G Kurt Kitayama G Hideki Matsuyama G Tom Kim G Christiaan Bezuidenhout G Zachary Bauchou G Davis Chatfield,,,
346,5196233381,Steven_1974 (16/20),0,589.5,G Scottie Scheffler G Ricky Castillo G Ben Kohles G Mackenzie Hughes G Chris Kirk G Davis Chatfield,,,
346,5196328363,markmoran (3/4),0,589.5,G Kurt Kitayama G Tom Kim G Jackson Koivun G Brian Harman G Ben Kohles G Patrick Rodgers,,,
346,5196878194,duhos11 (9/13),0,589.5,G Hideki Matsuyama G Jake Knapp G Tom Kim G Emiliano Grillo G Mackenzie Hughes G Lucas Glover,,,
351,5195499628,Darkmoon52 (1/10),0,589,G Hideki Matsuyama G Tom Kim G Gary Woodland G Brian Harman G Lucas Glover G Matti Schmid,,,
351,5195593409,pudge72cws (11/20),0,589,G Kurt Kitayama G Hideki Matsuyama G Tom Kim G Michael Kim G Hao-Tong Li G Zac Blair,,,
351,5196287746,jcobb04 (10/20),0,589,G Hideki Matsuyama G Jackson Koivun G Max Homa G Jordan L. Smith G Ben Kohles G Zac Blair,,,
354,5195194744,mahaa507 (5/20),0,588.5,G Maverick McNealy G Hideki Matsuyama G Mac Meissner G Davis Thompson G Brian Harman G Michael Kim,,,
354,5195292366,griffalicious24 (2/20),0,588.5,G Scottie Scheffler G Michael Kim G Max McGreevy G Denny McCarthy G Zac Blair G Joel Dahmen,,,
354,5195814204,dockman12600 (7/20),0,588.5,G Scottie Scheffler G Emiliano Grillo G Zachary Bauchou G Denny McCarthy G Zac Blair G Takumi Kanaya,,,
354,5195947851,nsteinwart (1/20),0,588.5,G Scottie Scheffler G Brian Harman G Ben Kohles G Michael Kim G Andrew Putnam G Davis Chatfield,,,
354,5196332287,hzdaniel (10/20),0,588.5,G Scottie Scheffler G Brian Harman G Emiliano Grillo G Ben Kohles G Kevin Roy G Dylan Wu,,,
354,5196663405,jetty76 (10/20),0,588.5,G Maverick McNealy G Jackson Koivun G Sungjae Im G Michael Brennan G Ben Kohles G Denny McCarthy,,,
354,5196837096,jah_586 (17/20),0,588.5,G Scottie Scheffler G Casey Jarvis G Michael Kim G Lee Hodges G Zachary Bauchou G Davis Chatfield,,,
361,5194838643,Nuby33 (13/20),0,588,G Kurt Kitayama G Hideki Matsuyama G Doug Ghim G Ben Kohles G Zac Blair G Chandler Phillips,,,
361,5195653238,Nausser99 (3/20),0,588,G Maverick McNealy G Jake Knapp G Jackson Koivun G Davis Thompson G Patrick Rodgers G Zac Blair,,,
361,5195790746,ynot4greg21 (8/20),0,588,G Kurt Kitayama G Jackson Koivun G Jackson Suber G Emiliano Grillo G Michael Kim G Lee Hodges,,,
361,5196332278,hzdaniel (1/20),0,588,G Scottie Scheffler G Emiliano Grillo G Ben Kohles G Michael Kim G Patrick Fishburn G Ben Silverman,,,
361,5196436104,MoeJontana16 (1/20),0,588,G Maverick McNealy G Kurt Kitayama G Jordan L. Smith G Brian Harman G Ben Kohles G Michael Kim,,,
361,5196719625,seth37iso (2/20),0,588,G Maverick McNealy G Jackson Koivun G Doug Ghim G Rasmus Neergaard-Petersen G Emiliano Grillo G Zac Blair,,,
367,5194980714,cangood1 (6/20),0,587.5,G Kurt Kitayama G Jackson Koivun G Max Homa G Michael Brennan G Emiliano Grillo G Ben Kohles,,,
367,5195210839,Paddyboy2156 (18/20),0,587.5,G Kurt Kitayama G Tom Kim G Gary Woodland G Emiliano Grillo G Ben Kohles G Mackenzie Hughes,,,
367,5196090803,TheKid2430 (17/20),0,587.5,G Maverick McNealy G Kurt Kitayama G Jackson Koivun G Kevin Yu G Austin Eckroat G Joel Dahmen,,,
367,5196217302,engelg (12/20),0,587.5,G Kurt Kitayama G Hideki Matsuyama G Davis Thompson G Brian Harman G Ben Kohles G Tom Hoge,,,
367,5196433175,dluca (18/20),0,587.5,G Maverick McNealy G Jackson Koivun G Gary Woodland G Emiliano Grillo G Jesper Svensson G Max McGreevy,,,
367,5196797385,colemryt (2/20),0,587.5,G Maverick McNealy G Tom Kim G Christiaan Bezuidenhout G Michael Brennan G Brian Harman G Michael Kim,,,
373,5194715742,SillyRabbit17 (5/20),0,587,G Scottie Scheffler G Brian Harman G Denny McCarthy G Austin Smotherman G Zac Blair G Brandt Snedeker,,,
373,5195050420,DDEMERIT3 (15/20),0,587,G Tom Kim G Jackson Koivun G Doug Ghim G Christiaan Bezuidenhout G Emiliano Grillo G Ben Kohles,,,
373,5196250506,hhubbard (2/20),0,587,G Kurt Kitayama G Jackson Koivun G Jordan L. Smith G Mac Meissner G Emiliano Grillo G Ben Kohles,,,
373,5196718976,IHATEbrady1,0,587,G Scottie Scheffler G John Parry G Michael Kim G Zac Blair G Austin Eckroat G Kevin Roy,,,
377,5195286804,kacktrey7 (11/20),0,586.5,G Scottie Scheffler G Ben Kohles G Michael Kim G Denny McCarthy G Zac Blair G Aaron Wise,,,
377,5195324056,gspie20,0,586.5,G Kurt Kitayama G Hideki Matsuyama G Gary Woodland G Ricky Castillo G Ben Kohles G Lucas Glover,,,
377,5195728141,Dacrippler (1/2),0,586.5,G Kurt Kitayama G Hideki Matsuyama G Benjamin James G Max Greyserman G Emiliano Grillo G Denny McCarthy,,,
377,5195799809,vafarmertom (8/13),0,586.5,G Scottie Scheffler G Emiliano Grillo G Ben Kohles G Lucas Glover G Pontus Nyholm G Will Gordon,,,
377,5196188350,rcdog (3/3),0,586.5,G Hideki Matsuyama G Keith Mitchell G Sam Stevens G Rasmus Neergaard-Petersen G Brian Harman G Ben Kohles,,,
377,5196725847,thutja (16/20),0,586.5,G Scottie Scheffler G Casey Jarvis G Emiliano Grillo G Ben Kohles G Lucas Glover G Troy Merritt,,,
377,5196740010,KatyHasBigTatas (3/4),0,586.5,G Scottie Scheffler G Casey Jarvis G Emiliano Grillo G Ben Kohles G Lucas Glover G Troy Merritt,,,
384,5195909529,bobjustbob728 (5/20),0,586,G Hideki Matsuyama G Jackson Koivun G Jackson Suber G William Mouw G Brian Harman G Emiliano Grillo,,,
384,5196200825,totototo (11/20),0,586,G Tom Kim G Jackson Koivun G Pierceson Coody G Max Greyserman G Brian Harman G Ben Kohles,,,
384,5196726370,dtozz22 (10/20),0,586,G Maverick McNealy G Kurt Kitayama G Tom Kim G Emiliano Grillo G Ben Kohles G Kevin Streelman,,,
387,5194801888,Bigrgamer497 (19/20),0,585.5,G Hideki Matsuyama G Jackson Koivun G Max Greyserman G William Mouw G Ben Kohles G A.J. Ewart,,,
387,5195865514,kozy6813 (20/20),0,585.5,G Hideki Matsuyama G Tom Kim G Corey Conners G Rasmus Neergaard-Petersen G Casey Jarvis G Emiliano Grillo,,,
387,5195977959,ydoja2 (14/20),0,585.5,G Scottie Scheffler G John Parry G Mackenzie Hughes G Zac Blair G Kevin Roy G Joel Dahmen,,,
387,5196185411,henry296 (14/20),0,585.5,G Scottie Scheffler G Christiaan Bezuidenhout G Brian Harman G Casey Jarvis G Fabián Gómez G Davis Chatfield,,,
387,5196416652,Johnny_Great (5/20),0,585.5,G Scottie Scheffler G Ben Kohles G Michael Kim G Zac Blair G Austin Eckroat G Neal Shipley,,,
392,5195136850,dmoss62 (1/20),0,585,G Hideki Matsuyama G Jackson Koivun G Jordan L. Smith G Rasmus Neergaard-Petersen G Taylor Pendrith G Ben Kohles,,,
392,5196342171,smack2112 (6/20),0,585,G Kurt Kitayama G Tom Kim G Gary Woodland G Brian Harman G Kevin Yu G Jesper Svensson,,,
392,5196414630,mrfantasynascar (20/20),0,585,G Kurt Kitayama G Tom Kim G Gary Woodland G Brian Harman G Kevin Yu G Jesper Svensson,,,
392,5196453637,musicman777 (1/20),0,585,G Scottie Scheffler G Ricky Castillo G Emiliano Grillo G Rico Hoey G Zac Blair G Troy Merritt,,,
392,5196512525,mskellett (15/20),0,585,G Hideki Matsuyama G Jackson Koivun G Jackson Suber G Kevin Yu G Ben Kohles G Lucas Glover,,,
392,5196620396,mack69 (12/20),0,585,G Scottie Scheffler G Rasmus Neergaard-Petersen G Michael Kim G Zachary Bauchou G Zac Blair G Jeffrey Kang,,,
392,5196765970,walkdaddy8 (1/20),0,585,G Kurt Kitayama G Tom Kim G Gary Woodland G Brian Harman G Kevin Yu G Jesper Svensson,,,
399,5196005390,Killerbeees (1/12),0,584.5,G Scottie Scheffler G Michael Kim G Mackenzie Hughes G Lee Hodges G Zac Blair G Mark Hubbard,,,
399,5196110724,drummerforever1982 (12/20),0,584.5,G Scottie Scheffler G Ben Kohles G Denny McCarthy G Zecheng Dou G Patrick Fishburn G Chad Ramey,,,
401,5194864950,caxton22 (14/20),0,584,G Kurt Kitayama G Jackson Koivun G Corey Conners G William Mouw G Emiliano Grillo G Ben Kohles,,,
401,5195096630,paintgirl (13/20),0,584,G Scottie Scheffler G Casey Jarvis G Michael Kim G Lucas Glover G Zac Blair G Joel Dahmen,,,
403,5194683338,Tiny_Classified_Ads (15/20),0,583.5,G Hideki Matsuyama G Tom Kim G Jackson Koivun G Casey Jarvis G Ben Kohles G Keita Nakajima,,,
403,5195627444,khp5050 (16/20),0,583.5,G Maverick McNealy G Kurt Kitayama G Gary Woodland G Brian Harman G Hao-Tong Li G Zac Blair,,,
403,5195870481,Szentiger (17/20),0,583.5,G Kurt Kitayama G Keith Mitchell G Gary Woodland G Brian Harman G Zachary Bauchou G Zac Blair,,,
403,5195971995,sosamightygg22 (7/20),0,583.5,G Scottie Scheffler G Emiliano Grillo G Mackenzie Hughes G A.J. Ewart G Zac Blair G Mark Hubbard,,,
403,5196131658,Keroppi613 (8/20),0,583.5,G Jackson Koivun G Jackson Suber G Corey Conners G Jordan L. Smith G Brian Harman G Emiliano Grillo,,,
403,5196139951,MEP7811 (19/20),0,583.5,G Tom Kim G Jackson Koivun G Corey Conners G Christiaan Bezuidenhout G Beau Hossler G Ben Kohles,,,
403,5196416436,destructking,0,583.5,G Hideki Matsuyama G Jackson Koivun G Doug Ghim G Christiaan Bezuidenhout G Casey Jarvis G Zac Blair,,,
403,5196418938,MichaelScarn1 (2/2),0,583.5,G Kurt Kitayama G Jackson Koivun G Jackson Suber G Davis Thompson G Ben Kohles G Jesper Svensson,,,
403,5196448114,monkeybrains (5/16),0,583.5,G Maverick McNealy G Hideki Matsuyama G Tom Kim G Casey Jarvis G Ben Kohles G Davis Chatfield,,,
403,5196564175,Triangular (10/12),0,583.5,G Kurt Kitayama G Hideki Matsuyama G Jackson Koivun G Casey Jarvis G Patrick Rodgers G Zac Blair,,,
403,5196655544,Bigb16 (7/20),0,583.5,G Scottie Scheffler G Brian Harman G Ben Kohles G Max McGreevy G Zachary Bauchou G Davis Chatfield,,,
414,5194663043,westh8bamix (6/20),0,583,G Kurt Kitayama G Jake Knapp G Jackson Koivun G Ben Kohles G Andrew Putnam G Zac Blair,,,
414,5195245182,jahnyb (20/20),0,583,G Hideki Matsuyama G Tom Kim G Jordan L. Smith G Max Greyserman G Davis Thompson G Lucas Glover,,,
414,5195780021,YardieKnoe (4/20),0,583,G Scottie Scheffler G Casey Jarvis G Ben Kohles G Mackenzie Hughes G Zac Blair G John VanDerLaan,,,
414,5196418251,glouie99 (2/2),0,583,G Kurt Kitayama G Hideki Matsuyama G Ben Kohles G Mackenzie Hughes G Lucas Glover G Zac Blair,,,
414,5196715253,reeb,0,583,G Hideki Matsuyama G Jake Knapp G Jordan L. Smith G Christiaan Bezuidenhout G Beau Hossler G Emiliano Grillo,,,
419,5194745458,bigwheelio (6/20),0,582.5,G Kurt Kitayama G Jake Knapp G Tom Kim G Rasmus Neergaard-Petersen G Ben Kohles G Davis Chatfield,,,
419,5194760376,hatrickpatrick (2/4),0,582.5,G Hideki Matsuyama G Jackson Koivun G Jordan L. Smith G Mac Meissner G Ricky Castillo G Ben Kohles,,,
419,5195317028,scooter8174 (8/20),0,582.5,G Scottie Scheffler G Max Greyserman G Ben Kohles G A.J. Ewart G Zac Blair G Troy Merritt,,,
419,5195985636,Wanna_Square_Up1567 (17/20),0,582.5,G Hideki Matsuyama G Keith Mitchell G Gary Woodland G Brian Harman G Casey Jarvis G Mackenzie Hughes,,,
419,5196056629,futbolmatteo07,0,582.5,G Kurt Kitayama G Tom Kim G Jackson Koivun G Emiliano Grillo G Ben Kohles G Aaron Wise,,,
419,5196116298,stock2mail (13/20),0,582.5,G Tom Kim G Jackson Koivun G Corey Conners G Mac Meissner G Brian Harman G Ben Kohles,,,
419,5196139944,MEP7811 (12/20),0,582.5,G Hideki Matsuyama G Tom Kim G Corey Conners G Rasmus Neergaard-Petersen G Brian Harman G Rico Hoey,,,
419,5196449682,mt949 (14/20),0,582.5,G Scottie Scheffler G Emiliano Grillo G Lucas Glover G Denny McCarthy G Seamus Power G Aaron Wise,,,
419,5196496112,Fluffhead017 (15/20),0,582.5,G Maverick McNealy G Jake Knapp G Corey Conners G Brian Harman G Casey Jarvis G Emiliano Grillo,,,
419,5196600254,Mige1 (15/20),0,582.5,G Hideki Matsuyama G Tom Kim G Jackson Koivun G Ricky Castillo G Ben Kohles G Andrew Putnam,,,
419,5196791933,mikeyt-68 (1/20),0,582.5,G Scottie Scheffler G Max McGreevy G Denny McCarthy G Zecheng Dou G Austin Smotherman G Zac Blair,,,
430,5195174638,foutah (1/6),0,582,G Scottie Scheffler G Max Greyserman G Davis Thompson G Zachary Bauchou G Will Gordon G Troy Merritt,,,
430,5196110715,drummerforever1982 (3/20),0,582,G Scottie Scheffler G Ben Kohles G Lee Hodges G Rico Hoey G Zachary Bauchou G Hank Lebioda,,,
430,5196645482,musky311 (17/20),0,582,G Scottie Scheffler G Brian Harman G Ben Kohles G Michael Kim G Tom Hoge G Kevin Streelman,,,
433,5194801884,Bigrgamer497 (15/20),0,581.5,G Hideki Matsuyama G Jackson Koivun G Sudarshan Yellamaraju G Christiaan Bezuidenhout G Ben Kohles G A.J. Ewart,,,
433,5194960405,vertabrae (2/20),0,581.5,G Scottie Scheffler G Emiliano Grillo G Ben Kohles G Lee Hodges G Max McGreevy G Davis Chatfield,,,
433,5195518791,RaymonB911 (8/12),0,581.5,G Hideki Matsuyama G Tom Kim G Gary Woodland G Rasmus Neergaard-Petersen G Ricky Castillo G Jesper Svensson,,,
433,5196842227,BurtBamboo (3/3),0,581.5,G Scottie Scheffler G Ben Kohles G Mackenzie Hughes G Matti Schmid G Zac Blair G Joel Dahmen,,,
437,5195409155,bl3rf (18/20),0,581,G Kurt Kitayama G Hideki Matsuyama G Sam Stevens G Davis Thompson G Casey Jarvis G Michael Kim,,,
437,5195865502,kozy6813 (8/20),0,581,G Maverick McNealy G Kurt Kitayama G Jordan L. Smith G Brian Harman G John Parry G Ben Kohles,,,
437,5196297272,HebrewHammer37 (7/9),0,581,G Scottie Scheffler G Lucas Glover G Matti Schmid G Zachary Bauchou G Denny McCarthy G Joel Dahmen,,,
437,5196532652,arweaver8 (11/20),0,581,G Maverick McNealy G Hideki Matsuyama G Tom Kim G Ben Kohles G Jesper Svensson G Joel Dahmen,,,
437,5196585158,dresta33,0,581,G Maverick McNealy G Tom Kim G Christiaan Bezuidenhout G Max Greyserman G Rasmus Neergaard-Petersen G Brian Harman,,,
437,5196629715,whoisjohngalt420 (10/20),0,581,G Maverick McNealy G Jackson Koivun G Corey Conners G Casey Jarvis G John Parry G Lee Hodges,,,
437,5196774071,KNJ1,0,581,G Maverick McNealy G Hideki Matsuyama G Gary Woodland G Brian Harman G Matti Schmid G A.J. Ewart,,,
444,5196083344,statnerds (3/20),0,580.5,G Maverick McNealy G Hideki Matsuyama G Sam Stevens G Rasmus Neergaard-Petersen G Jesper Svensson G Denny McCarthy,,,
444,5196163522,Niromada (4/20),0,580.5,G Kurt Kitayama G Jackson Koivun G Christiaan Bezuidenhout G Michael Brennan G Johnny Keefer G Ben Kohles,,,
444,5196328362,markmoran (2/4),0,580.5,G Scottie Scheffler G Brian Harman G Emiliano Grillo G Ben Kohles G Andrew Putnam G Troy Merritt,,,
444,5196449674,mt949 (6/20),0,580.5,G Scottie Scheffler G Michael Brennan G Emiliano Grillo G Seamus Power G Aaron Wise G Davis Chatfield,,,
444,5196641080,RINO19 (6/20),0,580.5,G Hideki Matsuyama G Tom Kim G Gary Woodland G Benjamin James G Denny McCarthy G Seamus Power,,,
449,5194715755,SillyRabbit17 (18/20),0,580,G Scottie Scheffler G Michael Kim G Zachary Bauchou G Denny McCarthy G Zac Blair G Chad Ramey,,,
449,5194767058,chadraybon (5/20),0,580,G Hideki Matsuyama G Jake Knapp G Jackson Koivun G Johnny Keefer G Jesper Svensson G Will Gordon,,,
449,5195334016,grantreiman (6/6),0,580,G Scottie Scheffler G Casey Jarvis G Emiliano Grillo G Ben Kohles G A.J. Ewart G Troy Merritt,,,
449,5195827087,weswilliams4 (7/18),0,580,G Hideki Matsuyama G Tom Kim G Corey Conners G Max Greyserman G Ben Kohles G Lee Hodges,,,
449,5195908335,Gracie007 (4/8),0,580,G Scottie Scheffler G Casey Jarvis G Emiliano Grillo G Ben Kohles G A.J. Ewart G Troy Merritt,,,
449,5196401756,HockeyCardsPlus (5/20),0,580,G Maverick McNealy G Tom Kim G Jackson Koivun G Casey Jarvis G Jesper Svensson G Zachary Bauchou,,,
449,5196427933,lyeo91 (5/20),0,580,G Kurt Kitayama G Jackson Koivun G Doug Ghim G Rasmus Neergaard-Petersen G Ben Kohles G Zac Blair,,,
449,5196436109,MoeJontana16 (6/20),0,580,G Kurt Kitayama G Tom Kim G Jordan L. Smith G Christiaan Bezuidenhout G Brian Harman G Ben Kohles,,,
449,5196498629,jberg2222 (1/4),0,580,G Scottie Scheffler G Brian Harman G Ben Kohles G Zac Blair G Erik Van Rooyen G Joel Dahmen,,,
449,5196773384,kirks91 (1/20),0,580,G Kurt Kitayama G Tom Kim G Jordan L. Smith G Christiaan Bezuidenhout G Brian Harman G Ben Kohles,,,
449,5196855285,aquafinatim (8/20),0,580,G Maverick McNealy G Kurt Kitayama G Christiaan Bezuidenhout G Brian Harman G Ricky Castillo G Ben Kohles,,,
460,5195110770,tampadui (4/10),0,579.5,G Kurt Kitayama G Jackson Koivun G Gary Woodland G Emiliano Grillo G Mackenzie Hughes G Preston Stout,,,
460,5196778366,Bonfire_Villa8 (1/5),0,579.5,G Maverick McNealy G Hideki Matsuyama G Christiaan Bezuidenhout G Rasmus Neergaard-Petersen G Ricky Castillo G John Parry,,,
460,5196843897,Yankeeblue1315 (15/20),0,579.5,G Scottie Scheffler G Mackenzie Hughes G Zachary Bauchou G Chris Kirk G Billy Horschel G Kevin Roy,,,
463,5194634908,Astros7 (1/11),0,579,G Scottie Scheffler G Brian Harman G Michael Kim G Zac Blair G Erik Van Rooyen G Joel Dahmen,,,
463,5195622431,rctru31 (7/10),0,579,G Scottie Scheffler G Michael Brennan G Brian Harman G Max McGreevy G Joel Dahmen G Davis Chatfield,,,
463,5196013320,Reboot78 (7/20),0,579,G Jake Knapp G Jackson Koivun G Pierceson Coody G Rasmus Neergaard-Petersen G Michael Kim G Zac Blair,,,
463,5196059266,whatsthespread1 (2/2),0,579,G Kurt Kitayama G Jackson Koivun G Jackson Suber G Casey Jarvis G Emiliano Grillo G Ben Kohles,,,
463,5196136967,scooter989 (1/20),0,579,G Kurt Kitayama G Jackson Koivun G Jackson Suber G Casey Jarvis G Emiliano Grillo G Ben Kohles,,,
463,5196141904,FantasyCrusader (12/20),0,579,G Maverick McNealy G Jackson Koivun G Sam Stevens G Davis Thompson G Aldrich Potgieter G Emiliano Grillo,,,
463,5196287738,jcobb04 (2/20),0,579,G Hideki Matsuyama G Jackson Koivun G Max Homa G Michael Brennan G Casey Jarvis G Ben Kohles,,,
463,5196519963,Damonri (20/20),0,579,G Maverick McNealy G Kurt Kitayama G Jackson Koivun G Beau Hossler G Lee Hodges G Joel Dahmen,,,
463,5196620403,mack69 (19/20),0,579,G Kurt Kitayama G Hideki Matsuyama G Gary Woodland G Beau Hossler G Michael Kim G Zachary Bauchou,,,
463,5196727722,BILLBOGEY (1/2),0,579,G Kurt Kitayama G Jackson Koivun G Jackson Suber G Casey Jarvis G Emiliano Grillo G Ben Kohles,,,
463,5196756101,brarob11 (5/10),0,579,G Scottie Scheffler G Stephan Jaeger G Brian Harman G Lee Hodges G Zac Blair G Davis Chatfield,,,
463,5196841096,zg22,0,579,G Kurt Kitayama G Tom Kim G Gary Woodland G Max Greyserman G Kevin Yu G Billy Horschel,,,
475,5196596141,TAltland (6/20),0,578.5,G Hideki Matsuyama G Jackson Koivun G Jackson Suber G Gary Woodland G Zac Blair G Lanto Griffin,,,
476,5194833995,phenomental,0,578,G Jake Knapp G Tom Kim G Jackson Koivun G Johnny Keefer G Ben Kohles G Chris Kirk,,,
476,5195311638,Grossy81 (4/4),0,578,G Hideki Matsuyama G Keith Mitchell G Jackson Koivun G Mackenzie Hughes G Zac Blair G Gordon Sargent,,,
476,5195722464,laurae11,0,578,G Kurt Kitayama G Hideki Matsuyama G Corey Conners G Christiaan Bezuidenhout G John Parry G Joel Dahmen,,,
476,5196141897,FantasyCrusader (5/20),0,578,G Maverick McNealy G Kurt Kitayama G Jordan L. Smith G Kevin Yu G Ben Kohles G Denny McCarthy,,,
476,5196430534,easton136,0,578,G Scottie Scheffler G Emiliano Grillo G Ben Kohles G Lee Hodges G Zac Blair G Ben Silverman,,,
476,5196551812,Triangular (1/12),0,578,G Maverick McNealy G Hideki Matsuyama G Michael Brennan G Rasmus Neergaard-Petersen G Casey Jarvis G John Parry,,,
476,5196660240,smithcj16 (2/20),0,578,G Jackson Koivun G Gary Woodland G Jordan L. Smith G Tony Finau G Max Greyserman G Davis Thompson,,,
476,5196793371,CrusadersEagles (8/8),0,578,G Jake Knapp G Tom Kim G Jackson Koivun G Johnny Keefer G Ben Kohles G Chris Kirk,,,
476,5196806286,SilverFox327 (4/20),0,578,G Scottie Scheffler G Christiaan Bezuidenhout G Brian Harman G Ben Kohles G Brice Garnett G Davis Chatfield,,,
485,5194663040,westh8bamix (3/20),0,577.5,G Maverick McNealy G Jackson Koivun G Sungjae Im G Rasmus Neergaard-Petersen G Ben Kohles G Seamus Power,,,
485,5195262504,Oddsjam4ever (11/20),0,577.5,G Scottie Scheffler G Brian Harman G Lucas Glover G Zachary Bauchou G Austin Eckroat G Joel Dahmen,,,
485,5196765543,herrma02 (5/20),0,577.5,G Scottie Scheffler G Emiliano Grillo G Ben Kohles G Austin Smotherman G Billy Horschel G Stefano Mazzoli,,,
485,5196857480,jradesanmi (12/20),0,577.5,G Kurt Kitayama G Tom Kim G Corey Conners G Christiaan Bezuidenhout G Michael Kim G Denny McCarthy,,,
485,5196864711,JayMacK3 (12/20),0,577.5,G Hideki Matsuyama G Jackson Koivun G Doug Ghim G Michael Brennan G Jesper Svensson G Zachary Bauchou,,,
490,5194674552,raiderdad3028 (10/20),0,577,G Maverick McNealy G Keith Mitchell G Corey Conners G Davis Thompson G Emiliano Grillo G Zac Blair,,,
490,5194838648,Nuby33 (18/20),0,577,G Scottie Scheffler G Casey Jarvis G Ben Kohles G Zac Blair G Tom Hoge G Chandler Phillips,,,
490,5194982723,vertabrae (20/20),0,577,G Scottie Scheffler G Ben Kohles G A.J. Ewart G Zac Blair G Austin Eckroat G Patrick Fishburn,,,
490,5195112582,Geebir (15/20),0,577,G Maverick McNealy G Hideki Matsuyama G Jordan L. Smith G Casey Jarvis G Ben Kohles G Michael Kim,,,
490,5195286800,kacktrey7 (7/20),0,577,G Kurt Kitayama G Jackson Koivun G Doug Ghim G Casey Jarvis G Emiliano Grillo G Ben Kohles,,,
490,5196184149,blindpic (10/12),0,577,G Kurt Kitayama G Jake Knapp G Jackson Koivun G Emiliano Grillo G Keita Nakajima G Lucas Glover,,,
490,5196233385,Steven_1974 (20/20),0,577,G Scottie Scheffler G Rasmus Neergaard-Petersen G Casey Jarvis G Zac Blair G Austin Eckroat G Hank Lebioda,,,
490,5196250162,Natu2008 (13/20),0,577,G Tom Kim G Jackson Koivun G Gary Woodland G Benjamin James G Brian Harman G Casey Jarvis,,,
490,5196438378,porterj1223 (3/20),0,577,G Kurt Kitayama G Jackson Koivun G Doug Ghim G Casey Jarvis G Emiliano Grillo G Ben Kohles,,,
490,5196449680,mt949 (12/20),0,577,G Scottie Scheffler G Michael Brennan G Ben Kohles G Denny McCarthy G Aaron Wise G Davis Chatfield,,,
490,5196533285,wesselman,0,577,G Scottie Scheffler G Brian Harman G Ricky Castillo G Emiliano Grillo G Zac Blair G Peter Malnati,,,
490,5196665374,cratson (1/2),0,577,G Scottie Scheffler G Casey Jarvis G Ben Kohles G Zac Blair G Tom Hoge G Chandler Phillips,,,
490,5196859357,EagleEye3434 (7/20),0,577,G Kurt Kitayama G Hideki Matsuyama G Jordan L. Smith G Casey Jarvis G John Parry G Ben Kohles,,,
503,5194675548,cbizz151 (16/20),0,576.5,G Kurt Kitayama G Hideki Matsuyama G Tom Kim G Brian Harman G Denny McCarthy G Takumi Kanaya,,,
503,5194801880,Bigrgamer497 (11/20),0,576.5,G Hideki Matsuyama G Jackson Koivun G Christiaan Bezuidenhout G Max Greyserman G William Mouw G Rico Hoey,,,
503,5195938102,gottastack (12/20),0,576.5,G Hideki Matsuyama G Jackson Koivun G Max Homa G Christiaan Bezuidenhout G Casey Jarvis G Ben Kohles,,,
503,5196083361,statnerds (20/20),0,576.5,G Hideki Matsuyama G Corey Conners G Sam Stevens G Michael Brennan G Max Greyserman G Davis Thompson,,,
503,5196330942,tsizzle33 (2/4),0,576.5,G Kurt Kitayama G Jake Knapp G Sam Stevens G Michael Brennan G Emiliano Grillo G Ben Kohles,,,
503,5196620398,mack69 (14/20),0,576.5,G Scottie Scheffler G Beau Hossler G Emiliano Grillo G Max McGreevy G Denny McCarthy G Davis Chatfield,,,
503,5196805626,CartoGuy (18/20),0,576.5,G Maverick McNealy G Hideki Matsuyama G Sam Stevens G Brian Harman G Ricky Castillo G John Parry,,,
510,5195388031,B32044 (13/20),0,576,G Scottie Scheffler G Emiliano Grillo G Ben Kohles G Zac Blair G Tom Hoge G Joel Dahmen,,,
510,5195537984,changchunweiwayne (18/20),0,576,G Kurt Kitayama G Hideki Matsuyama G Jordan L. Smith G Rasmus Neergaard-Petersen G Kevin Yu G Zachary Bauchou,,,
510,5195620699,texas10504 (1/6),0,576,G Scottie Scheffler G Ben Kohles G Jesper Svensson G Lucas Glover G Zac Blair G Will Gordon,,,
510,5195947860,nsteinwart (10/20),0,576,G Kurt Kitayama G Hideki Matsuyama G Jordan L. Smith G Max Greyserman G Casey Jarvis G Michael Kim,,,
510,5196108534,sboynton10,0,576,G Scottie Scheffler G Emiliano Grillo G Ben Kohles G Zac Blair G Tom Hoge G Joel Dahmen,,,
510,5196680186,JayDime (3/3),0,576,G Hideki Matsuyama G Jackson Suber G Gary Woodland G Christiaan Bezuidenhout G Emiliano Grillo G Ben Kohles,,,
510,5196684964,mustangs2015 (2/20),0,576,G Hideki Matsuyama G Jackson Koivun G Sam Stevens G Jordan L. Smith G Casey Jarvis G Matti Schmid,,,
510,5196795984,anon1983 (16/20),0,576,G Kurt Kitayama G Hideki Matsuyama G Jackson Suber G Emiliano Grillo G Ben Kohles G Zac Blair,,,
510,5196814507,theWIRE1111111111 (2/20),0,576,G Maverick McNealy G Kurt Kitayama G Michael Brennan G Rasmus Neergaard-Petersen G Emiliano Grillo G Jesper Svensson,,,
510,5196816368,anon1983 (17/20),0,576,G Kurt Kitayama G Hideki Matsuyama G Jackson Suber G Emiliano Grillo G Ben Kohles G Zac Blair,,,
520,5194727021,rumrunner72 (1/20),0,575.5,G Scottie Scheffler G Ricky Castillo G Casey Jarvis G Ben Kohles G Zac Blair G Troy Merritt,,,
520,5194801881,Bigrgamer497 (12/20),0,575.5,G Kurt Kitayama G Jackson Koivun G Christiaan Bezuidenhout G Max Greyserman G William Mouw G Ben Kohles,,,
520,5194853310,hymiemcgee7,0,575.5,G Scottie Scheffler G Ricky Castillo G Casey Jarvis G Ben Kohles G Zac Blair G Troy Merritt,,,
520,5195453174,mdmbag (4/20),0,575.5,G Maverick McNealy G Kurt Kitayama G Jordan L. Smith G Kevin Yu G Emiliano Grillo G Ben Kohles,,,
520,5195579631,SharkFrenzy (16/19),0,575.5,G Jake Knapp G Jackson Koivun G Max Homa G Zachary Bauchou G Denny McCarthy G Austin Smotherman,,,
520,5196000228,Startsy8 (1/3),0,575.5,G Kurt Kitayama G Tom Kim G Gary Woodland G Davis Thompson G A.J. Ewart G Zac Blair,,,
520,5196003909,SoCalHusker (1/20),0,575.5,G Scottie Scheffler G Emiliano Grillo G Ben Kohles G Keita Nakajima G Zachary Bauchou G Davis Chatfield,,,
520,5196079375,PaulBalls (1/2),0,575.5,G Scottie Scheffler G Hideki Matsuyama G Denny McCarthy G Tyler Duncan G Troy Merritt G Muzzy Donohue,,,
520,5196262953,ebrown_ua (5/8),0,575.5,G Scottie Scheffler G Ricky Castillo G Casey Jarvis G Ben Kohles G Zac Blair G Troy Merritt,,,
520,5196791148,Stree (9/20),0,575.5,G Scottie Scheffler G Michael Kim G Denny McCarthy G Austin Smotherman G Zac Blair G Garrick Higgo,,,
520,5196806292,SilverFox327 (10/20),0,575.5,G Hideki Matsuyama G Keith Mitchell G Jake Knapp G Ben Kohles G Zachary Bauchou G Kevin Roy,,,
531,5194613580,taugust7 (11/20),0,575,G Tom Kim G Jackson Suber G Michael Brennan G Brian Harman G Emiliano Grillo G Denny McCarthy,,,
531,5194838649,Nuby33 (19/20),0,575,G Scottie Scheffler G Casey Jarvis G Ben Kohles G Zac Blair G Karl Vilips G Chandler Phillips,,,
531,5196362648,mjscott8824 (10/20),0,575,G Maverick McNealy G Jake Knapp G Jackson Koivun G Michael Kim G Andrew Putnam G Zac Blair,,,
531,5196679549,24-Seven (13/20),0,575,G Kurt Kitayama G Jackson Koivun G Benjamin James G Michael Brennan G Rasmus Neergaard-Petersen G Ben Kohles,,,
531,5196719642,seth37iso (19/20),0,575,G Hideki Matsuyama G Jackson Koivun G Corey Conners G Johnny Keefer G Ben Kohles G Rico Hoey,,,
531,5196778656,zandwich (16/20),0,575,G Hideki Matsuyama G Keith Mitchell G Tom Kim G Ben Kohles G Mackenzie Hughes G Zac Blair,,,
531,5196831703,LyonCubs,0,575,G Hideki Matsuyama G Jackson Koivun G Sungjae Im G Jordan L. Smith G John Parry G Austin Smotherman,,,
538,5194971626,jsamp17 (15/20),0,574.5,G Kurt Kitayama G Tom Kim G Jordan L. Smith G Michael Brennan G Brian Harman G John Parry,,,
538,5195190043,OMegaC,0,574.5,G Scottie Scheffler G Rasmus Neergaard-Petersen G Casey Jarvis G Zac Blair G Joel Dahmen G Will Gordon,,,
538,5195947859,nsteinwart (9/20),0,574.5,G Maverick McNealy G Tom Kim G Jackson Koivun G Ben Kohles G Michael Kim G Max McGreevy,,,
538,5195972371,DraftKingsZeus,0,574.5,G Scottie Scheffler G Emiliano Grillo G Ben Kohles G Seamus Power G Kevin Roy G Takumi Kanaya,,,
538,5196223265,sellycell17 (7/10),0,574.5,G Kurt Kitayama G Hideki Matsuyama G Johnny Keefer G Kevin Yu G Emiliano Grillo G Ben Kohles,,,
538,5196311240,jbpalmer (13/20),0,574.5,G Kurt Kitayama G Hideki Matsuyama G Gary Woodland G Michael Brennan G A.J. Ewart G Kevin Roy,,,
538,5196618143,12mgoblue28 (16/20),0,574.5,G Hideki Matsuyama G Jake Knapp G Mac Meissner G Christiaan Bezuidenhout G Davis Thompson G Ben Kohles,,,
538,5196668369,Maloneymat16 (15/20),0,574.5,G Kurt Kitayama G Hideki Matsuyama G Jordan L. Smith G William Mouw G Brian Harman G Emiliano Grillo,,,
546,5194729321,drega09 (2/20),0,574,G Scottie Scheffler G Kevin Yu G Casey Jarvis G Austin Smotherman G Zac Blair G Jimmy Stanger,,,
546,5195007467,bellaworth (19/20),0,574,G Kurt Kitayama G Hideki Matsuyama G Ben Kohles G A.J. Ewart G Zac Blair G Troy Merritt,,,
546,5195112576,Geebir (9/20),0,574,G Scottie Scheffler G Casey Jarvis G Ben Kohles G Max McGreevy G Denny McCarthy G Davis Chatfield,,,
546,5195846187,ttillie (17/20),0,574,G Hideki Matsuyama G Tom Kim G Corey Conners G Christiaan Bezuidenhout G Michael Kim G Jesper Svensson,,,
546,5196411330,TopAllHusle (5/20),0,574,G Keith Mitchell G Jake Knapp G Jackson Koivun G Sam Stevens G Jesper Svensson G Kevin Streelman,,,
546,5196530198,WaveHead23 (3/4),0,574,G Scottie Scheffler G Ben Kohles G Mackenzie Hughes G Zachary Bauchou G A.J. Ewart G Davis Chatfield,,,
546,5196791850,El-Franchise (1/20),0,574,G Jake Knapp G Jackson Koivun G Gary Woodland G Jordan L. Smith G William Mouw G Davis Chatfield,,,
553,5194611275,danblack67 (12/20),0,573.5,G Hideki Matsuyama G Jake Knapp G Pierceson Coody G Emiliano Grillo G Ben Kohles G Michael Kim,,,
553,5194801873,Bigrgamer497 (4/20),0,573.5,G Hideki Matsuyama G Jackson Koivun G Max Homa G Max Greyserman G Ben Kohles G Rico Hoey,,,
553,5194838650,Nuby33 (20/20),0,573.5,G Scottie Scheffler G Casey Jarvis G Ben Kohles G Zac Blair G David Skinns G Chandler Phillips,,,
553,5195627437,khp5050 (9/20),0,573.5,G Jake Knapp G Gary Woodland G Sam Stevens G Jordan L. Smith G Brian Harman G Ben Kohles,,,
553,5195742823,evansrc717 (12/16),0,573.5,G Maverick McNealy G Kurt Kitayama G Corey Conners G Brian Harman G Matti Schmid G Denny McCarthy,,,
553,5195851773,blondeflame19 (3/20),0,573.5,G Scottie Scheffler G Ben Kohles G Zachary Bauchou G Denny McCarthy G Zac Blair G Takumi Kanaya,,,
553,5196073004,Brenden5258 (10/20),0,573.5,G Hideki Matsuyama G Keith Mitchell G Tom Kim G Michael Kim G Rico Hoey G Seamus Power,,,
553,5196074151,LTskelter (10/20),0,573.5,G Scottie Scheffler G Brian Harman G Ben Kohles G Lee Hodges G Andrew Putnam G Davis Chatfield,,,
553,5196691666,joeystorey813 (8/20),0,573.5,G Scottie Scheffler G John Parry G Ben Kohles G Michael Kim G Max McGreevy G Davis Chatfield,,,
553,5196839592,BrandonSaunders (4/20),0,573.5,G Tom Kim G Jackson Koivun G Jordan L. Smith G Mac Meissner G Max Greyserman G Emiliano Grillo,,,
563,5194695125,tmusales (15/20),0,573,G Scottie Scheffler G Casey Jarvis G Ben Kohles G Michael Kim G Matti Schmid G Camilo Villegas,,,
563,5195068065,Lamps08 (2/11),0,573,G Keith Mitchell G Tom Kim G Jackson Koivun G Benjamin James G Denny McCarthy G Zac Blair,,,
563,5195562113,Mrsparklebrain (4/20),0,573,G Kurt Kitayama G Tom Kim G Gary Woodland G Rasmus Neergaard-Petersen G Emiliano Grillo G Matti Schmid,,,
563,5195865503,kozy6813 (9/20),0,573,G Hideki Matsuyama G Jackson Koivun G Mac Meissner G Benjamin James G Brian Harman G Ben Kohles,,,
563,5196053929,MiamiSKC (10/20),0,573,G Hideki Matsuyama G Keith Mitchell G Jordan L. Smith G Christiaan Bezuidenhout G Rasmus Neergaard-Petersen G Zac Blair,,,
563,5196065055,jfarrell512,0,573,G Scottie Scheffler G Casey Jarvis G John Parry G Ben Kohles G Zac Blair G Fabián Gómez,,,
563,5196311229,jbpalmer (2/20),0,573,G Kurt Kitayama G Gary Woodland G Jordan L. Smith G Michael Brennan G Rasmus Neergaard-Petersen G Ben Kohles,,,
563,5196447465,bigbossAJ,0,573,G Kurt Kitayama G Hideki Matsuyama G Rasmus Neergaard-Petersen G William Mouw G Emiliano Grillo G Ben Kohles,,,
563,5196866510,JoshCatt,0,573,G Scottie Scheffler G Ben Kohles G Jesper Svensson G Matti Schmid G Zac Blair G Jimmy Stanger,,,
572,5194591339,ryanlaughlin77 (19/20),0,572.5,G Kurt Kitayama G Keith Mitchell G Jackson Koivun G Emiliano Grillo G Ben Kohles G Tom Hoge,,,
572,5194927446,jdiotte1 (2/4),0,572.5,G Maverick McNealy G Kurt Kitayama G Christiaan Bezuidenhout G Rasmus Neergaard-Petersen G Brian Harman G Ricky Castillo,,,
572,5194980679,cangood1 (4/20),0,572.5,G Scottie Scheffler G Casey Jarvis G Ben Kohles G Zachary Bauchou G A.J. Ewart G Davis Chatfield,,,
572,5195050105,DDEMERIT3 (1/20),0,572.5,G Scottie Scheffler G Emiliano Grillo G Ben Kohles G Zachary Bauchou G Zac Blair G Nick Hardy,,,
572,5195082133,zacamu (4/20),0,572.5,G Scottie Scheffler G Ben Kohles G Denny McCarthy G Andrew Putnam G Zac Blair G Kevin Roy,,,
572,5195353341,annamw10 (2/2),0,572.5,G Kurt Kitayama G Hideki Matsuyama G Tom Kim G Casey Jarvis G John Parry G Joel Dahmen,,,
572,5195925074,roborick822 (7/20),0,572.5,G Jackson Koivun G Doug Ghim G Gary Woodland G Corey Conners G Ben Kohles G Zac Blair,,,
572,5196074155,LTskelter (14/20),0,572.5,G Maverick McNealy G Hideki Matsuyama G Tom Kim G Casey Jarvis G Michael Kim G Joel Dahmen,,,
572,5196588576,Radical14 (2/2),0,572.5,G Hideki Matsuyama G Jackson Koivun G Gary Woodland G Benjamin James G Mackenzie Hughes G Lucas Glover,,,
572,5196818365,KelvinDubs (12/20),0,572.5,G Hideki Matsuyama G Tom Kim G Corey Conners G Rasmus Neergaard-Petersen G John Parry G Lee Hodges,,,
572,5196818367,KelvinDubs (14/20),0,572.5,G Maverick McNealy G Tom Kim G Sam Stevens G Max Greyserman G Davis Thompson G Denny McCarthy,,,
572,5196843888,Yankeeblue1315 (6/20),0,572.5,G Maverick McNealy G Kurt Kitayama G Christiaan Bezuidenhout G Rasmus Neergaard-Petersen G Brian Harman G Ricky Castillo,,,
572,5196860010,LeanaTaylor,0,572.5,G Kurt Kitayama G Tom Kim G Jackson Koivun G Ben Kohles G Michael Kim G Preston Stout,,,
585,5194982606,vertabrae (19/20),0,572,G Scottie Scheffler G William Mouw G A.J. Ewart G Zac Blair G Patrick Fishburn G Chandler Phillips,,,
585,5195320829,diegoseis (17/20),0,572,G Scottie Scheffler G Rasmus Neergaard-Petersen G Michael Kim G A.J. Ewart G Will Gordon G Chandler Blanchet,,,
585,5195360564,coachp17 (12/20),0,572,G Scottie Scheffler G Emiliano Grillo G Ben Kohles G Zac Blair G Kevin Roy G David Lipsky,,,
585,5195390945,stenzy0314 (3/3),0,572,G Scottie Scheffler G Emiliano Grillo G Ben Kohles G Zac Blair G Joel Dahmen G Aaron Wise,,,
585,5195612441,shooberto (7/8),0,572,G Hideki Matsuyama G Jackson Koivun G Sam Stevens G Tony Finau G Emiliano Grillo G Mackenzie Hughes,,,
585,5195846186,ttillie (16/20),0,572,G Tom Kim G Jackson Koivun G Corey Conners G Tony Finau G Emiliano Grillo G Ben Kohles,,,
585,5195866943,greg817,0,572,G Scottie Scheffler G Ricky Castillo G John Parry G Zachary Bauchou G Kevin Roy G Joel Dahmen,,,
585,5195947869,nsteinwart (19/20),0,572,G Maverick McNealy G Tom Kim G Jordan L. Smith G Christiaan Bezuidenhout G Brian Harman G Michael Kim,,,
585,5196136969,scooter989 (3/20),0,572,G Kurt Kitayama G Jackson Koivun G Jackson Suber G Emiliano Grillo G Ben Kohles G A.J. Ewart,,,
585,5196136970,scooter989 (4/20),0,572,G Maverick McNealy G Jackson Koivun G Jackson Suber G Casey Jarvis G Emiliano Grillo G Ben Kohles,,,
585,5196139948,MEP7811 (16/20),0,572,G Maverick McNealy G Hideki Matsuyama G Johnny Keefer G Max Greyserman G Brian Harman G Michael Kim,,,
585,5196261620,Dubbzz (13/20),0,572,G Scottie Scheffler G Beau Hossler G Lucas Glover G Seamus Power G Zac Blair G Kevin Roy,,,
585,5196554802,TundraThumper (6/10),0,572,G Kurt Kitayama G Keith Mitchell G Gary Woodland G Casey Jarvis G Emiliano Grillo G Ben Kohles,,,
585,5196719631,seth37iso (8/20),0,572,G Kurt Kitayama G Jackson Koivun G Jackson Suber G Rasmus Neergaard-Petersen G Zachary Bauchou G Seamus Power,,,
585,5196871946,kreller17 (10/20),0,572,G Maverick McNealy G Christiaan Bezuidenhout G Davis Thompson G Kevin Yu G Ricky Castillo G Michael Kim,,,
600,5194583314,happyb (3/5),0,571.5,G Scottie Scheffler G Rasmus Neergaard-Petersen G Lucas Glover G Zac Blair G Nick Dunlap G Chandler Phillips,,,
600,5194957393,wsdp (5/20),0,571.5,G Scottie Scheffler G Emiliano Grillo G Michael Kim G Zac Blair G Kris Ventura G Chad Ramey,,,
600,5194987083,cangood1 (20/20),0,571.5,G Scottie Scheffler G Kevin Yu G Emiliano Grillo G Ben Kohles G Aaron Wise G Davis Chatfield,,,
600,5195423612,sjohns919 (8/20),0,571.5,G Jake Knapp G Jackson Koivun G Corey Conners G Christiaan Bezuidenhout G Brian Harman G Taylor Pendrith,,,
600,5195947855,nsteinwart (5/20),0,571.5,G Scottie Scheffler G Casey Jarvis G Beau Hossler G Denny McCarthy G Kevin Roy G Joel Dahmen,,,
600,5196368158,jmendello (3/4),0,571.5,G Kurt Kitayama G Jackson Suber G Gary Woodland G Brian Harman G Emiliano Grillo G Ben Kohles,,,
600,5196397076,charlesrayallday (11/20),0,571.5,G Scottie Scheffler G Davis Thompson G Ben Kohles G Zachary Bauchou G Zac Blair G Tyler Duncan,,,
600,5196400914,auweglman (17/20),0,571.5,G Hideki Matsuyama G Tom Kim G Sam Stevens G Christiaan Bezuidenhout G Michael Brennan G Zac Blair,,,
608,5195222070,mdbkr,0,571,G Maverick McNealy G Gary Woodland G Corey Conners G Max Greyserman G Brian Harman G Jesper Svensson,,,
608,5195610007,TERRYBECK (18/20),0,571,G Scottie Scheffler G Corey Conners G Zac Blair G Chandler Phillips G Aaron Wise G Davis Chatfield,,,
608,5196546133,tdriver22671 (4/20),0,571,G Kurt Kitayama G Jake Knapp G Christiaan Bezuidenhout G Casey Jarvis G Ben Kohles G Zac Blair,,,
608,5196548875,mrcash4657 (14/20),0,571,G Hideki Matsuyama G Tom Kim G Mac Meissner G Michael Brennan G Brian Harman G Ben Kohles,,,
608,5196634072,makeatley (4/4),0,571,G Scottie Scheffler G Casey Jarvis G Ben Kohles G Mackenzie Hughes G Lucas Glover G Davis Chatfield,,,
608,5196673461,priceja6515,0,571,G Kurt Kitayama G Jake Knapp G Christiaan Bezuidenhout G Casey Jarvis G Ben Kohles G Zac Blair,,,
614,5195112574,Geebir (7/20),0,570.5,G Hideki Matsuyama G Tom Kim G Corey Conners G Rasmus Neergaard-Petersen G Casey Jarvis G Ben Kohles,,,
614,5196131664,Keroppi613 (14/20),0,570.5,G Hideki Matsuyama G Jake Knapp G Sungjae Im G Michael Brennan G Emiliano Grillo G Ben Kohles,,,
614,5196361658,nofacetrader (6/20),0,570.5,G Kurt Kitayama G Tom Kim G Jackson Koivun G Casey Jarvis G Zachary Bauchou G Austin Eckroat,,,
614,5196491082,GWillikerz,0,570.5,G Kurt Kitayama G Hideki Matsuyama G Corey Conners G Brian Harman G Taylor Moore G Denny McCarthy,,,
614,5196512528,mskellett (18/20),0,570.5,G Hideki Matsuyama G Jake Knapp G Sam Stevens G Christiaan Bezuidenhout G Max Greyserman G Joel Dahmen,,,
614,5196600244,Mige1 (5/20),0,570.5,G Scottie Scheffler G Ben Kohles G Max McGreevy G Denny McCarthy G Kevin Roy G Joel Dahmen,,,
614,5196709179,calcityHvg (1/4),0,570.5,G Scottie Scheffler G Christiaan Bezuidenhout G Brian Harman G Kevin Roy G Mark Hubbard G Fabián Gómez,,,
614,5196800735,aformb21 (14/20),0,570.5,G Maverick McNealy G Hideki Matsuyama G Jordan L. Smith G Michael Kim G Lee Hodges G Zachary Bauchou,,,
622,5194695123,tmusales (13/20),0,570,G Scottie Scheffler G Ben Kohles G Mackenzie Hughes G Denny McCarthy G Seamus Power G Cameron Davis,,,
622,5194737364,floresg (1/6),0,570,G Kurt Kitayama G Hideki Matsuyama G Tom Kim G Ricky Castillo G Zac Blair G Troy Merritt,,,
622,5194820932,Onager41 (15/20),0,570,G Kurt Kitayama G Hideki Matsuyama G Christiaan Bezuidenhout G William Mouw G Emiliano Grillo G Ben Kohles,,,
622,5194854321,Brue1979 (9/20),0,570,G Scottie Scheffler G Rasmus Neergaard-Petersen G Emiliano Grillo G Lucas Glover G Austin Eckroat G Troy Merritt,,,
622,5195314097,jd0207,0,570,G Scottie Scheffler G Christiaan Bezuidenhout G John Parry G Zac Blair G Austin Eckroat G Troy Merritt,,,
622,5195552910,Uniontownunicorns (3/20),0,570,G Kurt Kitayama G Jackson Koivun G Corey Conners G Mac Meissner G Ben Kohles G Zac Blair,,,
622,5195552911,Uniontownunicorns (4/20),0,570,G Kurt Kitayama G Jackson Koivun G Corey Conners G Mac Meissner G Ben Kohles G Zac Blair,,,
622,5195552912,Uniontownunicorns (5/20),0,570,G Kurt Kitayama G Jackson Koivun G Corey Conners G Mac Meissner G Ben Kohles G Zac Blair,,,
622,5196014652,lbquadz (7/10),0,570,G Maverick McNealy G Hideki Matsuyama G Christiaan Bezuidenhout G Rasmus Neergaard-Petersen G John Parry G Rico Hoey,,,
622,5196141912,FantasyCrusader (20/20),0,570,G Hideki Matsuyama G Jake Knapp G Corey Conners G Max Greyserman G Kevin Yu G Lucas Glover,,,
622,5196220614,rs430414 (10/20),0,570,G Scottie Scheffler G Brian Harman G Lucas Glover G Seamus Power G Billy Horschel G Adam Hadwin,,,
622,5196438379,porterj1223 (4/20),0,570,G Kurt Kitayama G Jackson Koivun G Doug Ghim G Emiliano Grillo G Ben Kohles G A.J. Ewart,,,
622,5196566549,CraigAD66 (1/8),0,570,G Maverick McNealy G Hideki Matsuyama G Christiaan Bezuidenhout G Brian Harman G Casey Jarvis G Beau Hossler,,,
622,5196567415,mattholloway (4/5),0,570,G Kurt Kitayama G Keith Mitchell G Jackson Koivun G Michael Brennan G Lucas Glover G Will Gordon,,,
622,5196574820,PurplePain42 (19/20),0,570,G Scottie Scheffler G Aldrich Potgieter G Kevin Yu G Michael Kim G Zac Blair G Davis Chatfield,,,
622,5196642385,jesusfrit (19/20),0,570,G Scottie Scheffler G Emiliano Grillo G Lucas Glover G Seamus Power G Zac Blair G Erik Van Rooyen,,,
622,5196749589,hemoguy (13/18),0,570,G Scottie Scheffler G Max Greyserman G Brian Harman G Zac Blair G Joel Dahmen G Brice Garnett,,,
639,5194661899,oneeyedjacks,0,569.5,G Jackson Koivun G Pierceson Coody G Gary Woodland G Christiaan Bezuidenhout G Kevin Yu G Michael Kim,,,
639,5194715212,PopFlyBoy (2/20),0,569.5,G Scottie Scheffler G Emiliano Grillo G Zachary Bauchou G Denny McCarthy G Kevin Roy G Takumi Kanaya,,,
639,5194930405,DoogerWins (2/4),0,569.5,G Scottie Scheffler G William Mouw G Emiliano Grillo G Ben Kohles G Zac Blair G Troy Merritt,,,
639,5194982233,Plug3154 (10/20),0,569.5,G Maverick McNealy G Kurt Kitayama G Jackson Koivun G Ben Kohles G Zac Blair G Tom Hoge,,,
639,5195007466,bellaworth (18/20),0,569.5,G Kurt Kitayama G Hideki Matsuyama G Tom Kim G Zachary Bauchou G A.J. Ewart G Zac Blair,,,
639,5195082131,zacamu (2/20),0,569.5,G Scottie Scheffler G Brian Harman G Michael Kim G Max McGreevy G Kevin Roy G Joel Dahmen,,,
639,5195690484,okiecowpoke,0,569.5,G Kurt Kitayama G Hideki Matsuyama G Benjamin James G Rasmus Neergaard-Petersen G Emiliano Grillo G Ben Kohles,,,
639,5195858386,tknapp71 (3/5),0,569.5,G Scottie Scheffler G William Mouw G Emiliano Grillo G Ben Kohles G Zac Blair G Troy Merritt,,,
639,5195947861,nsteinwart (11/20),0,569.5,G Scottie Scheffler G Brian Harman G Michael Kim G Max McGreevy G Kevin Roy G Joel Dahmen,,,
639,5196016591,cliffwes (20/20),0,569.5,G Scottie Scheffler G Steven Fisk G Michael Kim G Zachary Bauchou G Denny McCarthy G Davis Chatfield,,,
639,5196056775,Bank_Swish_Maniac (14/20),0,569.5,G Scottie Scheffler G William Mouw G Emiliano Grillo G Ben Kohles G Zac Blair G Troy Merritt,,,
639,5196302648,louba5 (5/20),0,569.5,G Scottie Scheffler G Jordan L. Smith G Michael Kim G Austin Eckroat G John VanDerLaan G Hank Lebioda,,,
639,5196432624,Shanacole (12/20),0,569.5,G Jake Knapp G Jackson Koivun G Jackson Suber G Michael Brennan G Ben Kohles G Jesper Svensson,,,
639,5196457049,Lamkin91 (19/20),0,569.5,G Kurt Kitayama G Hideki Matsuyama G Benjamin James G Rasmus Neergaard-Petersen G Emiliano Grillo G Ben Kohles,,,
639,5196512527,mskellett (17/20),0,569.5,G Jake Knapp G Jackson Koivun G Sam Stevens G Tony Finau G Emiliano Grillo G Zac Blair,,,
639,5196548881,mrcash4657 (20/20),0,569.5,G Tom Kim G Jackson Koivun G Sam Stevens G Jordan L. Smith G Casey Jarvis G Ben Kohles,,,
639,5196574821,PurplePain42 (20/20),0,569.5,G Hideki Matsuyama G Tom Kim G Corey Conners G Rasmus Neergaard-Petersen G Casey Jarvis G Michael Kim,,,
639,5196656786,jetty76 (3/20),0,569.5,G Keith Mitchell G Jackson Koivun G Corey Conners G Johnny Keefer G Emiliano Grillo G Ben Kohles,,,
639,5196661984,jetty76 (6/20),0,569.5,G Hideki Matsuyama G Jackson Koivun G Sungjae Im G Johnny Keefer G Emiliano Grillo G Ben Kohles,,,
658,5194611273,danblack67 (10/20),0,569,G Jackson Koivun G Doug Ghim G Corey Conners G Max Greyserman G Rasmus Neergaard-Petersen G Davis Thompson,,,
658,5194974645,vertabrae (14/20),0,569,G Scottie Scheffler G Lucas Glover G Zachary Bauchou G A.J. Ewart G Zac Blair G Patrick Fishburn,,,
658,5195777378,Lamps08 (10/11),0,569,G Tom Kim G Jackson Koivun G Corey Conners G Sam Stevens G Casey Jarvis G Billy Horschel,,,
658,5195800230,TucknMadRub33 (2/3),0,569,G Hideki Matsuyama G Tom Kim G Jordan L. Smith G Christiaan Bezuidenhout G Casey Jarvis G Ben Kohles,,,
658,5196116301,stock2mail (16/20),0,569,G Scottie Scheffler G Brian Harman G Ben Kohles G Mackenzie Hughes G Zac Blair G Adam Svensson,,,
658,5196789615,anon1983 (14/20),0,569,G Maverick McNealy G Hideki Matsuyama G Jackson Suber G Emiliano Grillo G Ben Kohles G Zac Blair,,,
658,5196818371,KelvinDubs (18/20),0,569,G Hideki Matsuyama G Keith Mitchell G Tom Kim G Jesper Svensson G Chris Kirk G Zac Blair,,,
665,5194659277,flanders21 (2/20),0,568.5,G Maverick McNealy G Kurt Kitayama G Hideki Matsuyama G Ricky Castillo G Zac Blair G Troy Merritt,,,
665,5194685587,cadillaccardzzz (1/2),0,568.5,G Scottie Scheffler G John Parry G Emiliano Grillo G Patrick Rodgers G Zac Blair G Joel Dahmen,,,
665,5195168123,ltjimdangle9 (5/5),0,568.5,G Scottie Scheffler G Casey Jarvis G Zachary Bauchou G A.J. Ewart G Seamus Power G Joel Dahmen,,,
665,5195286812,kacktrey7 (19/20),0,568.5,G Scottie Scheffler G Emiliano Grillo G Michael Kim G Zac Blair G Tom Hoge G Kevin Roy,,,
665,5195451215,darbyfootball (14/20),0,568.5,G Hideki Matsuyama G Jackson Koivun G Jackson Suber G William Mouw G Emiliano Grillo G Ben Kohles,,,
665,5195653240,Nausser99 (5/20),0,568.5,G Kurt Kitayama G Tom Kim G Gary Woodland G Michael Brennan G Rasmus Neergaard-Petersen G Joel Dahmen,,,
665,5195684683,mwdh2rcnj (6/6),0,568.5,G Kurt Kitayama G Hideki Matsuyama G Tom Kim G Lucas Glover G Zachary Bauchou G Zecheng Dou,,,
665,5195835808,JamesChrond,0,568.5,G Maverick McNealy G Kurt Kitayama G Hideki Matsuyama G Ricky Castillo G Zac Blair G Troy Merritt,,,
665,5195947863,nsteinwart (13/20),0,568.5,G Maverick McNealy G Kurt Kitayama G Jordan L. Smith G Michael Brennan G Michael Kim G Seamus Power,,,
665,5196072024,bschaper23 (6/20),0,568.5,G Scottie Scheffler G William Mouw G Ben Kohles G Zachary Bauchou G Seamus Power G Davis Chatfield,,,
665,5196139950,MEP7811 (18/20),0,568.5,G Hideki Matsuyama G Jackson Koivun G Corey Conners G Christiaan Bezuidenhout G Casey Jarvis G Max McGreevy,,,
665,5196302650,louba5 (7/20),0,568.5,G Kurt Kitayama G Jackson Koivun G Jordan L. Smith G Michael Brennan G Rico Hoey G Matti Schmid,,,
665,5196392107,clamdiggerball (16/20),0,568.5,G Kurt Kitayama G Hideki Matsuyama G Jackson Suber G Emiliano Grillo G Ben Kohles G Zecheng Dou,,,
665,5196453645,musicman777 (9/20),0,568.5,G Scottie Scheffler G Beau Hossler G Emiliano Grillo G Rico Hoey G Zac Blair G Troy Merritt,,,
665,5196719638,seth37iso (15/20),0,568.5,G Scottie Scheffler G Emiliano Grillo G Michael Kim G Jesper Svensson G Zac Blair G Stefano Mazzoli,,,
680,5195253938,whwalker13 (8/20),0,568,G Hideki Matsuyama G Jackson Koivun G Sudarshan Yellamaraju G Johnny Keefer G John Parry G Emiliano Grillo,,,
680,5196249363,DCowell12 (2/8),0,568,G Kurt Kitayama G Hideki Matsuyama G Corey Conners G Brian Harman G Emiliano Grillo G David Lipsky,,,
680,5196261618,Dubbzz (11/20),0,568,G Jackson Koivun G Gary Woodland G Max Homa G Jordan L. Smith G Davis Thompson G Kevin Yu,,,
680,5196311236,jbpalmer (9/20),0,568,G Kurt Kitayama G Gary Woodland G Corey Conners G Michael Brennan G Kevin Yu G Ben Kohles,,,
680,5196472367,Tully936 (2/20),0,568,G Scottie Scheffler G Ben Kohles G A.J. Ewart G Zac Blair G Austin Eckroat G Muzzy Donohue,,,
680,5196519947,Damonri (4/20),0,568,G Maverick McNealy G Tom Kim G Jackson Koivun G Aldrich Potgieter G Emiliano Grillo G Kris Ventura,,,
680,5196541891,fredgeo77 (2/20),0,568,G Scottie Scheffler G Max Greyserman G Zecheng Dou G Chris Kirk G Trace Crowe G John VanDerLaan,,,
680,5196775018,nauldyboy (18/20),0,568,G Scottie Scheffler G Casey Jarvis G A.J. Ewart G Billy Horschel G Patrick Fishburn G Kevin Roy,,,
680,5196825905,pigskin23 (2/8),0,568,G Tom Kim G Jackson Koivun G Jackson Suber G Max Greyserman G Rasmus Neergaard-Petersen G Michael Kim,,,
680,5196858278,CPiddy23 (2/3),0,568,G Hideki Matsuyama G Keith Mitchell G Jake Knapp G Emiliano Grillo G Denny McCarthy G Patrick Rodgers,,,
690,5194670997,sooner2691,0,567.5,G Maverick McNealy G Jake Knapp G Corey Conners G Brian Harman G Casey Jarvis G Ben Kohles,,,
690,5195007461,bellaworth (13/20),0,567.5,G Hideki Matsuyama G Tom Kim G Jackson Koivun G Kevin Yu G Casey Jarvis G Andrew Putnam,,,
690,5195447245,sbolomo (5/20),0,567.5,G Scottie Scheffler G Rasmus Neergaard-Petersen G Brian Harman G Lee Hodges G Tyler Duncan G Davis Chatfield,,,
690,5196176901,clemgattano,0,567.5,G Maverick McNealy G Kurt Kitayama G Sam Stevens G Davis Thompson G Jesper Svensson G Denny McCarthy,,,
690,5196449688,mt949 (20/20),0,567.5,G Scottie Scheffler G Ben Kohles G Lucas Glover G Denny McCarthy G Seamus Power G Aaron Wise,,,
690,5196870491,Dalton9762 (1/4),0,567.5,G Scottie Scheffler G Ricky Castillo G Casey Jarvis G John Parry G Zac Blair G Troy Merritt,,,
696,5194699707,Knickeless (7/20),0,567,G Maverick McNealy G Tom Kim G Jordan L. Smith G Brian Harman G Ben Kohles G Zachary Bauchou,,,
696,5195409152,bl3rf (15/20),0,567,G Maverick McNealy G Kurt Kitayama G Benjamin James G Davis Thompson G Brian Harman G Emiliano Grillo,,,
696,5196008702,impeccablycomingup (1/8),0,567,G Kurt Kitayama G Jackson Koivun G Sam Stevens G Benjamin James G Emiliano Grillo G Ben Kohles,,,
696,5196008703,impeccablycomingup (2/8),0,567,G Kurt Kitayama G Jackson Koivun G Sam Stevens G Benjamin James G Emiliano Grillo G Ben Kohles,,,
696,5196016916,impeccablycomingup (5/8),0,567,G Kurt Kitayama G Jackson Koivun G Sam Stevens G Benjamin James G Emiliano Grillo G Ben Kohles,,,
696,5196016918,impeccablycomingup (6/8),0,567,G Kurt Kitayama G Jackson Koivun G Sam Stevens G Benjamin James G Emiliano Grillo G Ben Kohles,,,
696,5196058965,cowboys767 (17/20),0,567,G Keith Mitchell G Jake Knapp G Tom Kim G Davis Thompson G Mackenzie Hughes G Seamus Power,,,
696,5196098755,barley2410,0,567,G Hideki Matsuyama G Jake Knapp G Benjamin James G Christiaan Bezuidenhout G Michael Brennan G Denny McCarthy,,,
696,5196393533,dgriggs83 (5/5),0,567,G Scottie Scheffler G Brian Harman G Ben Kohles G Lucas Glover G Zac Blair G Tyler Duncan,,,
696,5196458084,BIGOOOS (20/20),0,567,G Maverick McNealy G Hideki Matsuyama G Sungjae Im G Brian Harman G Ben Kohles G Michael Kim,,,
696,5196857484,jradesanmi (16/20),0,567,G Maverick McNealy G Hideki Matsuyama G Mac Meissner G Max Greyserman G Emiliano Grillo G Ben Kohles,,,
707,5194755191,SoonersEagle (6/10),0,566.5,G Maverick McNealy G Hideki Matsuyama G Corey Conners G Brian Harman G Keita Nakajima G Denny McCarthy,,,
707,5194843473,6Tino4 (1/10),0,566.5,G Scottie Scheffler G Ricky Castillo G Casey Jarvis G A.J. Ewart G Zac Blair G Davis Chatfield,,,
707,5194849835,Sportmeister77 (6/20),0,566.5,G Tom Kim G Jackson Koivun G Max Homa G Jordan L. Smith G Emiliano Grillo G Ben Kohles,,,
707,5194864956,caxton22 (20/20),0,566.5,G Tom Kim G Jackson Koivun G Max Homa G Jordan L. Smith G Emiliano Grillo G Ben Kohles,,,
707,5194940542,steemkatz (3/20),0,566.5,G Scottie Scheffler G Ben Kohles G Lucas Glover G Zachary Bauchou G Austin Smotherman G Will Gordon,,,
707,5195050416,DDEMERIT3 (11/20),0,566.5,G Kurt Kitayama G Hideki Matsuyama G Benjamin James G Christiaan Bezuidenhout G Emiliano Grillo G Ben Kohles,,,
707,5195057953,gman26 (5/15),0,566.5,G Scottie Scheffler G Stephan Jaeger G Jesper Svensson G Denny McCarthy G Patrick Fishburn G Chandler Blanchet,,,
707,5195139186,mlief (12/20),0,566.5,G Kurt Kitayama G Hideki Matsuyama G Corey Conners G Casey Jarvis G Zachary Bauchou G Zac Blair,,,
707,5195343856,mgalli4 (8/20),0,566.5,G Scottie Scheffler G Ben Kohles G Lucas Glover G Zachary Bauchou G Austin Smotherman G Will Gordon,,,
707,5195360568,coachp17 (16/20),0,566.5,G Kurt Kitayama G Hideki Matsuyama G Max Homa G Emiliano Grillo G Ben Kohles G Zac Blair,,,
707,5195457356,princepsmith (1/4),0,566.5,G Jake Knapp G Tom Kim G Gary Woodland G Christiaan Bezuidenhout G Casey Jarvis G Ben Kohles,,,
707,5196021472,Packersfan203 (5/20),0,566.5,G Tom Kim G Jackson Koivun G Mac Meissner G Michael Brennan G Rasmus Neergaard-Petersen G John Parry,,,
707,5196072999,Brenden5258 (5/20),0,566.5,G Scottie Scheffler G Ben Kohles G Max McGreevy G Billy Horschel G Zac Blair G Kevin Roy,,,
707,5196097417,kenplong (7/20),0,566.5,G Hideki Matsuyama G Jackson Koivun G Benjamin James G Johnny Keefer G Rasmus Neergaard-Petersen G Emiliano Grillo,,,
707,5196480738,denisesdestroyers (1/2),0,566.5,G Maverick McNealy G Hideki Matsuyama G Christiaan Bezuidenhout G Casey Jarvis G Ben Kohles G Mackenzie Hughes,,,
707,5196567725,klsmith105 (5/5),0,566.5,G Hideki Matsuyama G Jackson Koivun G Pierceson Coody G Ricky Castillo G Casey Jarvis G Ben Kohles,,,
707,5196658377,Spocker14 (10/20),0,566.5,G Kurt Kitayama G Hideki Matsuyama G Brian Harman G Kevin Yu G Taylor Moore G Zac Blair,,,
707,5196677481,schrabes (5/20),0,566.5,G Scottie Scheffler G Ben Kohles G Lucas Glover G Zachary Bauchou G Austin Smotherman G Will Gordon,,,
707,5196719624,seth37iso (1/20),0,566.5,G Scottie Scheffler G Kevin Yu G Rico Hoey G Zachary Bauchou G Kris Ventura G Davis Chatfield,,,
726,5194683340,Tiny_Classified_Ads (17/20),0,566,G Tom Kim G Jackson Koivun G Jordan L. Smith G Benjamin James G Christiaan Bezuidenhout G Emiliano Grillo,,,
726,5195296699,colbuk10 (14/20),0,566,G Tom Kim G Jackson Koivun G Gary Woodland G Tony Finau G Emiliano Grillo G Matti Schmid,,,
726,5195303913,K1ngOfHearts (5/20),0,566,G Scottie Scheffler G Brian Harman G Max McGreevy G Austin Smotherman G Chris Kirk G Joel Dahmen,,,
726,5195548263,KevMike15 (2/2),0,566,G Hideki Matsuyama G Keith Mitchell G Christiaan Bezuidenhout G Ricky Castillo G Ben Kohles G Zachary Bauchou,,,
726,5196110721,drummerforever1982 (9/20),0,566,G Scottie Scheffler G Davis Thompson G Ricky Castillo G Emiliano Grillo G Joel Dahmen G Brice Garnett,,,
726,5196416779,lilcoachw (4/4),0,566,G Maverick McNealy G Kurt Kitayama G Jackson Koivun G Emiliano Grillo G Andrew Putnam G Kevin Roy,,,
726,5196619661,JaserD (5/20),0,566,G Kurt Kitayama G Tom Kim G Jackson Koivun G Ben Kohles G Max McGreevy G Zachary Bauchou,,,
726,5196643248,lukaBooBoo,0,566,G Scottie Scheffler G Hideki Matsuyama G Zac Blair G Davis Chatfield G Davis Riley G Troy Merritt,,,
734,5195031147,supermax78,0,565.5,G Scottie Scheffler G Casey Jarvis G Ben Kohles G Matti Schmid G Zac Blair G Jimmy Stanger,,,
734,5195839005,bjnfan (2/20),0,565.5,G Maverick McNealy G Kurt Kitayama G Christiaan Bezuidenhout G Max Greyserman G Casey Jarvis G Emiliano Grillo,,,
734,5196468210,bigbadarons (4/20),0,565.5,G Hideki Matsuyama G Keith Mitchell G Tom Kim G Casey Jarvis G John Parry G Zac Blair,,,
734,5196861406,CritterB2 (2/4),0,565.5,G Maverick McNealy G Tom Kim G Jackson Koivun G Brian Harman G Zachary Bauchou G Tom Hoge,,,
738,5194695118,tmusales (8/20),0,565,G Scottie Scheffler G Ben Kohles G Rico Hoey G Matti Schmid G Zecheng Dou G Vince Whaley,,,
738,5194764628,chadraybon (1/20),0,565,G Hideki Matsuyama G Jake Knapp G Jackson Koivun G Steven Fisk G Emiliano Grillo G Gordon Sargent,,,
738,5195312976,FortGarryLions (7/20),0,565,G Scottie Scheffler G Emiliano Grillo G Keita Nakajima G Zachary Bauchou G Zac Blair G Joel Dahmen,,,
738,5195496465,jkennedy4 (13/20),0,565,G Tom Kim G Jackson Koivun G Jackson Suber G Michael Brennan G Emiliano Grillo G Lucas Glover,,,
738,5195771947,omes16 (12/20),0,565,G Scottie Scheffler G Christiaan Bezuidenhout G Max McGreevy G Denny McCarthy G Zac Blair G Troy Merritt,,,
738,5196311232,jbpalmer (5/20),0,565,G Kurt Kitayama G Gary Woodland G Corey Conners G Michael Brennan G Davis Thompson G Casey Jarvis,,,
738,5196620394,mack69 (10/20),0,565,G Scottie Scheffler G Brian Harman G John Parry G Michael Kim G Kevin Roy G Joe Highsmith,,,
745,5194754959,Mousedef (1/20),0,564.5,G Scottie Scheffler G Brian Harman G Michael Kim G Zachary Bauchou G Kevin Roy G Harry Higgs,,,
745,5194971612,jsamp17 (1/20),0,564.5,G Maverick McNealy G Hideki Matsuyama G Jordan L. Smith G Beau Hossler G Ben Kohles G Michael Kim,,,
745,5195190515,Patsfan688 (17/20),0,564.5,G Maverick McNealy G Hideki Matsuyama G Pierceson Coody G Casey Jarvis G Emiliano Grillo G Chandler Phillips,,,
745,5195453190,mdmbag (20/20),0,564.5,G Scottie Scheffler G Rasmus Neergaard-Petersen G Emiliano Grillo G Lee Hodges G Erik Van Rooyen G Davis Chatfield,,,
745,5195476647,saranac34 (8/20),0,564.5,G Scottie Scheffler G Ricky Castillo G Casey Jarvis G Emiliano Grillo G Lucas Glover G Troy Merritt,,,
745,5195814215,dockman12600 (18/20),0,564.5,G Hideki Matsuyama G Jackson Koivun G Benjamin James G Michael Brennan G Emiliano Grillo G Max McGreevy,,,
745,5196003913,SoCalHusker (5/20),0,564.5,G Tom Kim G Jackson Koivun G Corey Conners G Max Homa G Emiliano Grillo G Zac Blair,,,
745,5196071472,fuzzwah7,0,564.5,G Kurt Kitayama G Hideki Matsuyama G Corey Conners G Christiaan Bezuidenhout G Rasmus Neergaard-Petersen G Troy Merritt,,,
745,5196386033,LocoKP (2/3),0,564.5,G Scottie Scheffler G Rasmus Neergaard-Petersen G Emiliano Grillo G Zac Blair G Joel Dahmen G Aaron Wise,,,
745,5196417964,dbsultan (11/12),0,564.5,G Scottie Scheffler G Brian Harman G Matti Schmid G Seamus Power G Zac Blair G Takumi Kanaya,,,
745,5196530197,WaveHead23 (2/4),0,564.5,G Kurt Kitayama G Tom Kim G Jackson Koivun G Emiliano Grillo G Max McGreevy G A.J. Ewart,,,
756,5194702260,dperry6969 (1/2),0,564,G Scottie Scheffler G Stephan Jaeger G Casey Jarvis G Zac Blair G Kevin Roy G Chandler Phillips,,,
756,5196021478,Packersfan203 (11/20),0,564,G Maverick McNealy G Hideki Matsuyama G Mac Meissner G Kevin Yu G Emiliano Grillo G Ben Kohles,,,
756,5196455362,mschmidt12 (2/20),0,564,G Kurt Kitayama G Jackson Koivun G Gary Woodland G Benjamin James G Lucas Glover G Zac Blair,,,
756,5196666853,lelo2906 (9/20),0,564,G Maverick McNealy G Kurt Kitayama G Jackson Koivun G Max McGreevy G Zachary Bauchou G Zac Blair,,,
756,5196791868,El-Franchise (19/20),0,564,G Tom Kim G Doug Ghim G Gary Woodland G Brian Harman G Emiliano Grillo G Ben Kohles,,,
761,5194699708,Knickeless (8/20),0,563.5,G Kurt Kitayama G Tom Kim G Jordan L. Smith G Brian Harman G Casey Jarvis G Michael Kim,,,
761,5195388034,B32044 (16/20),0,563.5,G Scottie Scheffler G Rasmus Neergaard-Petersen G Ben Kohles G Zac Blair G Tom Hoge G Davis Chatfield,,,
761,5195453179,mdmbag (9/20),0,563.5,G Scottie Scheffler G Emiliano Grillo G Ben Kohles G Zac Blair G Austin Eckroat G Hayden Springer,,,
761,5195627445,khp5050 (17/20),0,563.5,G Jake Knapp G Jackson Koivun G Gary Woodland G Johnny Keefer G Casey Jarvis G Lee Hodges,,,
761,5195851782,blondeflame19 (12/20),0,563.5,G Hideki Matsuyama G Tom Kim G Mac Meissner G Michael Brennan G Rasmus Neergaard-Petersen G Brian Harman,,,
761,5195940022,bett2112 (17/20),0,563.5,G Scottie Scheffler G Christiaan Bezuidenhout G Zachary Bauchou G A.J. Ewart G Zac Blair G Troy Merritt,,,
761,5196255686,Edstrob,0,563.5,G Kurt Kitayama G Hideki Matsuyama G Tom Kim G Christiaan Bezuidenhout G Jesper Svensson G Troy Merritt,,,
761,5196455373,mschmidt12 (13/20),0,563.5,G Kurt Kitayama G Jake Knapp G Jackson Koivun G William Mouw G Lucas Glover G Zac Blair,,,
761,5196548869,mrcash4657 (8/20),0,563.5,G Hideki Matsuyama G Tom Kim G Benjamin James G Christiaan Bezuidenhout G Brian Harman G Ben Kohles,,,
761,5196666852,lelo2906 (8/20),0,563.5,G Tom Kim G Jackson Koivun G Mac Meissner G Christiaan Bezuidenhout G Michael Brennan G Max Greyserman,,,
761,5196865080,grafjr44 (1/4),0,563.5,G Maverick McNealy G Hideki Matsuyama G Sungjae Im G Brian Harman G Ricky Castillo G Denny McCarthy,,,
772,5195012182,tommyh9991 (5/7),0,563,G Kurt Kitayama G Tom Kim G Jackson Koivun G Tony Finau G Brian Harman G Troy Merritt,,,
772,5195082137,zacamu (8/20),0,563,G Scottie Scheffler G Brian Harman G Max McGreevy G Lucas Glover G Zac Blair G Joel Dahmen,,,
772,5196249368,DCowell12 (7/8),0,563,G Scottie Scheffler G Brian Harman G Max McGreevy G Lucas Glover G Zac Blair G Joel Dahmen,,,
772,5196262676,Tavius87 (1/20),0,563,G Scottie Scheffler G Brian Harman G Casey Jarvis G Ben Kohles G Tom Hoge G Davis Chatfield,,,
772,5196353092,raiderron93306 (13/20),0,563,G Kurt Kitayama G Hideki Matsuyama G Sam Stevens G Kevin Yu G Ricky Castillo G Ben Kohles,,,
772,5196652945,ParkerSoSerious (20/20),0,563,G Scottie Scheffler G John Parry G Michael Kim G Max McGreevy G Zac Blair G Joel Dahmen,,,
772,5196750306,FRANCAVE,0,563,G Kurt Kitayama G Hideki Matsuyama G Sam Stevens G Christiaan Bezuidenhout G Ricky Castillo G Zac Blair,,,
772,5196835781,rajonrondough (1/4),0,563,G Kurt Kitayama G Tom Kim G Corey Conners G Brian Harman G Casey Jarvis G Ben Kohles,,,
772,5196835782,rajonrondough (2/4),0,563,G Kurt Kitayama G Tom Kim G Corey Conners G Brian Harman G Casey Jarvis G Ben Kohles,,,
772,5196835783,rajonrondough (3/4),0,563,G Kurt Kitayama G Tom Kim G Corey Conners G Brian Harman G Casey Jarvis G Ben Kohles,,,
772,5196835784,rajonrondough (4/4),0,563,G Kurt Kitayama G Tom Kim G Corey Conners G Brian Harman G Casey Jarvis G Ben Kohles,,,
783,5194940247,steemkatz (2/20),0,562.5,G Kurt Kitayama G Jackson Koivun G Jackson Suber G Kevin Yu G Ben Kohles G Zachary Bauchou,,,
783,5194987065,cangood1 (19/20),0,562.5,G Kurt Kitayama G Jackson Koivun G Jackson Suber G Kevin Yu G Ben Kohles G Zachary Bauchou,,,
783,5195245181,jahnyb (19/20),0,562.5,G Kurt Kitayama G Hideki Matsuyama G Corey Conners G Brian Harman G Rico Hoey G A.J. Ewart,,,
783,5195343853,mgalli4 (5/20),0,562.5,G Kurt Kitayama G Jackson Koivun G Jackson Suber G Kevin Yu G Ben Kohles G Zachary Bauchou,,,
783,5196009038,LoganGrewe50 (3/20),0,562.5,G Maverick McNealy G Jake Knapp G Jordan L. Smith G Michael Brennan G Ricky Castillo G Emiliano Grillo,,,
783,5196049413,stingerz22 (12/20),0,562.5,G Maverick McNealy G Kurt Kitayama G Christiaan Bezuidenhout G Michael Brennan G Brian Harman G Rico Hoey,,,
783,5196677490,schrabes (14/20),0,562.5,G Kurt Kitayama G Jackson Koivun G Jackson Suber G Kevin Yu G Ben Kohles G Zachary Bauchou,,,
783,5196759893,Twinz1987 (16/20),0,562.5,G Scottie Scheffler G Brian Harman G Lucas Glover G Matti Schmid G Austin Eckroat G Joel Dahmen,,,
783,5196832127,mksheppy (3/3),0,562.5,G Scottie Scheffler G Emiliano Grillo G Ben Kohles G Michael Kim G Takumi Kanaya G Mark Hubbard,,,
783,5196841992,Gibby4561 (20/20),0,562.5,G Kurt Kitayama G Tom Kim G Corey Conners G Max Greyserman G Ben Kohles G Michael Kim,,,
793,5194585511,FunkMaster213 (3/20),0,562,G Keith Mitchell G Jake Knapp G Tom Kim G Jackson Koivun G Fabián Gómez G Camilo Villegas,,,
793,5194801887,Bigrgamer497 (18/20),0,562,G Kurt Kitayama G Hideki Matsuyama G Max Greyserman G Ben Kohles G Matti Schmid G A.J. Ewart,,,
793,5195893093,weszy (11/20),0,562,G Scottie Scheffler G Casey Jarvis G Lee Hodges G Billy Horschel G Austin Eckroat G Joel Dahmen,,,
793,5196349737,MnMoney (3/20),0,562,G Maverick McNealy G Kurt Kitayama G Corey Conners G Michael Kim G Mackenzie Hughes G Denny McCarthy,,,
793,5196384087,crippledframers,0,562,G Scottie Scheffler G Brian Harman G Zachary Bauchou G Zac Blair G Tom Hoge G Joel Dahmen,,,
793,5196432631,Shanacole (19/20),0,562,G Jake Knapp G Jackson Koivun G Jordan L. Smith G Benjamin James G Kevin Yu G Ben Kohles,,,
793,5196468221,bigbadarons (15/20),0,562,G Maverick McNealy G Hideki Matsuyama G Corey Conners G Ben Kohles G Mackenzie Hughes G Lee Hodges,,,
793,5196860930,almccullum (2/11),0,562,G Scottie Scheffler G Brian Harman G Emiliano Grillo G Lucas Glover G Matt Kuchar G Kevin Streelman,,,
801,5194729328,drega09 (9/20),0,561.5,G Hideki Matsuyama G Jake Knapp G Sam Stevens G Jordan L. Smith G Zachary Bauchou G Zac Blair,,,
801,5194838645,Nuby33 (15/20),0,561.5,G Kurt Kitayama G Jake Knapp G Doug Ghim G Ben Kohles G Zac Blair G Chandler Phillips,,,
801,5196048937,dominicbasulto (9/20),0,561.5,G Keith Mitchell G Tom Kim G Gary Woodland G Michael Brennan G John Parry G Ben Kohles,,,
801,5196049421,stingerz22 (20/20),0,561.5,G Jake Knapp G Jackson Koivun G Jordan L. Smith G Benjamin James G Christiaan Bezuidenhout G Michael Kim,,,
801,5196058952,cowboys767 (4/20),0,561.5,G Scottie Scheffler G Emiliano Grillo G Michael Kim G Keita Nakajima G Kevin Roy G Joel Dahmen,,,
801,5196272703,gretzky99_99 (4/5),0,561.5,G Hideki Matsuyama G Gary Woodland G Max Homa G Michael Brennan G Rasmus Neergaard-Petersen G Emiliano Grillo,,,
801,5196545342,spielvogela0523 (17/20),0,561.5,G Maverick McNealy G Tom Kim G Jackson Koivun G Beau Hossler G Mackenzie Hughes G Zachary Bauchou,,,
801,5196639989,BillM14,0,561.5,G Scottie Scheffler G Gary Woodland G Brian Harman G Adam Hadwin G Kevin Streelman G Camilo Villegas,,,
801,5196672492,TheGame2169 (12/20),0,561.5,G Scottie Scheffler G Emiliano Grillo G Ben Kohles G Lucas Glover G Zac Blair G Stefano Mazzoli,,,
801,5196805621,CartoGuy (13/20),0,561.5,G Hideki Matsuyama G Jake Knapp G Sam Stevens G Christiaan Bezuidenhout G Ricky Castillo G John Parry,,,
801,5196808495,SeanyB231 (10/10),0,561.5,G Scottie Scheffler G Beau Hossler G Ben Kohles G Rico Hoey G Zachary Bauchou G Davis Chatfield,,,
812,5194617841,jaguar21,0,561,G Hideki Matsuyama G Corey Conners G Max Homa G Max Greyserman G Brian Harman G Emiliano Grillo,,,
812,5194715226,PopFlyBoy (16/20),0,561,G Scottie Scheffler G Keita Nakajima G Zachary Bauchou G Denny McCarthy G Zac Blair G Kevin Roy,,,
812,5196053936,MiamiSKC (17/20),0,561,G Kurt Kitayama G Jackson Koivun G Doug Ghim G Christiaan Bezuidenhout G Lee Hodges G Zac Blair,,,
812,5196116289,stock2mail (4/20),0,561,G Maverick McNealy G Kurt Kitayama G Corey Conners G Brian Harman G Casey Jarvis G Zac Blair,,,
812,5196257710,stormking82,0,561,G Tom Kim G Jackson Koivun G Casey Jarvis G Ben Kohles G Zac Blair G Ryder Cowan,,,
812,5196332292,hzdaniel (15/20),0,561,G Scottie Scheffler G Kevin Yu G Emiliano Grillo G Ben Kohles G Joel Dahmen G Paul Peterson,,,
812,5196749592,hemoguy (16/18),0,561,G Scottie Scheffler G John Parry G Denny McCarthy G Billy Horschel G Kris Ventura G Takumi Kanaya,,,
812,5196765921,deanc911 (1/4),0,561,G Scottie Scheffler G Casey Jarvis G Emiliano Grillo G Ben Kohles G Andrew Putnam G Davis Chatfield,,,
812,5196853109,thebeeskneesnc (3/3),0,561,G Hideki Matsuyama G Jake Knapp G Gary Woodland G Rasmus Højgaard G Ricky Castillo G Emiliano Grillo,,,
821,5194954440,mcclellan,0,560.5,G Scottie Scheffler G Michael Brennan G Casey Jarvis G Ben Kohles G Will Gordon G Troy Merritt,,,
821,5195627447,khp5050 (19/20),0,560.5,G Maverick McNealy G Kurt Kitayama G Gary Woodland G John Parry G Lucas Glover G Zac Blair,,,
821,5195780022,YardieKnoe (5/20),0,560.5,G Kurt Kitayama G Hideki Matsuyama G Mac Meissner G Rasmus Neergaard-Petersen G Zachary Bauchou G Denny McCarthy,,,
821,5195892081,SonnyHunt,0,560.5,G Hideki Matsuyama G Jackson Suber G Gary Woodland G Christiaan Bezuidenhout G Ben Kohles G Zac Blair,,,
821,5196090802,TheKid2430 (16/20),0,560.5,G Hideki Matsuyama G Tom Kim G Gary Woodland G Mac Meissner G Michael Kim G Zac Blair,,,
821,5196217947,dallas1fan21 (9/20),0,560.5,G Scottie Scheffler G Brian Harman G John Parry G Max McGreevy G Matti Schmid G Davis Chatfield,,,
821,5196348265,mjsnms,0,560.5,G Scottie Scheffler G Christiaan Bezuidenhout G Zachary Bauchou G Denny McCarthy G Zac Blair G Jeremy Paul,,,
821,5196392100,clamdiggerball (9/20),0,560.5,G Kurt Kitayama G Tom Kim G Jackson Koivun G Kevin Yu G Ben Kohles G Tom Hoge,,,
821,5196436118,MoeJontana16 (15/20),0,560.5,G Kurt Kitayama G Hideki Matsuyama G Corey Conners G Brian Harman G Michael Kim G Max McGreevy,,,
821,5196448116,monkeybrains (7/16),0,560.5,G Scottie Scheffler G Ben Kohles G Michael Kim G Andrew Putnam G Zac Blair G Joel Dahmen,,,
821,5196600243,Mige1 (4/20),0,560.5,G Kurt Kitayama G Tom Kim G Corey Conners G Casey Jarvis G Emiliano Grillo G Ben Kohles,,,
821,5196681009,Bpscommish2,0,560.5,G Kurt Kitayama G Hideki Matsuyama G Tom Kim G Denny McCarthy G Patrick Rodgers G Zac Blair,,,
833,5194927945,mackers5757 (16/20),0,560,G Maverick McNealy G Kurt Kitayama G Emiliano Grillo G Ben Kohles G Rico Hoey G Jesper Svensson,,,
833,5195252278,YaBoiWilly (1/2),0,560,G Kurt Kitayama G Hideki Matsuyama G Tom Kim G Brian Harman G Zac Blair G Tom Hoge,,,
833,5195562116,Mrsparklebrain (7/20),0,560,G Hideki Matsuyama G Keith Mitchell G Corey Conners G Rasmus Neergaard-Petersen G Ricky Castillo G Zac Blair,,,
833,5195613807,jonathanweber82 (3/3),0,560,G Kurt Kitayama G Hideki Matsuyama G Doug Ghim G Brian Harman G Zachary Bauchou G Zac Blair,,,
833,5195757738,kevingail,0,560,G Maverick McNealy G Kurt Kitayama G Christiaan Bezuidenhout G Max Greyserman G Emiliano Grillo G Rico Hoey,,,
833,5196074142,LTskelter (1/20),0,560,G Scottie Scheffler G Ben Kohles G Michael Kim G Zac Blair G Tom Hoge G Joel Dahmen,,,
833,5196265475,iwanaretire (5/10),0,560,G Scottie Scheffler G William Mouw G Ben Kohles G Jesper Svensson G Zac Blair G Davis Chatfield,,,
833,5196288428,Gbratch,0,560,G Kurt Kitayama G Hideki Matsuyama G Tom Kim G Brian Harman G Zac Blair G Tom Hoge,,,
833,5196668362,Maloneymat16 (8/20),0,560,G Kurt Kitayama G Jackson Koivun G Jordan L. Smith G Christiaan Bezuidenhout G William Mouw G Ben Kohles,,,
833,5196678380,scooter8174 (20/20),0,560,G Maverick McNealy G Hideki Matsuyama G Corey Conners G Casey Jarvis G Ben Kohles G Zachary Bauchou,,,
843,5195401676,gunner2632 (20/20),0,559.5,G Jackson Koivun G Gary Woodland G Corey Conners G Davis Thompson G Patrick Rodgers G Mark Hubbard,,,
843,5195825298,w0nton69 (16/20),0,559.5,G Keith Mitchell G Jake Knapp G Corey Conners G Michael Brennan G Davis Thompson G Zecheng Dou,,,
843,5195996746,goofybh207 (15/20),0,559.5,G Scottie Scheffler G Michael Kim G Denny McCarthy G Chris Kirk G Tom Hoge G Kevin Roy,,,
843,5196003918,SoCalHusker (10/20),0,559.5,G Kurt Kitayama G Tom Kim G Jackson Koivun G Michael Brennan G Ben Kohles G Aaron Wise,,,
843,5196110731,drummerforever1982 (19/20),0,559.5,G Kurt Kitayama G Tom Kim G Jackson Koivun G Ricky Castillo G Michael Kim G Max McGreevy,,,
843,5196261616,Dubbzz (9/20),0,559.5,G Scottie Scheffler G Aldrich Potgieter G Mackenzie Hughes G Lee Hodges G Denny McCarthy G Davis Chatfield,,,
843,5196362656,mjscott8824 (18/20),0,559.5,G Scottie Scheffler G Ricky Castillo G Michael Kim G Seamus Power G Zac Blair G Nick Dunlap,,,
843,5196453217,Lamkin91 (11/20),0,559.5,G Hideki Matsuyama G Tom Kim G Sungjae Im G Rasmus Neergaard-Petersen G Emiliano Grillo G Ben Kohles,,,
843,5196510361,baloo3101 (1/5),0,559.5,G Keith Mitchell G Jackson Koivun G Jordan L. Smith G Sudarshan Yellamaraju G Rasmus Neergaard-Petersen G Brian Harman,,,
843,5196773385,kirks91 (2/20),0,559.5,G Scottie Scheffler G Ben Kohles G Michael Kim G Zac Blair G Joel Dahmen G Brice Garnett,,,
843,5196778660,zandwich (20/20),0,559.5,G Maverick McNealy G Hideki Matsuyama G Sam Stevens G Christiaan Bezuidenhout G Jesper Svensson G Zac Blair,,,
843,5196864700,JayMacK3 (1/20),0,559.5,G Kurt Kitayama G Hideki Matsuyama G Jackson Suber G Rasmus Neergaard-Petersen G Seamus Power G Zac Blair,,,
855,5194813515,define7 (3/3),0,559,G Hideki Matsuyama G Tom Kim G Christiaan Bezuidenhout G Johnny Keefer G Rasmus Neergaard-Petersen G Davis Thompson,,,
855,5194981371,vertabrae (17/20),0,559,G Scottie Scheffler G Emiliano Grillo G Max McGreevy G Austin Smotherman G Zac Blair G Neal Shipley,,,
855,5196039824,tims612 (15/20),0,559,G Kurt Kitayama G Hideki Matsuyama G Max Homa G John Parry G Emiliano Grillo G Ben Kohles,,,
855,5196072038,bschaper23 (20/20),0,559,G Scottie Scheffler G Emiliano Grillo G Mackenzie Hughes G Zecheng Dou G Seamus Power G Aaron Wise,,,
855,5196092779,zeketowaga (2/2),0,559,G Scottie Scheffler G Ricky Castillo G Casey Jarvis G Ben Kohles G Zac Blair G Fabián Gómez,,,
855,5196097194,PD5861 (8/12),0,559,G Maverick McNealy G Hideki Matsuyama G Sam Stevens G Ricky Castillo G John Parry G Ben Kohles,,,
855,5196334631,kevinbrock (3/20),0,559,G Scottie Scheffler G Kevin Yu G Ben Kohles G Denny McCarthy G Kevin Roy G Adam Hadwin,,,
855,5196356941,yawkeyway8 (9/10),0,559,G Kurt Kitayama G Jackson Koivun G Pierceson Coody G Davis Thompson G Ben Kohles G Austin Eckroat,,,
855,5196369002,lilcoachw (2/4),0,559,G Scottie Scheffler G Emiliano Grillo G Lucas Glover G Denny McCarthy G Kevin Roy G Karl Vilips,,,
855,5196455725,Lamkin91 (17/20),0,559,G Scottie Scheffler G Emiliano Grillo G Ben Kohles G Lucas Glover G Zac Blair G Cameron Davis,,,
855,5196791131,blozano9 (2/3),0,559,G Scottie Scheffler G Ricky Castillo G Casey Jarvis G Ben Kohles G Zac Blair G Fabián Gómez,,,
866,5194683326,Tiny_Classified_Ads (3/20),0,558.5,G Tom Kim G Jackson Koivun G Max Homa G Jordan L. Smith G John Parry G Emiliano Grillo,,,
866,5194782473,Plug3154 (2/20),0,558.5,G Scottie Scheffler G Rasmus Neergaard-Petersen G Casey Jarvis G Matti Schmid G Zac Blair G Troy Merritt,,,
866,5195381986,Thundercrunch (5/6),0,558.5,G Scottie Scheffler G Emiliano Grillo G Michael Kim G Rico Hoey G Seamus Power G Paul Peterson,,,
866,5195490249,andybonds (3/9),0,558.5,G Hideki Matsuyama G Keith Mitchell G Tom Kim G Casey Jarvis G Denny McCarthy G A.J. Ewart,,,
866,5195769553,dismalpicker (1/4),0,558.5,G Kurt Kitayama G Jackson Koivun G Corey Conners G Benjamin James G Mackenzie Hughes G Denny McCarthy,,,
866,5195769575,dismalpicker (2/4),0,558.5,G Kurt Kitayama G Jackson Koivun G Corey Conners G Benjamin James G Mackenzie Hughes G Denny McCarthy,,,
866,5195769581,dismalpicker (3/4),0,558.5,G Kurt Kitayama G Jackson Koivun G Corey Conners G Benjamin James G Mackenzie Hughes G Denny McCarthy,,,
866,5195775106,dismalpicker (4/4),0,558.5,G Kurt Kitayama G Jackson Koivun G Corey Conners G Benjamin James G Mackenzie Hughes G Denny McCarthy,,,
866,5195837374,tvtalent (2/2),0,558.5,G Hideki Matsuyama G Jake Knapp G Sungjae Im G Christiaan Bezuidenhout G Brian Harman G Chris Kirk,,,
866,5196116645,tango46 (5/20),0,558.5,G Keith Mitchell G Jake Knapp G Gary Woodland G Zac Blair G Patrick Fishburn G Mark Hubbard,,,
866,5196131656,Keroppi613 (6/20),0,558.5,G Kurt Kitayama G Jake Knapp G Corey Conners G Rasmus Neergaard-Petersen G Michael Kim G Lee Hodges,,,
866,5196175843,msgtjk (5/8),0,558.5,G Scottie Scheffler G Gary Woodland G Emiliano Grillo G Zac Blair G Troy Merritt G Jeremy Paul,,,
866,5196175844,msgtjk (6/8),0,558.5,G Scottie Scheffler G Gary Woodland G Emiliano Grillo G Zac Blair G Troy Merritt G Jeremy Paul,,,
866,5196175845,msgtjk (7/8),0,558.5,G Scottie Scheffler G Gary Woodland G Emiliano Grillo G Zac Blair G Troy Merritt G Jeremy Paul,,,
866,5196175846,msgtjk (8/8),0,558.5,G Scottie Scheffler G Gary Woodland G Emiliano Grillo G Zac Blair G Troy Merritt G Jeremy Paul,,,
866,5196401763,HockeyCardsPlus (12/20),0,558.5,G Tom Kim G Jackson Koivun G Jordan L. Smith G Mac Meissner G Michael Brennan G Ben Kohles,,,
866,5196432625,Shanacole (13/20),0,558.5,G Jake Knapp G Jackson Koivun G Jackson Suber G Michael Brennan G Kevin Yu G Jesper Svensson,,,
866,5196466726,ausomes (8/12),0,558.5,G Kurt Kitayama G Hideki Matsuyama G Sam Stevens G Stephan Jaeger G Brian Harman G Emiliano Grillo,,,
866,5196556974,AMayberry23 (2/20),0,558.5,G Kurt Kitayama G Jackson Koivun G Jordan L. Smith G Benjamin James G Brian Harman G Casey Jarvis,,,
866,5196791142,Stree (3/20),0,558.5,G Tom Kim G Jackson Koivun G Corey Conners G Jordan L. Smith G Casey Jarvis G Mackenzie Hughes,,,
886,5195048528,mikekrus99 (1/3),0,558,G Hideki Matsuyama G Jackson Koivun G Jackson Suber G Michael Brennan G Taylor Moore G Denny McCarthy,,,
886,5195048532,mikekrus99 (2/3),0,558,G Hideki Matsuyama G Jackson Koivun G Jackson Suber G Michael Brennan G Taylor Moore G Denny McCarthy,,,
886,5195055697,mikekrus99 (3/3),0,558,G Hideki Matsuyama G Jackson Koivun G Jackson Suber G Michael Brennan G Taylor Moore G Denny McCarthy,,,
886,5195206603,ctscts3232 (9/20),0,558,G Hideki Matsuyama G Tom Kim G Benjamin James G Christiaan Bezuidenhout G Davis Thompson G Ben Kohles,,,
886,5195211651,ctscts3232 (18/20),0,558,G Hideki Matsuyama G Tom Kim G Benjamin James G Christiaan Bezuidenhout G Davis Thompson G Ben Kohles,,,
886,5195339235,nachochopstix (1/13),0,558,G Maverick McNealy G Kurt Kitayama G Sam Stevens G Brian Harman G Ben Kohles G Lee Hodges,,,
886,5195340342,skid68 (3/20),0,558,G Scottie Scheffler G Beau Hossler G Michael Kim G Lee Hodges G Kris Ventura G Vince Whaley,,,
886,5195387030,t2robbin,0,558,G Hideki Matsuyama G Tom Kim G Sudarshan Yellamaraju G Christiaan Bezuidenhout G Rasmus Neergaard-Petersen G Denny McCarthy,,,
886,5195934539,bamaboy6259 (19/20),0,558,G Scottie Scheffler G Davis Thompson G Steven Fisk G Billy Horschel G Zac Blair G Troy Merritt,,,
886,5195957116,Billyboy10,0,558,G Keith Mitchell G Tom Kim G Corey Conners G Christiaan Bezuidenhout G Brian Harman G Michael Kim,,,
886,5195972000,sosamightygg22 (12/20),0,558,G Hideki Matsuyama G Keith Mitchell G Tom Kim G Michael Kim G Mackenzie Hughes G Zachary Bauchou,,,
886,5196016583,cliffwes (12/20),0,558,G Maverick McNealy G Kurt Kitayama G Sam Stevens G Brian Harman G Ben Kohles G Lee Hodges,,,
886,5196139934,MEP7811 (2/20),0,558,G Kurt Kitayama G Jackson Koivun G Jordan L. Smith G Mac Meissner G Brian Harman G Rico Hoey,,,
886,5196365583,marvink (18/20),0,558,G Kurt Kitayama G Hideki Matsuyama G Michael Brennan G Rasmus Neergaard-Petersen G Steven Fisk G Brian Harman,,,
886,5196388288,auweglman (6/20),0,558,G Hideki Matsuyama G Tom Kim G Sudarshan Yellamaraju G Christiaan Bezuidenhout G Rasmus Neergaard-Petersen G Brian Harman,,,
886,5196668371,Maloneymat16 (17/20),0,558,G Kurt Kitayama G Keith Mitchell G Tom Kim G Brian Harman G Lucas Glover G Zac Blair,,,
902,5194625461,Lightnin18,0,557.5,G Scottie Scheffler G Christiaan Bezuidenhout G Brian Harman G Ben Kohles G Paul Peterson G Camilo Villegas,,,
902,5194918173,ARockyW (7/20),0,557.5,G Maverick McNealy G Tom Kim G Sam Stevens G Christiaan Bezuidenhout G Brian Harman G Zac Blair,,,
902,5195067103,teats73 (20/20),0,557.5,G Jake Knapp G Tom Kim G Jackson Koivun G Michael Brennan G William Mouw G Kevin Roy,,,
902,5195082148,zacamu (19/20),0,557.5,G Jake Knapp G Jackson Koivun G Max Homa G Ricky Castillo G Mackenzie Hughes G Denny McCarthy,,,
902,5195438085,boyle5000 (19/20),0,557.5,G Hideki Matsuyama G Jake Knapp G Doug Ghim G Rasmus Neergaard-Petersen G Ben Kohles G Zac Blair,,,
902,5195790758,ynot4greg21 (20/20),0,557.5,G Kurt Kitayama G Tom Kim G Jordan L. Smith G Brian Harman G Ben Kohles G A.J. Ewart,,,
902,5195799094,Micko555,0,557.5,G Scottie Scheffler G Rasmus Neergaard-Petersen G Brian Harman G Andrew Putnam G Zac Blair G Troy Merritt,,,
902,5195977951,ydoja2 (6/20),0,557.5,G Tom Kim G Jackson Koivun G Doug Ghim G Jordan L. Smith G Michael Kim G Zac Blair,,,
902,5196006531,lbquadz (1/10),0,557.5,G Maverick McNealy G Tom Kim G Christiaan Bezuidenhout G Rasmus Neergaard-Petersen G Davis Thompson G Casey Jarvis,,,
902,5196059406,Hammerbeck (2/4),0,557.5,G Scottie Scheffler G Casey Jarvis G Ben Kohles G Lee Hodges G Chandler Phillips G Aaron Wise,,,
902,5196080073,tman_willi (1/4),0,557.5,G Kurt Kitayama G Hideki Matsuyama G Tom Kim G Emiliano Grillo G Ben Kohles G Cameron Champ,,,
902,5196080074,tman_willi (2/4),0,557.5,G Kurt Kitayama G Hideki Matsuyama G Tom Kim G Emiliano Grillo G Ben Kohles G Cameron Champ,,,
902,5196080075,tman_willi (3/4),0,557.5,G Kurt Kitayama G Hideki Matsuyama G Tom Kim G Emiliano Grillo G Ben Kohles G Cameron Champ,,,
902,5196080076,tman_willi (4/4),0,557.5,G Kurt Kitayama G Hideki Matsuyama G Tom Kim G Emiliano Grillo G Ben Kohles G Cameron Champ,,,
902,5196512530,mskellett (20/20),0,557.5,G Kurt Kitayama G Jake Knapp G Jackson Koivun G Benjamin James G Lucas Glover G Davis Chatfield,,,
902,5196603441,Lamps08 (11/11),0,557.5,G Scottie Scheffler G Brian Harman G Casey Jarvis G Max McGreevy G Zachary Bauchou G Davis Chatfield,,,
902,5196625719,parshooter1966 (1/20),0,557.5,G Scottie Scheffler G Emiliano Grillo G Hao-Tong Li G Matti Schmid G A.J. Ewart G Vince Whaley,,,
902,5196628394,briguy13 (17/20),0,557.5,G Hideki Matsuyama G Jackson Koivun G Sam Stevens G Michael Brennan G Casey Jarvis G Max McGreevy,,,
902,5196849530,hightopsfeet (1/5),0,557.5,G Jake Knapp G Tom Kim G Jackson Koivun G Rasmus Højgaard G Beau Hossler G Emiliano Grillo,,,
921,5194634850,bruc0074 (3/20),0,557,G Kurt Kitayama G Jackson Koivun G Jackson Suber G Christiaan Bezuidenhout G Ricky Castillo G Zac Blair,,,
921,5195111278,Alexbieri (3/20),0,557,G Tom Kim G Jackson Koivun G Pierceson Coody G Brian Harman G Kevin Yu G Casey Jarvis,,,
921,5195257017,bigdaddywayne69 (18/20),0,557,G Hideki Matsuyama G Gary Woodland G Corey Conners G Sungjae Im G Emiliano Grillo G Zac Blair,,,
921,5195643764,FantasyGolferKM (14/18),0,557,G Scottie Scheffler G Casey Jarvis G Emiliano Grillo G Patrick Rodgers G Billy Horschel G Chandler Blanchet,,,
921,5195947856,nsteinwart (6/20),0,557,G Maverick McNealy G Hideki Matsuyama G Jordan L. Smith G Brian Harman G Casey Jarvis G Beau Hossler,,,
921,5196261617,Dubbzz (10/20),0,557,G Hideki Matsuyama G Keith Mitchell G Corey Conners G Rasmus Neergaard-Petersen G Michael Kim G Mackenzie Hughes,,,
921,5196655551,Bigb16 (14/20),0,557,G Scottie Scheffler G Rasmus Neergaard-Petersen G Lucas Glover G Denny McCarthy G Zac Blair G Brice Garnett,,,
921,5196662750,Superunknown454 (6/6),0,557,G Scottie Scheffler G Emiliano Grillo G Ben Kohles G Matti Schmid G Zac Blair G Brice Garnett,,,
921,5196694803,amarlls (11/20),0,557,G Tom Kim G Jackson Koivun G Sungjae Im G Sam Stevens G Emiliano Grillo G Ben Kohles,,,
921,5196695211,vymo56,0,557,G Scottie Scheffler G Rasmus Neergaard-Petersen G Casey Jarvis G A.J. Ewart G Zac Blair G Troy Merritt,,,
921,5196765541,herrma02 (3/20),0,557,G Scottie Scheffler G Gary Woodland G Lucas Glover G Trace Crowe G Davis Chatfield G Troy Merritt,,,
921,5196775017,nauldyboy (17/20),0,557,G Scottie Scheffler G Casey Jarvis G Matti Schmid G Zachary Bauchou G Chris Kirk G Chandler Blanchet,,,
921,5196843884,Yankeeblue1315 (2/20),0,557,G Maverick McNealy G Hideki Matsuyama G Benjamin James G Rasmus Neergaard-Petersen G Brian Harman G John Parry,,,
934,5194668690,jeepflex,0,556.5,G Maverick McNealy G Kurt Kitayama G Jackson Suber G Brian Harman G Denny McCarthy G Zac Blair,,,
934,5194695146,Sanoman73 (2/20),0,556.5,G Hideki Matsuyama G Jake Knapp G Jackson Suber G Casey Jarvis G Emiliano Grillo G Ben Kohles,,,
934,5194695153,Sanoman73 (9/20),0,556.5,G Hideki Matsuyama G Jake Knapp G Jackson Suber G Casey Jarvis G Emiliano Grillo G Ben Kohles,,,
934,5194695159,Sanoman73 (15/20),0,556.5,G Hideki Matsuyama G Jake Knapp G Jackson Suber G Casey Jarvis G Emiliano Grillo G Ben Kohles,,,
934,5195303918,K1ngOfHearts (10/20),0,556.5,G Scottie Scheffler G Brian Harman G Zachary Bauchou G Billy Horschel G Kris Ventura G David Lipsky,,,
934,5195577635,oldfart60 (3/4),0,556.5,G Maverick McNealy G Jake Knapp G Tom Kim G Brian Harman G Chris Kirk G Austin Eckroat,,,
934,5195618018,ebrown_ua (2/8),0,556.5,G Kurt Kitayama G Tom Kim G Jackson Koivun G Casey Jarvis G Ben Kohles G Max McGreevy,,,
934,5195639099,rebelplaya (2/5),0,556.5,G Kurt Kitayama G Tom Kim G Jackson Koivun G Casey Jarvis G Emiliano Grillo G Aaron Wise,,,
934,5195977948,ydoja2 (3/20),0,556.5,G Maverick McNealy G Keith Mitchell G Christiaan Bezuidenhout G Brian Harman G Casey Jarvis G Ben Kohles,,,
934,5196033204,wowwwwwdfs_kkc (17/20),0,556.5,G Scottie Scheffler G Max McGreevy G Lucas Glover G Denny McCarthy G Zac Blair G Kevin Roy,,,
934,5196199979,The_Stallions (1/8),0,556.5,G Scottie Scheffler G Emiliano Grillo G Ben Kohles G Lee Hodges G Joel Dahmen G Aaron Wise,,,
934,5196493043,RonJohnson388,0,556.5,G Hideki Matsuyama G Tom Kim G Gary Woodland G Benjamin James G Ben Kohles G Zac Blair,,,
934,5196512517,mskellett (7/20),0,556.5,G Maverick McNealy G Hideki Matsuyama G Sam Stevens G Rico Hoey G Jesper Svensson G Denny McCarthy,,,
934,5196668367,Maloneymat16 (13/20),0,556.5,G Tom Kim G Jackson Koivun G Corey Conners G Jordan L. Smith G Casey Jarvis G Lucas Glover,,,
934,5196687704,spiliff14 (1/8),0,556.5,G Scottie Scheffler G Emiliano Grillo G Zachary Bauchou G Austin Smotherman G Zac Blair G Aaron Wise,,,
934,5196709739,mammola (5/5),0,556.5,G Hideki Matsuyama G Tom Kim G Gary Woodland G Benjamin James G Ben Kohles G Zac Blair,,,
934,5196795282,UHHOHH,0,556.5,G Kurt Kitayama G Hideki Matsuyama G Sungjae Im G Brian Harman G Ben Kohles G Jesper Svensson,,,
951,5194629257,jkthomps (13/20),0,556,G Maverick McNealy G Kurt Kitayama G Sam Stevens G Brian Harman G Emiliano Grillo G A.J. Ewart,,,
951,5195004638,mknob87 (16/20),0,556,G Scottie Scheffler G Ben Kohles G Lee Hodges G Max McGreevy G Zac Blair G Joel Dahmen,,,
951,5195555975,bighack22 (7/7),0,556,G Hideki Matsuyama G Tom Kim G Jackson Koivun G William Mouw G Lucas Glover G Hao-Tong Li,,,
951,5195996739,goofybh207 (8/20),0,556,G Scottie Scheffler G Rico Hoey G Lucas Glover G Denny McCarthy G Austin Eckroat G Kevin Roy,,,
951,5196349748,MnMoney (14/20),0,556,G Maverick McNealy G Hideki Matsuyama G Mac Meissner G Davis Thompson G Ben Kohles G Lee Hodges,,,
951,5196516688,tyreich,0,556,G Kurt Kitayama G Tom Kim G Jackson Suber G Brian Harman G Emiliano Grillo G Ben Kohles,,,
951,5196791858,El-Franchise (9/20),0,556,G Kurt Kitayama G Jackson Koivun G Benjamin James G Rasmus Neergaard-Petersen G Lucas Glover G Zac Blair,,,
958,5194729327,drega09 (8/20),0,555.5,G Hideki Matsuyama G Gary Woodland G Jordan L. Smith G Benjamin James G Michael Brennan G Emiliano Grillo,,,
958,5195288591,seminoles33,0,555.5,G Scottie Scheffler G Casey Jarvis G Ben Kohles G Michael Kim G Max McGreevy G Davis Chatfield,,,
958,5195339240,nachochopstix (6/13),0,555.5,G Scottie Scheffler G Casey Jarvis G Ben Kohles G Michael Kim G Max McGreevy G Davis Chatfield,,,
958,5195343852,mgalli4 (4/20),0,555.5,G Scottie Scheffler G Casey Jarvis G Ben Kohles G Michael Kim G Max McGreevy G Davis Chatfield,,,
958,5195550367,stambizzle,0,555.5,G Scottie Scheffler G Casey Jarvis G Ben Kohles G Michael Kim G Max McGreevy G Davis Chatfield,,,
958,5195865507,kozy6813 (13/20),0,555.5,G Tom Kim G Jackson Koivun G Jordan L. Smith G Mac Meissner G Christiaan Bezuidenhout G Zac Blair,,,
958,5196110722,drummerforever1982 (10/20),0,555.5,G Keith Mitchell G Tom Kim G Jordan L. Smith G Max Greyserman G Rasmus Neergaard-Petersen G Brian Harman,,,
958,5196110730,drummerforever1982 (18/20),0,555.5,G Jake Knapp G Tom Kim G Corey Conners G Michael Brennan G Brian Harman G Rico Hoey,,,
958,5196250155,Natu2008 (6/20),0,555.5,G Keith Mitchell G Tom Kim G Jordan L. Smith G Michael Brennan G Rasmus Neergaard-Petersen G Brian Harman,,,
958,5196397110,charlesrayallday (12/20),0,555.5,G Scottie Scheffler G Ben Kohles G Max McGreevy G Zachary Bauchou G Zac Blair G Joel Dahmen,,,
958,5196421044,RPcaller,0,555.5,G Scottie Scheffler G Casey Jarvis G Ben Kohles G Michael Kim G Max McGreevy G Davis Chatfield,,,
958,5196422669,BSteelz34 (3/20),0,555.5,G Scottie Scheffler G Ben Kohles G Lee Hodges G Austin Smotherman G Zac Blair G Hayden Springer,,,
958,5196496101,Fluffhead017 (4/20),0,555.5,G Scottie Scheffler G Casey Jarvis G Ben Kohles G Michael Kim G Max McGreevy G Davis Chatfield,,,
958,5196600255,Mige1 (16/20),0,555.5,G Tom Kim G Jackson Koivun G Jordan L. Smith G Mac Meissner G Casey Jarvis G Emiliano Grillo,,,
958,5196761208,Killa157,0,555.5,G Scottie Scheffler G Casey Jarvis G Ben Kohles G Michael Kim G Max McGreevy G Davis Chatfield,,,
958,5196773396,kirks91 (13/20),0,555.5,G Maverick McNealy G Tom Kim G Jackson Koivun G Casey Jarvis G Denny McCarthy G Brice Garnett,,,
958,5196805348,Shane2K (1/20),0,555.5,G Scottie Scheffler G Casey Jarvis G Ben Kohles G Michael Kim G Max McGreevy G Davis Chatfield,,,
958,5196805349,Shane2K (2/20),0,555.5,G Scottie Scheffler G Casey Jarvis G Ben Kohles G Michael Kim G Max McGreevy G Davis Chatfield,,,
958,5196805350,Shane2K (3/20),0,555.5,G Scottie Scheffler G Casey Jarvis G Ben Kohles G Michael Kim G Max McGreevy G Davis Chatfield,,,
958,5196805351,Shane2K (4/20),0,555.5,G Scottie Scheffler G Casey Jarvis G Ben Kohles G Michael Kim G Max McGreevy G Davis Chatfield,,,
958,5196805352,Shane2K (5/20),0,555.5,G Scottie Scheffler G Casey Jarvis G Ben Kohles G Michael Kim G Max McGreevy G Davis Chatfield,,,
958,5196805353,Shane2K (6/20),0,555.5,G Scottie Scheffler G Casey Jarvis G Ben Kohles G Michael Kim G Max McGreevy G Davis Chatfield,,,
958,5196805354,Shane2K (7/20),0,555.5,G Scottie Scheffler G Casey Jarvis G Ben Kohles G Michael Kim G Max McGreevy G Davis Chatfield,,,
958,5196805355,Shane2K (8/20),0,555.5,G Scottie Scheffler G Casey Jarvis G Ben Kohles G Michael Kim G Max McGreevy G Davis Chatfield,,,
958,5196805356,Shane2K (9/20),0,555.5,G Scottie Scheffler G Casey Jarvis G Ben Kohles G Michael Kim G Max McGreevy G Davis Chatfield,,,
958,5196805357,Shane2K (10/20),0,555.5,G Scottie Scheffler G Casey Jarvis G Ben Kohles G Michael Kim G Max McGreevy G Davis Chatfield,,,
958,5196805358,Shane2K (11/20),0,555.5,G Scottie Scheffler G Casey Jarvis G Ben Kohles G Michael Kim G Max McGreevy G Davis Chatfield,,,
958,5196805359,Shane2K (12/20),0,555.5,G Scottie Scheffler G Casey Jarvis G Ben Kohles G Michael Kim G Max McGreevy G Davis Chatfield,,,
958,5196805360,Shane2K (13/20),0,555.5,G Scottie Scheffler G Casey Jarvis G Ben Kohles G Michael Kim G Max McGreevy G Davis Chatfield,,,
958,5196805361,Shane2K (14/20),0,555.5,G Scottie Scheffler G Casey Jarvis G Ben Kohles G Michael Kim G Max McGreevy G Davis Chatfield,,,
958,5196805362,Shane2K (15/20),0,555.5,G Scottie Scheffler G Casey Jarvis G Ben Kohles G Michael Kim G Max McGreevy G Davis Chatfield,,,
958,5196805363,Shane2K (16/20),0,555.5,G Scottie Scheffler G Casey Jarvis G Ben Kohles G Michael Kim G Max McGreevy G Davis Chatfield,,,
958,5196805364,Shane2K (17/20),0,555.5,G Scottie Scheffler G Casey Jarvis G Ben Kohles G Michael Kim G Max McGreevy G Davis Chatfield,,,
958,5196805365,Shane2K (18/20),0,555.5,G Scottie Scheffler G Casey Jarvis G Ben Kohles G Michael Kim G Max McGreevy G Davis Chatfield,,,
958,5196805366,Shane2K (19/20),0,555.5,G Scottie Scheffler G Casey Jarvis G Ben Kohles G Michael Kim G Max McGreevy G Davis Chatfield,,,
958,5196805367,Shane2K (20/20),0,555.5,G Scottie Scheffler G Casey Jarvis G Ben Kohles G Michael Kim G Max McGreevy G Davis Chatfield,,,
958,5196827017,ed8802 (3/5),0,555.5,G Scottie Scheffler G Ben Kohles G Max McGreevy G Zachary Bauchou G Zac Blair G Joel Dahmen,,,
958,5196846819,CCTIGER78,0,555.5,G Hideki Matsuyama G Tom Kim G Corey Conners G Ricky Castillo G Casey Jarvis G Zac Blair,,,
958,5196855282,aquafinatim (5/20),0,555.5,G Scottie Scheffler G Ricky Castillo G Ben Kohles G Denny McCarthy G Takumi Kanaya G Joel Dahmen,,,
997,5194754977,Mousedef (19/20),0,555,G Keith Mitchell G Tom Kim G Corey Conners G Max Greyserman G Davis Thompson G Michael Kim,,,
997,5195139178,mlief (4/20),0,555,G Maverick McNealy G Tom Kim G Corey Conners G Christiaan Bezuidenhout G Zachary Bauchou G Denny McCarthy,,,
997,5195250718,whwalker13 (1/20),0,555,G Hideki Matsuyama G Jackson Koivun G Sungjae Im G Sudarshan Yellamaraju G John Parry G Emiliano Grillo,,,
997,5195253949,whwalker13 (19/20),0,555,G Hideki Matsuyama G Jackson Koivun G Sungjae Im G Sudarshan Yellamaraju G John Parry G Emiliano Grillo,,,
997,5195343862,mgalli4 (14/20),0,555,G Scottie Scheffler G Michael Kim G Zachary Bauchou G Denny McCarthy G Tom Hoge G Kevin Roy,,,
997,5195352171,kramerap59 (19/20),0,555,G Scottie Scheffler G Emiliano Grillo G Mackenzie Hughes G Denny McCarthy G Neal Shipley G Erik Van Rooyen,,,
997,5195360560,coachp17 (8/20),0,555,G Maverick McNealy G Hideki Matsuyama G Gary Woodland G Taylor Moore G Zachary Bauchou G Denny McCarthy,,,
997,5195423615,sjohns919 (11/20),0,555,G Kurt Kitayama G Keith Mitchell G Jordan L. Smith G Max Greyserman G Kevin Yu G Emiliano Grillo,,,
997,5195579958,BAMA33 (4/8),0,555,G Kurt Kitayama G Jackson Koivun G Christiaan Bezuidenhout G Johnny Keefer G Rasmus Neergaard-Petersen G Casey Jarvis,,,
997,5196036170,bledsoe2002 (4/7),0,555,G Scottie Scheffler G Michael Kim G Zachary Bauchou G Denny McCarthy G Tom Hoge G Kevin Roy,,,
997,5196075972,LOCNOTM (11/20),0,555,G Tom Kim G Jackson Koivun G Jordan L. Smith G Mac Meissner G Christiaan Bezuidenhout G Michael Kim,,,
997,5196262524,johnsons24 (12/20),0,555,G Hideki Matsuyama G Jake Knapp G Jordan L. Smith G Michael Brennan G William Mouw G Emiliano Grillo,,,
997,5196291428,2briar (4/20),0,555,G Kurt Kitayama G Tom Kim G Jackson Koivun G Ben Kohles G Zachary Bauchou G Tom Hoge,,,
997,5196362653,mjscott8824 (15/20),0,555,G Scottie Scheffler G Ricky Castillo G Casey Jarvis G Ben Kohles G Chandler Phillips G Brice Garnett,,,
997,5196416658,Johnny_Great (11/20),0,555,G Scottie Scheffler G Keita Nakajima G Zecheng Dou G Seamus Power G Zac Blair G Kris Ventura,,,
997,5196433159,dluca (2/20),0,555,G Hideki Matsuyama G Jackson Koivun G Corey Conners G Taylor Pendrith G Michael Kim G Austin Eckroat,,,
997,5196438376,porterj1223 (1/20),0,555,G Scottie Scheffler G Emiliano Grillo G Ben Kohles G A.J. Ewart G Zac Blair G Stefano Mazzoli,,,
997,5196532658,arweaver8 (17/20),0,555,G Maverick McNealy G Jake Knapp G Gary Woodland G Rasmus Neergaard-Petersen G Casey Jarvis G Joel Dahmen,,,
997,5196556871,17RacingH (7/20),0,555,G Maverick McNealy G Corey Conners G Jordan L. Smith G Christiaan Bezuidenhout G Michael Brennan G Brian Harman,,,
997,5196600242,Mige1 (3/20),0,555,G Scottie Scheffler G Ben Kohles G Michael Kim G Lee Hodges G Andrew Putnam G Davis Chatfield,,,
997,5196619662,JaserD (6/20),0,555,G Kurt Kitayama G Hideki Matsuyama G Mac Meissner G Casey Jarvis G Emiliano Grillo G Michael Kim,,,
997,5196730778,BleedORANGE (3/4),0,555,G Kurt Kitayama G Hideki Matsuyama G Mac Meissner G Rasmus Neergaard-Petersen G Brian Harman G Ricky Castillo,,,
997,5196749582,hemoguy (6/18),0,555,G Scottie Scheffler G Michael Kim G Zachary Bauchou G Denny McCarthy G Tom Hoge G Kevin Roy,,,
997,5196782335,knicker111 (7/14),0,555,G Kurt Kitayama G Hideki Matsuyama G Benjamin James G Max Greyserman G Brian Harman G Zachary Bauchou,,,
997,5196791938,mikeyt-68 (6/20),0,555,G Scottie Scheffler G Ben Kohles G Michael Kim G Zecheng Dou G Zac Blair G Brandt Snedeker,,,
997,5196805474,youngster201 (3/5),0,555,G Scottie Scheffler G Emiliano Grillo G Ben Kohles G A.J. Ewart G Zac Blair G Stefano Mazzoli,,,
997,5196833145,bigjay1239 (3/5),0,555,G Scottie Scheffler G Michael Kim G Zachary Bauchou G Denny McCarthy G Tom Hoge G Kevin Roy,,,
997,5196849001,ramrodrocks (3/5),0,555,G Scottie Scheffler G Michael Kim G Zachary Bauchou G Denny McCarthy G Tom Hoge G Kevin Roy,,,