Rank,EntryId,EntryName,TimeRemaining,Points,Lineup,,Player,Roster Position,%Drafted,FPTS
1,5203009904,skigolfpoker (10/10),0,620.5,G Xander Schauffele G Hideki Matsuyama G Michael Thorbjornsen G Davis Thompson G Jackson Suber G Matt Wallace,,Cameron Young,G,31.21%,87
2,5201927380,heidinsmith12 (10/12),0,615.5,G Xander Schauffele G Hideki Matsuyama G Michael Thorbjornsen G Jacob Bridgeman G Matt Wallace G Ben Kohles,,Chris Gotterup,G,27.09%,27.5
3,5202397768,gehrenberg (8/20),0,609.5,G Xander Schauffele G Hideki Matsuyama G Michael Thorbjornsen G Keegan Bradley G Matt Wallace G Jordan L. Smith,,Si Woo Kim,G,25.57%,75
4,5202457189,jr_dk (20/20),0,601.5,G Xander Schauffele G Russell Henley G Patrick Cantlay G Davis Thompson G Rasmus Højgaard G Kris Ventura,,Jake Knapp,G,20.92%,45
5,5203182025,BChap71 (6/8),0,598.5,G Cameron Young G Hideki Matsuyama G Michael Thorbjornsen G Michael Brennan G Kevin Yu G Rico Hoey,,Wyndham Clark,G,20.67%,21
6,5202179408,seminolefs (15/20),0,598,G Xander Schauffele G Patrick Cantlay G Michael Thorbjornsen G Keegan Bradley G Matt Wallace G Jordan L. Smith,,Hideki Matsuyama,G,20.63%,98
7,5202616048,expostulate (8/20),0,597,G Russell Henley G Hideki Matsuyama G Ryan Gerard G Michael Thorbjornsen G Michael Brennan G Keita Nakajima,,Jacob Bridgeman,G,19.65%,78
8,5202406226,GreenTailShiner (4/20),0,593,G Xander Schauffele G Hideki Matsuyama G Ryan Gerard G Michael Thorbjornsen G Michael Kim G William Mouw,,Jackson Koivun,G,18.91%,76.5
8,5203149182,jeffmorris007 (2/20),0,593,G Xander Schauffele G Hideki Matsuyama G Ryan Gerard G Michael Thorbjornsen G Michael Kim G William Mouw,,Ryan Gerard,G,18.21%,99.5
8,5203159606,stock2mail (7/20),0,593,G Xander Schauffele G Hideki Matsuyama G Ryan Gerard G Michael Thorbjornsen G Michael Kim G William Mouw,,Ben Kohles,G,17.59%,86
11,5203226123,doro2430 (17/20),0,588.5,G Russell Henley G Ryan Gerard G Michael Thorbjornsen G Rickie Fowler G Jacob Bridgeman G Davis Thompson,,J.J. Spaun,G,16.22%,68
12,5201619560,shon28 (12/12),0,585.5,G Xander Schauffele G Ryan Gerard G Michael Thorbjornsen G Rickie Fowler G Jackson Suber G Ben Kohles,,Russell Henley,G,16.07%,91
13,5201922993,dc385711 (7/20),0,583.5,G Xander Schauffele G Hideki Matsuyama G Michael Thorbjornsen G Davis Thompson G Jackson Suber G Doug Ghim,,Ryo Hisatsune,G,14.65%,62
13,5202893205,osustu03 (17/20),0,583.5,G Cameron Young G Patrick Cantlay G Michael Thorbjornsen G Davis Thompson G Mac Meissner G Michael Kim,,Xander Schauffele,G,14.32%,110
13,5203075971,dangasin (9/20),0,583.5,G Cameron Young G Patrick Cantlay G Michael Thorbjornsen G Davis Thompson G Mac Meissner G Michael Kim,,Patrick Cantlay,G,14.14%,86.5
16,5201162077,sportsfanatic89 (15/20),0,583,G Cameron Young G Xander Schauffele G Corey Conners G Matt Wallace G Mac Meissner G Sungjae Im,,Ben Griffin,G,13.96%,29
17,5202725890,bagwell77 (7/20),0,581,G Cameron Young G Hideki Matsuyama G Michael Thorbjornsen G Keegan Bradley G Corey Conners G Sungjae Im,,Davis Thompson,G,12.71%,99.5
18,5201737891,totototo (7/19),0,580.5,G Xander Schauffele G Russell Henley G Michael Thorbjornsen G Davis Thompson G Ben Kohles G Christiaan Bezuidenhout,,Akshay Bhatia,G,12.47%,29.5
18,5202489195,MOOSESCREW (1/4),0,580.5,G Patrick Cantlay G Hideki Matsuyama G Ryan Gerard G Michael Thorbjornsen G Jacob Bridgeman G Michael Kim,,Jackson Suber,G,12.16%,69.5
20,5202845672,gulfernut (17/20),0,580,G Hideki Matsuyama G Ryan Gerard G Michael Thorbjornsen G Keegan Bradley G Davis Thompson G Johnny Keefer,,Rickie Fowler,G,11.99%,91
21,5202184521,007gtbrian (1/8),0,579.5,G Cameron Young G Michael Thorbjornsen G Michael Brennan G Jacob Bridgeman G Keegan Bradley G Davis Thompson,,Corey Conners,G,11.41%,95
21,5202433953,Darylwl,0,579.5,G Cameron Young G Hideki Matsuyama G Ryan Gerard G Matt Wallace G Mac Meissner G Michael Kim,,Nicolai Højgaard,G,10.85%,65.5
23,5202534956,mjscott8824 (7/20),0,576.5,G Si Woo Kim G Russell Henley G Michael Thorbjornsen G Keegan Bradley G Davis Thompson G Corey Conners,,Michael Thorbjornsen,G,9.72%,129.5
23,5202773834,cj351 (9/20),0,576.5,G Si Woo Kim G Russell Henley G Michael Thorbjornsen G Keegan Bradley G Davis Thompson G Corey Conners,,Keegan Bradley,G,9.66%,86.5
23,5203141417,BadMarv (18/19),0,576.5,G Xander Schauffele G Michael Thorbjornsen G Rickie Fowler G Marco Penge G Davis Thompson G Jordan Spieth,,Rasmus Neergaard-Petersen,G,8.30%,28.5
26,5201260427,whwalker13 (7/20),0,575.5,G Xander Schauffele G Hideki Matsuyama G Michael Thorbjornsen G Keegan Bradley G Max Greyserman G Ben Kohles,,Christiaan Bezuidenhout,G,8.15%,64.5
27,5200820540,lakeside2220 (7/20),0,575,G Xander Schauffele G Ryan Gerard G Michael Thorbjornsen G Ryo Hisatsune G Ben Kohles G Luke Clanton,,Sungjae Im,G,8.09%,85
27,5202073883,ihags (6/20),0,575,G Xander Schauffele G Russell Henley G Michael Thorbjornsen G Jacob Bridgeman G Davis Thompson G William Mouw,,Michael Brennan,G,7.85%,99
29,5201865765,raiderron93306 (9/20),0,574.5,G Russell Henley G Hideki Matsuyama G Ryan Gerard G Corey Conners G Doug Ghim G Matt Wallace,,Eric Cole,G,7.59%,30.5
29,5202411862,Rassy80 (20/20),0,574.5,G Russell Henley G Patrick Cantlay G Michael Thorbjornsen G Michael Brennan G Jordan Spieth G Mac Meissner,,Jordan L. Smith,G,7.57%,71.5
31,5200744325,df6525,0,574,G Jackson Koivun G Ryan Gerard G Michael Thorbjornsen G Michael Brennan G Marco Penge G Davis Thompson,,Mac Meissner,G,6.35%,92
31,5203173390,seriousam69 (13/20),0,574,G Jackson Koivun G Ryan Gerard G Michael Thorbjornsen G Rickie Fowler G Jacob Bridgeman G Davis Thompson,,Emiliano Grillo,G,5.93%,69
31,5203218824,AFriedman15 (8/20),0,574,G Russell Henley G Patrick Cantlay G Hideki Matsuyama G Michael Thorbjornsen G Doug Ghim G Chris Kirk,,Zac Blair,G,5.77%,63.5
34,5203048411,samirnj (4/20),0,573.5,G Xander Schauffele G Akshay Bhatia G Michael Thorbjornsen G Rickie Fowler G Davis Thompson G Matt Wallace,,Doug Ghim,G,5.73%,77
34,5203249212,MelBaez (1/20),0,573.5,G Hideki Matsuyama G Nicolai Højgaard G Michael Thorbjornsen G Michael Brennan G Keegan Bradley G Corey Conners,,Benjamin James,G,5.23%,73.5
36,5200599169,fisherladyh (10/20),0,573,G Xander Schauffele G Michael Thorbjornsen G Michael Brennan G Jacob Bridgeman G Keegan Bradley G Marco Penge,,Chandler Phillips,G,5.12%,24.5
36,5200616534,sportsfanatic89 (4/20),0,573,G Xander Schauffele G Si Woo Kim G Michael Thorbjornsen G Corey Conners G Mac Meissner G Jordan L. Smith,,Michael Kim,G,4.71%,89
36,5202152009,kozy6813 (9/20),0,573,G Cameron Young G Hideki Matsuyama G Michael Thorbjornsen G Corey Conners G Mac Meissner G Jordan L. Smith,,Harris English,G,4.70%,52.5
39,5201341809,mika0015 (1/14),0,572.5,G Jackson Koivun G Hideki Matsuyama G Michael Thorbjornsen G Michael Brennan G Marco Penge G Davis Thompson,,Denny McCarthy,G,4.67%,23.5
40,5202666150,schrabes (6/20),0,572,G Hideki Matsuyama G J.J. Spaun G Michael Thorbjornsen G Michael Brennan G Jacob Bridgeman G Davis Thompson,,Jordan Spieth,G,4.42%,76.5
41,5202805511,kojo3 (12/20),0,571.5,G Xander Schauffele G Russell Henley G Michael Thorbjornsen G Keegan Bradley G Max Greyserman G Michael Kim,,Johnny Keefer,G,4.22%,67
42,5202616058,expostulate (18/20),0,571,G Si Woo Kim G Russell Henley G Ryan Gerard G Davis Thompson G Matt Wallace G Mac Meissner,,Ricky Castillo,G,3.88%,88
42,5202790385,vegasswanny (1/10),0,571,G Xander Schauffele G Patrick Cantlay G Hideki Matsuyama G Davis Thompson G Sungjae Im G Chris Kirk,,Max Greyserman,G,3.68%,65.5
42,5202905985,Mige1 (16/20),0,571,G Xander Schauffele G Patrick Cantlay G Hideki Matsuyama G Davis Thompson G Sungjae Im G Chris Kirk,,Kevin Yu,G,3.66%,77.5
42,5203063042,memphotiger (11/14),0,571,G Cameron Young G Michael Thorbjornsen G Rickie Fowler G Michael Brennan G Jackson Suber G Corey Conners,,Nick Taylor,G,3.64%,56
46,5202729148,slugger4ny (1/20),0,570.5,G Cameron Young G Si Woo Kim G Michael Thorbjornsen G Corey Conners G Mac Meissner G Chris Kirk,,Aldrich Potgieter,G,3.40%,28
46,5202893195,osustu03 (7/20),0,570.5,G Cameron Young G Si Woo Kim G Michael Thorbjornsen G Corey Conners G Mac Meissner G Chris Kirk,,Chris Kirk,G,3.37%,92
46,5203053739,Osman85 (9/20),0,570.5,G Xander Schauffele G Hideki Matsuyama G Nicolai Højgaard G Corey Conners G Matt Wallace G Ricky Castillo,,Matt Wallace,G,3.22%,114
49,5200663540,kcweir1087 (19/20),0,570,G Russell Henley G Hideki Matsuyama G Jake Knapp G Michael Thorbjornsen G Michael Brennan G Rico Hoey,,Marco Penge,G,3.06%,70
49,5201260434,whwalker13 (14/20),0,570,G Xander Schauffele G Patrick Cantlay G Michael Thorbjornsen G Keegan Bradley G Ben Kohles G Jordan L. Smith,,Pierceson Coody,G,3.00%,30.5
49,5201260437,whwalker13 (17/20),0,570,G Xander Schauffele G Patrick Cantlay G Michael Thorbjornsen G Keegan Bradley G Max Greyserman G Chris Kirk,,William Mouw,G,2.75%,67
49,5202000988,thackspaz (16/20),0,570,G Xander Schauffele G Patrick Cantlay G J.J. Spaun G Davis Thompson G Matt Wallace G Chris Kirk,,Zachary Bauchou,G,2.30%,34
49,5202359505,Stree (2/20),0,570,G Xander Schauffele G Patrick Cantlay G J.J. Spaun G Davis Thompson G Matt Wallace G Chris Kirk,,Tony Finau,G,2.28%,59.5
49,5202606166,steve3258 (10/20),0,570,G Xander Schauffele G Patrick Cantlay G J.J. Spaun G Davis Thompson G Matt Wallace G Chris Kirk,,Nicolas Echavarria,G,2.25%,29
49,5203188696,bnb0609 (12/20),0,570,G Xander Schauffele G Patrick Cantlay G J.J. Spaun G Davis Thompson G Matt Wallace G Chris Kirk,,Sudarshan Yellamaraju,G,2.20%,29
56,5201058709,els5077 (5/20),0,569.5,G Jackson Koivun G Russell Henley G Nicolai Højgaard G Michael Thorbjornsen G Michael Brennan G Rasmus Højgaard,,Lee Hodges,G,2.11%,29
56,5201950484,Kingderm123 (19/20),0,569.5,G Hideki Matsuyama G Ryan Gerard G Nicolai Højgaard G Michael Thorbjornsen G Michael Brennan G Jacob Bridgeman,,Seamus Power,G,1.95%,26
56,5202401610,MnMoney (5/20),0,569.5,G Patrick Cantlay G Hideki Matsuyama G Ryan Gerard G Rickie Fowler G Davis Thompson G Corey Conners,,Sam Stevens,G,1.94%,31.5
56,5202516446,rhowell3569 (11/20),0,569.5,G Xander Schauffele G Michael Thorbjornsen G Rickie Fowler G Michael Brennan G Jacob Bridgeman G Ryo Hisatsune,,Andrew Novak,G,1.93%,21
60,5201260425,whwalker13 (5/20),0,568.5,G Xander Schauffele G Russell Henley G Michael Thorbjornsen G Keegan Bradley G Max Greyserman G Ben Kohles,,Lucas Glover,G,1.78%,22.5
61,5202946721,Paul322,0,568,G Russell Henley G J.J. Spaun G Ryan Gerard G Michael Thorbjornsen G Rickie Fowler G Michael Kim,,Billy Horschel,G,1.73%,32.5
61,5203020239,mondi76 (14/20),0,568,G Cameron Young G Ryan Gerard G Michael Thorbjornsen G Michael Brennan G Johnny Keefer G Ben Kohles,,Andrew Putnam,G,1.71%,30.5
61,5203035018,sellycell17 (9/12),0,568,G Cameron Young G Si Woo Kim G Michael Thorbjornsen G Davis Thompson G Sungjae Im G Chris Kirk,,Kevin Roy,G,1.68%,88
64,5202026026,bjcar21 (17/20),0,567.5,G Russell Henley G Ryan Gerard G Michael Thorbjornsen G Rickie Fowler G Keegan Bradley G Marco Penge,,John Parry,G,1.58%,26.5
64,5202544374,Johnny_Great (2/20),0,567.5,G Xander Schauffele G Ryan Gerard G Michael Thorbjornsen G Jacob Bridgeman G Doug Ghim G Benjamin James,,Zecheng Dou,G,1.54%,63
66,5200748326,clamdiggerball (6/20),0,567,G Xander Schauffele G Patrick Cantlay G Michael Thorbjornsen G Keegan Bradley G Jackson Suber G Sungjae Im,,Matti Schmid,G,1.32%,23.5
66,5202690229,CartoGuy (8/20),0,567,G Cameron Young G Russell Henley G Michael Thorbjornsen G Jacob Bridgeman G Benjamin James G Rasmus Højgaard,,William Jennings,G,1.24%,33.5
68,5202535189,TheDCarman,0,565.5,G Jackson Koivun G Ryan Gerard G Michael Thorbjornsen G Rickie Fowler G Michael Brennan G Marco Penge,,Stephan Jaeger,G,1.20%,80.5
68,5203059567,Quake211 (2/20),0,565.5,G Xander Schauffele G Hideki Matsuyama G Rickie Fowler G Keegan Bradley G Davis Thompson G Stephan Jaeger,,Davis Chatfield,G,1.20%,28
70,5203139968,pockettrev (16/20),0,565,G Xander Schauffele G Hideki Matsuyama G Ryan Gerard G Michael Brennan G Corey Conners G Zac Blair,,Taylor Moore,G,1.15%,0
71,5201737888,totototo (4/19),0,564.5,G Jackson Koivun G Rickie Fowler G Michael Brennan G Corey Conners G Matt Wallace G Michael Kim,,A.J. Ewart,G,1.14%,35.5
72,5201260421,whwalker13 (1/20),0,564,G Xander Schauffele G Patrick Cantlay G Michael Thorbjornsen G Keegan Bradley G Max Greyserman G Ben Kohles,,Austin Smotherman,G,1.12%,15.5
72,5201260426,whwalker13 (6/20),0,564,G Xander Schauffele G Patrick Cantlay G Michael Thorbjornsen G Keegan Bradley G Max Greyserman G Ben Kohles,,Jesper Svensson,G,1.08%,28
72,5202296589,worm1977 (7/12),0,564,G Xander Schauffele G J.J. Spaun G Ryan Gerard G Davis Thompson G Corey Conners G Mac Meissner,,Mackenzie Hughes,G,1.08%,41.5
72,5203268060,seth1374 (8/20),0,564,G Cameron Young G Ryan Gerard G Michael Thorbjornsen G Marco Penge G Ben Kohles G Mac Meissner,,Rico Hoey,G,1.05%,107.5
76,5200628754,werosh (15/20),0,563.5,G Cameron Young G Patrick Cantlay G Michael Thorbjornsen G Keegan Bradley G Michael Kim G Sungjae Im,,Matthew McCarty,G,1.00%,65
76,5202253949,atong126 (15/20),0,563.5,G Cameron Young G Hideki Matsuyama G Ryan Gerard G Corey Conners G Mac Meissner G Chris Kirk,,Harry Hall,G,1.00%,24.5
76,5202534969,mjscott8824 (20/20),0,563.5,G Cameron Young G Patrick Cantlay G Michael Thorbjornsen G Keegan Bradley G Michael Kim G Sungjae Im,,Max McGreevy,G,0.93%,30.5
79,5202861601,RINO19 (12/20),0,563,G Cameron Young G Russell Henley G Michael Thorbjornsen G Michael Brennan G Jordan L. Smith G Sungjae Im,,Taylor Pendrith,G,0.88%,27.5
79,5202894419,Niromada (9/20),0,563,G Cameron Young G Hideki Matsuyama G Rickie Fowler G Davis Thompson G Matt Wallace G Benjamin James,,Beau Hossler,G,0.85%,67.5
79,5202976664,n_shorestein (1/20),0,563,G Xander Schauffele G Russell Henley G J.J. Spaun G Corey Conners G Matt Wallace G Sungjae Im,,Rasmus Højgaard,G,0.85%,108
79,5202976665,n_shorestein (2/20),0,563,G Xander Schauffele G Russell Henley G J.J. Spaun G Corey Conners G Matt Wallace G Sungjae Im,,Steven Fisk,G,0.82%,20
79,5202976666,n_shorestein (3/20),0,563,G Xander Schauffele G Russell Henley G J.J. Spaun G Corey Conners G Matt Wallace G Sungjae Im,,Brad Dalke,G,0.73%,11
79,5202976667,n_shorestein (4/20),0,563,G Xander Schauffele G Russell Henley G J.J. Spaun G Corey Conners G Matt Wallace G Sungjae Im,,Joel Dahmen,G,0.73%,31
79,5202976668,n_shorestein (5/20),0,563,G Xander Schauffele G Russell Henley G J.J. Spaun G Corey Conners G Matt Wallace G Sungjae Im,,Tom Hoge,G,0.72%,28
79,5202976669,n_shorestein (6/20),0,563,G Xander Schauffele G Russell Henley G J.J. Spaun G Corey Conners G Matt Wallace G Sungjae Im,,Mark Hubbard,G,0.70%,66
79,5202976670,n_shorestein (7/20),0,563,G Xander Schauffele G Russell Henley G J.J. Spaun G Corey Conners G Matt Wallace G Sungjae Im,,Patrick Rodgers,G,0.69%,6.5
79,5202976671,n_shorestein (8/20),0,563,G Xander Schauffele G Russell Henley G J.J. Spaun G Corey Conners G Matt Wallace G Sungjae Im,,Cameron Davis,G,0.65%,28
79,5202976672,n_shorestein (9/20),0,563,G Xander Schauffele G Russell Henley G J.J. Spaun G Corey Conners G Matt Wallace G Sungjae Im,,Patrick Fishburn,G,0.64%,71.5
79,5202976673,n_shorestein (10/20),0,563,G Xander Schauffele G Russell Henley G J.J. Spaun G Corey Conners G Matt Wallace G Sungjae Im,,Kevin Streelman,G,0.54%,28
79,5202976674,n_shorestein (11/20),0,563,G Xander Schauffele G Russell Henley G J.J. Spaun G Corey Conners G Matt Wallace G Sungjae Im,,Austin Eckroat,G,0.51%,74.5
79,5202976675,n_shorestein (12/20),0,563,G Xander Schauffele G Russell Henley G J.J. Spaun G Corey Conners G Matt Wallace G Sungjae Im,,Kris Ventura,G,0.47%,106.5
79,5202976676,n_shorestein (13/20),0,563,G Xander Schauffele G Russell Henley G J.J. Spaun G Corey Conners G Matt Wallace G Sungjae Im,,Keita Nakajima,G,0.41%,80
79,5202976677,n_shorestein (14/20),0,563,G Xander Schauffele G Russell Henley G J.J. Spaun G Corey Conners G Matt Wallace G Sungjae Im,,Ryan Ruffels,G,0.35%,25.5
79,5202976678,n_shorestein (15/20),0,563,G Xander Schauffele G Russell Henley G J.J. Spaun G Corey Conners G Matt Wallace G Sungjae Im,,Brooks Koepka,G,0.34%,0
79,5202976679,n_shorestein (16/20),0,563,G Xander Schauffele G Russell Henley G J.J. Spaun G Corey Conners G Matt Wallace G Sungjae Im,,Adrien Dumont De Chassart,G,0.28%,27.5
79,5202976680,n_shorestein (17/20),0,563,G Xander Schauffele G Russell Henley G J.J. Spaun G Corey Conners G Matt Wallace G Sungjae Im,,Neal Shipley,G,0.28%,65
79,5202976681,n_shorestein (18/20),0,563,G Xander Schauffele G Russell Henley G J.J. Spaun G Corey Conners G Matt Wallace G Sungjae Im,,Luke Clanton,G,0.28%,88
79,5202976682,n_shorestein (19/20),0,563,G Xander Schauffele G Russell Henley G J.J. Spaun G Corey Conners G Matt Wallace G Sungjae Im,,Hao-Tong Li,G,0.26%,27.5
79,5202976683,n_shorestein (20/20),0,563,G Xander Schauffele G Russell Henley G J.J. Spaun G Corey Conners G Matt Wallace G Sungjae Im,,Hayden Springer,G,0.25%,39.5
101,5200908428,vafarmertom (6/14),0,562,G Hideki Matsuyama G Jake Knapp G Michael Thorbjornsen G Rickie Fowler G Michael Brennan G Davis Thompson,,Gordon Sargent,G,0.25%,68.5
101,5202154919,hectic1980 (3/6),0,562,G Cameron Young G Hideki Matsuyama G Ryan Gerard G Davis Thompson G Ben Kohles G Chris Kirk,,Pontus Nyholm,G,0.25%,19.5
101,5202493064,Harmiles (15/20),0,562,G Xander Schauffele G Ryan Gerard G Nicolai Højgaard G Jacob Bridgeman G Corey Conners G Matt Wallace,,Matt Kuchar,G,0.22%,67
101,5202534968,mjscott8824 (19/20),0,562,G Si Woo Kim G Hideki Matsuyama G Michael Thorbjornsen G Jacob Bridgeman G Keegan Bradley G Corey Conners,,Aaron Wise,G,0.22%,29
101,5202585526,luckymark62 (13/16),0,562,G Xander Schauffele G Hideki Matsuyama G Michael Thorbjornsen G Jordan Spieth G Ryo Hisatsune G Ben Kohles,,Keenan Huskey,G,0.20%,11.5
101,5203053749,Osman85 (19/20),0,562,G Xander Schauffele G Hideki Matsuyama G Ryan Gerard G Nicolai Højgaard G Matt Wallace G David Lipsky,,David Lipsky,G,0.19%,75
107,5200972410,ibeawaterhead (2/6),0,561,G Xander Schauffele G Nicolai Højgaard G Michael Thorbjornsen G Keegan Bradley G Marco Penge G Davis Thompson,,John VanDerLaan,G,0.18%,27.5
107,5201987775,engelg (3/20),0,561,G Xander Schauffele G Hideki Matsuyama G Ryan Gerard G Jacob Bridgeman G Corey Conners G Thorbjørn Olesen,,Trace Crowe,G,0.17%,21.5
107,5202056535,eagles5016 (1/20),0,561,G Cameron Young G Xander Schauffele G Rickie Fowler G Benjamin James G Rico Hoey G Chris Kirk,,Dylan Wu,G,0.16%,55.5
107,5202211563,thundrenterprises (5/20),0,561,G Patrick Cantlay G Hideki Matsuyama G Nicolai Højgaard G Michael Thorbjornsen G Keegan Bradley G Corey Conners,,Brandt Snedeker,G,0.15%,76
111,5200628751,werosh (12/20),0,560.5,G Si Woo Kim G Russell Henley G Michael Thorbjornsen G Jacob Bridgeman G Corey Conners G Mac Meissner,,Karl Vilips,G,0.14%,60
111,5202956654,Bigb16 (3/20),0,560.5,G Cameron Young G Si Woo Kim G Michael Thorbjornsen G Corey Conners G Michael Kim G Sungjae Im,,Chandler Blanchet,G,0.14%,86
111,5203101475,mkeyes001 (19/20),0,560.5,G Cameron Young G Hideki Matsuyama G Rickie Fowler G Davis Thompson G Kevin Yu G Rico Hoey,,Thorbjørn Olesen,G,0.14%,80.5
114,5200802795,hatrickpatrick (4/6),0,560,G Patrick Cantlay G Hideki Matsuyama G Ryan Gerard G Rickie Fowler G Michael Brennan G Ben Kohles,,Vince Whaley,G,0.14%,30.5
114,5201571607,hellofadad (3/3),0,560,G Xander Schauffele G Nicolai Højgaard G Michael Thorbjornsen G Rickie Fowler G Jacob Bridgeman G Ben Kohles,,Chad Ramey,G,0.13%,21
116,5200685200,jlerma33 (1/4),0,559.5,G Xander Schauffele G Ryan Gerard G Rickie Fowler G Jacob Bridgeman G Corey Conners G Ben Kohles,,Erik Van Rooyen,G,0.13%,29.5
116,5202382092,MojaveWolf (10/20),0,559.5,G Xander Schauffele G Ryan Gerard G Nicolai Højgaard G Michael Brennan G Davis Thompson G Ben Kohles,,Garrick Higgo,G,0.13%,23
116,5202716361,stingerz22 (16/20),0,559.5,G Xander Schauffele G Jake Knapp G Michael Thorbjornsen G Rickie Fowler G Corey Conners G Michael Kim,,Adam Schenk,G,0.13%,72
119,5201254949,Lamps08 (10/12),0,559,G Xander Schauffele G Patrick Cantlay G Michael Thorbjornsen G Davis Thompson G Ryo Hisatsune G Jordan L. Smith,,Nick Dunlap,G,0.12%,20
119,5202179396,seminolefs (3/20),0,559,G Xander Schauffele G Russell Henley G Keegan Bradley G Matt Wallace G Max Greyserman G Mac Meissner,,Peter Malnati,G,0.11%,62
119,5202567663,smithcj16 (20/20),0,559,G Xander Schauffele G J.J. Spaun G Michael Thorbjornsen G Rickie Fowler G Corey Conners G Max Greyserman,,Takumi Kanaya,G,0.11%,25.5
122,5202026029,bjcar21 (20/20),0,558.5,G Russell Henley G Ryan Gerard G Michael Thorbjornsen G Jacob Bridgeman G Corey Conners G Max Greyserman,,Lanto Griffin,G,0.11%,24
122,5202282173,Itzpcraft (8/20),0,558.5,G Patrick Cantlay G J.J. Spaun G Nicolai Højgaard G Michael Thorbjornsen G Corey Conners G Matt Wallace,,Davis Riley,G,0.09%,111
124,5200884216,Brue1979 (5/19),0,558,G Cameron Young G Ryan Gerard G Michael Thorbjornsen G Rickie Fowler G Benjamin James G Kevin Yu,,Matthieu Pavon,G,0.08%,32
124,5201260436,whwalker13 (16/20),0,558,G Xander Schauffele G Patrick Cantlay G Michael Thorbjornsen G Keegan Bradley G Ben Kohles G Tony Finau,,Hank Lebioda,G,0.07%,68
124,5201302929,uni777444 (11/20),0,558,G Cameron Young G Xander Schauffele G Ryan Gerard G Kris Ventura G William Mouw G Kevin Roy,,Brian Campbell,G,0.07%,71.5
124,5201878138,lyeo91 (18/20),0,558,G Cameron Young G Jackson Koivun G Ryan Gerard G Matt Wallace G Michael Kim G Chris Kirk,,Adam Svensson,G,0.07%,57
128,5200946057,Bigrgamer497 (8/20),0,557.5,G Xander Schauffele G Patrick Cantlay G Jacob Bridgeman G Davis Thompson G Jackson Suber G Matt Wallace,,Joe Highsmith,G,0.05%,73
128,5201251174,zacamu (14/20),0,557.5,G Xander Schauffele G Si Woo Kim G Michael Thorbjornsen G Keegan Bradley G Jordan L. Smith G Sungjae Im,,Adrien Saddier,G,0.05%,72
128,5201607650,989michaels (11/20),0,557.5,G Xander Schauffele G Si Woo Kim G Michael Thorbjornsen G Keegan Bradley G Jordan L. Smith G Sungjae Im,,Brendon Todd,G,0.05%,20.5
128,5202859117,AresArrow (4/5),0,557.5,G Si Woo Kim G Jackson Koivun G Michael Thorbjornsen G Michael Brennan G Marco Penge G Rico Hoey,,Webb Simpson,G,0.05%,27
128,5202859118,AresArrow (5/5),0,557.5,G Si Woo Kim G Jackson Koivun G Michael Thorbjornsen G Michael Brennan G Marco Penge G Rico Hoey,,Ben Silverman,G,0.05%,32.5
133,5201589407,bett2112 (11/13),0,557,G Cameron Young G Michael Thorbjornsen G Jacob Bridgeman G Keegan Bradley G Davis Thompson G Jordan Spieth,,Patrick Wilkes-Krier,G,0.05%,20.5
133,5202537779,scottie332 (14/20),0,557,G Xander Schauffele G Ryan Gerard G Rickie Fowler G Jacob Bridgeman G Keegan Bradley G Mac Meissner,,Alejandro Tosti,G,0.05%,17.5
133,5202856051,timothyandstacy (1/20),0,557,G Patrick Cantlay G J.J. Spaun G Ryan Gerard G Nicolai Højgaard G Michael Thorbjornsen G Rasmus Højgaard,,Christo Lamprecht,G,0.04%,27
136,5201006271,Ragtops01 (6/6),0,556.5,G Jackson Koivun G J.J. Spaun G Ryan Gerard G Michael Thorbjornsen G Rickie Fowler G Chris Kirk,,Stefano Mazzoli,G,0.04%,24
136,5202729943,N1STEELERFAN (1/2),0,556.5,G Xander Schauffele G Hideki Matsuyama G Rickie Fowler G Jordan Spieth G Corey Conners G Ben Kohles,,Patton Kizzire,G,0.04%,25
136,5203199311,RunWired (2/3),0,556.5,G Xander Schauffele G Hideki Matsuyama G Michael Brennan G Jacob Bridgeman G Keegan Bradley G Sungjae Im,,Jeffrey Kang,G,0.04%,26
139,5200818362,rctru31 (20/20),0,556,G Jackson Koivun G Patrick Cantlay G Ryan Gerard G Michael Thorbjornsen G Michael Brennan G Neal Shipley,,Kensei Hirata,G,0.04%,31
139,5201283762,jhines545 (3/4),0,556,G Cameron Young G Hideki Matsuyama G Michael Brennan G Jacob Bridgeman G Keegan Bradley G Rico Hoey,,Justin Lower,G,0.04%,72
139,5202560995,EagleEye3434 (14/20),0,556,G Cameron Young G Russell Henley G Michael Thorbjornsen G Keegan Bradley G Corey Conners G William Mouw,,Brice Garnett,G,0.03%,24
139,5202729153,slugger4ny (6/20),0,556,G Cameron Young G Patrick Cantlay G Michael Thorbjornsen G Davis Thompson G Christiaan Bezuidenhout G Michael Kim,,Danny Walker,G,0.03%,31.5
143,5202206300,Bitmeee (5/20),0,555.5,G Si Woo Kim G Russell Henley G Ryan Gerard G Michael Thorbjornsen G Jordan L. Smith G Michael Kim,,Daniel Azallion,G,0.02%,21.5
143,5202213684,bookert21 (2/20),0,555.5,G Cameron Young G J.J. Spaun G Michael Thorbjornsen G Keegan Bradley G Davis Thompson G Sungjae Im,,Ryan Celano,G,0.02%,13.5
143,5202321731,dallas1fan21 (1/20),0,555.5,G Cameron Young G J.J. Spaun G Michael Thorbjornsen G Rickie Fowler G Corey Conners G Sungjae Im,,Joe Hooks,G,0.02%,17
146,5201260438,whwalker13 (18/20),0,555,G Xander Schauffele G Patrick Cantlay G Michael Thorbjornsen G Keegan Bradley G Doug Ghim G Max Greyserman,,Justin Quiban,G,0.01%,17.5
146,5203254310,jimlexxx (13/20),0,555,G Cameron Young G Si Woo Kim G Michael Thorbjornsen G Keegan Bradley G Sungjae Im G Chris Kirk,,Daniel Brown,G,0.01%,0
148,5201260433,whwalker13 (13/20),0,554.5,G Xander Schauffele G Patrick Cantlay G Michael Thorbjornsen G Doug Ghim G Max Greyserman G Ben Kohles,,Marcelo Rozo,G,0.01%,56.5
148,5201462680,diegoseis (6/20),0,554.5,G Cameron Young G Chris Gotterup G Michael Thorbjornsen G Matt Wallace G Michael Kim G Rico Hoey,,Rafael Campos,G,0.01%,26
148,5202507936,rhowell3569 (8/20),0,554.5,G Xander Schauffele G Russell Henley G Michael Brennan G Corey Conners G Ben Kohles G Benjamin James,,,
148,5203097402,kvoight84 (5/12),0,554.5,G Xander Schauffele G Patrick Cantlay G Michael Brennan G Jacob Bridgeman G Corey Conners G Ben Kohles,,,
152,5201302930,uni777444 (12/20),0,554,G Cameron Young G Xander Schauffele G Ryan Gerard G Kris Ventura G Zecheng Dou G Kevin Roy,,,
152,5202324309,dallas1fan21 (10/20),0,554,G Xander Schauffele G J.J. Spaun G Michael Thorbjornsen G Marco Penge G Davis Thompson G Doug Ghim,,,
154,5202021355,dksmith0713 (18/20),0,553.5,G Xander Schauffele G Akshay Bhatia G Michael Thorbjornsen G Michael Brennan G Davis Thompson G Ben Kohles,,,
155,5202940186,TheBigOuch (11/20),0,553,G Xander Schauffele G Patrick Cantlay G Michael Brennan G Keegan Bradley G Davis Thompson G Jordan L. Smith,,,
156,5201517674,spielvogela0523 (20/20),0,552.5,G Xander Schauffele G Hideki Matsuyama G Ryan Gerard G Ryo Hisatsune G Corey Conners G Ricky Castillo,,,
156,5202220324,LTskelter (1/20),0,552.5,G Cameron Young G J.J. Spaun G Michael Thorbjornsen G Rickie Fowler G Sungjae Im G Chris Kirk,,,
156,5202234681,zspeer131,0,552.5,G Xander Schauffele G Jake Knapp G Michael Thorbjornsen G Davis Thompson G Corey Conners G Benjamin James,,,
156,5203039890,nauldyboy (2/20),0,552.5,G Xander Schauffele G Patrick Cantlay G Jacob Bridgeman G Keegan Bradley G Davis Thompson G Mac Meissner,,,
160,5202406224,GreenTailShiner (2/20),0,552,G Si Woo Kim G Russell Henley G Michael Thorbjornsen G Jacob Bridgeman G Keegan Bradley G Mac Meissner,,,
160,5202567659,smithcj16 (16/20),0,552,G Xander Schauffele G Russell Henley G Rickie Fowler G Davis Thompson G Corey Conners G Max Greyserman,,,
162,5200805299,mconnolly88 (17/20),0,551.5,G Cameron Young G Russell Henley G Michael Thorbjornsen G Davis Thompson G Kevin Yu G William Mouw,,,
162,5201524974,bigbadarons (3/20),0,551.5,G Russell Henley G Hideki Matsuyama G Ryan Gerard G Michael Brennan G Jacob Bridgeman G Ben Kohles,,,
162,5202282332,ziggitywood (19/20),0,551.5,G Cameron Young G Ryan Gerard G Nicolai Højgaard G Davis Thompson G Matt Wallace G Ben Kohles,,,
162,5202617048,kiwi65 (1/2),0,551.5,G Russell Henley G Hideki Matsuyama G Ryan Gerard G Michael Brennan G Jacob Bridgeman G Ben Kohles,,,
162,5202617120,kiwi65 (2/2),0,551.5,G Russell Henley G Hideki Matsuyama G Ryan Gerard G Michael Brennan G Jacob Bridgeman G Ben Kohles,,,
162,5202715536,theklee (4/4),0,551.5,G Xander Schauffele G Russell Henley G Marco Penge G Davis Thompson G Corey Conners G Ben Kohles,,,
162,5203058018,joeystorey813 (4/20),0,551.5,G Cameron Young G Patrick Cantlay G Michael Thorbjornsen G Keegan Bradley G Doug Ghim G Sungjae Im,,,
162,5203126327,lklk88088 (14/20),0,551.5,G Xander Schauffele G Hideki Matsuyama G Nicolai Højgaard G Jacob Bridgeman G Mac Meissner G Rasmus Højgaard,,,
170,5201230781,DirkDiggler_863 (16/20),0,551,G Cameron Young G Russell Henley G Keegan Bradley G Davis Thompson G Corey Conners G Mac Meissner,,,
170,5201269759,mlief (13/20),0,551,G Cameron Young G J.J. Spaun G Ryan Gerard G Michael Thorbjornsen G Tony Finau G Rico Hoey,,,
170,5202012664,fluffysrunners,0,551,G Xander Schauffele G Hideki Matsuyama G Keegan Bradley G Davis Thompson G Ryo Hisatsune G Corey Conners,,,
170,5202690240,CartoGuy (19/20),0,551,G Si Woo Kim G Russell Henley G Ryan Gerard G Jacob Bridgeman G Davis Thompson G Rasmus Højgaard,,,
174,5201399220,nickstorey23 (17/20),0,550.5,G Si Woo Kim G Russell Henley G Harris English G Michael Thorbjornsen G Corey Conners G Rico Hoey,,,
174,5202949646,jnavarro2590 (18/20),0,550.5,G Cameron Young G Russell Henley G Keegan Bradley G Corey Conners G Doug Ghim G Matt Wallace,,,
174,5203093436,austin60915 (2/20),0,550.5,G Xander Schauffele G Hideki Matsuyama G Ryan Gerard G Keegan Bradley G Jordan L. Smith G Sungjae Im,,,
177,5201287341,matthewwalsh (20/20),0,550,G Xander Schauffele G J.J. Spaun G Rickie Fowler G Keegan Bradley G Davis Thompson G Corey Conners,,,
177,5202521795,MEP7811 (17/20),0,550,G Cameron Young G Hideki Matsuyama G Michael Thorbjornsen G Davis Thompson G Christiaan Bezuidenhout G Jordan L. Smith,,,
177,5202554625,Johnny_Great (19/20),0,550,G Russell Henley G Ryan Gerard G Nicolai Højgaard G Michael Thorbjornsen G Jacob Bridgeman G Keegan Bradley,,,
180,5200868737,jkthomps (9/20),0,549.5,G Xander Schauffele G Si Woo Kim G Michael Thorbjornsen G Ben Kohles G Jordan L. Smith G Kevin Yu,,,
180,5201737898,totototo (14/19),0,549.5,G Si Woo Kim G Russell Henley G Michael Thorbjornsen G Rickie Fowler G Doug Ghim G Ben Kohles,,,
180,5203178582,FakeNickG (2/13),0,549.5,G Cameron Young G Xander Schauffele G Keegan Bradley G Mac Meissner G Michael Kim G Sungjae Im,,,
180,5203198448,jeff.friis (6/8),0,549.5,G Si Woo Kim G Hideki Matsuyama G Ryan Gerard G Michael Thorbjornsen G Johnny Keefer G Stephan Jaeger,,,
184,5200580665,Highlander72,0,549,G Hideki Matsuyama G Jake Knapp G Ryan Gerard G Michael Thorbjornsen G Rickie Fowler G Ben Kohles,,,
184,5200795195,hans2win (3/20),0,549,G Hideki Matsuyama G Jake Knapp G Ryan Gerard G Michael Thorbjornsen G Rickie Fowler G Ben Kohles,,,
184,5201279598,naturebeast82 (1/3),0,549,G Cameron Young G Ryan Gerard G Michael Thorbjornsen G Rickie Fowler G Ben Kohles G Nick Taylor,,,
184,5202205680,Djwakeup11 (7/20),0,549,G Cameron Young G Patrick Cantlay G Ryan Gerard G Doug Ghim G Matt Wallace G Sungjae Im,,,
184,5202411859,Rassy80 (17/20),0,549,G Si Woo Kim G Hideki Matsuyama G Michael Brennan G Keegan Bradley G Jordan Spieth G Matt Wallace,,,
184,5202723942,AMayberry23 (1/20),0,549,G Xander Schauffele G Hideki Matsuyama G Jacob Bridgeman G Keegan Bradley G Davis Thompson G Doug Ghim,,,
190,5200948482,eddiedtodd (1/5),0,548.5,G Cameron Young G Hideki Matsuyama G Jacob Bridgeman G Jordan Spieth G Corey Conners G Matt Wallace,,,
190,5201887169,cj19751975,0,548.5,G Cameron Young G Xander Schauffele G Michael Brennan G Davis Thompson G Kevin Roy G Neal Shipley,,,
190,5202310237,Spocker14 (16/20),0,548.5,G Xander Schauffele G J.J. Spaun G Michael Thorbjornsen G Mac Meissner G Emiliano Grillo G Keita Nakajima,,,
190,5202443292,cwatt1994,0,548.5,G Si Woo Kim G Patrick Cantlay G Hideki Matsuyama G Keegan Bradley G Corey Conners G Rico Hoey,,,
194,5201323286,csnyd12 (20/20),0,548,G Xander Schauffele G Ryan Gerard G Michael Brennan G Jacob Bridgeman G Davis Thompson G Ryo Hisatsune,,,
194,5202179412,seminolefs (19/20),0,548,G Xander Schauffele G Patrick Cantlay G Nicolai Højgaard G Michael Thorbjornsen G Jordan L. Smith G Sungjae Im,,,
194,5202889288,Dthomas0428 (5/8),0,548,G Russell Henley G Hideki Matsuyama G Ryan Gerard G Jacob Bridgeman G Keegan Bradley G Corey Conners,,,
197,5201265180,wsdp (8/20),0,547.5,G Xander Schauffele G Patrick Cantlay G Ryan Gerard G Davis Thompson G Johnny Keefer G Sungjae Im,,,
197,5201344190,rsumrall (14/20),0,547.5,G Cameron Young G Patrick Cantlay G Michael Thorbjornsen G Keegan Bradley G Corey Conners G Zecheng Dou,,,
197,5201573258,PoolAid13 (15/20),0,547.5,G Jackson Koivun G Russell Henley G Michael Thorbjornsen G Michael Brennan G Jacob Bridgeman G Benjamin James,,,
197,5202332616,TammyD28 (2/2),0,547.5,G Russell Henley G Hideki Matsuyama G Ryan Gerard G Jacob Bridgeman G Corey Conners G Ben Kohles,,,
197,5202411856,Rassy80 (14/20),0,547.5,G Xander Schauffele G Hideki Matsuyama G Ryan Gerard G Matt Wallace G Mac Meissner G Zachary Bauchou,,,
197,5202716363,stingerz22 (18/20),0,547.5,G Cameron Young G Patrick Cantlay G Michael Thorbjornsen G Davis Thompson G Benjamin James G Jordan L. Smith,,,
203,5200637681,Celticsnc (16/20),0,547,G Xander Schauffele G Russell Henley G Michael Thorbjornsen G Ryo Hisatsune G Jackson Suber G Sungjae Im,,,
203,5200704191,Jscherer1 (1/2),0,547,G Jackson Koivun G Ryan Gerard G Michael Thorbjornsen G Rickie Fowler G Ben Kohles G Christiaan Bezuidenhout,,,
203,5201260431,whwalker13 (11/20),0,547,G Xander Schauffele G Patrick Cantlay G Michael Thorbjornsen G Jackson Suber G Max Greyserman G Ben Kohles,,,
203,5202094847,SoCalHusker (3/4),0,547,G Cameron Young G Michael Thorbjornsen G Michael Brennan G Marco Penge G Davis Thompson G Ryo Hisatsune,,,
207,5201000707,hookabrotherup (1/20),0,546.5,G Russell Henley G Patrick Cantlay G Michael Thorbjornsen G Jacob Bridgeman G Davis Thompson G Ryo Hisatsune,,,
207,5202090783,Ezilodi (12/20),0,546.5,G Xander Schauffele G Russell Henley G Hideki Matsuyama G Davis Thompson G Sungjae Im G Zecheng Dou,,,
207,5202515358,BSteelz34 (17/20),0,546.5,G Si Woo Kim G Hideki Matsuyama G Nicolai Højgaard G Michael Thorbjornsen G Matt Wallace G Christiaan Bezuidenhout,,,
207,5202821168,enemymine (5/20),0,546.5,G Xander Schauffele G Hideki Matsuyama G Rickie Fowler G Michael Brennan G Michael Kim G Tony Finau,,,
211,5200644637,stewie1963 (7/20),0,546,G Si Woo Kim G Russell Henley G Michael Thorbjornsen G Rickie Fowler G Ben Kohles G Benjamin James,,,
211,5200785695,chazemclean (13/20),0,546,G Si Woo Kim G Russell Henley G Michael Thorbjornsen G Rickie Fowler G Ben Kohles G Benjamin James,,,
211,5200868744,jkthomps (16/20),0,546,G Xander Schauffele G Patrick Cantlay G Michael Thorbjornsen G Jacob Bridgeman G Christiaan Bezuidenhout G Kevin Yu,,,
211,5202019556,rs430414 (14/20),0,546,G Patrick Cantlay G Hideki Matsuyama G Michael Thorbjornsen G Michael Brennan G Marco Penge G Zecheng Dou,,,
211,5202548751,bionicknee (5/20),0,546,G Si Woo Kim G Patrick Cantlay G J.J. Spaun G Michael Thorbjornsen G Corey Conners G Chris Kirk,,,
211,5202725902,bagwell77 (19/20),0,546,G Russell Henley G Patrick Cantlay G Jake Knapp G Michael Thorbjornsen G Keegan Bradley G Rico Hoey,,,
211,5202725903,bagwell77 (20/20),0,546,G Russell Henley G J.J. Spaun G Ryan Gerard G Michael Thorbjornsen G Keegan Bradley G Jordan L. Smith,,,
218,5201290481,pack88 (11/20),0,545.5,G Xander Schauffele G Patrick Cantlay G Hideki Matsuyama G Johnny Keefer G Mac Meissner G Chris Kirk,,,
218,5201854295,StatsGuy46 (4/5),0,545.5,G Xander Schauffele G Jackson Koivun G Michael Thorbjornsen G Michael Brennan G Johnny Keefer G Zac Blair,,,
220,5201260439,whwalker13 (19/20),0,545,G Xander Schauffele G Patrick Cantlay G Michael Thorbjornsen G Keegan Bradley G Max Greyserman G William Mouw,,,
220,5201327547,ttillie (13/20),0,545,G Si Woo Kim G Patrick Cantlay G Michael Thorbjornsen G Rickie Fowler G Doug Ghim G Ben Kohles,,,
220,5201795513,word127 (2/20),0,545,G Cameron Young G Russell Henley G Keegan Bradley G Corey Conners G Matt Wallace G Jordan L. Smith,,,
220,5202185462,pat_the_hat2 (13/20),0,545,G Russell Henley G Patrick Cantlay G Harris English G Michael Thorbjornsen G Davis Thompson G Ben Kohles,,,
224,5200628965,cbizz151 (1/20),0,544.5,G Si Woo Kim G Patrick Cantlay G Hideki Matsuyama G Davis Thompson G Matt Wallace G Jordan L. Smith,,,
224,5200955257,Trog69 (2/20),0,544.5,G Russell Henley G Hideki Matsuyama G Jake Knapp G Michael Thorbjornsen G Corey Conners G Ben Kohles,,,
224,5201878123,lyeo91 (3/20),0,544.5,G Russell Henley G Hideki Matsuyama G Jake Knapp G Michael Thorbjornsen G Corey Conners G Ben Kohles,,,
224,5202073879,ihags (2/20),0,544.5,G Cameron Young G Russell Henley G Michael Thorbjornsen G Jacob Bridgeman G Mac Meissner G William Mouw,,,
228,5202202286,geoffm33 (11/20),0,544,G Russell Henley G Patrick Cantlay G J.J. Spaun G Ryan Gerard G Matt Wallace G Sungjae Im,,,
228,5202887200,djdog09 (1/8),0,544,G Jackson Koivun G Russell Henley G Hideki Matsuyama G Jackson Suber G Corey Conners G Matt Wallace,,,
228,5202919154,daldi,0,544,G Xander Schauffele G Hideki Matsuyama G Ryan Gerard G Corey Conners G Doug Ghim G Christiaan Bezuidenhout,,,
228,5202977337,haxton24,0,544,G Cameron Young G Hideki Matsuyama G Ryan Gerard G Jordan Spieth G Corey Conners G Luke Clanton,,,
228,5203204626,tbjones2121 (2/20),0,544,G Cameron Young G Russell Henley G J.J. Spaun G Matt Wallace G Mac Meissner G Chris Kirk,,,
228,5203226118,doro2430 (12/20),0,544,G Hideki Matsuyama G Ryan Gerard G Harris English G Michael Thorbjornsen G Jacob Bridgeman G Keegan Bradley,,,
234,5200820551,lakeside2220 (18/20),0,543.5,G Cameron Young G Jackson Koivun G Michael Thorbjornsen G Benjamin James G Michael Kim G Luke Clanton,,,
234,5201607655,989michaels (16/20),0,543.5,G Si Woo Kim G Russell Henley G Hideki Matsuyama G Davis Thompson G Corey Conners G Sungjae Im,,,
234,5202519343,rhowell3569 (16/20),0,543.5,G Patrick Cantlay G Ryan Gerard G Akshay Bhatia G Michael Thorbjornsen G Michael Brennan G Davis Thompson,,,
237,5201066835,garyslidell (2/2),0,543,G Jackson Koivun G Hideki Matsuyama G Michael Thorbjornsen G Michael Brennan G Jacob Bridgeman G Ryo Hisatsune,,,
237,5201251180,zacamu (20/20),0,543,G Cameron Young G Si Woo Kim G Michael Thorbjornsen G Corey Conners G Jordan L. Smith G Sungjae Im,,,
237,5201913127,tpyo (18/20),0,543,G Xander Schauffele G Jackson Koivun G Michael Brennan G Davis Thompson G Michael Kim G Emiliano Grillo,,,
237,5202030991,cbrasko90 (2/20),0,543,G Cameron Young G Xander Schauffele G Doug Ghim G Matt Wallace G Mac Meissner G Zecheng Dou,,,
237,5202504477,TE84 (3/10),0,543,G Xander Schauffele G Russell Henley G Jacob Bridgeman G Davis Thompson G Jackson Suber G Corey Conners,,,
237,5202959526,brarob11 (2/9),0,543,G Hideki Matsuyama G J.J. Spaun G Michael Thorbjornsen G Rickie Fowler G Keegan Bradley G Marco Penge,,,
237,5202996757,dockman12600 (1/20),0,543,G Xander Schauffele G Russell Henley G Jacob Bridgeman G Davis Thompson G Jackson Suber G Corey Conners,,,
244,5200868524,GenaroP (5/20),0,542.5,G Russell Henley G Hideki Matsuyama G Ryan Gerard G Michael Brennan G Jacob Bridgeman G Doug Ghim,,,
244,5200930499,kschwartz99 (2/4),0,542.5,G Xander Schauffele G Russell Henley G Rickie Fowler G Davis Thompson G Ryo Hisatsune G Michael Kim,,,
244,5200931039,kschwartz99 (4/4),0,542.5,G Xander Schauffele G Russell Henley G Rickie Fowler G Davis Thompson G Ryo Hisatsune G Michael Kim,,,
244,5202045772,Viscani (6/8),0,542.5,G Cameron Young G Harris English G Michael Thorbjornsen G Michael Brennan G Keegan Bradley G Ricky Castillo,,,
244,5202253947,atong126 (13/20),0,542.5,G Xander Schauffele G Ben Griffin G Michael Thorbjornsen G Rickie Fowler G Matt Wallace G Emiliano Grillo,,,
244,5203184190,bigsam4325,0,542.5,G Jackson Koivun G Ryan Gerard G Nicolai Højgaard G Michael Thorbjornsen G Rickie Fowler G Stephan Jaeger,,,
250,5200613975,bigwheelio (5/20),0,542,G Cameron Young G Ryan Gerard G Nicolai Højgaard G Michael Thorbjornsen G Jordan L. Smith G Michael Kim,,,
250,5200954207,TY54321 (16/20),0,542,G Xander Schauffele G J.J. Spaun G Nicolai Højgaard G Rickie Fowler G Davis Thompson G Rasmus Højgaard,,,
250,5201056132,Bradccf (1/3),0,542,G Cameron Young G Michael Thorbjornsen G Michael Brennan G Jacob Bridgeman G Keegan Bradley G Ryo Hisatsune,,,
250,5201922429,sboynton10 (1/20),0,542,G Cameron Young G Jake Knapp G Michael Thorbjornsen G Davis Thompson G Corey Conners G Ben Kohles,,,
250,5202646148,ilmdiz (3/3),0,542,G Cameron Young G Russell Henley G Rickie Fowler G Michael Brennan G Michael Kim G Sungjae Im,,,
250,5202732236,Packersfan203 (18/20),0,542,G Si Woo Kim G Harris English G Michael Thorbjornsen G Michael Brennan G Keegan Bradley G Davis Thompson,,,
250,5203075975,dangasin (13/20),0,542,G Cameron Young G Patrick Cantlay G Ryan Gerard G Corey Conners G Michael Kim G Sungjae Im,,,
250,5203173395,seriousam69 (18/20),0,542,G Jackson Koivun G Hideki Matsuyama G Rickie Fowler G Michael Brennan G Jacob Bridgeman G Davis Thompson,,,
250,5203278331,jdub.14 (1/6),0,542,G Cameron Young G Patrick Cantlay G Michael Brennan G Jacob Bridgeman G Davis Thompson G Chris Kirk,,,
259,5202092927,olrat14 (1/20),0,541.5,G Cameron Young G Jackson Koivun G Corey Conners G Doug Ghim G Matt Wallace G Mac Meissner,,,
259,5202359523,Stree (20/20),0,541.5,G Cameron Young G J.J. Spaun G Rickie Fowler G Keegan Bradley G Corey Conners G Matt Wallace,,,
259,5202821054,mondi76 (6/20),0,541.5,G Jackson Koivun G Jake Knapp G Ryan Gerard G Michael Thorbjornsen G Michael Brennan G Chris Kirk,,,
259,5203048408,samirnj (1/20),0,541.5,G Cameron Young G Michael Thorbjornsen G Rickie Fowler G Jacob Bridgeman G Keegan Bradley G Jackson Suber,,,
259,5203254302,jimlexxx (5/20),0,541.5,G Cameron Young G Xander Schauffele G Corey Conners G Ben Kohles G Mac Meissner G Jordan L. Smith,,,
264,5201014590,ryanland (5/20),0,541,G Cameron Young G Russell Henley G Ryan Gerard G Jackson Suber G Ben Kohles G Rasmus Højgaard,,,
264,5201014600,ryanland (15/20),0,541,G Cameron Young G Russell Henley G Ryan Gerard G Jackson Suber G Ben Kohles G Rasmus Højgaard,,,
264,5201344185,rsumrall (9/20),0,541,G Cameron Young G Russell Henley G Ryan Gerard G Jackson Suber G Ben Kohles G Rasmus Højgaard,,,
264,5201489036,sikyta31,0,541,G Cameron Young G Ryan Gerard G Michael Brennan G Keegan Bradley G Davis Thompson G Jackson Suber,,,
264,5202202281,geoffm33 (6/20),0,541,G Cameron Young G Russell Henley G Ryan Gerard G Jackson Suber G Ben Kohles G Rasmus Højgaard,,,
264,5202346856,jlpaurus (17/20),0,541,G Cameron Young G Xander Schauffele G Davis Thompson G Ben Kohles G Benjamin James G Sungjae Im,,,
264,5202406223,GreenTailShiner (1/20),0,541,G Cameron Young G Russell Henley G Ryan Gerard G Jackson Suber G Ben Kohles G Rasmus Højgaard,,,
264,5202475377,lrsn18 (7/20),0,541,G Jackson Koivun G Hideki Matsuyama G Harris English G Michael Thorbjornsen G Davis Thompson G Sungjae Im,,,
264,5202696758,Tavius87 (3/20),0,541,G Xander Schauffele G Nicolai Højgaard G Michael Brennan G Jacob Bridgeman G Davis Thompson G Michael Kim,,,
264,5203070108,Jalko4 (2/3),0,541,G Cameron Young G Rickie Fowler G Michael Brennan G Jacob Bridgeman G Keegan Bradley G Davis Thompson,,,
264,5203226111,doro2430 (5/20),0,541,G Cameron Young G Jake Knapp G Ryan Gerard G Michael Thorbjornsen G Chris Kirk G Kevin Roy,,,
275,5200840133,bisht93375 (3/4),0,540.5,G Russell Henley G Patrick Cantlay G Hideki Matsuyama G Rickie Fowler G Ben Kohles G Kevin Roy,,,
275,5200862821,jrevelle3 (19/20),0,540.5,G Cameron Young G Ryan Gerard G Michael Thorbjornsen G Marco Penge G Corey Conners G Tony Finau,,,
275,5201380062,Paddyboy2156 (19/20),0,540.5,G Cameron Young G Xander Schauffele G Jacob Bridgeman G Keegan Bradley G Rico Hoey G Patrick Fishburn,,,
275,5202057513,westh8bamix (14/20),0,540.5,G Cameron Young G Xander Schauffele G Corey Conners G Mac Meissner G Jordan L. Smith G Sungjae Im,,,
275,5202346858,jlpaurus (19/20),0,540.5,G Jake Knapp G J.J. Spaun G Ryan Gerard G Michael Thorbjornsen G Michael Brennan G Davis Thompson,,,
275,5202509299,JTcapSNAKE (17/20),0,540.5,G Cameron Young G Si Woo Kim G Michael Thorbjornsen G Davis Thompson G Emiliano Grillo G Thorbjørn Olesen,,,
275,5202626359,jlee7337 (15/20),0,540.5,G Cameron Young G Ryan Gerard G Michael Thorbjornsen G Marco Penge G Corey Conners G Tony Finau,,,
275,5202748071,tvand2514,0,540.5,G Xander Schauffele G Hideki Matsuyama G Michael Brennan G Jacob Bridgeman G Jackson Suber G Ben Kohles,,,
275,5203035020,sellycell17 (11/12),0,540.5,G Jackson Koivun G Hideki Matsuyama G Jake Knapp G Michael Thorbjornsen G Davis Thompson G Chris Kirk,,,
275,5203035021,sellycell17 (12/12),0,540.5,G Jackson Koivun G Hideki Matsuyama G Jake Knapp G Michael Thorbjornsen G Davis Thompson G Chris Kirk,,,
285,5200729334,1DraftMaster1,0,540,G Jackson Koivun G Hideki Matsuyama G Ryan Gerard G Rickie Fowler G Ben Kohles G Michael Kim,,,
285,5201336282,Damonri (3/20),0,540,G Xander Schauffele G Si Woo Kim G Keegan Bradley G Davis Thompson G Doug Ghim G Mac Meissner,,,
285,5201443639,Smartinico (2/2),0,540,G Si Woo Kim G Jackson Koivun G Michael Thorbjornsen G Jacob Bridgeman G Corey Conners G Ben Kohles,,,
285,5201773479,Abeybaby23,0,540,G Jackson Koivun G Hideki Matsuyama G Michael Thorbjornsen G Rickie Fowler G Jacob Bridgeman G Johnny Keefer,,,
285,5202042630,ssgmartin (11/11),0,540,G Jackson Koivun G J.J. Spaun G Ryan Gerard G Michael Thorbjornsen G Davis Thompson G Johnny Keefer,,,
290,5200644650,stewie1963 (20/20),0,539.5,G Si Woo Kim G Jackson Koivun G Michael Thorbjornsen G Michael Brennan G Ben Kohles G Benjamin James,,,
290,5201413369,joshuajudges (6/20),0,539.5,G Si Woo Kim G Russell Henley G Hideki Matsuyama G Davis Thompson G Jackson Suber G Kris Ventura,,,
290,5202155975,az350z (3/20),0,539.5,G Cameron Young G Xander Schauffele G Ryan Gerard G Mac Meissner G Sungjae Im G Mark Hubbard,,,
290,5202211574,thundrenterprises (16/20),0,539.5,G Xander Schauffele G Hideki Matsuyama G J.J. Spaun G Keegan Bradley G Mac Meissner G Sungjae Im,,,
290,5202289415,worm1977 (2/12),0,539.5,G Cameron Young G Michael Thorbjornsen G Michael Brennan G Jacob Bridgeman G Jordan Spieth G Jackson Suber,,,
290,5202463893,walkdaddy8 (19/20),0,539.5,G Si Woo Kim G Russell Henley G Hideki Matsuyama G Davis Thompson G Jackson Suber G Kris Ventura,,,
290,5202507691,Cliffx (16/20),0,539.5,G Cameron Young G Michael Thorbjornsen G Rickie Fowler G Keegan Bradley G Jordan Spieth G Emiliano Grillo,,,
290,5202620209,Natu2008 (11/20),0,539.5,G Patrick Cantlay G Hideki Matsuyama G J.J. Spaun G Michael Thorbjornsen G Jackson Suber G Ricky Castillo,,,
290,5202678100,mrfantasynascar (11/20),0,539.5,G Si Woo Kim G Russell Henley G Hideki Matsuyama G Davis Thompson G Jackson Suber G Kris Ventura,,,
290,5202704669,smack2112 (19/20),0,539.5,G Si Woo Kim G Russell Henley G Hideki Matsuyama G Davis Thompson G Jackson Suber G Kris Ventura,,,
290,5202894413,Niromada (3/20),0,539.5,G Xander Schauffele G J.J. Spaun G Michael Thorbjornsen G Rickie Fowler G Jackson Suber G Jordan L. Smith,,,
290,5203111122,Hoyasteve (4/5),0,539.5,G Xander Schauffele G Jackson Koivun G Michael Brennan G Davis Thompson G Max Greyserman G Michael Kim,,,
302,5201063656,spinzom1,0,539,G Jackson Koivun G Hideki Matsuyama G Ryan Gerard G Michael Brennan G Jacob Bridgeman G Ricky Castillo,,,
302,5202093749,olrat14 (16/20),0,539,G Xander Schauffele G Patrick Cantlay G Davis Thompson G Ryo Hisatsune G Corey Conners G Ben Kohles,,,
302,5202959529,brarob11 (5/9),0,539,G Si Woo Kim G J.J. Spaun G Ryan Gerard G Michael Thorbjornsen G Keegan Bradley G Stephan Jaeger,,,
302,5203145124,Brwnz (11/11),0,539,G Xander Schauffele G Hideki Matsuyama G Rickie Fowler G Jordan Spieth G Ben Kohles G Kevin Yu,,,
306,5202073878,ihags (1/20),0,538.5,G Cameron Young G Russell Henley G Michael Thorbjornsen G Jacob Bridgeman G Ben Kohles G William Mouw,,,
306,5202690225,CartoGuy (4/20),0,538.5,G Cameron Young G Russell Henley G Rickie Fowler G Davis Thompson G Ryo Hisatsune G Rasmus Højgaard,,,
308,5200955260,Trog69 (5/20),0,538,G Russell Henley G Ryan Gerard G Rickie Fowler G Davis Thompson G Ryo Hisatsune G Corey Conners,,,
308,5201130823,jpbugeater (1/20),0,538,G Russell Henley G Hideki Matsuyama G J.J. Spaun G Keegan Bradley G Davis Thompson G Corey Conners,,,
308,5201174493,jelswa1 (1/7),0,538,G Jackson Koivun G Hideki Matsuyama G Ryan Gerard G Davis Thompson G Jackson Suber G Corey Conners,,,
308,5201462690,diegoseis (16/20),0,538,G Chris Gotterup G Hideki Matsuyama G Michael Thorbjornsen G Davis Thompson G Jackson Suber G Matt Wallace,,,
308,5202233094,ajwert (7/7),0,538,G Cameron Young G Hideki Matsuyama G Ryan Gerard G Davis Thompson G Emiliano Grillo G Sungjae Im,,,
308,5202498175,foutah (5/6),0,538,G Si Woo Kim G Nicolai Højgaard G Michael Thorbjornsen G Rickie Fowler G Michael Brennan G Jacob Bridgeman,,,
308,5202652129,comonc (13/20),0,538,G Si Woo Kim G Nicolai Højgaard G Michael Thorbjornsen G Rickie Fowler G Michael Brennan G Jacob Bridgeman,,,
308,5203278048,bodgit (16/17),0,538,G Si Woo Kim G Jackson Koivun G Ryan Gerard G Michael Thorbjornsen G Ben Kohles G Patrick Fishburn,,,
316,5200628750,werosh (11/20),0,537.5,G Russell Henley G Patrick Cantlay G Hideki Matsuyama G Jacob Bridgeman G Corey Conners G Michael Kim,,,
316,5202206090,edub1976 (16/20),0,537.5,G Cameron Young G Patrick Cantlay G Nicolai Højgaard G Davis Thompson G Matt Wallace G Sungjae Im,,,
316,5202333464,judygiese,0,537.5,G Cameron Young G Xander Schauffele G Michael Brennan G Keegan Bradley G William Mouw G Kevin Roy,,,
316,5202696770,Tavius87 (15/20),0,537.5,G Xander Schauffele G J.J. Spaun G Michael Brennan G Jackson Suber G Doug Ghim G Matt Wallace,,,
316,5202872595,jthesaint (9/9),0,537.5,G Xander Schauffele G Ryan Gerard G Michael Thorbjornsen G Rickie Fowler G Keegan Bradley G Andrew Novak,,,
316,5202980432,bb0477 (14/16),0,537.5,G Si Woo Kim G Jackson Koivun G Michael Thorbjornsen G Davis Thompson G Ryo Hisatsune G Corey Conners,,,
316,5203068311,colemryt (20/20),0,537.5,G Russell Henley G Patrick Cantlay G Hideki Matsuyama G Jacob Bridgeman G Corey Conners G Michael Kim,,,
323,5200709517,marvink (3/20),0,537,G Xander Schauffele G J.J. Spaun G Michael Thorbjornsen G Rickie Fowler G Jackson Suber G Emiliano Grillo,,,
323,5200785696,chazemclean (14/20),0,537,G Xander Schauffele G Hideki Matsuyama G Nicolai Højgaard G Jacob Bridgeman G Matt Wallace G Jordan L. Smith,,,
323,5201265174,wsdp (2/20),0,537,G Xander Schauffele G Russell Henley G Rickie Fowler G Keegan Bradley G Jackson Suber G Michael Kim,,,
323,5202166854,freeatm (4/10),0,537,G Ryan Gerard G Harris English G Nicolai Højgaard G Michael Thorbjornsen G Rickie Fowler G Michael Brennan,,,
323,5203279606,Whodey1444 (2/4),0,537,G Patrick Cantlay G Hideki Matsuyama G Ryan Gerard G Nicolai Højgaard G Davis Thompson G Kevin Roy,,,
323,5203280432,cusetown1978 (9/11),0,537,G Chris Gotterup G Hideki Matsuyama G Michael Thorbjornsen G Rickie Fowler G Michael Brennan G Chris Kirk,,,
329,5200908819,haraz,0,536.5,G Cameron Young G Jackson Koivun G Michael Thorbjornsen G Davis Thompson G Doug Ghim G William Mouw,,,
329,5201308068,tedsellers86 (15/20),0,536.5,G Xander Schauffele G Patrick Cantlay G Michael Thorbjornsen G Jacob Bridgeman G Beau Hossler G Matthew McCarty,,,
329,5201599340,playaco (2/2),0,536.5,G Xander Schauffele G Si Woo Kim G Patrick Cantlay G Ryo Hisatsune G Mac Meissner G Davis Riley,,,
329,5201940799,Duke5353 (9/10),0,536.5,G Si Woo Kim G Russell Henley G Hideki Matsuyama G Jackson Suber G Matt Wallace G Michael Kim,,,
329,5202253935,atong126 (1/20),0,536.5,G Russell Henley G Patrick Cantlay G Jake Knapp G Michael Thorbjornsen G Davis Thompson G Sungjae Im,,,
329,5202673378,auweglman (5/20),0,536.5,G Russell Henley G Hideki Matsuyama G Ryan Gerard G Rickie Fowler G Ryo Hisatsune G Corey Conners,,,
329,5202690231,CartoGuy (10/20),0,536.5,G Cameron Young G Russell Henley G Michael Brennan G Jacob Bridgeman G Benjamin James G Rasmus Højgaard,,,
329,5202732324,dfwtexas2014 (4/20),0,536.5,G Patrick Cantlay G J.J. Spaun G Ryan Gerard G Rickie Fowler G Davis Thompson G Mac Meissner,,,
337,5200832917,hustlemania83 (2/20),0,536,G Jackson Koivun G Jake Knapp G Ryan Gerard G Michael Thorbjornsen G Davis Thompson G Ben Kohles,,,
337,5201475618,boyle5000 (11/20),0,536,G Jake Knapp G J.J. Spaun G Ryan Gerard G Michael Thorbjornsen G Michael Brennan G Corey Conners,,,
337,5201788874,2briar (14/20),0,536,G Jackson Koivun G Nicolai Højgaard G Michael Thorbjornsen G Rickie Fowler G Matt Wallace G Tony Finau,,,
337,5202954524,WinAtFantasyFootball (3/3),0,536,G Cameron Young G Hideki Matsuyama G Jacob Bridgeman G Corey Conners G Ben Kohles G Mac Meissner,,,
337,5203010780,kevinreider4 (19/20),0,536,G Jackson Koivun G Jake Knapp G Ryan Gerard G Michael Thorbjornsen G Davis Thompson G Ben Kohles,,,
337,5203078766,137666 (2/3),0,536,G Si Woo Kim G Patrick Cantlay G J.J. Spaun G Michael Thorbjornsen G Mac Meissner G Sungjae Im,,,
343,5202030999,cbrasko90 (10/20),0,535.5,G Si Woo Kim G Russell Henley G Patrick Cantlay G Doug Ghim G Matt Wallace G Mac Meissner,,,
343,5202620206,Natu2008 (8/20),0,535.5,G Wyndham Clark G Hideki Matsuyama G Ryan Gerard G Michael Thorbjornsen G Davis Thompson G Ricky Castillo,,,
343,5202899643,jgoody (1/20),0,535.5,G Russell Henley G Ryan Gerard G Akshay Bhatia G Michael Thorbjornsen G Keegan Bradley G Davis Thompson,,,
346,5201355476,vandy69pats (1/6),0,535,G Jackson Koivun G Patrick Cantlay G Hideki Matsuyama G Michael Brennan G Ben Kohles G Michael Kim,,,
346,5201383551,drcobosjr (19/20),0,535,G Si Woo Kim G Jackson Koivun G Hideki Matsuyama G Michael Brennan G Keita Nakajima G Kris Ventura,,,
346,5202000449,ynot4greg21 (20/20),0,535,G Cameron Young G Hideki Matsuyama G Jacob Bridgeman G Davis Thompson G Corey Conners G Kevin Yu,,,
346,5202021177,kytyvince (2/20),0,535,G Si Woo Kim G Russell Henley G Patrick Cantlay G Davis Thompson G Corey Conners G Kevin Roy,,,
346,5202282317,ziggitywood (4/20),0,535,G Cameron Young G Patrick Cantlay G Michael Brennan G Davis Thompson G Doug Ghim G Ben Kohles,,,
346,5202411857,Rassy80 (15/20),0,535,G Patrick Cantlay G Hideki Matsuyama G Ryan Gerard G Keegan Bradley G Jackson Suber G Corey Conners,,,
346,5202894422,Niromada (12/20),0,535,G Xander Schauffele G J.J. Spaun G Michael Thorbjornsen G Rickie Fowler G Jackson Suber G William Mouw,,,
353,5200558813,paintgirl (5/20),0,534.5,G Cameron Young G J.J. Spaun G Michael Thorbjornsen G Keegan Bradley G Mac Meissner G Jordan L. Smith,,,
353,5200810818,jahughes (1/2),0,534.5,G Jackson Koivun G Patrick Cantlay G Ryan Gerard G Rickie Fowler G Corey Conners G Ben Kohles,,,
353,5201265173,wsdp (1/20),0,534.5,G Xander Schauffele G Russell Henley G Michael Thorbjornsen G Keegan Bradley G Rasmus Neergaard-Petersen G Michael Kim,,,
353,5201969874,anon1983 (3/20),0,534.5,G Cameron Young G Hideki Matsuyama G Michael Brennan G Jackson Suber G Corey Conners G Ben Kohles,,,
353,5202179406,seminolefs (13/20),0,534.5,G Xander Schauffele G Harris English G Nicolai Højgaard G Michael Thorbjornsen G Mac Meissner G Sungjae Im,,,
353,5202359518,Stree (15/20),0,534.5,G Cameron Young G J.J. Spaun G Michael Thorbjornsen G Keegan Bradley G Mac Meissner G Jordan L. Smith,,,
353,5202534958,mjscott8824 (9/20),0,534.5,G Cameron Young G J.J. Spaun G Michael Thorbjornsen G Keegan Bradley G Mac Meissner G Jordan L. Smith,,,
353,5202732221,Packersfan203 (3/20),0,534.5,G Xander Schauffele G Si Woo Kim G Rickie Fowler G Corey Conners G Mac Meissner G Jordan L. Smith,,,
353,5203058017,joeystorey813 (3/20),0,534.5,G Xander Schauffele G Hideki Matsuyama G J.J. Spaun G Corey Conners G Mac Meissner G Jordan L. Smith,,,
353,5203068310,colemryt (19/20),0,534.5,G Cameron Young G J.J. Spaun G Michael Thorbjornsen G Keegan Bradley G Mac Meissner G Jordan L. Smith,,,
353,5203097120,Phinsfan83 (12/20),0,534.5,G Xander Schauffele G Hideki Matsuyama G Ryan Gerard G Michael Thorbjornsen G William Mouw G Max McGreevy,,,
353,5203188703,bnb0609 (19/20),0,534.5,G Cameron Young G J.J. Spaun G Michael Thorbjornsen G Keegan Bradley G Mac Meissner G Jordan L. Smith,,,
365,5201260430,whwalker13 (10/20),0,534,G Xander Schauffele G Patrick Cantlay G Keegan Bradley G Davis Thompson G Max Greyserman G Ben Kohles,,,
365,5201288218,shutuppauly,0,534,G Russell Henley G Hideki Matsuyama G Ryan Gerard G Rickie Fowler G Jackson Suber G Sungjae Im,,,
365,5201607656,989michaels (17/20),0,534,G Si Woo Kim G Hideki Matsuyama G J.J. Spaun G Michael Thorbjornsen G Mac Meissner G Jordan L. Smith,,,
365,5202057510,westh8bamix (11/20),0,534,G Cameron Young G Si Woo Kim G Jacob Bridgeman G Corey Conners G Matt Wallace G Sungjae Im,,,
365,5203140001,hillmelvin17 (3/3),0,534,G Hideki Matsuyama G Ryan Gerard G Harris English G Michael Thorbjornsen G Jacob Bridgeman G Jordan Spieth,,,
365,5203173291,bclegg_22 (12/20),0,534,G Cameron Young G Si Woo Kim G Jacob Bridgeman G Corey Conners G Matt Wallace G Sungjae Im,,,
371,5200724719,MikeyP0319 (4/8),0,533.5,G Xander Schauffele G Russell Henley G Hideki Matsuyama G Doug Ghim G Max Greyserman G Chris Kirk,,,
371,5200955266,Trog69 (11/20),0,533.5,G Xander Schauffele G Russell Henley G Rickie Fowler G Davis Thompson G Christiaan Bezuidenhout G Kevin Yu,,,
371,5201260429,whwalker13 (9/20),0,533.5,G Xander Schauffele G Patrick Cantlay G Michael Brennan G Keegan Bradley G Max Greyserman G Ben Kohles,,,
371,5201277568,SandlotHero (9/12),0,533.5,G Xander Schauffele G Corey Conners G Doug Ghim G Ben Kohles G Mac Meissner G Benjamin James,,,
371,5202075933,aclegend89 (4/20),0,533.5,G Xander Schauffele G Ryan Gerard G Michael Thorbjornsen G Jacob Bridgeman G Pierceson Coody G Ben Kohles,,,
371,5202429648,Wanna_Square_Up1567 (19/20),0,533.5,G Russell Henley G Hideki Matsuyama G J.J. Spaun G Rickie Fowler G Matt Wallace G Jordan L. Smith,,,
371,5202696762,Tavius87 (7/20),0,533.5,G Russell Henley G Nicolai Højgaard G Michael Thorbjornsen G Michael Brennan G Keegan Bradley G Ryo Hisatsune,,,
371,5203181128,unlv2014 (1/2),0,533.5,G Si Woo Kim G Nicolai Højgaard G Michael Thorbjornsen G Michael Brennan G Jacob Bridgeman G Keegan Bradley,,,
371,5203228274,paulymac15 (4/4),0,533.5,G Cameron Young G Michael Thorbjornsen G Rickie Fowler G Jacob Bridgeman G Ryo Hisatsune G Ben Kohles,,,
380,5202075942,aclegend89 (13/20),0,533,G Si Woo Kim G Russell Henley G Ryan Gerard G Keegan Bradley G Corey Conners G Ben Kohles,,,
380,5203087991,MamaKay1122 (5/20),0,533,G Cameron Young G Nicolai Højgaard G Michael Thorbjornsen G Keegan Bradley G Jackson Suber G Corey Conners,,,
380,5203173290,bclegg_22 (11/20),0,533,G Russell Henley G Patrick Cantlay G Hideki Matsuyama G Keegan Bradley G Davis Thompson G Jordan L. Smith,,,
383,5200954208,TY54321 (17/20),0,532.5,G Xander Schauffele G Patrick Cantlay G Michael Thorbjornsen G Jacob Bridgeman G Davis Thompson G Lee Hodges,,,
383,5202296627,worm1977 (12/12),0,532.5,G Patrick Cantlay G Hideki Matsuyama G Ryan Gerard G Rickie Fowler G Jackson Suber G Ricky Castillo,,,
383,5202883713,marwalk82 (20/20),0,532.5,G Si Woo Kim G Ryan Gerard G Harris English G Michael Thorbjornsen G Rickie Fowler G Sungjae Im,,,
386,5201265185,wsdp (13/20),0,532,G Xander Schauffele G Ryan Gerard G Nicolai Højgaard G Michael Brennan G Keegan Bradley G Jordan L. Smith,,,
386,5202093747,olrat14 (14/20),0,532,G Xander Schauffele G Patrick Cantlay G Michael Brennan G Corey Conners G Doug Ghim G Christiaan Bezuidenhout,,,
386,5202152015,kozy6813 (15/20),0,532,G Cameron Young G Patrick Cantlay G Jacob Bridgeman G Davis Thompson G Corey Conners G Ben Kohles,,,
386,5202251569,datyoungreezy (7/20),0,532,G Xander Schauffele G Hideki Matsuyama G Rickie Fowler G Keegan Bradley G Jackson Suber G Doug Ghim,,,
386,5202537780,scottie332 (15/20),0,532,G Russell Henley G Ben Griffin G Ryan Gerard G Michael Thorbjornsen G Rickie Fowler G Chris Kirk,,,
386,5202834816,jsweetaz,0,532,G Xander Schauffele G Si Woo Kim G Ryan Gerard G Jordan Spieth G Rico Hoey G Zac Blair,,,
392,5201666613,blueernie (3/12),0,531.5,G Wyndham Clark G Hideki Matsuyama G Ryan Gerard G Michael Thorbjornsen G Jackson Suber G Matt Wallace,,,
392,5202162757,MRinker,0,531.5,G Si Woo Kim G Hideki Matsuyama G Ryan Gerard G Jacob Bridgeman G Corey Conners G Ben Kohles,,,
392,5202179413,seminolefs (20/20),0,531.5,G Cameron Young G Patrick Cantlay G Nicolai Højgaard G Keegan Bradley G Matt Wallace G Chris Kirk,,,
392,5202198944,Hixxxx,0,531.5,G Si Woo Kim G Hideki Matsuyama G Ryan Gerard G Jacob Bridgeman G Corey Conners G Ben Kohles,,,
392,5202716351,stingerz22 (6/20),0,531.5,G Cameron Young G Patrick Cantlay G Keegan Bradley G Davis Thompson G Corey Conners G Doug Ghim,,,
392,5202826254,JLR1985 (4/20),0,531.5,G Cameron Young G Hideki Matsuyama G Michael Thorbjornsen G Keegan Bradley G Michael Kim G Mackenzie Hughes,,,
398,5200716760,jaguar21,0,531,G Xander Schauffele G Hideki Matsuyama G Rickie Fowler G Keegan Bradley G Jordan Spieth G Emiliano Grillo,,,
398,5201145332,Geebir (6/20),0,531,G Cameron Young G J.J. Spaun G Ryan Gerard G Davis Thompson G Mac Meissner G Sungjae Im,,,
398,5201997261,omes16 (5/20),0,531,G Si Woo Kim G Russell Henley G Hideki Matsuyama G Johnny Keefer G Matt Wallace G Ben Kohles,,,
398,5202529778,cskcnk24 (1/3),0,531,G Xander Schauffele G Hideki Matsuyama G Rickie Fowler G Keegan Bradley G Jordan Spieth G Emiliano Grillo,,,
402,5200558820,paintgirl (12/20),0,530.5,G Xander Schauffele G J.J. Spaun G Ryan Gerard G Keegan Bradley G Corey Conners G Jordan L. Smith,,,
402,5200820545,lakeside2220 (12/20),0,530.5,G Xander Schauffele G Russell Henley G Jake Knapp G Michael Kim G Rico Hoey G Luke Clanton,,,
402,5201260424,whwalker13 (4/20),0,530.5,G Jackson Koivun G Patrick Cantlay G Michael Thorbjornsen G Keegan Bradley G Max Greyserman G Ben Kohles,,,
402,5202206078,edub1976 (4/20),0,530.5,G Xander Schauffele G J.J. Spaun G Ryan Gerard G Keegan Bradley G Corey Conners G Jordan L. Smith,,,
402,5202742305,makeatley (3/4),0,530.5,G Xander Schauffele G Wyndham Clark G Michael Thorbjornsen G Michael Brennan G Ben Kohles G Sungjae Im,,,
402,5202821175,enemymine (12/20),0,530.5,G Xander Schauffele G J.J. Spaun G Ryan Gerard G Keegan Bradley G Corey Conners G Jordan L. Smith,,,
402,5203024892,StayWithMeNow11 (4/4),0,530.5,G Xander Schauffele G Hideki Matsuyama G Michael Thorbjornsen G Michael Brennan G Rasmus Neergaard-Petersen G Max Greyserman,,,
402,5203274585,venomsinn (12/12),0,530.5,G Jackson Koivun G Patrick Cantlay G Ryan Gerard G Michael Thorbjornsen G Jackson Suber G Emiliano Grillo,,,
410,5200616531,sportsfanatic89 (1/20),0,530,G Cameron Young G Hideki Matsuyama G Nicolai Højgaard G Davis Thompson G Corey Conners G Sungjae Im,,,
410,5200980634,Plug3154 (11/20),0,530,G Xander Schauffele G Si Woo Kim G Davis Thompson G Ryo Hisatsune G Jackson Suber G Matt Wallace,,,
410,5201834656,24-Seven (17/20),0,530,G Xander Schauffele G Hideki Matsuyama G Rickie Fowler G Jordan Spieth G Corey Conners G Tony Finau,,,
410,5202112044,zandwich (10/20),0,530,G Cameron Young G Hideki Matsuyama G Nicolai Højgaard G Davis Thompson G Corey Conners G Sungjae Im,,,
410,5202386857,MHG23 (7/20),0,530,G Cameron Young G J.J. Spaun G Ryan Gerard G Jackson Suber G Matt Wallace G Mac Meissner,,,
410,5202560991,EagleEye3434 (10/20),0,530,G Cameron Young G J.J. Spaun G Michael Thorbjornsen G Corey Conners G Doug Ghim G Benjamin James,,,
410,5202654169,Reboot78 (5/20),0,530,G Cameron Young G Hideki Matsuyama G Nicolai Højgaard G Davis Thompson G Corey Conners G Sungjae Im,,,
410,5202723949,AMayberry23 (8/20),0,530,G Cameron Young G Hideki Matsuyama G Michael Brennan G Davis Thompson G Jackson Suber G Doug Ghim,,,
410,5203011833,JustJames23 (5/20),0,530,G Cameron Young G Hideki Matsuyama G Nicolai Højgaard G Davis Thompson G Corey Conners G Sungjae Im,,,
410,5203039896,nauldyboy (8/20),0,530,G Cameron Young G Hideki Matsuyama G Nicolai Højgaard G Davis Thompson G Corey Conners G Sungjae Im,,,
410,5203107970,bjnfan (7/20),0,530,G Cameron Young G Hideki Matsuyama G Nicolai Højgaard G Davis Thompson G Corey Conners G Sungjae Im,,,
421,5200570650,taugust7 (1/20),0,529.5,G Xander Schauffele G Akshay Bhatia G Michael Thorbjornsen G Stephan Jaeger G Chris Kirk G Kevin Roy,,,
421,5201572818,GWillikerz (1/2),0,529.5,G Cameron Young G Patrick Cantlay G Jacob Bridgeman G Keegan Bradley G Davis Thompson G Chris Kirk,,,
421,5202026014,bjcar21 (5/20),0,529.5,G Jake Knapp G Ryan Gerard G Michael Thorbjornsen G Rickie Fowler G Jacob Bridgeman G Keegan Bradley,,,
421,5202279651,spash9 (20/20),0,529.5,G Xander Schauffele G Patrick Cantlay G Michael Thorbjornsen G Michael Brennan G Doug Ghim G Adrien Dumont De Chassart,,,
421,5202697176,Muntonfire (2/2),0,529.5,G Si Woo Kim G Russell Henley G Rickie Fowler G Jacob Bridgeman G Davis Thompson G Corey Conners,,,
421,5202824676,sadlr1 (2/3),0,529.5,G Russell Henley G Jake Knapp G Michael Thorbjornsen G Jacob Bridgeman G Keegan Bradley G Davis Thompson,,,
421,5203097116,Phinsfan83 (8/20),0,529.5,G Jackson Koivun G Russell Henley G Rickie Fowler G Ryo Hisatsune G Corey Conners G Matt Wallace,,,
428,5200818350,rctru31 (8/20),0,529,G Patrick Cantlay G Jake Knapp G Ryan Gerard G Michael Thorbjornsen G Rickie Fowler G Kevin Yu,,,
428,5201124688,mahaa507 (10/20),0,529,G Xander Schauffele G J.J. Spaun G Nicolai Højgaard G Rickie Fowler G Keegan Bradley G Rasmus Højgaard,,,
428,5201260423,whwalker13 (3/20),0,529,G Si Woo Kim G Patrick Cantlay G Michael Thorbjornsen G Keegan Bradley G Max Greyserman G Ben Kohles,,,
428,5201965077,Terminator0028,0,529,G Russell Henley G Hideki Matsuyama G Ryan Gerard G Rickie Fowler G Jacob Bridgeman G Jordan L. Smith,,,
428,5202152016,kozy6813 (16/20),0,529,G Patrick Cantlay G Hideki Matsuyama G J.J. Spaun G Rickie Fowler G Davis Thompson G Ben Kohles,,,
428,5202202284,geoffm33 (9/20),0,529,G Cameron Young G Russell Henley G Ryan Gerard G Michael Kim G Nick Taylor G Kris Ventura,,,
428,5203279787,d9144 (8/19),0,529,G Cameron Young G Patrick Cantlay G Jacob Bridgeman G Davis Thompson G Ben Kohles G Mac Meissner,,,
435,5201014593,ryanland (8/20),0,528.5,G Xander Schauffele G Si Woo Kim G Rickie Fowler G Jordan Spieth G Jackson Suber G Kris Ventura,,,
435,5201014603,ryanland (18/20),0,528.5,G Xander Schauffele G Si Woo Kim G Rickie Fowler G Jordan Spieth G Jackson Suber G Kris Ventura,,,
435,5201619556,shon28 (8/12),0,528.5,G Cameron Young G Nicolai Højgaard G Michael Thorbjornsen G Rickie Fowler G Jackson Suber G Ben Kohles,,,
435,5202112041,zandwich (7/20),0,528.5,G Russell Henley G Patrick Cantlay G J.J. Spaun G Michael Thorbjornsen G Keegan Bradley G William Mouw,,,
435,5202211571,thundrenterprises (13/20),0,528.5,G Jackson Koivun G Russell Henley G J.J. Spaun G Michael Thorbjornsen G Mac Meissner G Jordan L. Smith,,,
435,5202690226,CartoGuy (5/20),0,528.5,G Cameron Young G Russell Henley G Rickie Fowler G Jacob Bridgeman G Benjamin James G Rasmus Højgaard,,,
435,5202805507,kojo3 (8/20),0,528.5,G Cameron Young G Xander Schauffele G Corey Conners G Michael Kim G Ricky Castillo G Tony Finau,,,
435,5203188686,bnb0609 (2/20),0,528.5,G Russell Henley G Patrick Cantlay G J.J. Spaun G Michael Thorbjornsen G Keegan Bradley G William Mouw,,,
443,5201024671,kbreez3164 (4/7),0,528,G Xander Schauffele G Jackson Koivun G Keegan Bradley G Davis Thompson G Jackson Suber G Ben Kohles,,,
443,5201037650,ratrace66 (5/8),0,528,G Si Woo Kim G J.J. Spaun G Michael Thorbjornsen G Michael Brennan G Keegan Bradley G Marco Penge,,,
443,5201216488,Mousedef (15/20),0,528,G Cameron Young G Nicolai Højgaard G Michael Thorbjornsen G Marco Penge G Ryo Hisatsune G Matt Wallace,,,
443,5202030996,cbrasko90 (7/20),0,528,G Xander Schauffele G Patrick Cantlay G Harris English G Doug Ghim G Matt Wallace G Ricky Castillo,,,
443,5202033514,ryanb6 (9/20),0,528,G Xander Schauffele G Si Woo Kim G Michael Thorbjornsen G Ryo Hisatsune G Mac Meissner G Tony Finau,,,
443,5202196213,saher0329 (3/3),0,528,G Jackson Koivun G Hideki Matsuyama G Rickie Fowler G Keegan Bradley G Davis Thompson G Jordan Spieth,,,
443,5202406577,Steven_1974 (6/20),0,528,G Cameron Young G Hideki Matsuyama G J.J. Spaun G Corey Conners G Mac Meissner G Kevin Roy,,,
443,5202521368,Boatload,0,528,G Jackson Koivun G Hideki Matsuyama G Ryan Gerard G Jacob Bridgeman G Ryo Hisatsune G Matt Wallace,,,
443,5202593614,Ryn420 (3/4),0,528,G Jackson Koivun G Patrick Cantlay G Ryan Gerard G Jacob Bridgeman G Davis Thompson G Kevin Roy,,,
443,5202845017,spadestokes_27,0,528,G Jackson Koivun G Hideki Matsuyama G Ryan Gerard G Jacob Bridgeman G Ryo Hisatsune G Matt Wallace,,,
443,5203173294,bclegg_22 (15/20),0,528,G Si Woo Kim G Patrick Cantlay G Nicolai Højgaard G Michael Thorbjornsen G Keegan Bradley G Sungjae Im,,,
443,5203225223,Rhombus87 (15/20),0,528,G Si Woo Kim G Patrick Cantlay G Nicolai Højgaard G Michael Thorbjornsen G Keegan Bradley G Sungjae Im,,,
455,5200589761,hugh88 (1/3),0,527.5,G Jackson Koivun G Jake Knapp G Michael Thorbjornsen G Michael Brennan G Jacob Bridgeman G Davis Thompson,,,
455,5200854437,njdevil21 (2/2),0,527.5,G Xander Schauffele G Russell Henley G Rickie Fowler G Jacob Bridgeman G Jackson Suber G Ricky Castillo,,,
455,5200946069,Bigrgamer497 (20/20),0,527.5,G Xander Schauffele G Si Woo Kim G Matt Wallace G Ben Kohles G Benjamin James G Emiliano Grillo,,,
455,5201319447,enjoystick (3/20),0,527.5,G Cameron Young G Hideki Matsuyama G Michael Thorbjornsen G Jacob Bridgeman G Jordan L. Smith G Zac Blair,,,
455,5201619559,shon28 (11/12),0,527.5,G Xander Schauffele G Nicolai Højgaard G Michael Thorbjornsen G Rickie Fowler G Ryo Hisatsune G Jackson Suber,,,
455,5202423820,nbmako,0,527.5,G Xander Schauffele G Russell Henley G Ryan Gerard G Jackson Suber G Ben Kohles G Jordan L. Smith,,,
455,5202628625,herrma02 (18/20),0,527.5,G Russell Henley G Hideki Matsuyama G Ryan Gerard G Rickie Fowler G Jordan Spieth G Jordan L. Smith,,,
455,5202652215,ryrom11 (1/3),0,527.5,G Si Woo Kim G Hideki Matsuyama G Michael Thorbjornsen G Michael Brennan G Marco Penge G Nick Taylor,,,
455,5202823366,LimitemOut (2/5),0,527.5,G Russell Henley G Patrick Cantlay G Hideki Matsuyama G Davis Thompson G Christiaan Bezuidenhout G Kevin Roy,,,
455,5202845236,coachp17 (14/20),0,527.5,G Xander Schauffele G Hideki Matsuyama G Nicolai Højgaard G Michael Brennan G Ben Kohles G Emiliano Grillo,,,
455,5202893207,osustu03 (19/20),0,527.5,G Si Woo Kim G Jackson Koivun G Nicolai Højgaard G Michael Thorbjornsen G Mac Meissner G Michael Kim,,,
455,5203164320,hopkinst,0,527.5,G Cameron Young G Ryan Gerard G Rickie Fowler G Jacob Bridgeman G Corey Conners G Doug Ghim,,,
455,5203219780,tony_chapman76,0,527.5,G Xander Schauffele G Ryan Gerard G Michael Thorbjornsen G Ryo Hisatsune G Corey Conners G Sam Stevens,,,
468,5200599168,fisherladyh (9/20),0,527,G Cameron Young G Hideki Matsuyama G Ryan Gerard G Ben Kohles G Mac Meissner G Christiaan Bezuidenhout,,,
468,5201064329,cusetown1978 (2/11),0,527,G Cameron Young G Patrick Cantlay G Michael Thorbjornsen G Rickie Fowler G Davis Thompson G William Jennings,,,
468,5202337321,TheKid2430 (12/20),0,527,G Xander Schauffele G Si Woo Kim G Rickie Fowler G Corey Conners G Johnny Keefer G Michael Kim,,,
468,5202641745,scooter8174 (11/18),0,527,G Si Woo Kim G Hideki Matsuyama G Ryan Gerard G Michael Brennan G Jackson Suber G Ben Kohles,,,
468,5203115948,pdmac23 (5/6),0,527,G Xander Schauffele G Jackson Koivun G Johnny Keefer G Matt Wallace G Ben Kohles G Benjamin James,,,
468,5203158207,gdarb (4/8),0,527,G Cameron Young G Hideki Matsuyama G Rickie Fowler G Davis Thompson G Tony Finau G Chris Kirk,,,
474,5201105477,craigger34 (1/15),0,526.5,G Jackson Koivun G Patrick Cantlay G Hideki Matsuyama G Jacob Bridgeman G Davis Thompson G Kevin Roy,,,
474,5201216481,Mousedef (8/20),0,526.5,G Cameron Young G Russell Henley G Hideki Matsuyama G Benjamin James G Michael Kim G Kevin Roy,,,
474,5201245015,RMann82 (1/20),0,526.5,G Si Woo Kim G Ryan Gerard G Nicolai Højgaard G Michael Thorbjornsen G Ryo Hisatsune G Corey Conners,,,
474,5201264006,Houli208 (6/6),0,526.5,G Cameron Young G Si Woo Kim G Rickie Fowler G Davis Thompson G Ben Kohles G Kevin Roy,,,
474,5201280759,matthewwalsh (16/20),0,526.5,G Xander Schauffele G Russell Henley G Michael Thorbjornsen G Michael Brennan G Max Greyserman G Sam Stevens,,,
474,5201997274,omes16 (18/20),0,526.5,G Russell Henley G Hideki Matsuyama G Ben Griffin G Davis Thompson G Corey Conners G Matt Wallace,,,
474,5202206085,edub1976 (11/20),0,526.5,G Xander Schauffele G Si Woo Kim G Jacob Bridgeman G Keegan Bradley G Mac Meissner G Sungjae Im,,,
474,5202206087,edub1976 (13/20),0,526.5,G Cameron Young G Jackson Koivun G Keegan Bradley G Davis Thompson G Mac Meissner G Sungjae Im,,,
474,5202374434,golfshot (2/3),0,526.5,G Cameron Young G J.J. Spaun G Davis Thompson G Matt Wallace G Michael Kim G Emiliano Grillo,,,
474,5202375805,cwcarroll2 (18/20),0,526.5,G Xander Schauffele G J.J. Spaun G Ryan Gerard G Michael Brennan G Ryo Hisatsune G Kevin Roy,,,
474,5203115983,nineowls,0,526.5,G Xander Schauffele G Ryan Gerard G Rickie Fowler G Jacob Bridgeman G Ryo Hisatsune G Ben Kohles,,,
485,5200656782,LiminalPockets,0,526,G Si Woo Kim G Jackson Koivun G Hideki Matsuyama G Davis Thompson G Michael Kim G Ricky Castillo,,,
485,5200660171,trt242424 (1/20),0,526,G Xander Schauffele G Harris English G Michael Thorbjornsen G Rickie Fowler G Jackson Suber G Benjamin James,,,
485,5200660172,trt242424 (2/20),0,526,G Xander Schauffele G Harris English G Michael Thorbjornsen G Rickie Fowler G Jackson Suber G Benjamin James,,,
485,5200660173,trt242424 (3/20),0,526,G Xander Schauffele G Harris English G Michael Thorbjornsen G Rickie Fowler G Jackson Suber G Benjamin James,,,
485,5200660174,trt242424 (4/20),0,526,G Xander Schauffele G Harris English G Michael Thorbjornsen G Rickie Fowler G Jackson Suber G Benjamin James,,,
485,5200660175,trt242424 (5/20),0,526,G Xander Schauffele G Harris English G Michael Thorbjornsen G Rickie Fowler G Jackson Suber G Benjamin James,,,
485,5200660176,trt242424 (6/20),0,526,G Xander Schauffele G Harris English G Michael Thorbjornsen G Rickie Fowler G Jackson Suber G Benjamin James,,,
485,5200660177,trt242424 (7/20),0,526,G Xander Schauffele G Harris English G Michael Thorbjornsen G Rickie Fowler G Jackson Suber G Benjamin James,,,
485,5200660178,trt242424 (8/20),0,526,G Xander Schauffele G Harris English G Michael Thorbjornsen G Rickie Fowler G Jackson Suber G Benjamin James,,,
485,5200660179,trt242424 (9/20),0,526,G Xander Schauffele G Harris English G Michael Thorbjornsen G Rickie Fowler G Jackson Suber G Benjamin James,,,
485,5200660180,trt242424 (10/20),0,526,G Xander Schauffele G Harris English G Michael Thorbjornsen G Rickie Fowler G Jackson Suber G Benjamin James,,,
485,5200660181,trt242424 (11/20),0,526,G Xander Schauffele G Harris English G Michael Thorbjornsen G Rickie Fowler G Jackson Suber G Benjamin James,,,
485,5200660182,trt242424 (12/20),0,526,G Xander Schauffele G Harris English G Michael Thorbjornsen G Rickie Fowler G Jackson Suber G Benjamin James,,,
485,5200660183,trt242424 (13/20),0,526,G Xander Schauffele G Harris English G Michael Thorbjornsen G Rickie Fowler G Jackson Suber G Benjamin James,,,
485,5200660184,trt242424 (14/20),0,526,G Xander Schauffele G Harris English G Michael Thorbjornsen G Rickie Fowler G Jackson Suber G Benjamin James,,,
485,5200660185,trt242424 (15/20),0,526,G Xander Schauffele G Harris English G Michael Thorbjornsen G Rickie Fowler G Jackson Suber G Benjamin James,,,
485,5200660186,trt242424 (16/20),0,526,G Xander Schauffele G Harris English G Michael Thorbjornsen G Rickie Fowler G Jackson Suber G Benjamin James,,,
485,5200660187,trt242424 (17/20),0,526,G Xander Schauffele G Harris English G Michael Thorbjornsen G Rickie Fowler G Jackson Suber G Benjamin James,,,
485,5200660188,trt242424 (18/20),0,526,G Xander Schauffele G Harris English G Michael Thorbjornsen G Rickie Fowler G Jackson Suber G Benjamin James,,,
485,5200660189,trt242424 (19/20),0,526,G Xander Schauffele G Harris English G Michael Thorbjornsen G Rickie Fowler G Jackson Suber G Benjamin James,,,
485,5200660190,trt242424 (20/20),0,526,G Xander Schauffele G Harris English G Michael Thorbjornsen G Rickie Fowler G Jackson Suber G Benjamin James,,,
485,5200828989,princefnunez (1/2),0,526,G Hideki Matsuyama G Jake Knapp G Ryan Gerard G Michael Thorbjornsen G Ryo Hisatsune G Mac Meissner,,,
485,5201280753,matthewwalsh (10/20),0,526,G Chris Gotterup G Russell Henley G Michael Thorbjornsen G Keegan Bradley G Davis Thompson G Mac Meissner,,,
485,5201822791,tyreich,0,526,G Cameron Young G Si Woo Kim G Keegan Bradley G Davis Thompson G Ben Kohles G Chris Kirk,,,
485,5202105156,Redskinsabigga,0,526,G Xander Schauffele G Hideki Matsuyama G Ryan Gerard G Jackson Suber G Jordan L. Smith G Kevin Yu,,,
485,5202179394,seminolefs (1/20),0,526,G Cameron Young G Xander Schauffele G Keegan Bradley G Max Greyserman G Sungjae Im G Chris Kirk,,,
485,5202277826,nsteinwart (11/20),0,526,G Cameron Young G Xander Schauffele G Keegan Bradley G Ben Kohles G Jordan L. Smith G Sungjae Im,,,
485,5202312178,showmethemoneyo (3/4),0,526,G Xander Schauffele G Patrick Cantlay G Rickie Fowler G Jordan Spieth G Corey Conners G Johnny Keefer,,,
485,5202433975,oicu2uno (13/20),0,526,G Russell Henley G Patrick Cantlay G J.J. Spaun G Davis Thompson G Corey Conners G Ben Kohles,,,
485,5202441111,briguy13 (18/20),0,526,G Cameron Young G Si Woo Kim G Keegan Bradley G Matt Wallace G Mac Meissner G Jordan L. Smith,,,
485,5202534950,mjscott8824 (1/20),0,526,G Xander Schauffele G Si Woo Kim G Jacob Bridgeman G Davis Thompson G Mac Meissner G Jordan L. Smith,,,
485,5203214591,ZelliT,0,526,G Cameron Young G Russell Henley G Rickie Fowler G Davis Thompson G Ben Kohles G Jordan L. Smith,,,
517,5200659665,nicky3021 (1/6),0,525.5,G Cameron Young G Xander Schauffele G Ryan Gerard G Nicolas Echavarria G Rasmus Højgaard G Chris Kirk,,,
517,5201260428,whwalker13 (8/20),0,525.5,G Xander Schauffele G Patrick Cantlay G Rickie Fowler G Keegan Bradley G Max Greyserman G Ben Kohles,,,
517,5201664668,DD1953 (3/4),0,525.5,G Cameron Young G Russell Henley G Jacob Bridgeman G Keegan Bradley G Corey Conners G Ricky Castillo,,,
517,5201980964,Szentiger (13/20),0,525.5,G Cameron Young G Jake Knapp G Ryan Gerard G Corey Conners G Matt Wallace G Sungjae Im,,,
517,5202401607,MnMoney (2/20),0,525.5,G Si Woo Kim G Patrick Cantlay G Nicolai Højgaard G Michael Thorbjornsen G Doug Ghim G Mac Meissner,,,
517,5202646094,ilmdiz (2/3),0,525.5,G Cameron Young G Xander Schauffele G Rickie Fowler G Michael Kim G Sungjae Im G Zac Blair,,,
517,5202690228,CartoGuy (7/20),0,525.5,G Cameron Young G Russell Henley G Jacob Bridgeman G Davis Thompson G Ryo Hisatsune G Rasmus Højgaard,,,
517,5202732230,Packersfan203 (12/20),0,525.5,G Cameron Young G Jackson Koivun G Hideki Matsuyama G Christiaan Bezuidenhout G Rico Hoey G Chris Kirk,,,
517,5202808491,EfrainGuz (3/4),0,525.5,G Cameron Young G Xander Schauffele G Rickie Fowler G Ben Kohles G Ricky Castillo G Zac Blair,,,
517,5202940172,epot (2/4),0,525.5,G Cameron Young G Russell Henley G Keegan Bradley G Davis Thompson G Jackson Suber G Mac Meissner,,,
517,5203117157,chasevisa1 (3/10),0,525.5,G Cameron Young G Russell Henley G Keegan Bradley G Davis Thompson G Jackson Suber G Mac Meissner,,,
517,5203159302,big_dog7 (2/4),0,525.5,G Cameron Young G Russell Henley G Keegan Bradley G Davis Thompson G Jackson Suber G Mac Meissner,,,
529,5200820536,lakeside2220 (3/20),0,525,G Cameron Young G Si Woo Kim G Hideki Matsuyama G Michael Kim G Kevin Roy G Luke Clanton,,,
529,5201145340,Geebir (14/20),0,525,G Cameron Young G Hideki Matsuyama G J.J. Spaun G Corey Conners G Mac Meissner G Sungjae Im,,,
529,5201440372,annamw10 (2/2),0,525,G Si Woo Kim G Hideki Matsuyama G Ryan Gerard G Rickie Fowler G Jordan Spieth G Sungjae Im,,,
529,5202220336,LTskelter (13/20),0,525,G Cameron Young G Xander Schauffele G Davis Thompson G Jackson Suber G Mac Meissner G William Mouw,,,
529,5202232131,henry296 (20/20),0,525,G Si Woo Kim G Ben Griffin G Michael Thorbjornsen G Rickie Fowler G Keegan Bradley G Matt Wallace,,,
529,5202337320,TheKid2430 (11/20),0,525,G Xander Schauffele G Jake Knapp G Ryan Gerard G Michael Thorbjornsen G Nick Taylor G Sungjae Im,,,
529,5202384630,Mrbb24,0,525,G Xander Schauffele G Akshay Bhatia G Michael Thorbjornsen G Michael Brennan G Ryo Hisatsune G Corey Conners,,,
529,5202469295,csurunnerccr (6/20),0,525,G Xander Schauffele G Si Woo Kim G J.J. Spaun G Corey Conners G Sungjae Im G Chris Kirk,,,
529,5202690237,CartoGuy (16/20),0,525,G Cameron Young G Russell Henley G Michael Brennan G Jacob Bridgeman G Ryo Hisatsune G Rasmus Højgaard,,,
529,5202798588,auweglman (20/20),0,525,G Si Woo Kim G Hideki Matsuyama G Ryan Gerard G Jacob Bridgeman G Keegan Bradley G Ricky Castillo,,,
529,5203039832,nauldyboy (1/20),0,525,G Cameron Young G Si Woo Kim G Rickie Fowler G Corey Conners G Mac Meissner G Sungjae Im,,,
529,5203225210,Rhombus87 (2/20),0,525,G Xander Schauffele G Si Woo Kim G J.J. Spaun G Corey Conners G Sungjae Im G Chris Kirk,,,
541,5200614856,bigspook1031 (1/4),0,524.5,G Cameron Young G Russell Henley G Rickie Fowler G Jacob Bridgeman G Matt Wallace G Zac Blair,,,
541,5200781999,LeanWeen (6/20),0,524.5,G Cameron Young G Patrick Cantlay G Ryan Gerard G Davis Thompson G Michael Kim G Zecheng Dou,,,
541,5201064333,cusetown1978 (6/11),0,524.5,G Xander Schauffele G Patrick Cantlay G Nicolai Højgaard G Michael Thorbjornsen G Davis Thompson G William Jennings,,,
541,5201145338,Geebir (12/20),0,524.5,G Cameron Young G Patrick Cantlay G Ryan Gerard G Corey Conners G Jordan L. Smith G Sungjae Im,,,
541,5201323283,csnyd12 (17/20),0,524.5,G Xander Schauffele G Ryan Gerard G Harris English G Jacob Bridgeman G Davis Thompson G Sungjae Im,,,
541,5201327535,ttillie (1/20),0,524.5,G Cameron Young G Ryan Gerard G Rickie Fowler G Jacob Bridgeman G Doug Ghim G Mac Meissner,,,
541,5201950474,Kingderm123 (9/20),0,524.5,G Hideki Matsuyama G Ben Griffin G Michael Thorbjornsen G Rickie Fowler G Michael Brennan G Jacob Bridgeman,,,
541,5202181315,ti29349 (3/5),0,524.5,G Cameron Young G Ryan Gerard G Rickie Fowler G Michael Brennan G Ryo Hisatsune G Ben Kohles,,,
541,5202954522,WinAtFantasyFootball (1/3),0,524.5,G Cameron Young G Patrick Cantlay G Jacob Bridgeman G Corey Conners G Ben Kohles G Mac Meissner,,,
541,5203023123,MisterWrestling2 (6/6),0,524.5,G Russell Henley G Patrick Cantlay G Hideki Matsuyama G Ryan Gerard G Ben Kohles G Zac Blair,,,
551,5200684656,kelly5 (2/3),0,524,G Xander Schauffele G Hideki Matsuyama G Nicolai Højgaard G Jackson Suber G Corey Conners G Ben Kohles,,,
551,5200771594,nucksfan9 (1/2),0,524,G Cameron Young G Si Woo Kim G Jacob Bridgeman G Davis Thompson G Doug Ghim G Rico Hoey,,,
551,5201313749,colbuk10 (2/20),0,524,G Cameron Young G J.J. Spaun G Rickie Fowler G Keegan Bradley G Davis Thompson G Chris Kirk,,,
551,5201712950,quikkstang (3/5),0,524,G Xander Schauffele G Jake Knapp G Michael Thorbjornsen G Keegan Bradley G Johnny Keefer G Ben Kohles,,,
551,5201970061,wharfffrattt (2/8),0,524,G Cameron Young G Nicolai Højgaard G Rickie Fowler G Matt Wallace G Ben Kohles G Stephan Jaeger,,,
551,5201987129,upperdeckers1976 (5/20),0,524,G Xander Schauffele G Patrick Cantlay G Rickie Fowler G Jacob Bridgeman G Jackson Suber G Michael Kim,,,
551,5202019547,rs430414 (5/20),0,524,G Cameron Young G Russell Henley G Harris English G Jacob Bridgeman G Rasmus Højgaard G Rico Hoey,,,
551,5202508471,upperdeckers1976 (10/20),0,524,G Xander Schauffele G Patrick Cantlay G Rickie Fowler G Jacob Bridgeman G Jackson Suber G Michael Kim,,,
551,5202508485,upperdeckers1976 (17/20),0,524,G Xander Schauffele G Patrick Cantlay G Rickie Fowler G Jacob Bridgeman G Jackson Suber G Michael Kim,,,
551,5202511334,rhowell3569 (9/20),0,524,G Cameron Young G Michael Thorbjornsen G Rickie Fowler G Jacob Bridgeman G Jordan Spieth G Ryo Hisatsune,,,
551,5202554611,Johnny_Great (5/20),0,524,G Cameron Young G Akshay Bhatia G Michael Thorbjornsen G Keegan Bradley G Davis Thompson G Mac Meissner,,,
551,5202579094,tango46 (7/20),0,524,G Russell Henley G Patrick Cantlay G Rickie Fowler G Michael Brennan G Keegan Bradley G Marco Penge,,,
551,5202886023,12mgoblue28 (3/20),0,524,G Patrick Cantlay G Jake Knapp G Ryan Gerard G Michael Thorbjornsen G Keegan Bradley G Doug Ghim,,,
551,5202886040,12mgoblue28 (20/20),0,524,G Xander Schauffele G Si Woo Kim G Michael Brennan G Jacob Bridgeman G Doug Ghim G Sungjae Im,,,
551,5202894414,Niromada (4/20),0,524,G Cameron Young G Jackson Koivun G Michael Thorbjornsen G Ben Kohles G Benjamin James G Jordan L. Smith,,,
551,5203075977,dangasin (15/20),0,524,G Si Woo Kim G Hideki Matsuyama G Harris English G Michael Thorbjornsen G Doug Ghim G Mac Meissner,,,
567,5200918581,johnyb,0,523.5,G Xander Schauffele G Hideki Matsuyama G Rickie Fowler G Jordan Spieth G Ryo Hisatsune G Ben Kohles,,,
567,5201344186,rsumrall (10/20),0,523.5,G Si Woo Kim G Patrick Cantlay G Ryan Gerard G Jacob Bridgeman G Davis Thompson G Sungjae Im,,,
567,5202093753,olrat14 (20/20),0,523.5,G Xander Schauffele G Patrick Cantlay G Davis Thompson G Doug Ghim G Ben Kohles G Christiaan Bezuidenhout,,,
567,5202333665,Raiderfanatic2195 (13/20),0,523.5,G Jackson Koivun G Russell Henley G Michael Thorbjornsen G Michael Brennan G Davis Thompson G Aldrich Potgieter,,,
567,5202934175,ScottP1414 (1/3),0,523.5,G Patrick Cantlay G Jake Knapp G Ryan Gerard G Michael Thorbjornsen G Doug Ghim G Ben Kohles,,,
567,5203204628,tbjones2121 (4/20),0,523.5,G Patrick Cantlay G Jake Knapp G J.J. Spaun G Michael Thorbjornsen G Davis Thompson G Corey Conners,,,
573,5201437260,stammlerj (7/20),0,523,G Xander Schauffele G Si Woo Kim G Jackson Koivun G Chris Kirk G Kris Ventura G Zecheng Dou,,,
573,5201661888,Cowboys082288 (1/4),0,523,G Si Woo Kim G Jackson Koivun G Ryan Gerard G Keegan Bradley G Matt Wallace G Jordan L. Smith,,,
573,5202288000,kingeugene,0,523,G Xander Schauffele G Patrick Cantlay G Ryan Gerard G Jackson Suber G Ben Kohles G Jordan L. Smith,,,
573,5202438573,CraigAD66 (3/12),0,523,G Xander Schauffele G Patrick Cantlay G Ryan Gerard G Jackson Suber G Ben Kohles G Jordan L. Smith,,,
573,5202488304,ford66 (1/3),0,523,G Xander Schauffele G Patrick Cantlay G Ryan Gerard G Jackson Suber G Ben Kohles G Jordan L. Smith,,,
573,5202527045,craigger34 (9/15),0,523,G Xander Schauffele G Patrick Cantlay G Ryan Gerard G Jackson Suber G Ben Kohles G Jordan L. Smith,,,
573,5202856598,HankVol (5/5),0,523,G Jackson Koivun G Hideki Matsuyama G J.J. Spaun G Davis Thompson G Corey Conners G Ben Kohles,,,
573,5203053741,Osman85 (11/20),0,523,G Xander Schauffele G Hideki Matsuyama G Ryan Gerard G Corey Conners G Christiaan Bezuidenhout G Nick Taylor,,,
573,5203075968,dangasin (6/20),0,523,G Cameron Young G Xander Schauffele G Jacob Bridgeman G Mac Meissner G Michael Kim G William Mouw,,,
573,5203075970,dangasin (8/20),0,523,G Xander Schauffele G Hideki Matsuyama G Michael Thorbjornsen G Ryo Hisatsune G Corey Conners G Rasmus Neergaard-Petersen,,,
573,5203089485,R-E-L-A-X (1/2),0,523,G Xander Schauffele G Patrick Cantlay G Ryan Gerard G Jackson Suber G Ben Kohles G Jordan L. Smith,,,
573,5203089690,R-E-L-A-X (2/2),0,523,G Xander Schauffele G Patrick Cantlay G Ryan Gerard G Jackson Suber G Ben Kohles G Jordan L. Smith,,,
573,5203166530,sbolomo (9/20),0,523,G Cameron Young G Patrick Cantlay G Michael Thorbjornsen G Keegan Bradley G Mac Meissner G Mackenzie Hughes,,,
573,5203276421,bossman4lyfe,0,523,G Xander Schauffele G Patrick Cantlay G Ryan Gerard G Jackson Suber G Ben Kohles G Jordan L. Smith,,,
587,5200557098,tmusales (9/20),0,522.5,G Chris Gotterup G Hideki Matsuyama G Michael Thorbjornsen G Keegan Bradley G Corey Conners G Ben Kohles,,,
587,5201184335,hustlemania83 (17/20),0,522.5,G Cameron Young G Jake Knapp G Michael Thorbjornsen G Davis Thompson G Jackson Suber G Mac Meissner,,,
587,5201233953,krens (2/2),0,522.5,G Cameron Young G Xander Schauffele G Michael Brennan G Max Greyserman G Emiliano Grillo G Chris Kirk,,,
587,5202166690,nwspring52 (2/5),0,522.5,G Si Woo Kim G Hideki Matsuyama G Ryan Gerard G Jacob Bridgeman G Corey Conners G Doug Ghim,,,
587,5202509297,JTcapSNAKE (15/20),0,522.5,G Cameron Young G Russell Henley G Michael Thorbjornsen G Keegan Bradley G Max Greyserman G Zecheng Dou,,,
587,5202755624,4squires20 (1/3),0,522.5,G Si Woo Kim G Russell Henley G Hideki Matsuyama G Nicolai Højgaard G Sungjae Im G Rasmus Højgaard,,,
587,5202769727,Maloneymat16 (2/20),0,522.5,G Xander Schauffele G Patrick Cantlay G J.J. Spaun G Davis Thompson G Benjamin James G Sungjae Im,,,
587,5202819122,jokerdpo (10/10),0,522.5,G Russell Henley G Patrick Cantlay G Hideki Matsuyama G Michael Thorbjornsen G Ben Kohles G Sam Stevens,,,
587,5202939370,puttn4brdy (3/3),0,522.5,G Xander Schauffele G Si Woo Kim G Jacob Bridgeman G Jordan Spieth G Corey Conners G Ricky Castillo,,,
587,5203206312,July40521 (2/2),0,522.5,G Cameron Young G Patrick Cantlay G Jacob Bridgeman G Keegan Bradley G Davis Thompson G Sungjae Im,,,
597,5200732001,GOLDENDRAGON86 (4/11),0,522,G Xander Schauffele G Jackson Koivun G Ryan Gerard G Ryo Hisatsune G Michael Kim G Sungjae Im,,,
597,5200906809,jimsnuka (1/5),0,522,G Jackson Koivun G Russell Henley G Michael Brennan G Keegan Bradley G Davis Thompson G Jackson Suber,,,
597,5202282321,ziggitywood (8/20),0,522,G Cameron Young G Xander Schauffele G Jackson Suber G Ben Kohles G Mac Meissner G Kevin Yu,,,
597,5202396936,jeffwotruba (9/11),0,522,G Russell Henley G Patrick Cantlay G Rickie Fowler G Michael Brennan G Jacob Bridgeman G Jordan Spieth,,,
597,5202433976,oicu2uno (14/20),0,522,G Cameron Young G Hideki Matsuyama G Jacob Bridgeman G Davis Thompson G Corey Conners G Christiaan Bezuidenhout,,,
597,5202511195,jaygon122 (1/11),0,522,G Cameron Young G Russell Henley G Ryan Gerard G Mac Meissner G Christiaan Bezuidenhout G Ricky Castillo,,,
597,5202856972,gorczyca313,0,522,G Cameron Young G Hideki Matsuyama G Michael Thorbjornsen G Rickie Fowler G Michael Brennan G Justin Quiban,,,
597,5202930182,gtsml (10/20),0,522,G Cameron Young G Xander Schauffele G Davis Thompson G Benjamin James G Sungjae Im G William Mouw,,,
597,5203246593,faroutios (2/2),0,522,G Xander Schauffele G Patrick Cantlay G Hideki Matsuyama G Doug Ghim G Max Greyserman G Sungjae Im,,,
606,5201162080,sportsfanatic89 (18/20),0,521.5,G Chris Gotterup G Patrick Cantlay G Michael Thorbjornsen G Rickie Fowler G Corey Conners G Mac Meissner,,,
606,5201308063,tedsellers86 (10/20),0,521.5,G Cameron Young G Hideki Matsuyama G Ryan Gerard G Jordan L. Smith G Stephan Jaeger G Sungjae Im,,,
606,5201922442,sboynton10 (14/20),0,521.5,G Si Woo Kim G Jake Knapp G Michael Thorbjornsen G Michael Brennan G Jacob Bridgeman G Corey Conners,,,
606,5202012561,bobjustbob728 (7/20),0,521.5,G Si Woo Kim G Hideki Matsuyama G Ryan Gerard G Keegan Bradley G Jordan Spieth G Ben Kohles,,,
606,5202427779,wocom (3/11),0,521.5,G Cameron Young G Xander Schauffele G Jacob Bridgeman G Corey Conners G Ricky Castillo G Zac Blair,,,
606,5202431856,wocom (5/11),0,521.5,G Cameron Young G Xander Schauffele G Jacob Bridgeman G Corey Conners G Ricky Castillo G Zac Blair,,,
606,5202431861,wocom (9/11),0,521.5,G Cameron Young G Xander Schauffele G Jacob Bridgeman G Corey Conners G Ricky Castillo G Zac Blair,,,
606,5203117886,chasevisa1 (6/10),0,521.5,G Jackson Koivun G Hideki Matsuyama G Nicolai Højgaard G Michael Thorbjornsen G Keegan Bradley G Max Greyserman,,,
606,5203138991,Kenwalk (12/20),0,521.5,G Russell Henley G Hideki Matsuyama G J.J. Spaun G Ryan Gerard G Doug Ghim G Ricky Castillo,,,
606,5203153310,bearpaw8791 (14/18),0,521.5,G Patrick Cantlay G Ben Griffin G Michael Thorbjornsen G Rickie Fowler G Michael Brennan G Keegan Bradley,,,
616,5200572995,kennyconcussion (3/6),0,521,G Xander Schauffele G Hideki Matsuyama G Billy Horschel G Rasmus Højgaard G Chris Kirk G Thorbjørn Olesen,,,
616,5200863708,khp5050 (2/20),0,521,G Russell Henley G Patrick Cantlay G Ryan Gerard G Michael Thorbjornsen G Rickie Fowler G Matti Schmid,,,
616,5201792864,SharkFrenzy (1/20),0,521,G Cameron Young G Jackson Koivun G Michael Brennan G Davis Thompson G Johnny Keefer G Chris Kirk,,,
616,5202595519,knicker111 (6/18),0,521,G Cameron Young G Patrick Cantlay G Keegan Bradley G Davis Thompson G Jackson Suber G Mac Meissner,,,
616,5202626358,jlee7337 (14/20),0,521,G Russell Henley G Patrick Cantlay G J.J. Spaun G Rickie Fowler G Davis Thompson G Sungjae Im,,,
616,5202690233,CartoGuy (12/20),0,521,G Cameron Young G Si Woo Kim G Jacob Bridgeman G Davis Thompson G Benjamin James G Rasmus Højgaard,,,
616,5202690238,CartoGuy (17/20),0,521,G Cameron Young G Patrick Cantlay G Jacob Bridgeman G Davis Thompson G Ryo Hisatsune G Rasmus Højgaard,,,
616,5203101460,mkeyes001 (4/20),0,521,G Cameron Young G Michael Thorbjornsen G Rickie Fowler G Davis Thompson G Ben Kohles G Aldrich Potgieter,,,
616,5203119045,nlang003 (14/20),0,521,G Ben Griffin G Ryan Gerard G Michael Thorbjornsen G Michael Brennan G Jacob Bridgeman G Ben Kohles,,,
616,5203138997,Kenwalk (18/20),0,521,G Jackson Koivun G Russell Henley G Michael Thorbjornsen G Jacob Bridgeman G Jordan Spieth G Jackson Suber,,,
626,5200557614,ryanlaughlin77 (3/20),0,520.5,G Cameron Young G J.J. Spaun G Michael Thorbjornsen G Davis Thompson G Jackson Suber G Johnny Keefer,,,
626,5200868520,GenaroP (1/20),0,520.5,G Russell Henley G Patrick Cantlay G Jake Knapp G Rickie Fowler G Michael Brennan G Rasmus Højgaard,,,
626,5201327537,ttillie (3/20),0,520.5,G Cameron Young G Ryan Gerard G Jacob Bridgeman G Davis Thompson G Mac Meissner G Christiaan Bezuidenhout,,,
626,5201406516,eastwoodr (3/3),0,520.5,G Xander Schauffele G Patrick Cantlay G Hideki Matsuyama G Rickie Fowler G Emiliano Grillo G Mark Hubbard,,,
626,5201646344,benjihogan (20/20),0,520.5,G Cameron Young G Patrick Cantlay G J.J. Spaun G Keegan Bradley G Sungjae Im G Rico Hoey,,,
626,5202206302,Bitmeee (7/20),0,520.5,G Si Woo Kim G Ryan Gerard G Nicolai Højgaard G Michael Thorbjornsen G Keegan Bradley G Christiaan Bezuidenhout,,,
626,5202406232,GreenTailShiner (10/20),0,520.5,G Xander Schauffele G Si Woo Kim G Keegan Bradley G Ryo Hisatsune G Corey Conners G Mac Meissner,,,
626,5202592934,sethug (2/4),0,520.5,G Si Woo Kim G Russell Henley G Rickie Fowler G Jacob Bridgeman G Davis Thompson G Ben Kohles,,,
626,5202845239,coachp17 (17/20),0,520.5,G Cameron Young G Ryan Gerard G Michael Brennan G Jacob Bridgeman G Ryo Hisatsune G Corey Conners,,,
635,5200558825,paintgirl (17/20),0,520,G Russell Henley G Patrick Cantlay G Hideki Matsuyama G Jacob Bridgeman G Corey Conners G Jordan L. Smith,,,
635,5200976349,girlymen (3/7),0,520,G Xander Schauffele G Hideki Matsuyama G Ryan Gerard G Ryo Hisatsune G Ben Kohles G Christiaan Bezuidenhout,,,
635,5201327478,teats73 (1/20),0,520,G Xander Schauffele G Jake Knapp G Michael Thorbjornsen G Michael Brennan G Jackson Suber G Johnny Keefer,,,
635,5202073884,ihags (7/20),0,520,G Russell Henley G Patrick Cantlay G J.J. Spaun G Michael Thorbjornsen G Jacob Bridgeman G William Mouw,,,
635,5202251570,datyoungreezy (8/20),0,520,G Wyndham Clark G Hideki Matsuyama G Ryan Gerard G Michael Thorbjornsen G Corey Conners G Doug Ghim,,,
635,5202324313,dallas1fan21 (14/20),0,520,G Xander Schauffele G Patrick Cantlay G Nicolai Højgaard G Jacob Bridgeman G Corey Conners G Sungjae Im,,,
635,5202596323,sploush (13/20),0,520,G Cameron Young G Hideki Matsuyama G Michael Brennan G Jacob Bridgeman G Keegan Bradley G Patrick Fishburn,,,
635,5202606157,steve3258 (1/20),0,520,G Cameron Young G Russell Henley G Nicolai Højgaard G Davis Thompson G Mac Meissner G Sungjae Im,,,
635,5202821049,mondi76 (1/20),0,520,G Jackson Koivun G Hideki Matsuyama G Jake Knapp G Michael Thorbjornsen G Ben Kohles G Sungjae Im,,,
635,5202956663,Bigb16 (12/20),0,520,G Xander Schauffele G Patrick Cantlay G Nicolai Højgaard G Jacob Bridgeman G Corey Conners G Sungjae Im,,,
635,5203225220,Rhombus87 (12/20),0,520,G Xander Schauffele G Patrick Cantlay G Nicolai Højgaard G Jacob Bridgeman G Corey Conners G Sungjae Im,,,
646,5201260435,whwalker13 (15/20),0,519.5,G Xander Schauffele G Patrick Cantlay G Michael Thorbjornsen G Keegan Bradley G Ben Kohles G Andrew Novak,,,
646,5201361130,petespicks1947 (1/4),0,519.5,G Xander Schauffele G Hideki Matsuyama G Jacob Bridgeman G Jordan Spieth G Ryo Hisatsune G Corey Conners,,,
646,5201361141,petespicks1947 (2/4),0,519.5,G Xander Schauffele G Hideki Matsuyama G Jacob Bridgeman G Jordan Spieth G Ryo Hisatsune G Corey Conners,,,
646,5201365423,petespicks1947 (3/4),0,519.5,G Xander Schauffele G Hideki Matsuyama G Jacob Bridgeman G Jordan Spieth G Ryo Hisatsune G Corey Conners,,,
646,5201365677,petespicks1947 (4/4),0,519.5,G Xander Schauffele G Hideki Matsuyama G Jacob Bridgeman G Jordan Spieth G Ryo Hisatsune G Corey Conners,,,
646,5202075943,aclegend89 (14/20),0,519.5,G Cameron Young G Xander Schauffele G Davis Thompson G Corey Conners G Christiaan Bezuidenhout G Zac Blair,,,
646,5202682360,Fujitsu,0,519.5,G Xander Schauffele G Hideki Matsuyama G Rickie Fowler G Jacob Bridgeman G Rasmus Neergaard-Petersen G Matt Wallace,,,
646,5202883695,marwalk82 (2/20),0,519.5,G Jackson Koivun G Patrick Cantlay G Rickie Fowler G Matt Wallace G Mac Meissner G Tony Finau,,,
646,5203199303,sationsema (1/3),0,519.5,G Cameron Young G Si Woo Kim G Jacob Bridgeman G Matt Wallace G Mac Meissner G Benjamin James,,,
646,5203218827,AFriedman15 (11/20),0,519.5,G Cameron Young G Hideki Matsuyama G Michael Thorbjornsen G Davis Thompson G Aldrich Potgieter G Kevin Yu,,,
646,5203268059,seth1374 (7/20),0,519.5,G Cameron Young G Nicolai Højgaard G Michael Thorbjornsen G Jacob Bridgeman G Ben Kohles G Benjamin James,,,
657,5200653320,tbird1957 (3/8),0,519,G Xander Schauffele G Si Woo Kim G Hideki Matsuyama G Jacob Bridgeman G Chris Kirk G Mark Hubbard,,,
657,5200742711,redfish611 (4/12),0,519,G Jackson Koivun G Ben Griffin G Ryan Gerard G Michael Thorbjornsen G Davis Thompson G Sungjae Im,,,
657,5200895558,snifterful (6/6),0,519,G Cameron Young G J.J. Spaun G Michael Thorbjornsen G Davis Thompson G Jackson Suber G Max Greyserman,,,
657,5200914958,danblack67 (15/20),0,519,G Hideki Matsuyama G Jake Knapp G Ryan Gerard G Michael Brennan G Jacob Bridgeman G Davis Thompson,,,
657,5201462104,Michael2522 (2/4),0,519,G Si Woo Kim G Hideki Matsuyama G Ryan Gerard G Jacob Bridgeman G Corey Conners G Benjamin James,,,
657,5202354600,stormking82 (2/8),0,519,G Cameron Young G Si Woo Kim G Ryo Hisatsune G Corey Conners G Matt Wallace G Ben Kohles,,,
657,5202456889,marvink (19/20),0,519,G Jackson Koivun G Hideki Matsuyama G Rickie Fowler G Michael Brennan G Jacob Bridgeman G Jordan Spieth,,,
657,5203039891,nauldyboy (3/20),0,519,G Xander Schauffele G J.J. Spaun G Ryan Gerard G Jacob Bridgeman G Mac Meissner G Jordan L. Smith,,,
665,5200569720,TenashusD (4/6),0,518.5,G J.J. Spaun G Ryan Gerard G Harris English G Michael Thorbjornsen G Rickie Fowler G Jacob Bridgeman,,,
665,5200616535,sportsfanatic89 (5/20),0,518.5,G Jackson Koivun G Patrick Cantlay G Hideki Matsuyama G Jordan Spieth G Mac Meissner G Michael Kim,,,
665,5200628748,werosh (9/20),0,518.5,G Cameron Young G Si Woo Kim G Davis Thompson G Corey Conners G Doug Ghim G Sungjae Im,,,
665,5201475614,boyle5000 (7/20),0,518.5,G Wyndham Clark G Ryan Gerard G Michael Thorbjornsen G Rickie Fowler G Jacob Bridgeman G Davis Thompson,,,
665,5202154918,hectic1980 (2/6),0,518.5,G Xander Schauffele G Patrick Cantlay G Michael Thorbjornsen G Jacob Bridgeman G Keegan Bradley G Cameron Davis,,,
665,5202379819,cxt7,0,518.5,G Cameron Young G Nicolai Højgaard G Michael Thorbjornsen G Marco Penge G Davis Thompson G Johnny Keefer,,,
665,5202434041,kreller17 (9/20),0,518.5,G Cameron Young G Patrick Cantlay G Michael Thorbjornsen G Keegan Bradley G Corey Conners G Zachary Bauchou,,,
665,5202865303,baldbrother40 (3/6),0,518.5,G Cameron Young G Rickie Fowler G Jacob Bridgeman G Keegan Bradley G Davis Thompson G Jordan Spieth,,,
665,5202866181,baldbrother40 (6/6),0,518.5,G Cameron Young G Rickie Fowler G Jacob Bridgeman G Keegan Bradley G Davis Thompson G Jordan Spieth,,,
665,5202956655,Bigb16 (4/20),0,518.5,G Russell Henley G Patrick Cantlay G Ryan Gerard G Jacob Bridgeman G Keegan Bradley G Doug Ghim,,,
665,5203000187,schulza23 (17/20),0,518.5,G Xander Schauffele G Jackson Koivun G Michael Brennan G Davis Thompson G Ryo Hisatsune G Jordan L. Smith,,,
665,5203090554,LOCNOTM (5/20),0,518.5,G Si Woo Kim G Russell Henley G Ryan Gerard G Keegan Bradley G Corey Conners G Jordan L. Smith,,,
665,5203173392,seriousam69 (15/20),0,518.5,G Hideki Matsuyama G Ryan Gerard G Harris English G Rickie Fowler G Jacob Bridgeman G Davis Thompson,,,
678,5201042339,jeffreyride (2/7),0,518,G Cameron Young G Patrick Cantlay G Hideki Matsuyama G Jackson Suber G Sungjae Im G Chris Kirk,,,
678,5201157730,preeves4 (7/20),0,518,G Xander Schauffele G Jackson Koivun G Michael Thorbjornsen G Davis Thompson G Benjamin James G Sudarshan Yellamaraju,,,
678,5201162497,KirschCardiff (1/6),0,518,G Cameron Young G Russell Henley G Ryan Gerard G Michael Brennan G Eric Cole G Davis Riley,,,
678,5201216491,Mousedef (18/20),0,518,G Cameron Young G Russell Henley G Nicolai Højgaard G Matt Wallace G Jordan L. Smith G Michael Kim,,,
678,5201217669,jeffj490 (3/3),0,518,G Xander Schauffele G Russell Henley G Michael Brennan G Davis Thompson G Denny McCarthy G Corey Conners,,,
678,5201384385,edmadn (2/7),0,518,G Chris Gotterup G Russell Henley G Michael Thorbjornsen G Michael Brennan G Davis Thompson G Jordan L. Smith,,,
678,5201974175,amyjbour (1/2),0,518,G Cameron Young G Hideki Matsuyama G Jacob Bridgeman G Davis Thompson G Jackson Suber G Ben Kohles,,,
678,5202056550,eagles5016 (16/20),0,518,G Cameron Young G Patrick Cantlay G Nicolai Højgaard G Michael Brennan G Ricky Castillo G Chris Kirk,,,
678,5202134643,pnf2,0,518,G Xander Schauffele G Hideki Matsuyama G Michael Thorbjornsen G Ryo Hisatsune G Denny McCarthy G Corey Conners,,,
678,5202222814,freeatm (7/10),0,518,G Russell Henley G J.J. Spaun G Ryan Gerard G Rickie Fowler G Michael Brennan G Jackson Suber,,,
678,5202251574,datyoungreezy (12/20),0,518,G Si Woo Kim G Hideki Matsuyama G Ryan Gerard G Michael Brennan G Jackson Suber G Doug Ghim,,,
678,5202515017,wabbittwaks (6/6),0,518,G Cameron Young G Rickie Fowler G Michael Brennan G Jacob Bridgeman G Keegan Bradley G Jordan Spieth,,,
678,5202521784,MEP7811 (6/20),0,518,G Jackson Koivun G Patrick Cantlay G J.J. Spaun G Jacob Bridgeman G Corey Conners G Matt Wallace,,,
678,5203090553,LOCNOTM (4/20),0,518,G Cameron Young G J.J. Spaun G Ryan Gerard G Keegan Bradley G Mac Meissner G Sungjae Im,,,
678,5203209557,emptynet39 (9/10),0,518,G Russell Henley G Hideki Matsuyama G Ryan Gerard G Jacob Bridgeman G Ricky Castillo G Zac Blair,,,
693,5200557622,ryanlaughlin77 (11/20),0,517.5,G Xander Schauffele G Russell Henley G Rickie Fowler G Mac Meissner G Christiaan Bezuidenhout G Emiliano Grillo,,,
693,5200988964,rpough911 (3/15),0,517.5,G Xander Schauffele G Jackson Koivun G Ryan Gerard G Benjamin James G Michael Kim G Emiliano Grillo,,,
693,5201477454,gweedo3329 (1/8),0,517.5,G Cameron Young G Russell Henley G Michael Brennan G Jacob Bridgeman G Benjamin James G Michael Kim,,,
693,5201922439,sboynton10 (11/20),0,517.5,G Cameron Young G Si Woo Kim G Michael Thorbjornsen G Jackson Suber G Jordan L. Smith G Sungjae Im,,,
693,5202000990,thackspaz (18/20),0,517.5,G Xander Schauffele G Jackson Koivun G Jacob Bridgeman G Keegan Bradley G Corey Conners G Jordan L. Smith,,,
693,5202547474,Dubbzz (15/20),0,517.5,G Xander Schauffele G Russell Henley G Michael Brennan G Keegan Bradley G Davis Thompson G Sam Stevens,,,
693,5202595521,knicker111 (8/18),0,517.5,G Cameron Young G Ben Griffin G Michael Thorbjornsen G Corey Conners G Mac Meissner G Sungjae Im,,,
693,5203172069,jmengler83 (7/10),0,517.5,G Xander Schauffele G Wyndham Clark G Michael Thorbjornsen G Davis Thompson G Jackson Suber G Ricky Castillo,,,
701,5200570782,TAltland (4/20),0,517,G Xander Schauffele G Ryan Gerard G Nicolai Højgaard G Jacob Bridgeman G Keegan Bradley G Kevin Yu,,,
701,5200662801,andybonds (16/20),0,517,G Jackson Koivun G Patrick Cantlay G Hideki Matsuyama G Jacob Bridgeman G Ben Kohles G Mac Meissner,,,
701,5201119117,weszy (10/20),0,517,G Jake Knapp G Ryan Gerard G Nicolai Højgaard G Michael Thorbjornsen G Jacob Bridgeman G Davis Thompson,,,
701,5201216490,Mousedef (17/20),0,517,G Xander Schauffele G Si Woo Kim G Michael Thorbjornsen G Rasmus Neergaard-Petersen G Michael Kim G Sungjae Im,,,
701,5201327544,ttillie (10/20),0,517,G Jackson Koivun G Patrick Cantlay G Rickie Fowler G Michael Brennan G Davis Thompson G Christiaan Bezuidenhout,,,
701,5201673853,RamsRuleRamsRule (3/18),0,517,G Cameron Young G Akshay Bhatia G Michael Thorbjornsen G Davis Thompson G Jordan Spieth G Corey Conners,,,
701,5202348803,shawnbeast (2/3),0,517,G Xander Schauffele G Akshay Bhatia G Michael Thorbjornsen G Rickie Fowler G Ryo Hisatsune G Corey Conners,,,
701,5202452811,jokerdpo (9/10),0,517,G Cameron Young G Xander Schauffele G Jordan Spieth G Matt Wallace G Ricky Castillo G Mackenzie Hughes,,,
701,5202572396,gator9399 (5/5),0,517,G Cameron Young G Xander Schauffele G Rickie Fowler G Mac Meissner G Nicolas Echavarria G Rasmus Højgaard,,,
701,5202636732,sedric1 (14/20),0,517,G Cameron Young G Xander Schauffele G Keegan Bradley G Corey Conners G Jordan L. Smith G William Mouw,,,
701,5202707027,RamsRuleRamsRule (9/18),0,517,G Cameron Young G Akshay Bhatia G Michael Thorbjornsen G Davis Thompson G Jordan Spieth G Corey Conners,,,
701,5202729159,slugger4ny (12/20),0,517,G Si Woo Kim G Jackson Koivun G Patrick Cantlay G Corey Conners G Mac Meissner G Chris Kirk,,,
701,5203023747,Swish1422,0,517,G Cameron Young G Michael Thorbjornsen G Rickie Fowler G Jacob Bridgeman G Ryo Hisatsune G Jackson Suber,,,
701,5203173384,seriousam69 (7/20),0,517,G Cameron Young G Hideki Matsuyama G Rickie Fowler G Jacob Bridgeman G Davis Thompson G Zac Blair,,,
701,5203211819,Krispyjp13 (2/2),0,517,G Cameron Young G Xander Schauffele G Ryo Hisatsune G Jackson Suber G Stephan Jaeger G Rasmus Højgaard,,,
716,5200613987,bigwheelio (17/20),0,516.5,G Si Woo Kim G Jackson Koivun G Michael Thorbjornsen G Michael Brennan G Jackson Suber G Johnny Keefer,,,
716,5200697101,partysover5 (3/8),0,516.5,G Russell Henley G Patrick Cantlay G Hideki Matsuyama G Jordan Spieth G Jackson Suber G Corey Conners,,,
716,5201124679,mahaa507 (1/20),0,516.5,G Cameron Young G Hideki Matsuyama G Michael Brennan G Jacob Bridgeman G Corey Conners G Tony Finau,,,
716,5201184298,hustlemania83 (16/20),0,516.5,G Cameron Young G Jake Knapp G Michael Thorbjornsen G Davis Thompson G Jackson Suber G Ben Kohles,,,
716,5201220786,unclesleepy (4/8),0,516.5,G Russell Henley G Hideki Matsuyama G Keegan Bradley G Corey Conners G Doug Ghim G Emiliano Grillo,,,
716,5201462692,diegoseis (18/20),0,516.5,G Jackson Koivun G Hideki Matsuyama G Ryan Gerard G Nicolai Højgaard G Jackson Suber G Rico Hoey,,,
716,5201619550,shon28 (2/12),0,516.5,G Si Woo Kim G Ryan Gerard G Nicolai Højgaard G Michael Thorbjornsen G Rickie Fowler G Nick Taylor,,,
716,5201667828,naughttj (4/20),0,516.5,G Patrick Cantlay G Hideki Matsuyama G Jake Knapp G Ryan Gerard G Davis Thompson G Kevin Roy,,,
716,5202000984,thackspaz (12/20),0,516.5,G Cameron Young G Hideki Matsuyama G J.J. Spaun G Keegan Bradley G Sungjae Im G Chris Kirk,,,
716,5202279657,mustangs2015 (1/20),0,516.5,G Cameron Young G J.J. Spaun G Rickie Fowler G Keegan Bradley G Corey Conners G Michael Kim,,,
716,5202420605,valangels41 (1/3),0,516.5,G Russell Henley G Hideki Matsuyama G Michael Thorbjornsen G Rickie Fowler G Jordan Spieth G Eric Cole,,,
716,5202670479,RunandGun7,0,516.5,G Patrick Cantlay G Hideki Matsuyama G Jake Knapp G Michael Thorbjornsen G Max Greyserman G Chris Kirk,,,
716,5203017509,kpeake24 (1/2),0,516.5,G Xander Schauffele G Jackson Koivun G Nicolai Højgaard G Michael Brennan G Kevin Yu G Kevin Roy,,,
716,5203017510,kpeake24 (2/2),0,516.5,G Xander Schauffele G Jackson Koivun G Nicolai Højgaard G Michael Brennan G Kevin Yu G Kevin Roy,,,
716,5203093441,austin60915 (7/20),0,516.5,G Cameron Young G Si Woo Kim G Michael Brennan G Corey Conners G Jordan L. Smith G Michael Kim,,,
716,5203107600,Birkhead (11/11),0,516.5,G Cameron Young G Jake Knapp G Michael Thorbjornsen G Davis Thompson G Jackson Suber G Ben Kohles,,,
716,5203107967,bjnfan (4/20),0,516.5,G Cameron Young G J.J. Spaun G Rickie Fowler G Keegan Bradley G Corey Conners G Michael Kim,,,
716,5203253792,Redeyes89 (1/20),0,516.5,G Xander Schauffele G Hideki Matsuyama G Jacob Bridgeman G Jordan Spieth G Ryo Hisatsune G Mac Meissner,,,
716,5203253793,Redeyes89 (2/20),0,516.5,G Xander Schauffele G Hideki Matsuyama G Jacob Bridgeman G Jordan Spieth G Ryo Hisatsune G Mac Meissner,,,
716,5203253794,Redeyes89 (3/20),0,516.5,G Xander Schauffele G Hideki Matsuyama G Jacob Bridgeman G Jordan Spieth G Ryo Hisatsune G Mac Meissner,,,
716,5203253795,Redeyes89 (4/20),0,516.5,G Xander Schauffele G Hideki Matsuyama G Jacob Bridgeman G Jordan Spieth G Ryo Hisatsune G Mac Meissner,,,
716,5203253796,Redeyes89 (5/20),0,516.5,G Xander Schauffele G Hideki Matsuyama G Jacob Bridgeman G Jordan Spieth G Ryo Hisatsune G Mac Meissner,,,
716,5203253797,Redeyes89 (6/20),0,516.5,G Xander Schauffele G Hideki Matsuyama G Jacob Bridgeman G Jordan Spieth G Ryo Hisatsune G Mac Meissner,,,
716,5203253798,Redeyes89 (7/20),0,516.5,G Xander Schauffele G Hideki Matsuyama G Jacob Bridgeman G Jordan Spieth G Ryo Hisatsune G Mac Meissner,,,
716,5203253799,Redeyes89 (8/20),0,516.5,G Xander Schauffele G Hideki Matsuyama G Jacob Bridgeman G Jordan Spieth G Ryo Hisatsune G Mac Meissner,,,
716,5203253800,Redeyes89 (9/20),0,516.5,G Xander Schauffele G Hideki Matsuyama G Jacob Bridgeman G Jordan Spieth G Ryo Hisatsune G Mac Meissner,,,
716,5203253801,Redeyes89 (10/20),0,516.5,G Xander Schauffele G Hideki Matsuyama G Jacob Bridgeman G Jordan Spieth G Ryo Hisatsune G Mac Meissner,,,
716,5203253802,Redeyes89 (11/20),0,516.5,G Xander Schauffele G Hideki Matsuyama G Jacob Bridgeman G Jordan Spieth G Ryo Hisatsune G Mac Meissner,,,
716,5203253803,Redeyes89 (12/20),0,516.5,G Xander Schauffele G Hideki Matsuyama G Jacob Bridgeman G Jordan Spieth G Ryo Hisatsune G Mac Meissner,,,
716,5203253804,Redeyes89 (13/20),0,516.5,G Xander Schauffele G Hideki Matsuyama G Jacob Bridgeman G Jordan Spieth G Ryo Hisatsune G Mac Meissner,,,
716,5203253805,Redeyes89 (14/20),0,516.5,G Xander Schauffele G Hideki Matsuyama G Jacob Bridgeman G Jordan Spieth G Ryo Hisatsune G Mac Meissner,,,
716,5203253806,Redeyes89 (15/20),0,516.5,G Xander Schauffele G Hideki Matsuyama G Jacob Bridgeman G Jordan Spieth G Ryo Hisatsune G Mac Meissner,,,
716,5203253807,Redeyes89 (16/20),0,516.5,G Xander Schauffele G Hideki Matsuyama G Jacob Bridgeman G Jordan Spieth G Ryo Hisatsune G Mac Meissner,,,
716,5203253808,Redeyes89 (17/20),0,516.5,G Xander Schauffele G Hideki Matsuyama G Jacob Bridgeman G Jordan Spieth G Ryo Hisatsune G Mac Meissner,,,
716,5203253809,Redeyes89 (18/20),0,516.5,G Xander Schauffele G Hideki Matsuyama G Jacob Bridgeman G Jordan Spieth G Ryo Hisatsune G Mac Meissner,,,
716,5203253810,Redeyes89 (19/20),0,516.5,G Xander Schauffele G Hideki Matsuyama G Jacob Bridgeman G Jordan Spieth G Ryo Hisatsune G Mac Meissner,,,
716,5203253811,Redeyes89 (20/20),0,516.5,G Xander Schauffele G Hideki Matsuyama G Jacob Bridgeman G Jordan Spieth G Ryo Hisatsune G Mac Meissner,,,
753,5200614673,vegasguy16 (11/20),0,516,G Hideki Matsuyama G Ben Griffin G Nicolai Højgaard G Michael Thorbjornsen G Michael Brennan G Corey Conners,,,
753,5201399204,nickstorey23 (1/20),0,516,G Patrick Cantlay G Hideki Matsuyama G J.J. Spaun G Rickie Fowler G Keegan Bradley G Ben Kohles,,,
753,5202382094,MojaveWolf (12/20),0,516,G Jackson Koivun G Patrick Cantlay G Hideki Matsuyama G Davis Thompson G Jackson Suber G Ben Kohles,,,
753,5202883712,marwalk82 (19/20),0,516,G Cameron Young G Michael Thorbjornsen G Jacob Bridgeman G Ryo Hisatsune G Ben Kohles G Benjamin James,,,
753,5203075974,dangasin (12/20),0,516,G Si Woo Kim G Patrick Cantlay G J.J. Spaun G Davis Thompson G Corey Conners G Mac Meissner,,,
753,5203136347,Brwnz (10/11),0,516,G Cameron Young G Hideki Matsuyama G Rickie Fowler G Jordan Spieth G Ben Kohles G Kevin Yu,,,
753,5203167621,Betenbough (4/5),0,516,G Si Woo Kim G Patrick Cantlay G Hideki Matsuyama G Michael Brennan G Jackson Suber G Kevin Roy,,,
760,5200628969,cbizz151 (5/20),0,515.5,G Cameron Young G Patrick Cantlay G Nicolai Højgaard G Davis Thompson G Matt Wallace G Zecheng Dou,,,
760,5200644643,stewie1963 (13/20),0,515.5,G Si Woo Kim G Russell Henley G Hideki Matsuyama G Ben Kohles G Mac Meissner G Benjamin James,,,
760,5201437271,stammlerj (18/20),0,515.5,G Cameron Young G Russell Henley G Michael Thorbjornsen G Rasmus Neergaard-Petersen G Matt Wallace G Max Greyserman,,,
760,5201652545,FantasyGolferKM (5/20),0,515.5,G Si Woo Kim G Russell Henley G Ryan Gerard G Michael Brennan G Corey Conners G Nick Taylor,,,
760,5201980961,Szentiger (10/20),0,515.5,G Cameron Young G Patrick Cantlay G Ryan Gerard G Ben Kohles G Jordan L. Smith G Sungjae Im,,,
760,5202057154,coachescorner,0,515.5,G Xander Schauffele G Jackson Koivun G Ryan Gerard G Jacob Bridgeman G Ricky Castillo G Zac Blair,,,
760,5202441105,briguy13 (12/20),0,515.5,G Cameron Young G Xander Schauffele G Michael Thorbjornsen G Benjamin James G Sungjae Im G Max McGreevy,,,
760,5202490836,JayDime (6/6),0,515.5,G Xander Schauffele G Akshay Bhatia G Michael Thorbjornsen G Rickie Fowler G Jacob Bridgeman G Kevin Yu,,,
760,5202499609,esmith911 (14/16),0,515.5,G Si Woo Kim G Hideki Matsuyama G Ryan Gerard G Ryo Hisatsune G Corey Conners G Ben Kohles,,,
760,5202537783,scottie332 (18/20),0,515.5,G Xander Schauffele G Akshay Bhatia G Michael Thorbjornsen G Rickie Fowler G Keegan Bradley G Emiliano Grillo,,,
760,5202637303,scooter8174 (9/18),0,515.5,G Xander Schauffele G Patrick Cantlay G Ryan Gerard G Ryo Hisatsune G Ben Kohles G Jordan L. Smith,,,
760,5202894415,Niromada (5/20),0,515.5,G Russell Henley G Hideki Matsuyama G Jake Knapp G Michael Thorbjornsen G Johnny Keefer G Sungjae Im,,,
760,5202954727,LRoyTheKing (6/8),0,515.5,G Si Woo Kim G Russell Henley G Michael Thorbjornsen G Jacob Bridgeman G Christiaan Bezuidenhout G Kevin Yu,,,
760,5203285227,socoaj99 (3/3),0,515.5,G Cameron Young G Xander Schauffele G Michael Brennan G Doug Ghim G Kevin Yu G Neal Shipley,,,
774,5200627394,chippingferbogey (2/7),0,515,G Xander Schauffele G Si Woo Kim G Rickie Fowler G Corey Conners G Nick Taylor G Ricky Castillo,,,
774,5200691899,jsamp17 (4/20),0,515,G Cameron Young G Si Woo Kim G Davis Thompson G Corey Conners G Benjamin James G Sungjae Im,,,
774,5201448517,blindpic (2/7),0,515,G Cameron Young G Nicolai Højgaard G Rickie Fowler G Michael Brennan G Keegan Bradley G Ben Kohles,,,
774,5201654641,bbarks (8/10),0,515,G Xander Schauffele G Jackson Koivun G Michael Brennan G Jordan Spieth G Johnny Keefer G Ben Kohles,,,
774,5202201517,bschaper23 (5/20),0,515,G Cameron Young G Jake Knapp G Michael Thorbjornsen G Michael Brennan G Jackson Suber G Sungjae Im,,,
774,5202291737,B32044 (3/20),0,515,G Cameron Young G Jackson Koivun G Rickie Fowler G Davis Thompson G Emiliano Grillo G Chris Kirk,,,
774,5202391749,dmcsheezy (2/3),0,515,G Si Woo Kim G Russell Henley G Ryan Gerard G Rickie Fowler G Corey Conners G Zac Blair,,,
774,5202618671,steveballou7,0,515,G Si Woo Kim G Hideki Matsuyama G Ryan Gerard G Jacob Bridgeman G Jordan Spieth G Ricky Castillo,,,
774,5202996776,dockman12600 (20/20),0,515,G Cameron Young G Si Woo Kim G Michael Thorbjornsen G Jackson Suber G Emiliano Grillo G Sungjae Im,,,
774,5203163051,Aza-meeda (1/2),0,515,G Si Woo Kim G Jake Knapp G Michael Thorbjornsen G Michael Brennan G Davis Thompson G Johnny Keefer,,,
774,5203204636,tbjones2121 (12/20),0,515,G Cameron Young G J.J. Spaun G Ryan Gerard G Keegan Bradley G Michael Kim G Sungjae Im,,,
774,5203253967,angelinasd (2/2),0,515,G Cameron Young G Russell Henley G J.J. Spaun G Rickie Fowler G Chris Kirk G Chandler Blanchet,,,
786,5200644638,stewie1963 (8/20),0,514.5,G Xander Schauffele G Si Woo Kim G Michael Thorbjornsen G Keegan Bradley G Ben Kohles G Hao-Tong Li,,,
786,5201795466,TundraThumper (3/20),0,514.5,G Cameron Young G Jackson Koivun G Michael Thorbjornsen G Davis Thompson G Stephan Jaeger G Mackenzie Hughes,,,
786,5201834650,24-Seven (11/20),0,514.5,G Russell Henley G Hideki Matsuyama G Ryan Gerard G Jacob Bridgeman G Ryo Hisatsune G Ben Kohles,,,
786,5202307196,wowwwwwdfs_kkc (18/20),0,514.5,G Si Woo Kim G Patrick Cantlay G Hideki Matsuyama G Jacob Bridgeman G Mac Meissner G Sungjae Im,,,
786,5202477095,LCGiant,0,514.5,G Russell Henley G Patrick Cantlay G Hideki Matsuyama G Rickie Fowler G Mac Meissner G Nick Taylor,,,
786,5202554982,cmartyrun (6/20),0,514.5,G Cameron Young G Ryan Gerard G Nicolai Højgaard G Davis Thompson G Doug Ghim G Ben Kohles,,,
786,5202899656,jgoody (14/20),0,514.5,G Xander Schauffele G Patrick Cantlay G Michael Thorbjornsen G Keegan Bradley G Pierceson Coody G Jordan L. Smith,,,
786,5202899695,Gronk-you (1/20),0,514.5,G Xander Schauffele G Jackson Koivun G Michael Brennan G Jackson Suber G Ben Kohles G Benjamin James,,,
786,5202954523,WinAtFantasyFootball (2/3),0,514.5,G Cameron Young G Jackson Koivun G Jacob Bridgeman G Corey Conners G Ben Kohles G Mac Meissner,,,
795,5201130834,jpbugeater (12/20),0,514,G Patrick Cantlay G J.J. Spaun G Nicolai Højgaard G Michael Thorbjornsen G Jacob Bridgeman G Keegan Bradley,,,
795,5201206297,bfoye,0,514,G Si Woo Kim G Hideki Matsuyama G Ryan Gerard G Rickie Fowler G Ben Kohles G Christiaan Bezuidenhout,,,
795,5201341813,mika0015 (5/14),0,514,G Si Woo Kim G Jackson Koivun G Michael Brennan G Jacob Bridgeman G Davis Thompson G Ben Kohles,,,
795,5202073887,ihags (10/20),0,514,G Patrick Cantlay G Jake Knapp G J.J. Spaun G Michael Thorbjornsen G Michael Brennan G Ben Kohles,,,
795,5202206079,edub1976 (5/20),0,514,G Si Woo Kim G Patrick Cantlay G Ryan Gerard G Keegan Bradley G Corey Conners G Jordan L. Smith,,,
795,5202310223,Spocker14 (2/20),0,514,G Russell Henley G Patrick Cantlay G Ryan Gerard G Nicolai Højgaard G Keegan Bradley G Sungjae Im,,,
795,5202359521,Stree (18/20),0,514,G Patrick Cantlay G J.J. Spaun G Nicolai Højgaard G Michael Thorbjornsen G Jacob Bridgeman G Keegan Bradley,,,
795,5202392932,dggross62 (2/4),0,514,G Russell Henley G Hideki Matsuyama G Nicolai Højgaard G Rickie Fowler G Michael Brennan G Jackson Suber,,,
795,5202457182,jr_dk (13/20),0,514,G Chris Gotterup G Russell Henley G Michael Thorbjornsen G Michael Brennan G Davis Thompson G Beau Hossler,,,
795,5202546235,bradeustice (1/3),0,514,G Xander Schauffele G Hideki Matsuyama G Nicolai Højgaard G Rickie Fowler G Christiaan Bezuidenhout G Sungjae Im,,,
795,5202606158,steve3258 (2/20),0,514,G Si Woo Kim G Patrick Cantlay G Ryan Gerard G Keegan Bradley G Corey Conners G Jordan L. Smith,,,
795,5202821171,enemymine (8/20),0,514,G Si Woo Kim G Patrick Cantlay G Ryan Gerard G Keegan Bradley G Corey Conners G Jordan L. Smith,,,
795,5202826263,JLR1985 (13/20),0,514,G Patrick Cantlay G J.J. Spaun G Nicolai Højgaard G Michael Thorbjornsen G Jacob Bridgeman G Keegan Bradley,,,
795,5203068297,colemryt (6/20),0,514,G Si Woo Kim G Patrick Cantlay G Ryan Gerard G Keegan Bradley G Corey Conners G Jordan L. Smith,,,
795,5203099526,YokoRomo (2/2),0,514,G Patrick Cantlay G J.J. Spaun G Nicolai Højgaard G Michael Thorbjornsen G Jacob Bridgeman G Keegan Bradley,,,
795,5203173286,bclegg_22 (7/20),0,514,G Cameron Young G Jackson Koivun G Keegan Bradley G Corey Conners G Doug Ghim G Mac Meissner,,,
795,5203176394,DIMETIME83 (7/16),0,514,G Cameron Young G Xander Schauffele G Corey Conners G Doug Ghim G Michael Kim G Nick Taylor,,,
812,5200731601,dynamite_d (4/5),0,513.5,G Russell Henley G J.J. Spaun G Ryan Gerard G Rickie Fowler G Jacob Bridgeman G Ben Kohles,,,
812,5201207034,btrish (1/3),0,513.5,G Cameron Young G Ryan Gerard G Michael Thorbjornsen G Jacob Bridgeman G Eric Cole G Michael Kim,,,
812,5201207048,btrish (2/3),0,513.5,G Cameron Young G Ryan Gerard G Michael Thorbjornsen G Jacob Bridgeman G Eric Cole G Michael Kim,,,
812,5201360005,harndogg (2/3),0,513.5,G Si Woo Kim G Russell Henley G Hideki Matsuyama G Michael Brennan G Max Greyserman G Sungjae Im,,,
812,5201439095,CrazyLaners (1/2),0,513.5,G Xander Schauffele G Hideki Matsuyama G Ryan Gerard G Rickie Fowler G Ben Kohles G Lee Hodges,,,
812,5201654634,bbarks (1/10),0,513.5,G Jackson Koivun G Patrick Cantlay G Hideki Matsuyama G Davis Thompson G Johnny Keefer G Ben Kohles,,,
812,5202277834,nsteinwart (19/20),0,513.5,G Xander Schauffele G Chris Gotterup G Jacob Bridgeman G Corey Conners G Matt Wallace G Michael Kim,,,
812,5202337316,TheKid2430 (7/20),0,513.5,G Si Woo Kim G Patrick Cantlay G Michael Thorbjornsen G Jacob Bridgeman G Eric Cole G Matt Wallace,,,
812,5202338990,Bruzin,0,513.5,G Jackson Koivun G Hideki Matsuyama G Michael Thorbjornsen G Jacob Bridgeman G Ryo Hisatsune G Jackson Suber,,,
812,5202490894,thinkit53 (16/16),0,513.5,G Si Woo Kim G Hideki Matsuyama G Jacob Bridgeman G Keegan Bradley G Davis Thompson G Jordan Spieth,,,
812,5202495039,Evan6855 (19/20),0,513.5,G Xander Schauffele G Russell Henley G J.J. Spaun G Michael Thorbjornsen G Chris Kirk G Garrick Higgo,,,
812,5202979574,Timac103 (10/20),0,513.5,G Patrick Cantlay G Hideki Matsuyama G Nicolai Højgaard G Rickie Fowler G Keegan Bradley G Ben Kohles,,,
812,5203142783,cbrinkley0001 (12/13),0,513.5,G Xander Schauffele G Jackson Koivun G Patrick Cantlay G Johnny Keefer G Kris Ventura G William Mouw,,,
812,5203158209,gdarb (6/8),0,513.5,G Xander Schauffele G Russell Henley G Jacob Bridgeman G Keegan Bradley G Ryo Hisatsune G Ben Kohles,,,
812,5203186856,has242,0,513.5,G Cameron Young G Hideki Matsuyama G Jacob Bridgeman G Keegan Bradley G Corey Conners G Emiliano Grillo,,,
812,5203226355,TheycallmeAssassin,0,513.5,G Xander Schauffele G Hideki Matsuyama G Nicolai Højgaard G Rickie Fowler G Jordan L. Smith G Kevin Yu,,,
812,5203254313,jimlexxx (16/20),0,513.5,G Cameron Young G Hideki Matsuyama G Nicolai Højgaard G Davis Thompson G Mac Meissner G Jordan L. Smith,,,
829,5200569746,rumrunner72 (13/20),0,513,G Jackson Koivun G Hideki Matsuyama G Ryan Gerard G Rickie Fowler G Ryo Hisatsune G Ben Kohles,,,
829,5200652104,joka290 (1/3),0,513,G Xander Schauffele G J.J. Spaun G Ryan Gerard G Michael Thorbjornsen G Benjamin James G Billy Horschel,,,
829,5201142005,ez4me (1/2),0,513,G Jackson Koivun G Hideki Matsuyama G Ryan Gerard G Rickie Fowler G Ryo Hisatsune G Ben Kohles,,,
829,5201284598,kacktrey7 (7/20),0,513,G Jackson Koivun G Hideki Matsuyama G J.J. Spaun G Michael Thorbjornsen G Jackson Suber G Jordan L. Smith,,,
829,5201619549,shon28 (1/12),0,513,G Si Woo Kim G Hideki Matsuyama G Ryan Gerard G Nicolai Højgaard G Ben Kohles G Michael Kim,,,
829,5202181317,ti29349 (5/5),0,513,G Jackson Koivun G Hideki Matsuyama G Ryan Gerard G Rickie Fowler G Ryo Hisatsune G Ben Kohles,,,
829,5202213697,bookert21 (15/20),0,513,G Chris Gotterup G Patrick Cantlay G Michael Thorbjornsen G Jacob Bridgeman G Davis Thompson G Mac Meissner,,,
829,5202515348,BSteelz34 (7/20),0,513,G Cameron Young G Si Woo Kim G Rickie Fowler G Matt Wallace G Max Greyserman G Stephan Jaeger,,,
829,5202999414,cartfanusa,0,513,G Si Woo Kim G Hideki Matsuyama G Ryan Gerard G Michael Brennan G Jacob Bridgeman G Zac Blair,,,
829,5203035015,sellycell17 (6/12),0,513,G Jackson Koivun G J.J. Spaun G Ryan Gerard G Michael Brennan G Jacob Bridgeman G Chris Kirk,,,
829,5203043300,mattsib (3/20),0,513,G Cameron Young G Patrick Cantlay G Michael Brennan G Davis Thompson G Jackson Suber G Jordan L. Smith,,,
829,5203279794,d9144 (15/19),0,513,G Si Woo Kim G Patrick Cantlay G Jake Knapp G Michael Thorbjornsen G Mac Meissner G Sungjae Im,,,
841,5200628755,werosh (16/20),0,512.5,G Si Woo Kim G Patrick Cantlay G Hideki Matsuyama G Keegan Bradley G Davis Thompson G William Mouw,,,
841,5201878128,lyeo91 (8/20),0,512.5,G Si Woo Kim G Jackson Koivun G Michael Brennan G Ryo Hisatsune G Matt Wallace G Ben Kohles,,,
841,5201886140,Dudes81 (5/9),0,512.5,G Cameron Young G Xander Schauffele G Jackson Suber G Johnny Keefer G Matt Wallace G Matthew McCarty,,,
841,5201905951,bryanbigbets (6/20),0,512.5,G Chris Gotterup G Hideki Matsuyama G Michael Thorbjornsen G Rickie Fowler G Corey Conners G Jordan L. Smith,,,
841,5202090781,Ezilodi (10/20),0,512.5,G Cameron Young G Hideki Matsuyama G Keegan Bradley G Davis Thompson G Doug Ghim G Christiaan Bezuidenhout,,,
841,5202161605,davezap (3/6),0,512.5,G Hideki Matsuyama G Akshay Bhatia G Nicolai Højgaard G Michael Thorbjornsen G Rickie Fowler G Michael Brennan,,,
841,5202442990,218RU (3/4),0,512.5,G Cameron Young G Russell Henley G Jake Knapp G Corey Conners G Ricky Castillo G Kris Ventura,,,
841,5202507693,Cliffx (18/20),0,512.5,G Xander Schauffele G Chris Gotterup G Michael Brennan G Corey Conners G Mac Meissner G Michael Kim,,,
841,5202668154,IN-THE-MONEY (1/20),0,512.5,G Cameron Young G Akshay Bhatia G Michael Thorbjornsen G Jacob Bridgeman G Davis Thompson G Michael Kim,,,
841,5202769730,Maloneymat16 (5/20),0,512.5,G Si Woo Kim G Jackson Koivun G J.J. Spaun G Michael Thorbjornsen G Jordan L. Smith G Chris Kirk,,,
841,5202973320,bb0477 (11/16),0,512.5,G Hideki Matsuyama G Akshay Bhatia G Nicolai Højgaard G Michael Thorbjornsen G Rickie Fowler G Michael Brennan,,,
852,5200808294,flanders21 (1/15),0,512,G Cameron Young G Hideki Matsuyama G Michael Brennan G Jacob Bridgeman G Ryo Hisatsune G Ricky Castillo,,,
852,5201308073,tedsellers86 (20/20),0,512,G Si Woo Kim G Russell Henley G Hideki Matsuyama G Michael Thorbjornsen G Kevin Roy G Andrew Putnam,,,
852,5201469774,fairwaykid (6/20),0,512,G Cameron Young G Hideki Matsuyama G Michael Thorbjornsen G Doug Ghim G Rasmus Neergaard-Petersen G Mac Meissner,,,
852,5201514390,jimvoodoo89 (2/2),0,512,G Xander Schauffele G Si Woo Kim G Rickie Fowler G Ryo Hisatsune G Ben Kohles G Ricky Castillo,,,
852,5201515004,hjgarcia,0,512,G Patrick Cantlay G J.J. Spaun G Akshay Bhatia G Michael Thorbjornsen G Michael Brennan G Davis Thompson,,,
852,5202266702,jtotheb,0,512,G Si Woo Kim G Hideki Matsuyama G Ryan Gerard G Rickie Fowler G Michael Kim G Tony Finau,,,
852,5202729930,3Debo0401,0,512,G Cameron Young G Ryan Gerard G Rickie Fowler G Keegan Bradley G Ryo Hisatsune G Ben Kohles,,,
852,5202856063,timothyandstacy (13/20),0,512,G Xander Schauffele G Hideki Matsuyama G Rickie Fowler G Jordan Spieth G Doug Ghim G Tony Finau,,,
852,5203010779,kevinreider4 (18/20),0,512,G Jackson Koivun G Ryan Gerard G Akshay Bhatia G Michael Thorbjornsen G Rickie Fowler G Ben Kohles,,,
852,5203087102,texasfrog90 (9/14),0,512,G Xander Schauffele G Hideki Matsuyama G J.J. Spaun G Davis Thompson G Jackson Suber G William Mouw,,,
852,5203089223,Dendogg86 (8/20),0,512,G Cameron Young G Russell Henley G Ryan Gerard G Rasmus Neergaard-Petersen G Matt Wallace G Chris Kirk,,,
852,5203092678,ZQ1989 (12/20),0,512,G Cameron Young G Patrick Cantlay G Ryan Gerard G Keegan Bradley G Michael Kim G Zac Blair,,,
852,5203153260,darrylposton (12/20),0,512,G Cameron Young G Russell Henley G J.J. Spaun G Mac Meissner G Michael Kim G Sungjae Im,,,
852,5203173284,bclegg_22 (5/20),0,512,G Si Woo Kim G Hideki Matsuyama G J.J. Spaun G Keegan Bradley G Davis Thompson G Sungjae Im,,,
866,5200914956,danblack67 (13/20),0,511.5,G Russell Henley G Patrick Cantlay G Hideki Matsuyama G Rickie Fowler G Michael Kim G Nick Taylor,,,
866,5201000904,hookabrotherup (2/20),0,511.5,G Jackson Koivun G Ben Griffin G Michael Thorbjornsen G Michael Brennan G Jacob Bridgeman G Davis Thompson,,,
866,5201076167,talbottnall,0,511.5,G Cameron Young G Xander Schauffele G Corey Conners G Ben Kohles G Christiaan Bezuidenhout G Emiliano Grillo,,,
866,5201327481,teats73 (4/20),0,511.5,G Xander Schauffele G Jackson Koivun G Ryan Gerard G Johnny Keefer G Benjamin James G Sungjae Im,,,
866,5201475612,boyle5000 (5/20),0,511.5,G Russell Henley G Jake Knapp G Ryan Gerard G Michael Thorbjornsen G Jackson Suber G Doug Ghim,,,
866,5201534395,Patsfan688 (16/20),0,511.5,G Russell Henley G Ryan Gerard G Harris English G Rickie Fowler G Jacob Bridgeman G Davis Thompson,,,
866,5202018773,jnorox (14/20),0,511.5,G Russell Henley G Ryan Gerard G Harris English G Rickie Fowler G Jacob Bridgeman G Davis Thompson,,,
866,5202113847,ranger800 (2/2),0,511.5,G Russell Henley G Hideki Matsuyama G J.J. Spaun G Ryan Gerard G Ben Kohles G Emiliano Grillo,,,
866,5202173508,icehouse131211 (2/8),0,511.5,G Cameron Young G Russell Henley G Jake Knapp G Michael Thorbjornsen G Chris Kirk G Matt Kuchar,,,
866,5202390483,jeffwotruba (2/11),0,511.5,G Hideki Matsuyama G Ben Griffin G Ryan Gerard G Michael Brennan G Keegan Bradley G Davis Thompson,,,
866,5202652270,comonc (14/20),0,511.5,G Chris Gotterup G Michael Thorbjornsen G Rickie Fowler G Michael Brennan G Jacob Bridgeman G Keegan Bradley,,,
866,5202662678,APASK (2/5),0,511.5,G Cameron Young G Rickie Fowler G Michael Brennan G Jacob Bridgeman G Keegan Bradley G Marco Penge,,,
866,5202668167,IN-THE-MONEY (14/20),0,511.5,G Chris Gotterup G Russell Henley G Michael Thorbjornsen G Rickie Fowler G Corey Conners G Kevin Yu,,,
866,5202828898,companionij (19/20),0,511.5,G Xander Schauffele G Jake Knapp G Harris English G Michael Thorbjornsen G Keegan Bradley G Luke Clanton,,,
866,5202834821,companionij (20/20),0,511.5,G Xander Schauffele G Jake Knapp G Harris English G Michael Thorbjornsen G Keegan Bradley G Luke Clanton,,,
866,5202845656,gulfernut (1/20),0,511.5,G Cameron Young G Rickie Fowler G Michael Brennan G Jacob Bridgeman G Keegan Bradley G Marco Penge,,,
866,5202940188,TheBigOuch (13/20),0,511.5,G Xander Schauffele G Russell Henley G Michael Brennan G Jacob Bridgeman G Ryo Hisatsune G Jordan L. Smith,,,
866,5203014180,borinick (1/4),0,511.5,G Russell Henley G Ryan Gerard G Harris English G Rickie Fowler G Jacob Bridgeman G Davis Thompson,,,
866,5203090565,LOCNOTM (16/20),0,511.5,G Chris Gotterup G Hideki Matsuyama G Michael Thorbjornsen G Jacob Bridgeman G Keegan Bradley G Mac Meissner,,,
866,5203228989,GoPhinsHayden,0,511.5,G Cameron Young G J.J. Spaun G Ryan Gerard G Jackson Suber G Matt Wallace G Benjamin James,,,
866,5203253960,Kvegas3645 (17/20),0,511.5,G Xander Schauffele G Patrick Cantlay G Jacob Bridgeman G Keegan Bradley G Ben Kohles G Christiaan Bezuidenhout,,,
887,5200862815,jrevelle3 (13/20),0,511,G Si Woo Kim G Russell Henley G Hideki Matsuyama G Marco Penge G Jackson Suber G Rico Hoey,,,
887,5200868740,jkthomps (12/20),0,511,G Cameron Young G Russell Henley G Ryan Gerard G Jacob Bridgeman G Chris Kirk G Zac Blair,,,
887,5200914944,danblack67 (1/20),0,511,G Russell Henley G Ryan Gerard G Akshay Bhatia G Michael Thorbjornsen G Davis Thompson G Ryo Hisatsune,,,
887,5200988419,RamsRuleRamsRule (2/18),0,511,G Xander Schauffele G Hideki Matsuyama G Jacob Bridgeman G Davis Thompson G Eric Cole G Corey Conners,,,
887,5200999858,Ragtops01 (4/6),0,511,G Jackson Koivun G Ryan Gerard G Nicolai Højgaard G Michael Thorbjornsen G Jacob Bridgeman G Ryo Hisatsune,,,
887,5201131671,sosamightygg22 (8/20),0,511,G Si Woo Kim G Jackson Koivun G Nicolai Højgaard G Rickie Fowler G Corey Conners G Rasmus Højgaard,,,
887,5201162072,sportsfanatic89 (10/20),0,511,G Si Woo Kim G Hideki Matsuyama G Nicolai Højgaard G Jacob Bridgeman G Davis Thompson G Corey Conners,,,
887,5201352469,drummerforever1982 (9/20),0,511,G Xander Schauffele G Wyndham Clark G Ryan Gerard G Davis Thompson G Michael Kim G Chris Kirk,,,
887,5201464842,dcuff (1/20),0,511,G Cameron Young G Xander Schauffele G Ben Kohles G Mac Meissner G Nick Taylor G Keita Nakajima,,,
887,5202033048,ydoja2 (17/20),0,511,G Jackson Koivun G Patrick Cantlay G Hideki Matsuyama G Keegan Bradley G Mac Meissner G Jordan L. Smith,,,
887,5202359513,Stree (10/20),0,511,G Si Woo Kim G Hideki Matsuyama G Nicolai Højgaard G Jacob Bridgeman G Davis Thompson G Corey Conners,,,
887,5202360203,Dwiseii059,0,511,G Cameron Young G Ryan Gerard G Rickie Fowler G Jacob Bridgeman G Jackson Suber G Ben Kohles,,,
887,5202397774,gehrenberg (14/20),0,511,G Si Woo Kim G Jackson Koivun G Ryan Gerard G Keegan Bradley G Matt Wallace G Tony Finau,,,
887,5202463489,limill1008a (2/2),0,511,G Hideki Matsuyama G J.J. Spaun G Ryan Gerard G Rickie Fowler G Jacob Bridgeman G Jordan Spieth,,,
887,5202520353,marco440 (2/2),0,511,G Xander Schauffele G Hideki Matsuyama G Jake Knapp G Davis Thompson G Benjamin James G Sungjae Im,,,
887,5202707026,RamsRuleRamsRule (8/18),0,511,G Xander Schauffele G Hideki Matsuyama G Jacob Bridgeman G Davis Thompson G Eric Cole G Corey Conners,,,
887,5202845223,coachp17 (1/20),0,511,G Cameron Young G Si Woo Kim G Michael Brennan G Corey Conners G Ben Kohles G Emiliano Grillo,,,
887,5202905973,Mige1 (4/20),0,511,G Chris Gotterup G Hideki Matsuyama G Ryan Gerard G Michael Thorbjornsen G Jordan L. Smith G Sungjae Im,,,
887,5202917670,hkane123,0,511,G Cameron Young G Michael Thorbjornsen G Jacob Bridgeman G Keegan Bradley G Davis Thompson G Eric Cole,,,
887,5202930894,DailyWombat (1/4),0,511,G Si Woo Kim G Hideki Matsuyama G Ryan Gerard G Jacob Bridgeman G Corey Conners G Max Greyserman,,,
887,5202961275,grantgoupil (7/20),0,511,G Xander Schauffele G Patrick Cantlay G Hideki Matsuyama G Jordan L. Smith G Kevin Yu G Beau Hossler,,,
887,5202979573,Timac103 (9/20),0,511,G Cameron Young G Russell Henley G Michael Thorbjornsen G Corey Conners G Doug Ghim G Sam Stevens,,,
887,5203058031,joeystorey813 (17/20),0,511,G Si Woo Kim G Hideki Matsuyama G Nicolai Højgaard G Jacob Bridgeman G Davis Thompson G Corey Conners,,,
887,5203153262,darrylposton (14/20),0,511,G Cameron Young G Russell Henley G J.J. Spaun G Mac Meissner G Ricky Castillo G Sungjae Im,,,
911,5200568394,bigdaddywayne69 (4/20),0,510.5,G Si Woo Kim G Russell Henley G Ryan Gerard G Rickie Fowler G Benjamin James G Stephan Jaeger,,,
911,5200574332,cowboys3322,0,510.5,G Cameron Young G Patrick Cantlay G J.J. Spaun G Corey Conners G Michael Kim G Sungjae Im,,,
911,5200817503,jellybean7454 (2/2),0,510.5,G Jackson Koivun G Russell Henley G Hideki Matsuyama G Ryan Gerard G Kevin Yu G Hank Lebioda,,,
911,5201000470,DDEMERIT3 (4/20),0,510.5,G Cameron Young G Hideki Matsuyama G Jacob Bridgeman G Davis Thompson G Ryo Hisatsune G Ben Kohles,,,
911,5201124696,mahaa507 (18/20),0,510.5,G Si Woo Kim G J.J. Spaun G Michael Thorbjornsen G Jacob Bridgeman G Keegan Bradley G Benjamin James,,,
911,5201145346,Geebir (20/20),0,510.5,G Cameron Young G Patrick Cantlay G J.J. Spaun G Corey Conners G Michael Kim G Sungjae Im,,,
911,5201462687,diegoseis (13/20),0,510.5,G Cameron Young G Hideki Matsuyama G Akshay Bhatia G Davis Thompson G Michael Kim G Rico Hoey,,,
911,5201858438,showmethemoneyo (1/4),0,510.5,G Cameron Young G Hideki Matsuyama G Ryan Gerard G Jordan Spieth G Ben Kohles G Zac Blair,,,
911,5201957550,Mikeypo2017 (1/20),0,510.5,G Cameron Young G Patrick Cantlay G J.J. Spaun G Corey Conners G Michael Kim G Sungjae Im,,,
911,5201957551,Mikeypo2017 (2/20),0,510.5,G Cameron Young G Patrick Cantlay G J.J. Spaun G Corey Conners G Michael Kim G Sungjae Im,,,
911,5201957552,Mikeypo2017 (3/20),0,510.5,G Cameron Young G Patrick Cantlay G J.J. Spaun G Corey Conners G Michael Kim G Sungjae Im,,,
911,5201957553,Mikeypo2017 (4/20),0,510.5,G Cameron Young G Patrick Cantlay G J.J. Spaun G Corey Conners G Michael Kim G Sungjae Im,,,
911,5201957554,Mikeypo2017 (5/20),0,510.5,G Cameron Young G Patrick Cantlay G J.J. Spaun G Corey Conners G Michael Kim G Sungjae Im,,,
911,5201957555,Mikeypo2017 (6/20),0,510.5,G Cameron Young G Patrick Cantlay G J.J. Spaun G Corey Conners G Michael Kim G Sungjae Im,,,
911,5201957556,Mikeypo2017 (7/20),0,510.5,G Cameron Young G Patrick Cantlay G J.J. Spaun G Corey Conners G Michael Kim G Sungjae Im,,,
911,5201957557,Mikeypo2017 (8/20),0,510.5,G Cameron Young G Patrick Cantlay G J.J. Spaun G Corey Conners G Michael Kim G Sungjae Im,,,
911,5201957558,Mikeypo2017 (9/20),0,510.5,G Cameron Young G Patrick Cantlay G J.J. Spaun G Corey Conners G Michael Kim G Sungjae Im,,,
911,5201957559,Mikeypo2017 (10/20),0,510.5,G Cameron Young G Patrick Cantlay G J.J. Spaun G Corey Conners G Michael Kim G Sungjae Im,,,
911,5201957560,Mikeypo2017 (11/20),0,510.5,G Cameron Young G Patrick Cantlay G J.J. Spaun G Corey Conners G Michael Kim G Sungjae Im,,,
911,5201957561,Mikeypo2017 (12/20),0,510.5,G Cameron Young G Patrick Cantlay G J.J. Spaun G Corey Conners G Michael Kim G Sungjae Im,,,
911,5201957562,Mikeypo2017 (13/20),0,510.5,G Cameron Young G Patrick Cantlay G J.J. Spaun G Corey Conners G Michael Kim G Sungjae Im,,,
911,5201957563,Mikeypo2017 (14/20),0,510.5,G Cameron Young G Patrick Cantlay G J.J. Spaun G Corey Conners G Michael Kim G Sungjae Im,,,
911,5201957564,Mikeypo2017 (15/20),0,510.5,G Cameron Young G Patrick Cantlay G J.J. Spaun G Corey Conners G Michael Kim G Sungjae Im,,,
911,5201957565,Mikeypo2017 (16/20),0,510.5,G Cameron Young G Patrick Cantlay G J.J. Spaun G Corey Conners G Michael Kim G Sungjae Im,,,
911,5201957566,Mikeypo2017 (17/20),0,510.5,G Cameron Young G Patrick Cantlay G J.J. Spaun G Corey Conners G Michael Kim G Sungjae Im,,,
911,5201957567,Mikeypo2017 (18/20),0,510.5,G Cameron Young G Patrick Cantlay G J.J. Spaun G Corey Conners G Michael Kim G Sungjae Im,,,
911,5201957568,Mikeypo2017 (19/20),0,510.5,G Cameron Young G Patrick Cantlay G J.J. Spaun G Corey Conners G Michael Kim G Sungjae Im,,,
911,5201957569,Mikeypo2017 (20/20),0,510.5,G Cameron Young G Patrick Cantlay G J.J. Spaun G Corey Conners G Michael Kim G Sungjae Im,,,
911,5202220384,timmort2,0,510.5,G Cameron Young G Patrick Cantlay G J.J. Spaun G Corey Conners G Michael Kim G Sungjae Im,,,
911,5202406591,Steven_1974 (20/20),0,510.5,G Cameron Young G Xander Schauffele G Michael Thorbjornsen G Rasmus Neergaard-Petersen G Chris Kirk G Zac Blair,,,
911,5202716348,stingerz22 (3/20),0,510.5,G Cameron Young G Ryan Gerard G Rickie Fowler G Keegan Bradley G Jackson Suber G Doug Ghim,,,
911,5202894417,Niromada (7/20),0,510.5,G Cameron Young G Si Woo Kim G Michael Thorbjornsen G Jackson Suber G Ben Kohles G Zac Blair,,,
911,5202905971,Mige1 (2/20),0,510.5,G Xander Schauffele G Si Woo Kim G Rickie Fowler G Jacob Bridgeman G Jordan L. Smith G Sungjae Im,,,
911,5203100762,evospeed,0,510.5,G Cameron Young G Patrick Cantlay G J.J. Spaun G Corey Conners G Michael Kim G Sungjae Im,,,
911,5203103069,jmendello (5/5),0,510.5,G Cameron Young G Jackson Koivun G Ryan Gerard G Corey Conners G Michael Kim G Zac Blair,,,
911,5203273211,asb2734 (1/20),0,510.5,G Cameron Young G Patrick Cantlay G J.J. Spaun G Corey Conners G Michael Kim G Sungjae Im,,,
911,5203273212,asb2734 (2/20),0,510.5,G Cameron Young G Patrick Cantlay G J.J. Spaun G Corey Conners G Michael Kim G Sungjae Im,,,
911,5203273213,asb2734 (3/20),0,510.5,G Cameron Young G Patrick Cantlay G J.J. Spaun G Corey Conners G Michael Kim G Sungjae Im,,,
911,5203273214,asb2734 (4/20),0,510.5,G Cameron Young G Patrick Cantlay G J.J. Spaun G Corey Conners G Michael Kim G Sungjae Im,,,
911,5203273215,asb2734 (5/20),0,510.5,G Cameron Young G Patrick Cantlay G J.J. Spaun G Corey Conners G Michael Kim G Sungjae Im,,,
911,5203273216,asb2734 (6/20),0,510.5,G Cameron Young G Patrick Cantlay G J.J. Spaun G Corey Conners G Michael Kim G Sungjae Im,,,
911,5203273217,asb2734 (7/20),0,510.5,G Cameron Young G Patrick Cantlay G J.J. Spaun G Corey Conners G Michael Kim G Sungjae Im,,,
911,5203273218,asb2734 (8/20),0,510.5,G Cameron Young G Patrick Cantlay G J.J. Spaun G Corey Conners G Michael Kim G Sungjae Im,,,
911,5203273219,asb2734 (9/20),0,510.5,G Cameron Young G Patrick Cantlay G J.J. Spaun G Corey Conners G Michael Kim G Sungjae Im,,,
911,5203273220,asb2734 (10/20),0,510.5,G Cameron Young G Patrick Cantlay G J.J. Spaun G Corey Conners G Michael Kim G Sungjae Im,,,
911,5203273221,asb2734 (11/20),0,510.5,G Cameron Young G Patrick Cantlay G J.J. Spaun G Corey Conners G Michael Kim G Sungjae Im,,,
911,5203273222,asb2734 (12/20),0,510.5,G Cameron Young G Patrick Cantlay G J.J. Spaun G Corey Conners G Michael Kim G Sungjae Im,,,
911,5203273223,asb2734 (13/20),0,510.5,G Cameron Young G Patrick Cantlay G J.J. Spaun G Corey Conners G Michael Kim G Sungjae Im,,,
911,5203273224,asb2734 (14/20),0,510.5,G Cameron Young G Patrick Cantlay G J.J. Spaun G Corey Conners G Michael Kim G Sungjae Im,,,
911,5203273225,asb2734 (15/20),0,510.5,G Cameron Young G Patrick Cantlay G J.J. Spaun G Corey Conners G Michael Kim G Sungjae Im,,,
911,5203273226,asb2734 (16/20),0,510.5,G Cameron Young G Patrick Cantlay G J.J. Spaun G Corey Conners G Michael Kim G Sungjae Im,,,
911,5203273227,asb2734 (17/20),0,510.5,G Cameron Young G Patrick Cantlay G J.J. Spaun G Corey Conners G Michael Kim G Sungjae Im,,,
911,5203273228,asb2734 (18/20),0,510.5,G Cameron Young G Patrick Cantlay G J.J. Spaun G Corey Conners G Michael Kim G Sungjae Im,,,
911,5203273229,asb2734 (19/20),0,510.5,G Cameron Young G Patrick Cantlay G J.J. Spaun G Corey Conners G Michael Kim G Sungjae Im,,,
911,5203276835,asb2734 (20/20),0,510.5,G Cameron Young G Patrick Cantlay G J.J. Spaun G Corey Conners G Michael Kim G Sungjae Im,,,
966,5201067651,MikeAllard75 (5/5),0,510,G Chris Gotterup G Russell Henley G Ryan Gerard G Michael Thorbjornsen G Kevin Yu G Sungjae Im,,,
966,5201715221,Wolf3D (5/8),0,510,G Cameron Young G Jackson Koivun G Michael Brennan G Jackson Suber G Ben Kohles G Mac Meissner,,,
966,5201795526,word127 (15/20),0,510,G Cameron Young G Patrick Cantlay G Keegan Bradley G Davis Thompson G Ben Kohles G Christiaan Bezuidenhout,,,
966,5201922991,dc385711 (5/20),0,510,G Cameron Young G Chris Gotterup G Michael Thorbjornsen G Mac Meissner G Michael Kim G Sungjae Im,,,
966,5201940791,Duke5353 (1/10),0,510,G Si Woo Kim G Hideki Matsuyama G Ryan Gerard G Jacob Bridgeman G Corey Conners G Christiaan Bezuidenhout,,,
966,5202202778,dmanwizdplan,0,510,G Xander Schauffele G Ryan Gerard G Rickie Fowler G Jacob Bridgeman G Ryo Hisatsune G Jackson Suber,,,
966,5202310224,Spocker14 (3/20),0,510,G Si Woo Kim G Russell Henley G Ryan Gerard G Jacob Bridgeman G Corey Conners G Jordan L. Smith,,,
966,5202406234,GreenTailShiner (12/20),0,510,G Si Woo Kim G Russell Henley G Ryan Gerard G Jacob Bridgeman G Corey Conners G Jordan L. Smith,,,
966,5202469305,csurunnerccr (16/20),0,510,G Si Woo Kim G Russell Henley G Ryan Gerard G Jacob Bridgeman G Corey Conners G Jordan L. Smith,,,
966,5202776136,sucks2win (2/2),0,510,G Si Woo Kim G Hideki Matsuyama G Ryan Gerard G Jacob Bridgeman G Ben Kohles G Benjamin James,,,
966,5202940176,TheBigOuch (1/20),0,510,G Xander Schauffele G Chris Gotterup G Ryan Gerard G Davis Thompson G Kris Ventura G William Mouw,,,
966,5202954728,LRoyTheKing (7/8),0,510,G Xander Schauffele G J.J. Spaun G Nicolai Højgaard G Michael Thorbjornsen G Marco Penge G William Mouw,,,
966,5203059574,Quake211 (9/20),0,510,G Chris Gotterup G Ryan Gerard G Nicolai Højgaard G Michael Thorbjornsen G Michael Brennan G Michael Kim,,,
966,5203090556,LOCNOTM (7/20),0,510,G Si Woo Kim G Russell Henley G Ryan Gerard G Jacob Bridgeman G Corey Conners G Jordan L. Smith,,,
966,5203097112,Phinsfan83 (4/20),0,510,G Hideki Matsuyama G Ben Griffin G J.J. Spaun G Michael Thorbjornsen G Davis Thompson G Ben Kohles,,,
966,5203107981,bjnfan (18/20),0,510,G Si Woo Kim G Russell Henley G Ryan Gerard G Jacob Bridgeman G Corey Conners G Jordan L. Smith,,,
966,5203149207,hambone703 (7/20),0,510,G Cameron Young G Jackson Koivun G Jacob Bridgeman G Davis Thompson G Doug Ghim G Chris Kirk,,,
983,5200569743,rumrunner72 (10/20),0,509.5,G Chris Gotterup G Hideki Matsuyama G Ryan Gerard G Rickie Fowler G Ben Kohles G Rico Hoey,,,
983,5200628970,cbizz151 (6/20),0,509.5,G Cameron Young G Si Woo Kim G Davis Thompson G Jackson Suber G Matt Wallace G Christiaan Bezuidenhout,,,
983,5200748337,clamdiggerball (17/20),0,509.5,G Xander Schauffele G Russell Henley G J.J. Spaun G Doug Ghim G Ben Kohles G Kevin Yu,,,
983,5201314378,HatTrick78 (2/4),0,509.5,G Cameron Young G Hideki Matsuyama G Rickie Fowler G Keegan Bradley G Ryo Hisatsune G Sungjae Im,,,
983,5201362259,ohiotom (3/4),0,509.5,G Russell Henley G Patrick Cantlay G Rickie Fowler G Jacob Bridgeman G Keegan Bradley G Jordan Spieth,,,
983,5201411069,twit (2/2),0,509.5,G Cameron Young G Jackson Koivun G Ryan Gerard G Corey Conners G Ricky Castillo G Zac Blair,,,
983,5201570494,Saarela,0,509.5,G Hideki Matsuyama G Jake Knapp G J.J. Spaun G Michael Thorbjornsen G Davis Thompson G Jackson Suber,,,
983,5202001015,GMrMcGibblets (1/4),0,509.5,G Cameron Young G Jackson Koivun G Ryan Gerard G Corey Conners G Ricky Castillo G Zac Blair,,,
983,5202275195,Snuggy (2/4),0,509.5,G Si Woo Kim G Patrick Cantlay G Ryan Gerard G Rickie Fowler G Max Greyserman G Mac Meissner,,,
983,5202403757,Marshall2330 (14/20),0,509.5,G Si Woo Kim G Russell Henley G Hideki Matsuyama G Corey Conners G Ben Kohles G Christiaan Bezuidenhout,,,
983,5202413140,schulza23 (14/20),0,509.5,G Chris Gotterup G Hideki Matsuyama G Michael Thorbjornsen G Michael Brennan G Jacob Bridgeman G Kevin Yu,,,
983,5202469296,csurunnerccr (7/20),0,509.5,G Cameron Young G Ben Griffin G Ryan Gerard G Corey Conners G Matt Wallace G Sungjae Im,,,
983,5202521785,MEP7811 (7/20),0,509.5,G Jackson Koivun G Patrick Cantlay G Hideki Matsuyama G Keegan Bradley G Doug Ghim G Sungjae Im,,,
983,5202547467,Dubbzz (8/20),0,509.5,G Xander Schauffele G Patrick Cantlay G Jacob Bridgeman G Marco Penge G Davis Thompson G Max Greyserman,,,
983,5202549477,craigp85 (14/20),0,509.5,G Cameron Young G J.J. Spaun G Michael Thorbjornsen G Marco Penge G Ben Kohles G Emiliano Grillo,,,
983,5202940178,TheBigOuch (3/20),0,509.5,G Xander Schauffele G Patrick Cantlay G Michael Brennan G Keegan Bradley G Davis Thompson G Jesper Svensson,,,
983,5202980422,Peanutbuttershelf,0,509.5,G Si Woo Kim G Jackson Koivun G Michael Thorbjornsen G Jacob Bridgeman G Ben Kohles G Christiaan Bezuidenhout,,,
983,5203134771,thebodyspill (17/17),0,509.5,G Cameron Young G Si Woo Kim G Ryan Gerard G Mac Meissner G Michael Kim G William Mouw,,,