Rank,EntryId,EntryName,TimeRemaining,Points,Lineup,,Player,Roster Position,%Drafted,FPTS
1,5179112841,ticemn5,0,638.5,G Chris Gotterup G Ben Griffin G Max Homa G Jackson Suber G Stephan Jaeger G Tom Hoge,,Tom Kim,G,34.74%,73
2,5179358548,jensedaf,0,635,G Chris Gotterup G Matt Wallace G Ryo Hisatsune G Christiaan Bezuidenhout G Blades Brown G Jackson Suber,,Blades Brown,G,33.52%,96
2,5180061993,rickcube,0,635,G Chris Gotterup G Matt Wallace G Ryo Hisatsune G Christiaan Bezuidenhout G Blades Brown G Jackson Suber,,Ben Griffin,G,28.09%,97.5
4,5179096446,dkam,0,634,G Chris Gotterup G Tom Kim G Doug Ghim G Jackson Suber G Emiliano Grillo G Ben Kohles,,Ryo Hisatsune,G,23.76%,108
5,5179330847,rickroyer24,0,631,G Chris Gotterup G Doug Ghim G Ryo Hisatsune G Christiaan Bezuidenhout G Blades Brown G Andrew Putnam,,Eric Cole,G,22.67%,93
6,5178207445,Gizmo8148,0,630.5,G Chris Gotterup G Ben Griffin G Max Homa G Ben Kohles G A.J. Ewart G Zach Johnson,,Jackson Koivun,G,22.33%,30
7,5179447294,rp1381,0,627,G Chris Gotterup G Tom Kim G Davis Thompson G Blades Brown G Jackson Suber G Ben Kohles,,Jackson Suber,G,20.90%,110
8,5178247890,delbertmcfly,0,626.5,G Chris Gotterup G Eric Cole G Ryo Hisatsune G Jackson Suber G Kevin Yu G William Mouw,,Jacob Bridgeman,G,19.09%,81
9,5178340647,Jmsutter5,0,625,G Ben Griffin G Eric Cole G Ryo Hisatsune G Jackson Suber G Kevin Yu G Ben Kohles,,Chris Gotterup,G,19.01%,137
10,5179554386,jarradkern,0,623.5,G Chris Gotterup G Keith Mitchell G Ryo Hisatsune G Blades Brown G Max Homa G Troy Merritt,,Denny McCarthy,G,18.71%,32
11,5178435135,GSHStaleys,0,621.5,G Chris Gotterup G Sungjae Im G Ryo Hisatsune G Christiaan Bezuidenhout G Blades Brown G Jackson Suber,,Keith Mitchell,G,16.69%,79
12,5179368420,wiggy0302,0,620,G Chris Gotterup G Ben Griffin G Emiliano Grillo G Kevin Yu G Ben Kohles G Tom Hoge,,Emiliano Grillo,G,15.10%,83.5
12,5180160051,maf154,0,620,G Ben Griffin G Eric Cole G Doug Ghim G Christiaan Bezuidenhout G Lee Hodges G Zach Johnson,,J.T. Poston,G,15.01%,78
14,5179518227,smokers,0,618.5,G Chris Gotterup G Tom Kim G Doug Ghim G Jackson Suber G Ben Kohles G Zachary Bauchou,,Sudarshan Yellamaraju,G,14.89%,33
15,5178834781,jimmypoot,0,617.5,G Chris Gotterup G Eric Cole G Davis Thompson G Blades Brown G Jackson Suber G Stephan Jaeger,,Jordan Spieth,G,12.83%,77
16,5180025179,EAG0812,0,616.5,G Chris Gotterup G Eric Cole G Ryo Hisatsune G Tony Finau G Jackson Suber G Stephan Jaeger,,Michael Kim,G,12.07%,24
17,5178240144,louba5,0,615,G Chris Gotterup G Ben Griffin G Ben Kohles G William Mouw G Andrew Putnam G Zac Blair,,Sungjae Im,G,11.86%,69.5
18,5178521504,Duster20,0,612,G Chris Gotterup G Tom Kim G Ryo Hisatsune G Blades Brown G Tony Finau G Max Homa,,Christiaan Bezuidenhout,G,11.73%,101
18,5179767694,jwking89,0,612,G Chris Gotterup G Tom Kim G Ryo Hisatsune G Blades Brown G Tony Finau G Max Homa,,Max Homa,G,10.89%,119
18,5179928119,Bo_Dacious,0,612,G Chris Gotterup G Tom Kim G Ryo Hisatsune G Blades Brown G Tony Finau G Max Homa,,Aldrich Potgieter,G,10.72%,37.5
21,5179923154,ctigers76,0,609.5,G Chris Gotterup G Jacob Bridgeman G Tony Finau G Jackson Suber G Emiliano Grillo G Ben Kohles,,Rickie Fowler,G,10.43%,87
22,5180104085,mikes6578,0,609,G Chris Gotterup G Ben Griffin G Max Homa G Jackson Suber G Austin Eckroat G Erik Van Rooyen,,Daniel Berger,G,10.18%,33
23,5178946930,doctor911,0,608.5,G Chris Gotterup G Ben Griffin G Ryo Hisatsune G Blades Brown G Tom Hoge G Troy Merritt,,Doug Ghim,G,9.97%,111.5
24,5179206376,mcJoJo1313,0,604.5,G Chris Gotterup G Rickie Fowler G Ryo Hisatsune G Tony Finau G Jackson Suber G Emiliano Grillo,,Carson Young,G,9.84%,32.5
25,5179498371,gograndy,0,602,G Chris Gotterup G Jacob Bridgeman G Ryo Hisatsune G Blades Brown G Andrew Putnam G Zach Johnson,,Ben Kohles,G,9.46%,119
26,5178969976,JGaume9,0,601.5,G Keegan Bradley G J.T. Poston G Doug Ghim G Blades Brown G Max Homa G Jackson Suber,,Tony Finau,G,9.46%,79
27,5179373752,trt242424,0,600.5,G Chris Gotterup G Jordan Spieth G Rickie Fowler G Blades Brown G Max Homa G Troy Merritt,,Pierceson Coody,G,9.21%,78.5
28,5178384370,Dchampney1956,0,600,G Chris Gotterup G Doug Ghim G Ryo Hisatsune G Blades Brown G Aldrich Potgieter G Jackson Suber,,Andrew Novak,G,8.96%,26.5
29,5178267937,andnov,0,599,G Ben Griffin G Eric Cole G Blades Brown G Jackson Suber G Emiliano Grillo G Ben Kohles,,Michael Thorbjornsen,G,8.37%,34
29,5178405993,southernbred1,0,599,G Chris Gotterup G Ben Griffin G Jackson Suber G Andrew Putnam G Austin Smotherman G Zac Blair,,Keegan Bradley,G,7.15%,87
29,5180163715,domin8ters,0,599,G Ben Griffin G Eric Cole G Blades Brown G Jackson Suber G Emiliano Grillo G Ben Kohles,,Davis Thompson,G,6.90%,92
32,5180042274,Biohazard,0,598,G Ben Griffin G Eric Cole G Ryo Hisatsune G Christiaan Bezuidenhout G Blades Brown G Zach Johnson,,John Keefer,G,6.77%,36.5
33,5180203066,isaacatsea,0,596.5,G Chris Gotterup G Pierceson Coody G Mac Meissner G Christiaan Bezuidenhout G Blades Brown G Andrew Putnam,,Mac Meissner,G,6.39%,106.5
34,5178319124,briskichris,0,593.5,G Chris Gotterup G Ben Griffin G Blades Brown G Ben Kohles G Zachary Bauchou G David Skinns,,Andrew Putnam,G,5.89%,77.5
34,5179973848,Orochi,0,593.5,G Chris Gotterup G Eric Cole G Ryo Hisatsune G Jackson Suber G Andrew Novak G Ben Kohles,,Rico Hoey,G,5.59%,34.5
36,5179092718,zanaze,0,593,G Ben Griffin G Doug Ghim G Michael Brennan G Christiaan Bezuidenhout G Blades Brown G Zach Johnson,,Austin Eckroat,G,5.21%,67.5
37,5179631507,BenByers,0,592,G Chris Gotterup G Tom Kim G Doug Ghim G Blades Brown G Ben Kohles G A.J. Ewart,,A.J. Ewart,G,5.00%,55.5
38,5178612656,kmhollandsucks,0,591.5,G Chris Gotterup G Tom Kim G Matt Wallace G Blades Brown G Emiliano Grillo G Ben Kohles,,Max Greyserman,G,4.92%,34.5
39,5179908530,birdiebones,0,589.5,G Jordan Spieth G Rickie Fowler G Doug Ghim G Ryo Hisatsune G Blades Brown G Jackson Suber,,Kevin Yu,G,4.46%,97.5
40,5180211525,meloman1523,0,589,G Chris Gotterup G Eric Cole G Mac Meissner G Blades Brown G Tony Finau G Andrew Putnam,,Matt Wallace,G,4.46%,83
41,5178476472,sboyle227,0,588.5,G Ben Griffin G Rickie Fowler G Christiaan Bezuidenhout G Jackson Suber G Ben Kohles G Austin Smotherman,,Tom Hoge,G,4.33%,85.5
41,5180166167,dmarcell9,0,588.5,G Chris Gotterup G Ben Griffin G Denny McCarthy G Max Homa G Lucas Glover G Troy Merritt,,Taylor Moore,G,4.29%,31
43,5180207834,paynis18,0,588,G J.T. Poston G Doug Ghim G Matt Wallace G Ryo Hisatsune G Mac Meissner G Christiaan Bezuidenhout,,Michael Brennan,G,4.21%,84.5
44,5180073494,jimcon2,0,587.5,G Chris Gotterup G Jordan Spieth G Christiaan Bezuidenhout G Tony Finau G Jackson Suber G Emiliano Grillo,,Zachary Bauchou,G,3.83%,68
45,5179621607,jspell87,0,587,G Chris Gotterup G J.T. Poston G Davis Thompson G Emiliano Grillo G Ben Kohles G Andrew Putnam,,Patrick Rodgers,G,3.57%,0
46,5178373711,Handshannah,0,586.5,G Eric Cole G Doug Ghim G Mac Meissner G Tony Finau G Ben Kohles G Andrew Putnam,,Taylor Pendrith,G,3.36%,33.5
46,5179272903,sethug,0,586.5,G Ben Griffin G Keith Mitchell G Max Homa G Jackson Suber G Emiliano Grillo G Kevin Yu,,Zach Johnson,G,3.20%,102.5
48,5179554453,Smokering363,0,586,G Keith Mitchell G Rickie Fowler G Matt Wallace G Ryo Hisatsune G Jackson Suber G Ben Kohles,,Zac Blair,G,2.86%,103
49,5178853037,Mattchoo13,0,585,G Eric Cole G Pierceson Coody G Tom Kim G Doug Ghim G Jackson Suber G Ben Kohles,,Stephan Jaeger,G,2.65%,89.5
50,5179340523,ziggitywood,0,584.5,G Keith Mitchell G Eric Cole G Doug Ghim G Blades Brown G Jackson Suber G Matt Kuchar,,Max McGreevy,G,2.57%,83
51,5179739032,davidarussellii,0,584,G J.T. Poston G Rickie Fowler G Doug Ghim G Sungjae Im G Max Homa G Ben Kohles,,Lucas Glover,G,2.06%,118.5
52,5178627752,TatumRose,0,583.5,G Ben Griffin G Eric Cole G Mac Meissner G Christiaan Bezuidenhout G Blades Brown G Stephan Jaeger,,Luke Clanton,G,1.89%,34
52,5179762046,timothy.beechler,0,583.5,G Chris Gotterup G Jackson Koivun G Mac Meissner G Max Homa G Jackson Suber G William Mouw,,Austin Smotherman,G,1.85%,74
54,5179232931,WHITGAR,0,583,G Chris Gotterup G Keith Mitchell G Jordan Spieth G Zac Blair G Zach Johnson G Troy Merritt,,Hao-Tong Li,G,1.72%,29.5
54,5179846327,Acashk,0,583,G Chris Gotterup G Tom Kim G Doug Ghim G Jackson Suber G Ben Kohles G Carson Young,,Brian Campbell,G,1.60%,25.5
54,5180034946,Mouse4,0,583,G Chris Gotterup G Rickie Fowler G Ryo Hisatsune G Rico Hoey G Max Homa G Kevin Yu,,Chan Kim,G,1.51%,69.5
57,5178255561,Mousedef,0,582.5,G J.T. Poston G Rickie Fowler G Doug Ghim G Ryo Hisatsune G Tony Finau G Max Homa,,Seamus Power,G,1.39%,7.5
58,5179574445,dcprior2000,0,582,G Chris Gotterup G Keith Mitchell G Blades Brown G Emiliano Grillo G Zachary Bauchou G Lucas Glover,,Mark Hubbard,G,1.35%,74
58,5179730669,jonchill,0,582,G Ben Griffin G Eric Cole G Ryo Hisatsune G Blades Brown G Jackson Suber G Andrew Putnam,,William Mouw,G,1.35%,81
60,5178395590,RyanCox421,0,581.5,G Ben Griffin G Eric Cole G Ryo Hisatsune G Blades Brown G Jackson Suber G Beau Hossler,,Erik Van Rooyen,G,1.22%,78
61,5179415177,childplzz,0,580,G Chris Gotterup G Eric Cole G Denny McCarthy G Blades Brown G Max Homa G Zac Blair,,Matt Kuchar,G,0.97%,95
62,5179153094,Plug3154,0,579.5,G Jacob Bridgeman G Rickie Fowler G Ryo Hisatsune G Mac Meissner G Christiaan Bezuidenhout G Blades Brown,,David Lipsky,G,0.97%,88.5
63,5179015416,thebodyspill,0,579,G Ben Griffin G Matt Wallace G Ryo Hisatsune G Mac Meissner G Christiaan Bezuidenhout G Max McGreevy,,Troy Merritt,G,0.93%,84.5
63,5179595196,ruhockey,0,579,G Ben Griffin G Tom Kim G Blades Brown G Max Homa G Jackson Suber G Emiliano Grillo,,Beau Hossler,G,0.93%,77
65,5179303193,teeling1990,0,578.5,G Ben Griffin G Jordan Spieth G Blades Brown G Tony Finau G Max Homa G Jackson Suber,,David Skinns,G,0.88%,76
65,5179814378,BEARATTACK,0,578.5,G Ben Griffin G Tom Kim G Ryo Hisatsune G Christiaan Bezuidenhout G Blades Brown G Zac Blair,,Adrien Dumont De Chassart,G,0.84%,75
67,5178515638,bledsoe417,0,578,G Chris Gotterup G Ben Griffin G Max Homa G Jackson Suber G Beau Hossler G Jimmy Stanger,,Seung-Yul Noh,G,0.71%,18.5
67,5178785659,docslugs,0,578,G Chris Gotterup G Sungjae Im G Ryo Hisatsune G Max Greyserman G Max Homa G Jackson Suber,,Jimmy Stanger,G,0.67%,37.5
69,5179736250,DoingTheBullDance,0,577.5,G Chris Gotterup G Keith Mitchell G Tom Kim G Lee Hodges G Tom Hoge G David Lipsky,,Adam Hadwin,G,0.63%,24
70,5179602505,Treybird,0,577,G Ben Griffin G Tom Kim G Doug Ghim G Blades Brown G Max Homa G Keita Nakajima,,Kevin Roy,G,0.59%,28.5
71,5178273998,ocs4545,0,576.5,G Chris Gotterup G Pierceson Coody G Doug Ghim G Blades Brown G Zachary Bauchou G Tom Hoge,,Joel Dahmen,G,0.55%,75
72,5178659106,Penaldhno,0,575,G Keith Mitchell G Eric Cole G Doug Ghim G Blades Brown G Jackson Suber G Tom Hoge,,Patrick Fishburn,G,0.50%,76
72,5179563828,mamaw-ott,0,575,G Keegan Bradley G Jacob Bridgeman G Ryo Hisatsune G Christiaan Bezuidenhout G Tony Finau G Max Homa,,Matthieu Pavon,G,0.50%,27
72,5180089903,hopp_rw,0,575,G Ben Griffin G Eric Cole G Doug Ghim G Jackson Suber G Zachary Bauchou G Matt Kuchar,,Kevin Streelman,G,0.46%,32.5
75,5179158990,R00KIE2023,0,574.5,G Jacob Bridgeman G Eric Cole G Rickie Fowler G Ryo Hisatsune G Zac Blair G Zach Johnson,,Keita Nakajima,G,0.46%,80
76,5179436813,bellaworth,0,574,G Keith Mitchell G Tom Kim G Davis Thompson G Christiaan Bezuidenhout G Jackson Suber G Ben Kohles,,Thorbjorn Olesen,G,0.42%,20.5
76,5179905646,Tinch27,0,574,G Chris Gotterup G Rickie Fowler G Davis Thompson G Mac Meissner G Max Homa G Carson Young,,Garrick Higgo,G,0.42%,27
78,5178824901,tthomes,0,573.5,G Chris Gotterup G Keith Mitchell G Tony Finau G Max Homa G Austin Smotherman G Tom Hoge,,Takumi Kanaya,G,0.42%,30.5
79,5178318384,ryanc5,0,573,G Ben Griffin G Tom Kim G Ryo Hisatsune G Christiaan Bezuidenhout G Jackson Suber G Emiliano Grillo,,Preston Stout,G,0.42%,99.5
79,5180040884,kmiddleton2001,0,573,G Chris Gotterup G Eric Cole G Tom Kim G Max Homa G Beau Hossler G Mark Hubbard,,Jeremy Paul,G,0.38%,19.5
81,5178544821,Gxpress,0,572,G Ben Griffin G Jacob Bridgeman G Eric Cole G Jackson Suber G Zach Johnson G Harry Higgs,,Dylan Frittelli,G,0.38%,32.5
81,5179484784,lesterburnham,0,572,G Chris Gotterup G Ben Griffin G Ben Kohles G Carson Young G Austin Eckroat G Lucas Glover,,Lee Hodges,G,0.38%,114.5
81,5179491503,coslercrew69,0,572,G Eric Cole G Rickie Fowler G Tom Kim G Ryo Hisatsune G Christiaan Bezuidenhout G Jackson Suber,,Chandler Phillips,G,0.38%,96.5
84,5178301412,seanhackbarth,0,571.5,G Chris Gotterup G Doug Ghim G Ryo Hisatsune G Mac Meissner G Rico Hoey G Austin Smotherman,,Steven Fisk,G,0.34%,59.5
84,5178920927,jned69,0,571.5,G Chris Gotterup G Ben Griffin G Ryo Hisatsune G Austin Eckroat G Tom Hoge G David Skinns,,Brice Garnett,G,0.34%,26.5
84,5180178154,J-Law87,0,571.5,G Chris Gotterup G Eric Cole G Tom Kim G Blades Brown G Zac Blair G Chan Kim,,Hayden Springer,G,0.34%,86.5
87,5179094879,slickcat,0,571,G Chris Gotterup G Eric Cole G Daniel Berger G Tony Finau G Max Homa G Jackson Suber,,Cameron Champ,G,0.34%,28
88,5178768024,rogos,0,570.5,G Doug Ghim G Sungjae Im G Matt Wallace G Ryo Hisatsune G Davis Thompson G Mac Meissner,,Chandler Blanchet,G,0.34%,23
89,5179962882,PlayboyHermes,0,570,G Ben Griffin G Eric Cole G Mac Meissner G Christiaan Bezuidenhout G Blades Brown G Patrick Fishburn,,Lanto Griffin,G,0.29%,83.5
90,5179197280,darkmo,0,569.5,G Jacob Bridgeman G Tom Kim G Sungjae Im G Ryo Hisatsune G Max Homa G Ben Kohles,,Paul Peterson,G,0.29%,31
90,5179592205,sredman7,0,569.5,G Ben Griffin G Jordan Spieth G Christiaan Bezuidenhout G Blades Brown G Tony Finau G Max Homa,,Dylan Wu,G,0.25%,36
90,5180105440,Dragons32,0,569.5,G Chris Gotterup G Jackson Koivun G Mac Meissner G Blades Brown G Kevin Yu G Zach Johnson,,Tyler Duncan,G,0.25%,99.5
93,5178338239,mullaner,0,569,G Ben Griffin G Jacob Bridgeman G Ryo Hisatsune G Blades Brown G Emiliano Grillo G Zac Blair,,Ben Silverman,G,0.25%,20.5
93,5178748091,dolphin2222,0,569,G Chris Gotterup G Tom Kim G Mac Meissner G Blades Brown G Aldrich Potgieter G Ben Kohles,,Brendon Todd,G,0.25%,26.5
93,5178754399,coachbbenton,0,569,G Chris Gotterup G Davis Thompson G Sudarshan Yellamaraju G Christiaan Bezuidenhout G Blades Brown G Jackson Suber,,Mackenzie Hughes,G,0.25%,71.5
93,5178977053,Dewaynegeiger,0,569,G Chris Gotterup G Jacob Bridgeman G Rickie Fowler G Austin Eckroat G Lucas Glover G Erik Van Rooyen,,Harry Higgs,G,0.25%,88
93,5179535898,moegags,0,569,G Jacob Bridgeman G Tom Kim G Doug Ghim G Mac Meissner G Christiaan Bezuidenhout G Blades Brown,,Vince Whaley,G,0.25%,38.5
93,5179638137,toddyd2732,0,569,G Chris Gotterup G Keegan Bradley G Blades Brown G Jackson Suber G Emiliano Grillo G A.J. Ewart,,Adam Svensson,G,0.21%,36.5
99,5178224828,joshygoody,0,568.5,G Chris Gotterup G Keith Mitchell G Max Homa G Jackson Suber G Zachary Bauchou G A.J. Ewart,,Webb Simpson,G,0.21%,41
99,5178939887,boyle5000,0,568.5,G Jacob Bridgeman G Eric Cole G Tom Kim G Mac Meissner G Blades Brown G Ben Kohles,,Joe Highsmith,G,0.21%,34
101,5179611083,INTULLYGENT,0,568,G Chris Gotterup G Tom Kim G Sudarshan Yellamaraju G Blades Brown G Jackson Suber G Ben Kohles,,Davis Riley,G,0.17%,82
101,5180184825,nschultz14,0,568,G Keith Mitchell G Jacob Bridgeman G Ryo Hisatsune G Christiaan Bezuidenhout G Blades Brown G Zac Blair,,Adam Schenk,G,0.17%,24
101,5180218037,622995,0,568,G Chris Gotterup G Eric Cole G Christiaan Bezuidenhout G Blades Brown G Jackson Suber G Taylor Moore,,Neal Shipley,G,0.17%,32.5
104,5178321897,PopThePig,0,567.5,G Ben Griffin G Jacob Bridgeman G Mac Meissner G Blades Brown G Max Homa G Austin Eckroat,,Karl Vilips,G,0.13%,86.5
104,5178792832,davemann,0,567.5,G Chris Gotterup G Tom Kim G Blades Brown G Jackson Suber G Ben Kohles G Carson Young,,Nick Hardy,G,0.13%,37
104,5179654827,tkanne24,0,567.5,G Chris Gotterup G Ben Griffin G Michael Brennan G Hayden Springer G Mark Hubbard G Harry Higgs,,Chad Ramey,G,0.13%,31
104,5179706865,23luck,0,567.5,G Chris Gotterup G Tom Kim G Blades Brown G Jackson Suber G Ben Kohles G Carson Young,,Ryan Voois,G,0.13%,56
104,5179744707,Gaber80,0,567.5,G Chris Gotterup G Rickie Fowler G Ryo Hisatsune G Aldrich Potgieter G Tony Finau G Ben Kohles,,Nicolas Echavarria,G,0.08%,0
104,5180158145,Hobe4hero,0,567.5,G Jordan Spieth G Eric Cole G Sungjae Im G Ryo Hisatsune G Christiaan Bezuidenhout G Max Homa,,Nick Dunlap,G,0.08%,77
110,5178856293,Leadpipe,0,567,G Chris Gotterup G Tom Kim G Denny McCarthy G Blades Brown G Jackson Suber G Ben Kohles,,Jeffrey Kang,G,0.08%,32.5
110,5179979571,cturner6969,0,567,G Chris Gotterup G Tom Kim G Denny McCarthy G Blades Brown G Jackson Suber G Ben Kohles,,Peter Malnati,G,0.08%,76
112,5178371632,sportsfanatic89,0,566.5,G Chris Gotterup G Eric Cole G Ryo Hisatsune G Andrew Novak G Max McGreevy G Ben Kohles,,Robert Streb,G,0.08%,31
112,5178901584,burnsy2323,0,566.5,G Chris Gotterup G Eric Cole G Ryo Hisatsune G Andrew Novak G Max McGreevy G Ben Kohles,,Trace Crowe,G,0.08%,91.5
112,5179682581,jewel1010,0,566.5,G Keith Mitchell G Keegan Bradley G Ryo Hisatsune G Mac Meissner G Max McGreevy G Zac Blair,,Mason Howell,G,0.08%,22.5
115,5179122395,notyou_again,0,566,G Ben Griffin G Rickie Fowler G Matt Wallace G Blades Brown G Emiliano Grillo G Ben Kohles,,Kensei Hirata,G,0.08%,30
115,5180227395,Petros60,0,566,G Eric Cole G Pierceson Coody G Tom Kim G Mac Meissner G Blades Brown G Ben Kohles,,John VanDerLaan,G,0.08%,25
117,5179088642,iamodie,0,565.5,G Chris Gotterup G Ben Griffin G Blades Brown G Ben Kohles G Carson Young G Lanto Griffin,,Luke Gutschewski,G,0.04%,73.5
117,5179654552,KColonel1969,0,565.5,G Ben Griffin G Jordan Spieth G Michael Brennan G Christiaan Bezuidenhout G Zac Blair G Zach Johnson,,Ben Martin,G,0.04%,37.5
117,5180066198,lethaldarkness,0,565.5,G Chris Gotterup G Tom Kim G Ryo Hisatsune G Blades Brown G Ben Kohles G Carson Young,,Gordon Sargent,G,0.04%,64
117,5180165585,Tb0n3,0,565.5,G Chris Gotterup G Tom Kim G Ryo Hisatsune G Blades Brown G Ben Kohles G Carson Young,,Justin Lower,G,0.04%,24
117,5180171487,bigmac84,0,565.5,G Chris Gotterup G Keith Mitchell G Aldrich Potgieter G Jackson Suber G Emiliano Grillo G Lucas Glover,,Fabian Gomez,G,0.04%,59
122,5179780105,jbuofm,0,564.5,G Jacob Bridgeman G Eric Cole G Davis Thompson G Blades Brown G Emiliano Grillo G Ben Kohles,,Hank Lebioda,G,0.04%,34
123,5178932034,nachochopstix,0,564,G Chris Gotterup G Sungjae Im G Ryo Hisatsune G Mac Meissner G Michael Kim G Ben Kohles,,Michael Feagles,G,0.04%,56.5
123,5179650969,Lilp7611,0,564,G Keith Mitchell G Rickie Fowler G Tom Kim G Blades Brown G Jackson Suber G Ben Kohles,,Kris Ventura,G,0.04%,26.5
123,5179686550,darla23,0,564,G Chris Gotterup G Keith Mitchell G Blades Brown G Max Homa G Andrew Putnam G A.J. Ewart,,Jonathan Byrd,G,0.04%,57
126,5178721800,pcfixerky,0,563,G Chris Gotterup G Matt Wallace G Ryo Hisatsune G Christiaan Bezuidenhout G Michael Kim G Jackson Suber,,Darin Fisher,G,0.04%,8.5
126,5179247199,Matt_Stubbz13,0,563,G Jacob Bridgeman G Eric Cole G Tom Kim G Christiaan Bezuidenhout G Blades Brown G Ben Kohles,,Camilo Villegas,G,0.04%,78
128,5178568993,the-dude-abides12,0,562,G Jacob Bridgeman G Pierceson Coody G Doug Ghim G Mac Meissner G Christiaan Bezuidenhout G Emiliano Grillo,,Noah Goodwin,G,0.04%,28.5
128,5179780672,uscbiggie,0,562,G Ben Griffin G Tom Kim G Doug Ghim G Ryo Hisatsune G Emiliano Grillo G David Lipsky,,Danny Walker,G,0.04%,20.5
130,5178800054,rz1001,0,561.5,G Jordan Spieth G Eric Cole G Rickie Fowler G Ryo Hisatsune G Max Homa G Andrew Putnam,,Zecheng Dou,G,0.04%,89.5
130,5179949203,Djenn,0,561.5,G Ben Griffin G Pierceson Coody G Michael Brennan G Blades Brown G Jackson Suber G Matt Kuchar,,Alejandro Tosti,G,0.04%,29
130,5179958258,Wolverine8385,0,561.5,G Chris Gotterup G Eric Cole G Sudarshan Yellamaraju G Blades Brown G Max Homa G Emiliano Grillo,,Patrick Adler,G,0.04%,33.5
130,5180209807,MJPSevens7,0,561.5,G Chris Gotterup G Tom Kim G Blades Brown G Jackson Suber G Andrew Novak G Ben Kohles,,Luke List,G,0.04%,30
134,5179795132,FCSchaff26,0,561,G Ben Griffin G Tom Kim G Davis Thompson G Blades Brown G Max Homa G Emiliano Grillo,,,
134,5180041063,jjs49ers,0,561,G Chris Gotterup G Jacob Bridgeman G Mac Meissner G Christiaan Bezuidenhout G Carson Young G Zac Blair,,,
136,5178300227,BenzTime69,0,559.5,G Ben Griffin G Eric Cole G Tom Kim G Jackson Suber G Emiliano Grillo G Zach Johnson,,,
136,5178809076,DakDocs,0,559.5,G Chris Gotterup G Tom Kim G Ryo Hisatsune G Blades Brown G Max Homa G Andrew Novak,,,
136,5179339532,WheelsupDFS,0,559.5,G Chris Gotterup G Tom Kim G Sungjae Im G Blades Brown G Jackson Suber G Austin Smotherman,,,
136,5179940816,harkd100,0,559.5,G Pierceson Coody G Tom Kim G Doug Ghim G Sungjae Im G Ryo Hisatsune G Ben Kohles,,,
136,5180072130,natlandry,0,559.5,G Chris Gotterup G Jacob Bridgeman G Jordan Spieth G Andrew Putnam G Zach Johnson G Troy Merritt,,,
141,5178539644,816ix,0,559,G Ben Griffin G Eric Cole G Sudarshan Yellamaraju G Mac Meissner G Jackson Suber G Ben Kohles,,,
141,5178599552,bighankbrown,0,559,G Eric Cole G Rickie Fowler G Tom Kim G Ryo Hisatsune G Tony Finau G Max Homa,,,
141,5178623600,Next2ArchStanton,0,559,G Ben Griffin G Tom Kim G Ryo Hisatsune G Christiaan Bezuidenhout G Blades Brown G Emiliano Grillo,,,
144,5178395099,JohnnyRocco,0,558,G Jordan Spieth G Eric Cole G Rickie Fowler G Ryo Hisatsune G Jackson Suber G Max McGreevy,,,
144,5179188733,Valrules,0,558,G Chris Gotterup G Eric Cole G Ryo Hisatsune G Jackson Suber G Andrew Putnam G Carson Young,,,
146,5178311440,johnnymack812,0,557.5,G Ben Griffin G Jacob Bridgeman G Ryo Hisatsune G Jackson Suber G Emiliano Grillo G Andrew Putnam,,,
146,5179483007,OnePunch,0,557.5,G Jacob Bridgeman G Jordan Spieth G Pierceson Coody G Ryo Hisatsune G Jackson Suber G Zac Blair,,,
146,5179708550,WeymouthVols,0,557.5,G Ben Griffin G Jacob Bridgeman G Ryo Hisatsune G Jackson Suber G Emiliano Grillo G Andrew Putnam,,,
149,5178390947,tpikenn,0,557,G Chris Gotterup G Eric Cole G Ryo Hisatsune G Jackson Suber G Taylor Moore G Erik Van Rooyen,,,
149,5179580133,brownkd1,0,557,G Ben Griffin G Keith Mitchell G Max Homa G Jackson Suber G Emiliano Grillo G Zachary Bauchou,,,
151,5178424325,spike08139,0,556.5,G Chris Gotterup G Eric Cole G Ryo Hisatsune G Sudarshan Yellamaraju G Christiaan Bezuidenhout G Troy Merritt,,,
152,5178752748,claydaughtry,0,555.5,G Chris Gotterup G Jacob Bridgeman G Max Greyserman G Max Homa G Jackson Suber G Austin Smotherman,,,
152,5179748693,DMATH,0,555.5,G Chris Gotterup G Ben Griffin G Daniel Berger G Max Homa G Matt Kuchar G Mark Hubbard,,,
154,5178573751,hairyhotub,0,555,G Chris Gotterup G Keith Mitchell G Tom Kim G Zach Johnson G Tom Hoge G Erik Van Rooyen,,,
155,5178502944,RickButterski,0,554.5,G Ben Griffin G J.T. Poston G Doug Ghim G Jackson Suber G Emiliano Grillo G Mark Hubbard,,,
155,5179338543,markset,0,554.5,G Chris Gotterup G Tom Kim G Denny McCarthy G Jackson Suber G Emiliano Grillo G Ben Kohles,,,
157,5178549398,Gary1945,0,554,G Chris Gotterup G Jacob Bridgeman G Blades Brown G Aldrich Potgieter G Emiliano Grillo G Ben Kohles,,,
158,5178223836,mixking1,0,553.5,G Chris Gotterup G Jacob Bridgeman G Ryo Hisatsune G Christiaan Bezuidenhout G Zach Johnson G Adam Hadwin,,,
158,5178290150,ryannayr0,0,553.5,G Ben Griffin G Jackson Koivun G Christiaan Bezuidenhout G Blades Brown G Jackson Suber G Ben Kohles,,,
158,5178638705,Lancep007,0,553.5,G Chris Gotterup G Tom Kim G Ryo Hisatsune G Aldrich Potgieter G Tony Finau G Max Homa,,,
158,5178752074,subeehon,0,553.5,G J.T. Poston G Rickie Fowler G Sungjae Im G Ryo Hisatsune G Christiaan Bezuidenhout G Jackson Suber,,,
158,5179258941,jmd917,0,553.5,G Keegan Bradley G Jacob Bridgeman G Ryo Hisatsune G Christiaan Bezuidenhout G Tony Finau G Kevin Yu,,,
158,5179564785,briangile,0,553.5,G Jordan Spieth G Tom Kim G Michael Brennan G Ryo Hisatsune G Davis Thompson G Max Homa,,,
164,5178890989,4billhanks,0,553,G Jacob Bridgeman G Jordan Spieth G Rickie Fowler G Tony Finau G Max Homa G Jackson Suber,,,
164,5179314824,drshotz,0,553,G Chris Gotterup G Tom Kim G Ryo Hisatsune G Christiaan Bezuidenhout G Taylor Moore G Zac Blair,,,
164,5179902368,titleist6565,0,553,G Chris Gotterup G Jackson Koivun G Mac Meissner G Emiliano Grillo G Beau Hossler G Ben Kohles,,,
164,5180146075,maxangst,0,553,G Chris Gotterup G J.T. Poston G Eric Cole G Jackson Suber G Zach Johnson G Dylan Frittelli,,,
168,5178555553,AngelFuentes,0,552.5,G J.T. Poston G Doug Ghim G Michael Brennan G Blades Brown G Zachary Bauchou G Lee Hodges,,,
168,5178859239,ctcbullock,0,552.5,G Ben Griffin G Rickie Fowler G Sungjae Im G Blades Brown G Emiliano Grillo G Ben Kohles,,,
168,5178867656,ihateurmomsson,0,552.5,G Chris Gotterup G Keith Mitchell G John Keefer G Emiliano Grillo G Kevin Yu G Ben Kohles,,,
168,5179369598,greenjg516,0,552.5,G Keegan Bradley G Tom Kim G Sungjae Im G Ryo Hisatsune G Blades Brown G Max Homa,,,
172,5179300319,lineman32000,0,551.5,G Keith Mitchell G J.T. Poston G Sungjae Im G Blades Brown G Jackson Suber G Ben Kohles,,,
172,5179616444,milkman097,0,551.5,G Keith Mitchell G J.T. Poston G Sungjae Im G Blades Brown G Jackson Suber G Ben Kohles,,,
172,5179655261,MeanMachine590,0,551.5,G Jacob Bridgeman G Tom Kim G Sungjae Im G Ryo Hisatsune G Christiaan Bezuidenhout G Max Homa,,,
172,5179798117,Beerholtz,0,551.5,G Keith Mitchell G Eric Cole G Matt Wallace G Ryo Hisatsune G Max Homa G Chan Kim,,,
176,5180206716,insins,0,551,G Tony Finau G Max Homa G Emiliano Grillo G Max McGreevy G Ben Kohles G Austin Eckroat,,,
177,5178190838,uvmcat,0,550.5,G Chris Gotterup G Jackson Koivun G Doug Ghim G Ben Kohles G Austin Eckroat G Tom Hoge,,,
177,5179643414,cmeays20,0,550.5,G Chris Gotterup G Jacob Bridgeman G Christiaan Bezuidenhout G Blades Brown G Carson Young G Zac Blair,,,
177,5179867899,hiltweed,0,550.5,G Ben Griffin G Jackson Koivun G Ryo Hisatsune G Max Homa G Beau Hossler G Ben Kohles,,,
180,5179786789,chainsaw7021,0,550,G Keith Mitchell G Rickie Fowler G Ryo Hisatsune G Christiaan Bezuidenhout G Blades Brown G Tony Finau,,,
180,5179913418,countyw62,0,550,G Jacob Bridgeman G Pierceson Coody G Tom Kim G Mac Meissner G Christiaan Bezuidenhout G Jackson Suber,,,
180,5179935627,monkeybrains,0,550,G Chris Gotterup G Jackson Koivun G Mac Meissner G Jackson Suber G Emiliano Grillo G Max McGreevy,,,
183,5178864490,eb44ny,0,549.5,G Chris Gotterup G Jordan Spieth G Ryo Hisatsune G Davis Thompson G Jackson Suber G Brian Campbell,,,
184,5178503174,dexterboydk1,0,549,G Eric Cole G Rickie Fowler G Tom Kim G Doug Ghim G Mac Meissner G Erik Van Rooyen,,,
184,5178994546,jmartin796,0,549,G Jordan Spieth G Rickie Fowler G Tom Kim G Matt Wallace G Max Homa G Jackson Suber,,,
186,5178196264,thelamonts,0,548.5,G Jacob Bridgeman G Tom Kim G Doug Ghim G Ryo Hisatsune G Blades Brown G Tony Finau,,,
186,5178911044,betmguerra,0,548.5,G Ben Griffin G Eric Cole G Ryo Hisatsune G Blades Brown G Tony Finau G Adrien Dumont De Chassart,,,
186,5179974636,duluthdeez,0,548.5,G Jacob Bridgeman G Tom Kim G Doug Ghim G Ryo Hisatsune G Blades Brown G Tony Finau,,,
189,5178465088,schepman1,0,548,G Chris Gotterup G Ben Griffin G Max Homa G John Keefer G A.J. Ewart G Zach Johnson,,,
189,5179891311,Jayalger,0,548,G J.T. Poston G Tom Kim G Doug Ghim G Davis Thompson G Blades Brown G Kevin Yu,,,
191,5178266756,stewie1963,0,547.5,G Keith Mitchell G Jacob Bridgeman G Michael Brennan G Jackson Suber G Ben Kohles G Austin Smotherman,,,
191,5178299777,duke5021,0,547.5,G Ben Griffin G Tom Kim G Doug Ghim G Jackson Suber G John Keefer G Ben Kohles,,,
191,5180201210,kevingail,0,547.5,G Keith Mitchell G J.T. Poston G Doug Ghim G Tony Finau G Ben Kohles G William Mouw,,,
194,5179896367,Stree,0,547,G Chris Gotterup G Eric Cole G Ryo Hisatsune G Jackson Suber G Taylor Moore G Zachary Bauchou,,,
195,5178205813,navyhmcm,0,546.5,G Chris Gotterup G Michael Brennan G Ryo Hisatsune G Sudarshan Yellamaraju G Jackson Suber G Mark Hubbard,,,
195,5178328574,coastrat69,0,546.5,G Keith Mitchell G Jacob Bridgeman G Ryo Hisatsune G Christiaan Bezuidenhout G Jackson Suber G Austin Eckroat,,,
195,5178402070,Riley100,0,546.5,G Ben Griffin G Jackson Koivun G Mac Meissner G Blades Brown G Kevin Yu G Ben Kohles,,,
195,5179404876,Cwhitey5,0,546.5,G Chris Gotterup G Tom Kim G Sudarshan Yellamaraju G Blades Brown G Jackson Suber G Kevin Yu,,,
195,5179550288,EZ3LL,0,546.5,G Chris Gotterup G Eric Cole G Sudarshan Yellamaraju G Blades Brown G Jackson Suber G Andrew Putnam,,,
200,5178246609,demanufacture714,0,546,G Chris Gotterup G Rickie Fowler G Mac Meissner G Tony Finau G Jackson Suber G Andrew Novak,,,
200,5178522586,geezer813,0,546,G Chris Gotterup G Ben Griffin G Christiaan Bezuidenhout G Daniel Berger G Zach Johnson G Joel Dahmen,,,
200,5179448253,meghannault,0,546,G Ben Griffin G Doug Ghim G Ryo Hisatsune G Mac Meissner G Blades Brown G Andrew Novak,,,
200,5179588943,Choiclan,0,546,G Chris Gotterup G Jackson Koivun G Ryo Hisatsune G Christiaan Bezuidenhout G Austin Eckroat G Zach Johnson,,,
200,5179925801,timmy2747,0,546,G Keegan Bradley G Rickie Fowler G Tom Kim G Christiaan Bezuidenhout G Tony Finau G Max Homa,,,
200,5180061244,vinceyoungsteakhouse,0,546,G Chris Gotterup G Tom Kim G Blades Brown G Aldrich Potgieter G Emiliano Grillo G Ben Kohles,,,
200,5180193538,Rosco78,0,546,G Keith Mitchell G Jacob Bridgeman G Ryo Hisatsune G Blades Brown G Tony Finau G Zac Blair,,,
207,5178292712,Baxter21Sheena13,0,545.5,G Keegan Bradley G Rickie Fowler G Tom Kim G Blades Brown G Max Homa G Emiliano Grillo,,,
207,5178295609,cammick,0,545.5,G Chris Gotterup G Keith Mitchell G Kevin Yu G Max McGreevy G Zachary Bauchou G William Mouw,,,
207,5178299785,john5555,0,545.5,G Chris Gotterup G Ben Griffin G Jackson Suber G Taylor Moore G Austin Eckroat G Zach Johnson,,,
207,5178617505,thedon20,0,545.5,G Jordan Spieth G Eric Cole G Sungjae Im G Ryo Hisatsune G Tony Finau G Max Homa,,,
207,5179698172,kkillers,0,545.5,G J.T. Poston G Tom Kim G Michael Brennan G Ryo Hisatsune G Davis Thompson G Jackson Suber,,,
207,5179777639,dfiegelman,0,545.5,G Chris Gotterup G Tom Kim G Denny McCarthy G Ryo Hisatsune G Jackson Suber G Tom Hoge,,,
213,5178299166,jacobhumphrey,0,545,G Keith Mitchell G Eric Cole G Tom Kim G Emiliano Grillo G Kevin Yu G Ben Kohles,,,
213,5178554328,woodsheddrew,0,545,G Ben Griffin G Doug Ghim G Matt Wallace G Michael Kim G Jackson Suber G Ben Kohles,,,
213,5178626935,Manchester5,0,545,G Keegan Bradley G Pierceson Coody G Davis Thompson G Tony Finau G Max Homa G Stephan Jaeger,,,
213,5179525685,DrewLandrumCR,0,545,G Jacob Bridgeman G Eric Cole G Rickie Fowler G Ryo Hisatsune G Christiaan Bezuidenhout G Joel Dahmen,,,
217,5179216148,WallOfVoodoo,0,544.5,G Chris Gotterup G Keith Mitchell G Ryo Hisatsune G Sudarshan Yellamaraju G Zac Blair G Troy Merritt,,,
217,5180043718,emabe,0,544.5,G Chris Gotterup G Keith Mitchell G Doug Ghim G Emiliano Grillo G Luke Clanton G Tyler Duncan,,,
219,5178390640,BuckyCardinal,0,544,G Ben Griffin G Eric Cole G Doug Ghim G Ben Kohles G A.J. Ewart G Austin Eckroat,,,
219,5178491293,sisqkid,0,544,G Chris Gotterup G Sungjae Im G Ryo Hisatsune G Christiaan Bezuidenhout G Blades Brown G Carson Young,,,
219,5179737794,kenB1109,0,544,G Chris Gotterup G Jordan Spieth G Christiaan Bezuidenhout G Tony Finau G Max Homa G Taylor Moore,,,
219,5179854762,Aza-meeda,0,544,G Ben Griffin G Tom Kim G Doug Ghim G Daniel Berger G Jackson Suber G Ben Kohles,,,
219,5179930362,AC8882,0,544,G Chris Gotterup G Sungjae Im G Ryo Hisatsune G Christiaan Bezuidenhout G Blades Brown G Carson Young,,,
219,5180133791,bluepride27,0,544,G Chris Gotterup G Matt Wallace G Mac Meissner G Christiaan Bezuidenhout G Aldrich Potgieter G Tony Finau,,,
225,5178225180,baaaariggs,0,543.5,G Chris Gotterup G Eric Cole G Tom Kim G Blades Brown G Ben Kohles G Brian Campbell,,,
225,5178809433,onetimetd,0,543.5,G Ben Griffin G Tom Kim G Doug Ghim G Blades Brown G Jackson Suber G A.J. Ewart,,,
225,5179036924,Lawboy15,0,543.5,G Keegan Bradley G Jordan Spieth G Ryo Hisatsune G Davis Thompson G Blades Brown G Emiliano Grillo,,,
225,5179633281,ss4266,0,543.5,G Jacob Bridgeman G Jordan Spieth G Eric Cole G Blades Brown G Max Homa G Andrew Putnam,,,
229,5178328561,dmayo8,0,543,G Ben Griffin G Tom Kim G Matt Wallace G Blades Brown G Jackson Suber G Emiliano Grillo,,,
229,5179832056,P.Dallas,0,543,G Jordan Spieth G Rickie Fowler G Doug Ghim G Sungjae Im G Tony Finau G Max Homa,,,
231,5178613098,jimmyb.83159,0,542.5,G Chris Gotterup G Jacob Bridgeman G Sudarshan Yellamaraju G Blades Brown G Jackson Suber G Tom Hoge,,,
231,5178760921,mdp128,0,542.5,G Jackson Koivun G Rickie Fowler G Doug Ghim G Ryo Hisatsune G Blades Brown G Jackson Suber,,,
231,5178807660,TwoLeggedLOTTO,0,542.5,G Chris Gotterup G Sungjae Im G Ryo Hisatsune G Christiaan Bezuidenhout G Blades Brown G Taylor Moore,,,
231,5179481911,freakazoid0,0,542.5,G Keith Mitchell G Rickie Fowler G Tom Kim G Blades Brown G Jackson Suber G Kevin Yu,,,
231,5179706764,skinsfan2881,0,542.5,G Jacob Bridgeman G Eric Cole G Tom Kim G Ryo Hisatsune G Jackson Suber G Andrew Putnam,,,
231,5180217668,kblamt,0,542.5,G Ben Griffin G Keegan Bradley G J.T. Poston G Jackson Suber G Tom Hoge G Troy Merritt,,,
237,5178827329,kingfishsjp,0,542,G Jacob Bridgeman G Tom Kim G Matt Wallace G Ryo Hisatsune G Christiaan Bezuidenhout G Blades Brown,,,
237,5178914600,webercook,0,542,G J.T. Poston G Eric Cole G Sungjae Im G Ryo Hisatsune G Jackson Suber G Emiliano Grillo,,,
237,5179555085,Johnnysangels333,0,542,G Keith Mitchell G J.T. Poston G Doug Ghim G Blades Brown G Jackson Suber G Austin Eckroat,,,
237,5179963780,ryanstitan,0,542,G Jacob Bridgeman G Tom Kim G Matt Wallace G Ryo Hisatsune G Christiaan Bezuidenhout G Blades Brown,,,
241,5178719040,borinick,0,541.5,G Chris Gotterup G Jacob Bridgeman G Tom Kim G Jackson Suber G Zac Blair G Jimmy Stanger,,,
242,5179348135,josh.0,0,541,G Chris Gotterup G Keith Mitchell G Blades Brown G Ben Kohles G Andrew Putnam G Carson Young,,,
242,5179725443,hightopsfeet,0,541,G Chris Gotterup G Matt Wallace G Ryo Hisatsune G Max Greyserman G Christiaan Bezuidenhout G Andrew Putnam,,,
244,5178986208,KBS117,0,540.5,G Chris Gotterup G Tom Kim G Denny McCarthy G Blades Brown G Emiliano Grillo G Ben Kohles,,,
244,5179307152,aferg,0,540.5,G Eric Cole G Tom Kim G Sungjae Im G Ryo Hisatsune G Christiaan Bezuidenhout G Blades Brown,,,
246,5178675336,gomory12345670,0,540,G Chris Gotterup G Doug Ghim G Ryo Hisatsune G Taylor Pendrith G Max Homa G Taylor Moore,,,
246,5179990724,brontoball,0,540,G Chris Gotterup G Ben Griffin G Max Homa G Seamus Power G Stephan Jaeger G Zecheng Dou,,,
248,5179775978,garryld1949,0,539.5,G Chris Gotterup G Jacob Bridgeman G Tom Kim G Blades Brown G Zachary Bauchou G Troy Merritt,,,
249,5178749275,djdog09,0,539,G Chris Gotterup G Tom Kim G Max Greyserman G Christiaan Bezuidenhout G Jackson Suber G Emiliano Grillo,,,
250,5179064952,pjl711,0,538.5,G Ben Griffin G Tom Kim G Ryo Hisatsune G Mac Meissner G Rico Hoey G Ben Kohles,,,
250,5180050979,mikeob81,0,538.5,G Ben Griffin G Keith Mitchell G Davis Thompson G Emiliano Grillo G Zachary Bauchou G Lucas Glover,,,
252,5178365873,KielMoney28,0,538,G Chris Gotterup G Davis Thompson G Sudarshan Yellamaraju G Christiaan Bezuidenhout G Blades Brown G Tony Finau,,,
252,5178727846,daddyrose04041962,0,538,G Chris Gotterup G Ryo Hisatsune G Aldrich Potgieter G Jackson Suber G Andrew Novak G Ben Kohles,,,
252,5179364370,Brentw9,0,538,G Jacob Bridgeman G Tom Kim G Ryo Hisatsune G Christiaan Bezuidenhout G Blades Brown G Tony Finau,,,
252,5180196847,Kaufblue,0,538,G Chris Gotterup G Michael Thorbjornsen G Sudarshan Yellamaraju G Blades Brown G Max Homa G Ben Kohles,,,
256,5178978194,titletown3718,0,537.5,G Chris Gotterup G Jacob Bridgeman G Max Homa G Emiliano Grillo G Kevin Roy G David Lipsky,,,
256,5179823630,buster_bluth,0,537.5,G Jacob Bridgeman G Tom Kim G Doug Ghim G Sungjae Im G Emiliano Grillo G Ben Kohles,,,
256,5179988561,Po1958,0,537.5,G Ben Griffin G Tom Kim G Doug Ghim G Jackson Suber G Andrew Novak G Ben Kohles,,,
256,5180102557,sawatch,0,537.5,G Keith Mitchell G Jordan Spieth G Ryo Hisatsune G Blades Brown G Zach Johnson G Joel Dahmen,,,
260,5178883607,DocBrown1957,0,537,G Chris Gotterup G Ben Griffin G Ben Kohles G Hao-Tong Li G Keita Nakajima G Austin Smotherman,,,
260,5178989700,mackla01,0,537,G Chris Gotterup G Tom Kim G Doug Ghim G Aldrich Potgieter G Max McGreevy G Matt Kuchar,,,
262,5178343770,SMP8manunited,0,536,G Keith Mitchell G Jacob Bridgeman G Michael Brennan G Blades Brown G Jackson Suber G Tom Hoge,,,
262,5178561328,rand6,0,536,G Chris Gotterup G Ben Griffin G Sungjae Im G Jackson Suber G Harry Higgs G Joe Highsmith,,,
262,5178596490,YellowFly,0,536,G Keegan Bradley G J.T. Poston G Tom Kim G Doug Ghim G Zac Blair G Lanto Griffin,,,
262,5179183399,wlawnservice,0,536,G Chris Gotterup G Rickie Fowler G Matt Wallace G Max Homa G Andrew Putnam G Carson Young,,,
262,5179531107,joelorr,0,536,G Chris Gotterup G Jacob Bridgeman G Matt Wallace G Ryo Hisatsune G Vince Whaley G David Lipsky,,,
262,5179625249,KenTasch,0,536,G Chris Gotterup G Jordan Spieth G Mac Meissner G Tony Finau G Jackson Suber G Andrew Novak,,,
262,5180182565,Scxpress,0,536,G Keegan Bradley G Tom Kim G Doug Ghim G Ryo Hisatsune G Aldrich Potgieter G Max Homa,,,
269,5178235026,grogu333,0,535.5,G Ben Griffin G Tom Kim G Matt Wallace G Ryo Hisatsune G Blades Brown G Erik Van Rooyen,,,
269,5179780608,bjbsnoop,0,535.5,G Keith Mitchell G Rickie Fowler G Sungjae Im G Mac Meissner G Blades Brown G Kevin Yu,,,
271,5179347390,Mick_dagger,0,535,G Keith Mitchell G Keegan Bradley G Rickie Fowler G Jackson Suber G Emiliano Grillo G David Lipsky,,,
271,5179636286,sbutcher413,0,535,G Keith Mitchell G Eric Cole G Rickie Fowler G Tony Finau G Max Homa G Erik Van Rooyen,,,
271,5179775446,linsanity77,0,535,G Ben Griffin G J.T. Poston G Sungjae Im G Max Homa G Zachary Bauchou G Zac Blair,,,
274,5179598598,OlsonJA,0,534.5,G Ben Griffin G Pierceson Coody G Matt Wallace G Christiaan Bezuidenhout G Max Homa G A.J. Ewart,,,
275,5178842315,dle090,0,534,G Chris Gotterup G Keegan Bradley G Sudarshan Yellamaraju G Jackson Suber G Andrew Putnam G Stephan Jaeger,,,
276,5178213349,phillipyadegari,0,533.5,G Ben Griffin G Tom Kim G Michael Brennan G Christiaan Bezuidenhout G Jackson Suber G Austin Eckroat,,,
276,5178612014,2briar,0,533.5,G Keith Mitchell G Jacob Bridgeman G Ryo Hisatsune G Max Homa G Beau Hossler G Chan Kim,,,
276,5179655661,JDamien2442,0,533.5,G Keith Mitchell G Tom Kim G Sungjae Im G Ryo Hisatsune G Christiaan Bezuidenhout G Zac Blair,,,
276,5179752772,Dragon63,0,533.5,G Chris Gotterup G Pierceson Coody G Sudarshan Yellamaraju G Blades Brown G Tony Finau G Jackson Suber,,,
276,5179801842,Mitch1528,0,533.5,G Jacob Bridgeman G Jordan Spieth G Rickie Fowler G Christiaan Bezuidenhout G Jackson Suber G Andrew Putnam,,,
281,5178625678,malbw,0,533,G Chris Gotterup G Jacob Bridgeman G Tom Kim G Ryo Hisatsune G Zac Blair G Robert Streb,,,
281,5178627205,Mattie.11,0,533,G Rickie Fowler G Michael Brennan G Sungjae Im G Matt Wallace G Ryo Hisatsune G Christiaan Bezuidenhout,,,
281,5178781159,anon1983,0,533,G Keith Mitchell G Rickie Fowler G Pierceson Coody G Ryo Hisatsune G Matt Kuchar G Tom Hoge,,,
284,5178462000,jimdelaney,0,532.5,G Chris Gotterup G Jacob Bridgeman G Daniel Berger G Tony Finau G Max Homa G Emiliano Grillo,,,
284,5180065497,Eenergy20,0,532.5,G Chris Gotterup G Eric Cole G Tom Kim G Max Homa G Carson Young G Erik Van Rooyen,,,
284,5180177863,PeytonMallard,0,532.5,G Ben Griffin G Jackson Koivun G Mac Meissner G Blades Brown G Max Homa G Emiliano Grillo,,,
284,5180221562,KnoxHerrington,0,532.5,G Ben Griffin G Jackson Koivun G Mac Meissner G Blades Brown G Max Homa G Emiliano Grillo,,,
288,5178595425,lamondatd,0,532,G Keith Mitchell G J.T. Poston G Eric Cole G Blades Brown G Jackson Suber G David Skinns,,,
288,5179850481,sleemans,0,532,G Ben Griffin G Jacob Bridgeman G Ryo Hisatsune G Christiaan Bezuidenhout G Max Homa G Brian Campbell,,,
290,5178774551,derekdog,0,531.5,G J.T. Poston G Eric Cole G Tom Kim G Ryo Hisatsune G Jackson Suber G Chan Kim,,,
290,5179000962,LeanWeen,0,531.5,G Jacob Bridgeman G Jackson Koivun G Ryo Hisatsune G Mac Meissner G Blades Brown G Jackson Suber,,,
292,5179511578,spanky1538,0,531,G Ben Griffin G Doug Ghim G Davis Thompson G Michael Kim G Blades Brown G Jackson Suber,,,
292,5179641260,Papy324,0,531,G Ben Griffin G Doug Ghim G Sungjae Im G Blades Brown G Aldrich Potgieter G Max Homa,,,
292,5179936312,danotaxman,0,531,G Chris Gotterup G Pierceson Coody G Denny McCarthy G Blades Brown G Jackson Suber G Andrew Putnam,,,
295,5178768593,coorslight37,0,530.5,G Jordan Spieth G Rickie Fowler G Matt Wallace G Ryo Hisatsune G Davis Thompson G Emiliano Grillo,,,
295,5178963596,SlayJaxx,0,530.5,G Keith Mitchell G Jordan Spieth G Tom Kim G Christiaan Bezuidenhout G Kevin Yu G Zac Blair,,,
295,5179507892,MaliciousOne,0,530.5,G Jacob Bridgeman G Rickie Fowler G Tom Kim G Ryo Hisatsune G Blades Brown G Tom Hoge,,,
295,5179653476,TheFizz1,0,530.5,G Jackson Koivun G Tom Kim G Doug Ghim G Christiaan Bezuidenhout G Blades Brown G Ben Kohles,,,
299,5179784994,j0ebaggs,0,530,G Ben Griffin G Keegan Bradley G Daniel Berger G Max Homa G Jackson Suber G Emiliano Grillo,,,
300,5178250697,brodyvegas,0,529.5,G J.T. Poston G Eric Cole G Tom Kim G Davis Thompson G Jackson Suber G Emiliano Grillo,,,
300,5178257509,Perrymac79,0,529.5,G Chris Gotterup G J.T. Poston G Tom Kim G Emiliano Grillo G A.J. Ewart G Zach Johnson,,,
300,5179334400,justplaydead,0,529.5,G Jordan Spieth G Rickie Fowler G Tom Kim G Ryo Hisatsune G Christiaan Bezuidenhout G Emiliano Grillo,,,
300,5179845768,impeccablycomingup,0,529.5,G Ben Griffin G Tom Kim G Doug Ghim G Blades Brown G Emiliano Grillo G Zachary Bauchou,,,
300,5180016125,smartplays,0,529.5,G Ben Griffin G Tom Kim G Sungjae Im G Blades Brown G Jackson Suber G Emiliano Grillo,,,
300,5180168054,dingodan39,0,529.5,G Ben Griffin G Jacob Bridgeman G Tom Kim G Ryo Hisatsune G Tom Hoge G Troy Merritt,,,
306,5178364086,Draftrich,0,529,G Chris Gotterup G Keegan Bradley G Tony Finau G Jackson Suber G Andrew Novak G Stephan Jaeger,,,
306,5178425401,datt_1296,0,529,G Keith Mitchell G J.T. Poston G Eric Cole G Jackson Suber G Emiliano Grillo G Tom Hoge,,,
306,5178789027,trendsetter21,0,529,G J.T. Poston G Eric Cole G Tom Kim G Blades Brown G Tony Finau G Jackson Suber,,,
306,5180206417,Jagermister17,0,529,G Eric Cole G Pierceson Coody G Tom Kim G Sungjae Im G Blades Brown G Max Homa,,,
310,5178717924,gravelramabrawl,0,528.5,G Chris Gotterup G Pierceson Coody G Sudarshan Yellamaraju G Mac Meissner G Blades Brown G Andrew Putnam,,,
310,5178781223,coco22,0,528.5,G Ben Griffin G Tom Kim G Sungjae Im G Christiaan Bezuidenhout G Jackson Suber G Andrew Putnam,,,
310,5178856845,DougEFresh1212,0,528.5,G Chris Gotterup G Pierceson Coody G Sudarshan Yellamaraju G Mac Meissner G Blades Brown G Andrew Putnam,,,
310,5179016283,Stuckcee,0,528.5,G Chris Gotterup G Jordan Spieth G Mac Meissner G Blades Brown G William Mouw G Paul Peterson,,,
310,5179052422,carlydedog,0,528.5,G Ben Griffin G Eric Cole G Pierceson Coody G Blades Brown G Stephan Jaeger G Mark Hubbard,,,
310,5179291022,NatiFlyingPigs,0,528.5,G Eric Cole G Tom Kim G Doug Ghim G Ryo Hisatsune G Sudarshan Yellamaraju G Jackson Suber,,,
310,5179365999,COBRAkb,0,528.5,G Chris Gotterup G Keith Mitchell G Taylor Pendrith G Jackson Suber G Emiliano Grillo G Tom Hoge,,,
310,5179369469,mgoess,0,528.5,G Ben Griffin G Tom Kim G Sudarshan Yellamaraju G Blades Brown G Jackson Suber G Ben Kohles,,,
310,5179930572,skholbrook77,0,528.5,G Chris Gotterup G Pierceson Coody G Sudarshan Yellamaraju G Mac Meissner G Blades Brown G Andrew Putnam,,,
310,5179973020,bgrez3825,0,528.5,G J.T. Poston G Eric Cole G Ryo Hisatsune G Sudarshan Yellamaraju G Mac Meissner G Jackson Suber,,,
310,5180157666,SkipMcCarthy,0,528.5,G Chris Gotterup G Tom Kim G Sungjae Im G Blades Brown G Emiliano Grillo G Chan Kim,,,
310,5180229957,river3401,0,528.5,G Chris Gotterup G Pierceson Coody G Sudarshan Yellamaraju G Mac Meissner G Blades Brown G Andrew Putnam,,,
322,5178470897,maryfbbliss21,0,528,G Ben Griffin G Keith Mitchell G Ryo Hisatsune G Emiliano Grillo G Mackenzie Hughes G David Lipsky,,,
322,5178484994,ShufflersofIckeydom,0,528,G Chris Gotterup G Sungjae Im G Ryo Hisatsune G Sudarshan Yellamaraju G Mac Meissner G Austin Smotherman,,,
322,5178831854,cheesyleaf89,0,528,G Keegan Bradley G Tom Kim G Doug Ghim G Matt Wallace G Kevin Yu G Patrick Fishburn,,,
322,5179109736,spacebirdmatingcall,0,528,G J.T. Poston G Eric Cole G Tom Kim G Sungjae Im G Blades Brown G Lucas Glover,,,
322,5179165143,garysgotit2,0,528,G Eric Cole G Tom Kim G Denny McCarthy G Christiaan Bezuidenhout G Jackson Suber G Ben Kohles,,,
322,5179346759,JPME,0,528,G Jordan Spieth G Tom Kim G Denny McCarthy G Ryo Hisatsune G Max Homa G Ben Kohles,,,
328,5178416679,JOEDABUTCHA,0,527.5,G Ben Griffin G Tom Kim G Denny McCarthy G Blades Brown G Jackson Suber G Ben Kohles,,,
328,5178482235,ClubChamp0809,0,527.5,G Keith Mitchell G Eric Cole G Ryo Hisatsune G Mac Meissner G Jackson Suber G Taylor Moore,,,
328,5180080822,BobbyBull400,0,527.5,G Chris Gotterup G Tom Kim G Ryo Hisatsune G Max Greyserman G Stephan Jaeger G Tom Hoge,,,
331,5179549548,mrhands17,0,527,G Chris Gotterup G Rickie Fowler G Ryo Hisatsune G Daniel Berger G Tony Finau G Max McGreevy,,,
331,5179636067,bigmike181235,0,527,G Michael Brennan G Mac Meissner G Blades Brown G Emiliano Grillo G Zachary Bauchou G David Lipsky,,,
331,5179684571,bobbybrew22,0,527,G Eric Cole G Rickie Fowler G Tom Kim G Sungjae Im G Max Homa G Tom Hoge,,,
334,5178613149,One4fun91,0,526.5,G Ben Griffin G Pierceson Coody G Tom Kim G Blades Brown G Tony Finau G Zach Johnson,,,
334,5179238701,hburton1,0,526.5,G Keegan Bradley G Eric Cole G Michael Thorbjornsen G Max Homa G Jackson Suber G Emiliano Grillo,,,
336,5179212895,Clarkamus68,0,526,G Jacob Bridgeman G Tom Kim G Michael Brennan G Ryo Hisatsune G Blades Brown G Emiliano Grillo,,,
336,5179434891,justutah,0,526,G Ben Griffin G Keith Mitchell G Tony Finau G Jackson Suber G Max McGreevy G Andrew Putnam,,,
338,5178637751,kbw612,0,525.5,G J.T. Poston G Eric Cole G Tom Kim G Ryo Hisatsune G Blades Brown G Andrew Putnam,,,
338,5179405785,15Kokanee,0,525.5,G Chris Gotterup G Tom Kim G Ryo Hisatsune G Sudarshan Yellamaraju G Max Homa G A.J. Ewart,,,
338,5179411787,Brandolito,0,525.5,G J.T. Poston G Jordan Spieth G Michael Brennan G Mac Meissner G Blades Brown G Emiliano Grillo,,,
338,5179706884,penguin424,0,525.5,G Ben Griffin G J.T. Poston G Tom Kim G Ben Kohles G A.J. Ewart G Zach Johnson,,,
338,5179892189,jb44wil4,0,525.5,G Keith Mitchell G Eric Cole G Davis Thompson G Blades Brown G Jackson Suber G A.J. Ewart,,,
343,5178504801,cain5150,0,525,G Chris Gotterup G Ben Griffin G Zachary Bauchou G Andrew Putnam G Stephan Jaeger G A.J. Ewart,,,
343,5178574630,Lilbit10,0,525,G Chris Gotterup G Keith Mitchell G Blades Brown G Tony Finau G Jackson Suber G Adam Hadwin,,,
343,5178868153,BTXJ,0,525,G Chris Gotterup G Keith Mitchell G Mac Meissner G Christiaan Bezuidenhout G Aldrich Potgieter G Gordon Sargent,,,
343,5178984278,dc385711,0,525,G Ben Griffin G Tom Kim G Doug Ghim G Max Homa G Andrew Novak G Kevin Yu,,,
343,5179299126,Billdixon,0,525,G Ben Griffin G Pierceson Coody G Denny McCarthy G Tony Finau G Max Homa G Ben Kohles,,,
343,5179765026,Bobman007,0,525,G Keith Mitchell G Jordan Spieth G Ryo Hisatsune G Christiaan Bezuidenhout G Tony Finau G William Mouw,,,
343,5179908229,gamec0cks,0,525,G Chris Gotterup G Michael Brennan G Ryo Hisatsune G Daniel Berger G Tony Finau G Emiliano Grillo,,,
350,5179370675,jayholl14,0,524.5,G Ben Griffin G Jackson Koivun G Ryo Hisatsune G Blades Brown G Ben Kohles G Austin Smotherman,,,
350,5179572000,Shiekhers,0,524.5,G Ben Griffin G Rickie Fowler G Denny McCarthy G Tony Finau G Max Homa G Jackson Suber,,,
350,5180178950,mondi76,0,524.5,G Ben Griffin G Jacob Bridgeman G Davis Thompson G Ben Kohles G Carson Young G Zach Johnson,,,
350,5180178974,bibby11,0,524.5,G Jacob Bridgeman G Jackson Koivun G Mac Meissner G Christiaan Bezuidenhout G Blades Brown G Jackson Suber,,,
354,5178274982,luckymeyer69,0,524,G Chris Gotterup G Ben Griffin G Davis Thompson G Emiliano Grillo G David Lipsky G Brian Campbell,,,
354,5179101482,Gr8Hipcheck,0,524,G Chris Gotterup G Jacob Bridgeman G Ryo Hisatsune G Blades Brown G Carson Young G Chan Kim,,,
354,5179554926,Jasper2013,0,524,G Jacob Bridgeman G J.T. Poston G Eric Cole G Doug Ghim G Tom Hoge G Joel Dahmen,,,
354,5179757943,TERRYBECK,0,524,G Eric Cole G Pierceson Coody G Doug Ghim G Michael Brennan G Aldrich Potgieter G Max Homa,,,
354,5179893486,lewiszach85,0,524,G Keith Mitchell G J.T. Poston G Michael Brennan G Blades Brown G Max Homa G Austin Eckroat,,,
359,5178203857,lougehrig4,0,523.5,G Chris Gotterup G Jacob Bridgeman G Ryo Hisatsune G Sudarshan Yellamaraju G Stephan Jaeger G Joel Dahmen,,,
359,5178204761,crowmanpoe,0,523.5,G Keith Mitchell G Eric Cole G Ryo Hisatsune G Blades Brown G Aldrich Potgieter G Jackson Suber,,,
359,5178217846,sicilykid,0,523.5,G Jackson Koivun G Pierceson Coody G Doug Ghim G Mac Meissner G Christiaan Bezuidenhout G Blades Brown,,,
359,5178768419,thepreist,0,523.5,G Chris Gotterup G Tom Kim G Sudarshan Yellamaraju G Christiaan Bezuidenhout G Blades Brown G Emiliano Grillo,,,
359,5180053548,kinsmobile1,0,523.5,G Chris Gotterup G Pierceson Coody G Tom Kim G Emiliano Grillo G Ben Kohles G Carson Young,,,
364,5178359337,ScottoD12,0,523,G Chris Gotterup G Michael Thorbjornsen G Tom Kim G Jackson Suber G Emiliano Grillo G Tom Hoge,,,
364,5178943030,tacoshark372,0,523,G Ben Griffin G Tom Kim G Sungjae Im G Blades Brown G Max Homa G Zachary Bauchou,,,
364,5178958851,winboy27,0,523,G Chris Gotterup G Jacob Bridgeman G Eric Cole G Stephan Jaeger G Zac Blair G Jeremy Paul,,,
364,5179592553,tarheel69,0,523,G Chris Gotterup G Ben Griffin G Christiaan Bezuidenhout G Carson Young G Tom Hoge G Chan Kim,,,
364,5179874029,lmk620,0,523,G Keith Mitchell G J.T. Poston G Eric Cole G Jackson Suber G Andrew Putnam G Tom Hoge,,,
369,5178187158,radzynfessenden,0,522.5,G Ben Griffin G Tom Kim G Sungjae Im G Blades Brown G Max Homa G Austin Eckroat,,,
369,5178380144,Daddydog14,0,522.5,G Chris Gotterup G J.T. Poston G Christiaan Bezuidenhout G Blades Brown G John Keefer G Mark Hubbard,,,
369,5178402469,jeffersonians,0,522.5,G Jordan Spieth G Eric Cole G Sungjae Im G Ryo Hisatsune G Blades Brown G Tony Finau,,,
369,5178741137,sportspalace,0,522.5,G Chris Gotterup G Keith Mitchell G Max Greyserman G Ben Kohles G Austin Eckroat G Tom Hoge,,,
369,5179041497,diegoseis,0,522.5,G Chris Gotterup G Ben Griffin G Emiliano Grillo G Kevin Yu G Keita Nakajima G Matthieu Pavon,,,
369,5179329795,Mojoman30,0,522.5,G Keith Mitchell G Keegan Bradley G Rickie Fowler G Jackson Suber G Austin Smotherman G Tom Hoge,,,
369,5179430547,bonzmac11,0,522.5,G Chris Gotterup G Ben Griffin G Ben Kohles G Carson Young G Zach Johnson G Luke Clanton,,,
369,5179495854,gatolocos,0,522.5,G Jordan Spieth G Eric Cole G Sungjae Im G Ryo Hisatsune G Blades Brown G Tony Finau,,,
369,5179618882,TontoGoldstein5,0,522.5,G Chris Gotterup G Ben Griffin G Max McGreevy G Carson Young G Zac Blair G Chan Kim,,,
378,5178321862,DeaconDave29,0,522,G Keith Mitchell G Eric Cole G Doug Ghim G Blades Brown G Jackson Suber G Carson Young,,,
378,5178404512,kp3205s,0,522,G Keith Mitchell G Doug Ghim G Sungjae Im G Sudarshan Yellamaraju G Max Homa G Jackson Suber,,,
378,5179487336,hopps1124,0,522,G Ben Griffin G Keith Mitchell G Eric Cole G Jackson Suber G Tom Hoge G Jonathan Byrd,,,
381,5178202361,mulamontega,0,521.5,G Chris Gotterup G Keith Mitchell G Taylor Pendrith G Max Homa G Emiliano Grillo G Chan Kim,,,
381,5178859203,The_Nature_Boy,0,521.5,G Jacob Bridgeman G J.T. Poston G Tom Kim G Blades Brown G Jackson Suber G Emiliano Grillo,,,
381,5178913355,Mikali9173,0,521.5,G Ben Griffin G Pierceson Coody G Sudarshan Yellamaraju G Mac Meissner G Blades Brown G Jackson Suber,,,
381,5179756622,bart2201,0,521.5,G Ben Griffin G J.T. Poston G Pierceson Coody G Tony Finau G Zac Blair G Tom Hoge,,,
385,5178332492,Silkygoose,0,521,G Ben Griffin G Jackson Koivun G Max Homa G Jackson Suber G Emiliano Grillo G William Mouw,,,
385,5178446185,billymybob,0,521,G Jacob Bridgeman G Eric Cole G Ryo Hisatsune G Sudarshan Yellamaraju G Blades Brown G Jackson Suber,,,
385,5179372254,cglenn91,0,521,G Ben Griffin G Eric Cole G Denny McCarthy G Blades Brown G Emiliano Grillo G Ben Kohles,,,
385,5179602916,Lord007,0,521,G Ben Griffin G Eric Cole G Denny McCarthy G Blades Brown G Emiliano Grillo G Ben Kohles,,,
385,5179744126,XandyProfits1,0,521,G Chris Gotterup G Jordan Spieth G Sudarshan Yellamaraju G Max Homa G William Mouw G Austin Smotherman,,,
385,5179895508,NeonLeon1257,0,521,G Jordan Spieth G Michael Thorbjornsen G Tom Kim G Ryo Hisatsune G Jackson Suber G Ben Kohles,,,
385,5179981846,BsCards72,0,521,G Keith Mitchell G Keegan Bradley G J.T. Poston G Emiliano Grillo G Lucas Glover G Joel Dahmen,,,
385,5180018386,kazy900,0,521,G Chris Gotterup G Jacob Bridgeman G Tom Kim G Ryo Hisatsune G Zach Johnson G Jeremy Paul,,,
385,5180075955,mjgard64,0,521,G Chris Gotterup G Keith Mitchell G Tony Finau G Max Homa G Taylor Moore G Patrick Fishburn,,,
385,5180190565,dcuff,0,521,G Ben Griffin G Tom Kim G Doug Ghim G Max Homa G John Keefer G Emiliano Grillo,,,
395,5178921681,Rjhill34,0,520.5,G Chris Gotterup G Denny McCarthy G Ryo Hisatsune G Davis Thompson G Blades Brown G A.J. Ewart,,,
395,5180160027,Kenpodad,0,520.5,G Michael Thorbjornsen G Rickie Fowler G Sungjae Im G Christiaan Bezuidenhout G Jackson Suber G Ben Kohles,,,
397,5178326297,krabby13,0,520,G Ben Griffin G Jacob Bridgeman G Ryo Hisatsune G Blades Brown G Zachary Bauchou G Chan Kim,,,
397,5178502908,gtack,0,520,G Ben Griffin G J.T. Poston G Denny McCarthy G Jackson Suber G Emiliano Grillo G Ben Kohles,,,
397,5179064331,House_73,0,520,G Chris Gotterup G Eric Cole G Sudarshan Yellamaraju G Blades Brown G Emiliano Grillo G Andrew Putnam,,,
397,5179383161,Da_boyzz69,0,520,G Eric Cole G Pierceson Coody G Sungjae Im G Ryo Hisatsune G Davis Thompson G Tony Finau,,,
397,5179894821,J-Bird,0,520,G J.T. Poston G Jordan Spieth G Doug Ghim G Ryo Hisatsune G Andrew Novak G Ben Kohles,,,
397,5180021098,haraz,0,520,G Chris Gotterup G Pierceson Coody G Tom Kim G Blades Brown G Carson Young G Zac Blair,,,
397,5180195940,sman62,0,520,G Eric Cole G Pierceson Coody G Tom Kim G Sungjae Im G Blades Brown G Jackson Suber,,,
404,5178857865,dbsultan,0,519,G J.T. Poston G Eric Cole G Doug Ghim G Ryo Hisatsune G Blades Brown G Carson Young,,,
404,5179637788,stebeck1,0,519,G J.T. Poston G Jordan Spieth G Tom Kim G Sungjae Im G Max Homa G Zach Johnson,,,
404,5180207524,Doc_Holliday,0,519,G Ben Griffin G Tom Kim G Doug Ghim G Blades Brown G Andrew Novak G Lee Hodges,,,
407,5178749675,ElSlappo,0,518.5,G Chris Gotterup G Jackson Koivun G Blades Brown G Jackson Suber G Andrew Novak G Ben Kohles,,,
407,5180175706,MRMustard1975,0,518.5,G Ben Griffin G Matt Wallace G Ryo Hisatsune G Christiaan Bezuidenhout G Blades Brown G Daniel Berger,,,
409,5178978597,Slim1105,0,518,G Eric Cole G Tom Kim G Sungjae Im G Blades Brown G Ben Kohles G Austin Eckroat,,,
409,5179522816,Powell80,0,518,G Jordan Spieth G Eric Cole G Rickie Fowler G Christiaan Bezuidenhout G Tony Finau G William Mouw,,,
409,5179848724,KGoetsch,0,518,G Chris Gotterup G Jacob Bridgeman G Denny McCarthy G Blades Brown G Emiliano Grillo G David Lipsky,,,
409,5179899971,jcrowepls,0,518,G Chris Gotterup G Jacob Bridgeman G Eric Cole G Jackson Suber G Andrew Putnam G Jeremy Paul,,,
409,5180201206,blnielson63,0,518,G Keith Mitchell G Eric Cole G Matt Wallace G Mac Meissner G Tony Finau G Andrew Putnam,,,
414,5179052171,hitbombs44,0,517.5,G Jordan Spieth G Rickie Fowler G Tom Kim G Michael Brennan G Max Homa G Beau Hossler,,,
414,5179061388,Dogs498,0,517.5,G Ben Griffin G Tom Kim G Ryo Hisatsune G Michael Kim G Blades Brown G Max Homa,,,
414,5179466182,Jakebond007,0,517.5,G Rickie Fowler G Tom Kim G Sungjae Im G Ryo Hisatsune G Christiaan Bezuidenhout G Tony Finau,,,
417,5178592919,adyer505,0,517,G Ben Griffin G Tom Kim G Doug Ghim G Blades Brown G Emiliano Grillo G A.J. Ewart,,,
417,5178812416,nwspring52,0,517,G Chris Gotterup G Keith Mitchell G Christiaan Bezuidenhout G Blades Brown G Andrew Putnam G Brice Garnett,,,
417,5179665076,scroggs811,0,517,G J.T. Poston G Eric Cole G Doug Ghim G Denny McCarthy G Emiliano Grillo G Ben Kohles,,,
417,5179868956,Tbone921,0,517,G Chris Gotterup G Eric Cole G Max Greyserman G Christiaan Bezuidenhout G Ben Kohles G Carson Young,,,
417,5179972764,coachcd13,0,517,G Ben Griffin G Keith Mitchell G Michael Thorbjornsen G Ben Kohles G Zac Blair G Troy Merritt,,,
422,5178859707,KrunchySoft,0,516.5,G Eric Cole G Michael Thorbjornsen G Rickie Fowler G Ryo Hisatsune G Davis Thompson G Zach Johnson,,,
422,5179055742,hazmatt94,0,516.5,G Ben Griffin G Keith Mitchell G Sudarshan Yellamaraju G Jackson Suber G Ben Kohles G Erik Van Rooyen,,,
422,5179270660,sideliner,0,516.5,G Ben Griffin G Keith Mitchell G Blades Brown G Jackson Suber G Taylor Moore G Zac Blair,,,
422,5179441376,Slandy1021,0,516.5,G Jacob Bridgeman G Eric Cole G Denny McCarthy G Ryo Hisatsune G Max Homa G Emiliano Grillo,,,
422,5179582463,axelfoleybdf,0,516.5,G Chris Gotterup G Tom Kim G Ryo Hisatsune G Sudarshan Yellamaraju G Blades Brown G Chan Kim,,,
422,5179798514,figaro1223,0,516.5,G Chris Gotterup G Jacob Bridgeman G Jackson Suber G Emiliano Grillo G Beau Hossler G Cameron Champ,,,
428,5178252687,Benjoematt,0,516,G Chris Gotterup G Tom Kim G Davis Thompson G Rico Hoey G Blades Brown G Emiliano Grillo,,,
428,5178439846,ttollette15,0,516,G Chris Gotterup G Jackson Koivun G Blades Brown G Max Homa G John Keefer G Kevin Yu,,,
428,5179759443,realrusty,0,516,G Chris Gotterup G Ben Griffin G Rico Hoey G Emiliano Grillo G Adrien Dumont De Chassart G David Lipsky,,,
428,5179777202,captainzen,0,516,G Jackson Koivun G Eric Cole G Doug Ghim G Ryo Hisatsune G Blades Brown G Andrew Putnam,,,
428,5179843006,99DWhite,0,516,G Ben Griffin G Tom Kim G Sudarshan Yellamaraju G Mac Meissner G Blades Brown G Jackson Suber,,,
428,5179977611,musicman777,0,516,G Ben Griffin G Pierceson Coody G Sudarshan Yellamaraju G Christiaan Bezuidenhout G Blades Brown G Jackson Suber,,,
434,5178495368,travery5812,0,515.5,G Keegan Bradley G Jordan Spieth G Rickie Fowler G Blades Brown G Tony Finau G Stephan Jaeger,,,
434,5178715730,cannonsmash,0,515.5,G Eric Cole G Tom Kim G Sungjae Im G Matt Wallace G Christiaan Bezuidenhout G Blades Brown,,,
434,5179599132,fsuguy316,0,515.5,G Chris Gotterup G Eric Cole G Sudarshan Yellamaraju G Blades Brown G Tony Finau G Andrew Putnam,,,
434,5179759034,Noleroller,0,515.5,G Chris Gotterup G Eric Cole G Sudarshan Yellamaraju G Blades Brown G Tony Finau G Andrew Putnam,,,
434,5179975953,burrito9521,0,515.5,G Chris Gotterup G Eric Cole G Sudarshan Yellamaraju G Blades Brown G Tony Finau G Andrew Putnam,,,
439,5178361982,jrevelle3,0,515,G Jacob Bridgeman G J.T. Poston G Eric Cole G Max Homa G Zachary Bauchou G Patrick Fishburn,,,
439,5178524787,MakeMyDay7,0,515,G Chris Gotterup G Tom Kim G Ryo Hisatsune G Christiaan Bezuidenhout G Blades Brown G Patrick Rodgers,,,
441,5178605648,basaunders1,0,514.5,G Chris Gotterup G Ben Griffin G Rickie Fowler G Takumi Kanaya G Erik Van Rooyen G Troy Merritt,,,
441,5178651447,HotSuzy,0,514.5,G Keegan Bradley G Jordan Spieth G Eric Cole G Tony Finau G Emiliano Grillo G Matt Kuchar,,,
441,5178795679,Freezum,0,514.5,G Keith Mitchell G Doug Ghim G Sungjae Im G Christiaan Bezuidenhout G Rico Hoey G Max Homa,,,
441,5179708626,whiskygolf,0,514.5,G Jacob Bridgeman G J.T. Poston G Eric Cole G Emiliano Grillo G Patrick Fishburn G Zac Blair,,,
445,5178197493,mjurek1113,0,514,G Ben Griffin G Doug Ghim G Ryo Hisatsune G Sudarshan Yellamaraju G Blades Brown G Zachary Bauchou,,,
445,5178759287,RubMyBelly,0,514,G Ben Griffin G Sungjae Im G Ryo Hisatsune G Sudarshan Yellamaraju G Blades Brown G Jackson Suber,,,
445,5178969008,lucask115,0,514,G Ben Griffin G Jacob Bridgeman G Christiaan Bezuidenhout G Tony Finau G John Keefer G Ben Kohles,,,
445,5179526339,K1ngOfHearts,0,514,G J.T. Poston G Eric Cole G Ryo Hisatsune G Davis Thompson G Sudarshan Yellamaraju G Jackson Suber,,,
445,5179632839,DCowell12,0,514,G Eric Cole G Michael Thorbjornsen G Tom Kim G Doug Ghim G Emiliano Grillo G Ben Kohles,,,
450,5178519333,ZEUSKIZZ,0,513.5,G Keegan Bradley G Jacob Bridgeman G Michael Brennan G Kevin Yu G Austin Smotherman G Stephan Jaeger,,,
450,5179680512,jtreichert22,0,513.5,G Keegan Bradley G Rickie Fowler G Pierceson Coody G Ryo Hisatsune G Rico Hoey G Lucas Glover,,,
450,5179925385,FoxyGrandpa252,0,513.5,G Keith Mitchell G Eric Cole G Matt Wallace G Blades Brown G Tony Finau G Emiliano Grillo,,,
453,5178649941,Sbdog44,0,513,G Keith Mitchell G Rickie Fowler G Ryo Hisatsune G Sudarshan Yellamaraju G Blades Brown G Jackson Suber,,,
453,5179340982,bkess4807,0,513,G Chris Gotterup G Jacob Bridgeman G Sungjae Im G Ben Kohles G Carson Young G Mark Hubbard,,,
453,5179537416,rrock19,0,513,G Ben Griffin G Eric Cole G Tom Kim G Blades Brown G Andrew Putnam G David Skinns,,,
453,5179721917,Gackle510,0,513,G Chris Gotterup G Eric Cole G Pierceson Coody G Max Homa G Patrick Rodgers G Tom Hoge,,,
457,5178875077,loosehead,0,512.5,G Ben Griffin G Sungjae Im G Aldrich Potgieter G Tony Finau G Max Homa G Jackson Suber,,,
457,5179671270,photoperbear,0,512.5,G Chris Gotterup G Jacob Bridgeman G Ryo Hisatsune G Christiaan Bezuidenhout G Patrick Rodgers G Tom Hoge,,,
457,5179808827,jet4wvu,0,512.5,G Ben Griffin G Rickie Fowler G Ryo Hisatsune G Taylor Pendrith G Max Homa G Austin Eckroat,,,
457,5180045416,scooter8174,0,512.5,G Chris Gotterup G Ben Griffin G Christiaan Bezuidenhout G A.J. Ewart G Zac Blair G Seung-Yul Noh,,,
461,5179181450,fumundacheeez,0,512,G Jacob Bridgeman G Eric Cole G Ryo Hisatsune G Sudarshan Yellamaraju G Christiaan Bezuidenhout G Blades Brown,,,
461,5179294048,keg2015,0,512,G Keith Mitchell G Eric Cole G Sudarshan Yellamaraju G Christiaan Bezuidenhout G Blades Brown G Jackson Suber,,,
461,5179442162,johnnyblaze34,0,512,G Ben Griffin G Jordan Spieth G Mac Meissner G Blades Brown G Aldrich Potgieter G Kevin Yu,,,
461,5179495773,dhershel,0,512,G Jacob Bridgeman G Eric Cole G Ryo Hisatsune G Sudarshan Yellamaraju G Christiaan Bezuidenhout G Blades Brown,,,
465,5178729460,charlotteuptown,0,511.5,G Jacob Bridgeman G Tom Kim G Sungjae Im G Ryo Hisatsune G Christiaan Bezuidenhout G Tony Finau,,,
465,5179946696,XrockoutX,0,511.5,G Jackson Koivun G J.T. Poston G Pierceson Coody G Blades Brown G Max Homa G Jackson Suber,,,
465,5180202978,zeke-24,0,511.5,G Jacob Bridgeman G Eric Cole G Michael Thorbjornsen G Blades Brown G Jackson Suber G Kevin Yu,,,
468,5179127798,Varga1,0,511,G Chris Gotterup G Jackson Koivun G Denny McCarthy G Jackson Suber G Emiliano Grillo G Lucas Glover,,,
468,5179495267,Crad87,0,511,G Jacob Bridgeman G Eric Cole G Pierceson Coody G Christiaan Bezuidenhout G Emiliano Grillo G Austin Smotherman,,,
468,5179897360,dallessandro,0,511,G Keith Mitchell G Eric Cole G Sungjae Im G Davis Thompson G Jackson Suber G Austin Eckroat,,,
468,5179955597,rikyrotten,0,511,G Ben Griffin G Keith Mitchell G Aldrich Potgieter G Jackson Suber G Ben Kohles G Zachary Bauchou,,,
468,5180001668,DrBTrain007,0,511,G Chris Gotterup G J.T. Poston G Max Greyserman G Jackson Suber G Ben Kohles G Carson Young,,,
468,5180179833,verdeck777,0,511,G Jacob Bridgeman G J.T. Poston G Ryo Hisatsune G Sudarshan Yellamaraju G Christiaan Bezuidenhout G Jackson Suber,,,
474,5179491386,leopardcats88,0,510.5,G Ben Griffin G Rickie Fowler G Tom Kim G Max Homa G Jackson Suber G Adam Hadwin,,,
475,5178431943,dah_saints,0,510,G J.T. Poston G Rickie Fowler G Tom Kim G Sungjae Im G Max Homa G Emiliano Grillo,,,
475,5178879969,Bulldog103,0,510,G Chris Gotterup G Tom Kim G Davis Thompson G Blades Brown G Daniel Berger G Tony Finau,,,
475,5179723199,ckat1985,0,510,G Keith Mitchell G Jacob Bridgeman G Ryo Hisatsune G Rico Hoey G Jackson Suber G Kevin Yu,,,
478,5178536684,preeves4,0,509.5,G Ben Griffin G Tom Kim G Doug Ghim G Blades Brown G John Keefer G Matt Kuchar,,,
478,5178862479,rikj68,0,509.5,G Chris Gotterup G Ben Griffin G Jordan Spieth G Lanto Griffin G Dylan Frittelli G Davis Riley,,,
478,5179736271,foutah,0,509.5,G Chris Gotterup G Ryo Hisatsune G Max Greyserman G Sudarshan Yellamaraju G Christiaan Bezuidenhout G Blades Brown,,,
478,5180193604,elboden,0,509.5,G Ben Griffin G Keith Mitchell G Aldrich Potgieter G Jackson Suber G Max McGreevy G Zach Johnson,,,
482,5179746748,dksmith0713,0,509,G Chris Gotterup G Tom Kim G Doug Ghim G John Keefer G Emiliano Grillo G Austin Eckroat,,,
482,5179845853,TheFunk,0,509,G Ben Griffin G Tom Kim G Doug Ghim G Denny McCarthy G Max Homa G David Skinns,,,
482,5179921312,wsol,0,509,G Jacob Bridgeman G Jackson Koivun G Tom Kim G Blades Brown G Max Homa G Jackson Suber,,,
485,5178304036,fairwayfool,0,508.5,G Chris Gotterup G Keith Mitchell G Blades Brown G Jackson Suber G Zachary Bauchou G Seung-Yul Noh,,,
485,5179135114,tmoen2015,0,508.5,G Keith Mitchell G J.T. Poston G Ryo Hisatsune G Blades Brown G Aldrich Potgieter G Jackson Suber,,,
485,5179176558,Buddy2U,0,508.5,G Chris Gotterup G Jordan Spieth G Rickie Fowler G Carson Young G Stephan Jaeger G Tom Hoge,,,
485,5179245115,sboynton10,0,508.5,G Chris Gotterup G Doug Ghim G Sungjae Im G Michael Kim G Emiliano Grillo G Max McGreevy,,,
485,5179448709,sellard,0,508.5,G Rickie Fowler G Tom Kim G Doug Ghim G Ryo Hisatsune G Sudarshan Yellamaraju G Blades Brown,,,
485,5179546263,chembroski,0,508.5,G Jacob Bridgeman G Pierceson Coody G Tom Kim G Christiaan Bezuidenhout G Blades Brown G Tony Finau,,,
485,5179865765,briannedanielle,0,508.5,G Ben Griffin G Eric Cole G Sudarshan Yellamaraju G Blades Brown G Tony Finau G Jackson Suber,,,
485,5180104930,cubmann11,0,508.5,G Jacob Bridgeman G Eric Cole G Tom Kim G Blades Brown G Jackson Suber G A.J. Ewart,,,
485,5180192280,ariric864,0,508.5,G Ben Griffin G Eric Cole G Sudarshan Yellamaraju G Blades Brown G Tony Finau G Jackson Suber,,,
494,5178627815,keavster,0,508,G Jordan Spieth G Pierceson Coody G Doug Ghim G Ryo Hisatsune G Mac Meissner G Andrew Novak,,,
494,5178666541,jbikowski,0,508,G Eric Cole G Doug Ghim G Sungjae Im G Denny McCarthy G Davis Thompson G Jackson Suber,,,
494,5178729482,smw3184,0,508,G Ben Griffin G Jackson Koivun G Mac Meissner G Blades Brown G Jackson Suber G Zachary Bauchou,,,
494,5178871284,stormking82,0,508,G Chris Gotterup G Pierceson Coody G Ryo Hisatsune G Sudarshan Yellamaraju G Ben Kohles G Carson Young,,,
494,5179790846,rufuse53,0,508,G Chris Gotterup G Keith Mitchell G Michael Kim G Ben Kohles G Andrew Putnam G Mackenzie Hughes,,,
499,5178289638,magotteaux,0,507.5,G Chris Gotterup G Rickie Fowler G Tom Kim G Jackson Suber G Taylor Moore G Chan Kim,,,
499,5178775549,DRupe57,0,507.5,G Jordan Spieth G Eric Cole G Rickie Fowler G Ryo Hisatsune G Jackson Suber G Carson Young,,,
499,5178789201,kochy11,0,507.5,G Ben Griffin G J.T. Poston G Denny McCarthy G Max Homa G Emiliano Grillo G Kevin Yu,,,
502,5178298527,5Steelers5,0,507,G Ben Griffin G Keith Mitchell G Blades Brown G Emiliano Grillo G Carson Young G Lucas Glover,,,
502,5178419941,shocnawe4123,0,507,G Keith Mitchell G Tom Kim G Sungjae Im G Davis Thompson G Jackson Suber G Emiliano Grillo,,,
502,5178584639,define7,0,507,G Keith Mitchell G J.T. Poston G Ryo Hisatsune G Sudarshan Yellamaraju G Mac Meissner G Zach Johnson,,,
502,5178776326,tgolds,0,507,G Jacob Bridgeman G Eric Cole G Sungjae Im G Ryo Hisatsune G Max Homa G John Keefer,,,
502,5178923735,finster04,0,507,G Chris Gotterup G Eric Cole G Tom Kim G Emiliano Grillo G Carson Young G Harry Higgs,,,
502,5179010163,brich1,0,507,G Ben Griffin G Eric Cole G Tom Kim G Blades Brown G Jackson Suber G Jimmy Stanger,,,
502,5179710405,jkennedy4,0,507,G Chris Gotterup G Ben Griffin G Michael Kim G Zachary Bauchou G Zach Johnson G Erik Van Rooyen,,,
502,5179806774,JKOneShot,0,507,G Chris Gotterup G Jacob Bridgeman G Sudarshan Yellamaraju G Max Homa G Steven Fisk G Andrew Putnam,,,
502,5179920926,atrain3234,0,507,G Chris Gotterup G Pierceson Coody G Doug Ghim G Kevin Yu G A.J. Ewart G Matthieu Pavon,,,
502,5180066501,Markay,0,507,G Ben Griffin G Eric Cole G Christiaan Bezuidenhout G Aldrich Potgieter G Jackson Suber G Zachary Bauchou,,,
512,5179274504,bastropgambler,0,506.5,G Chris Gotterup G Ben Griffin G Beau Hossler G Zachary Bauchou G Stephan Jaeger G Jimmy Stanger,,,
512,5179666795,ccrider729,0,506.5,G Eric Cole G Tom Kim G Doug Ghim G Denny McCarthy G Christiaan Bezuidenhout G Blades Brown,,,
512,5179741270,jean_bordeaux,0,506.5,G Ben Griffin G Jacob Bridgeman G Ryo Hisatsune G Christiaan Bezuidenhout G Carson Young G Hayden Springer,,,
512,5180192360,keenmachine48,0,506.5,G Eric Cole G Tom Kim G Doug Ghim G Denny McCarthy G Christiaan Bezuidenhout G Blades Brown,,,
516,5178313967,jelenic,0,506,G Chris Gotterup G Ben Griffin G Christiaan Bezuidenhout G Jackson Suber G Luke Clanton G Brice Garnett,,,
516,5179055929,ggtvb1,0,506,G Chris Gotterup G Jackson Koivun G Tom Kim G Andrew Putnam G Zac Blair G Tom Hoge,,,
516,5179972763,Cowboys19752000,0,506,G Jacob Bridgeman G Rickie Fowler G Ryo Hisatsune G Sudarshan Yellamaraju G Christiaan Bezuidenhout G Blades Brown,,,
519,5178321779,sapple67,0,505.5,G Ben Griffin G Keith Mitchell G Sudarshan Yellamaraju G Jackson Suber G Emiliano Grillo G Zach Johnson,,,
519,5178849275,dev_macd,0,505.5,G Keegan Bradley G Jackson Koivun G Doug Ghim G Blades Brown G Emiliano Grillo G Kevin Yu,,,
519,5178885793,carsonoconnor11,0,505.5,G Ben Griffin G Eric Cole G Tom Kim G Max Homa G A.J. Ewart G Austin Eckroat,,,
519,5178942058,amclendo,0,505.5,G Jacob Bridgeman G Rickie Fowler G Ryo Hisatsune G Christiaan Bezuidenhout G Blades Brown G Carson Young,,,
519,5179550192,Maury2620,0,505.5,G J.T. Poston G Eric Cole G Tom Kim G Blades Brown G Jackson Suber G A.J. Ewart,,,
524,5178371976,BoboHuey,0,505,G Chris Gotterup G Tom Kim G Sungjae Im G Ryo Hisatsune G Sudarshan Yellamaraju G Troy Merritt,,,
524,5178735817,goofybh207,0,505,G Ben Griffin G Eric Cole G Ryo Hisatsune G Blades Brown G Daniel Berger G Andrew Putnam,,,
524,5179760281,CHEEZER7,0,505,G Ben Griffin G Eric Cole G Tom Kim G Blades Brown G Austin Eckroat G Erik Van Rooyen,,,
524,5179807293,gelm41,0,505,G Jacob Bridgeman G Eric Cole G Pierceson Coody G Blades Brown G Aldrich Potgieter G Max Homa,,,
528,5178185800,bigrob90912,0,504.5,G Ben Griffin G Jordan Spieth G Ryo Hisatsune G Mac Meissner G Thorbjorn Olesen G Matt Kuchar,,,
528,5178261533,dynamite_d,0,504.5,G Jacob Bridgeman G Tom Kim G Doug Ghim G Sudarshan Yellamaraju G Blades Brown G Jackson Suber,,,
528,5178271852,cowboys3322,0,504.5,G Chris Gotterup G Keith Mitchell G Ryo Hisatsune G Andrew Putnam G Patrick Rodgers G Zac Blair,,,
528,5178283947,agerico3,0,504.5,G Jacob Bridgeman G Rickie Fowler G Tom Kim G Max Greyserman G Jackson Suber G Ben Kohles,,,
528,5178652943,88chill88,0,504.5,G Keith Mitchell G Jacob Bridgeman G Christiaan Bezuidenhout G Blades Brown G Aldrich Potgieter G Jackson Suber,,,
528,5179304726,zpalmer93,0,504.5,G Jordan Spieth G Rickie Fowler G Tom Kim G Ryo Hisatsune G Davis Thompson G Austin Eckroat,,,
528,5179693713,luckie1710,0,504.5,G Chris Gotterup G Eric Cole G Sudarshan Yellamaraju G Blades Brown G Zachary Bauchou G Andrew Putnam,,,
528,5179814687,kylehaeussler,0,504.5,G Keegan Bradley G Jackson Koivun G Ryo Hisatsune G Davis Thompson G Jackson Suber G Andrew Putnam,,,
536,5178261074,kduds11,0,504,G Ben Griffin G Eric Cole G Christiaan Bezuidenhout G Blades Brown G Daniel Berger G Emiliano Grillo,,,
536,5178901866,giboceps,0,504,G Ben Griffin G J.T. Poston G Rickie Fowler G Emiliano Grillo G A.J. Ewart G Zach Johnson,,,
536,5179617825,jepst14,0,504,G Jackson Koivun G Eric Cole G Rickie Fowler G Blades Brown G Tony Finau G Max Homa,,,
536,5179825103,rjspels22,0,504,G Ben Griffin G Eric Cole G Sungjae Im G Ryo Hisatsune G Matt Kuchar G Webb Simpson,,,
536,5180180567,Dodgy_Drifter,0,504,G Chris Gotterup G J.T. Poston G Blades Brown G Aldrich Potgieter G Max Homa G John Keefer,,,
541,5178299781,stew7777,0,503.5,G Ben Griffin G Jordan Spieth G Davis Thompson G Rico Hoey G Max Homa G Emiliano Grillo,,,
541,5178806754,markm22,0,503.5,G Chris Gotterup G Keith Mitchell G Jackson Suber G Andrew Novak G Emiliano Grillo G Austin Eckroat,,,
541,5179035595,JayMacAttack,0,503.5,G Chris Gotterup G Keith Mitchell G Davis Thompson G Andrew Putnam G Carson Young G Tom Hoge,,,
541,5179196398,foreman2577,0,503.5,G Jacob Bridgeman G Jackson Koivun G J.T. Poston G Blades Brown G Max Homa G Preston Stout,,,
541,5179926371,jpbarr04,0,503.5,G Ben Griffin G J.T. Poston G Ryo Hisatsune G Jackson Suber G Andrew Novak G Emiliano Grillo,,,
546,5179063091,Vermontjayhawk,0,503,G Ben Griffin G Eric Cole G Matt Wallace G Max Homa G John Keefer G Austin Smotherman,,,
546,5179514309,Biggunmiller,0,503,G Jacob Bridgeman G Jordan Spieth G Rickie Fowler G Blades Brown G Tony Finau G Max McGreevy,,,
546,5179782980,omes16,0,503,G Jacob Bridgeman G Tom Kim G Ryo Hisatsune G Mac Meissner G Christiaan Bezuidenhout G Taylor Pendrith,,,
546,5180204954,jduknowme1,0,503,G Jackson Koivun G Eric Cole G Tom Kim G Christiaan Bezuidenhout G Blades Brown G Jackson Suber,,,
550,5178341595,engel1287,0,502.5,G Chris Gotterup G Jackson Koivun G Denny McCarthy G Blades Brown G Max Homa G David Lipsky,,,
550,5178377332,generals_chicken,0,502.5,G Pierceson Coody G Tom Kim G Sungjae Im G Matt Wallace G Davis Thompson G Mac Meissner,,,
550,5178637653,shon28,0,502.5,G Keith Mitchell G Jordan Spieth G Tom Kim G Blades Brown G Jackson Suber G Austin Eckroat,,,
550,5178798891,agento86,0,502.5,G Keith Mitchell G J.T. Poston G Rickie Fowler G Jackson Suber G William Mouw G Austin Eckroat,,,
550,5179516558,Shdwmoses,0,502.5,G J.T. Poston G Eric Cole G Tom Kim G Ryo Hisatsune G Matt Kuchar G A.J. Ewart,,,
550,5179931099,deepdrive14,0,502.5,G Keith Mitchell G J.T. Poston G Denny McCarthy G Davis Thompson G Max Homa G Zach Johnson,,,
556,5178699590,pmcmahon09,0,502,G J.T. Poston G Jordan Spieth G Tom Kim G Sungjae Im G Ben Kohles G Tom Hoge,,,
557,5179603282,BMOBtaskForce,0,501.5,G Keith Mitchell G Jacob Bridgeman G Tom Kim G Blades Brown G Zac Blair G Chan Kim,,,
557,5180183967,bullet524,0,501.5,G Chris Gotterup G Jordan Spieth G Sungjae Im G Jackson Suber G Andrew Putnam G Takumi Kanaya,,,
559,5178640005,josephje,0,501,G J.T. Poston G Jordan Spieth G Eric Cole G Blades Brown G Max McGreevy G Austin Smotherman,,,
559,5178970324,cmwagner,0,501,G Chris Gotterup G Jacob Bridgeman G Rickie Fowler G Carson Young G Tom Hoge G Erik Van Rooyen,,,
559,5179665248,rapala44,0,501,G Chris Gotterup G Keegan Bradley G Aldrich Potgieter G Tony Finau G Emiliano Grillo G Beau Hossler,,,
559,5180127658,RunningwithMJ,0,501,G Chris Gotterup G Jackson Koivun G Blades Brown G Daniel Berger G Jackson Suber G Matt Kuchar,,,
559,5180211116,psnowden1991,0,501,G Jackson Koivun G Eric Cole G Pierceson Coody G Christiaan Bezuidenhout G Blades Brown G Zach Johnson,,,
564,5178786256,Supy,0,500.5,G Ben Griffin G J.T. Poston G Jordan Spieth G Max Homa G Neal Shipley G Chandler Phillips,,,
564,5179037276,19Philthy,0,500.5,G Chris Gotterup G Pierceson Coody G Sudarshan Yellamaraju G Mac Meissner G Max Homa G Andrew Novak,,,
564,5179246829,bobc1314,0,500.5,G Chris Gotterup G Ben Griffin G Tom Kim G Tom Hoge G Joel Dahmen G Dylan Frittelli,,,
564,5179349027,kbb19622,0,500.5,G Ben Griffin G J.T. Poston G Christiaan Bezuidenhout G Daniel Berger G Jackson Suber G William Mouw,,,
564,5179370416,DCB1,0,500.5,G Chris Gotterup G Jacob Bridgeman G Davis Thompson G Blades Brown G Garrick Higgo G Austin Eckroat,,,
564,5179388329,BigFatPianist,0,500.5,G Chris Gotterup G Ben Griffin G John Keefer G Zachary Bauchou G Patrick Fishburn G Tom Hoge,,,
564,5179486310,bobjustbob728,0,500.5,G Jacob Bridgeman G Michael Thorbjornsen G Doug Ghim G Ryo Hisatsune G Davis Thompson G Mark Hubbard,,,
564,5179570445,Srs1312,0,500.5,G Keith Mitchell G Sungjae Im G Ryo Hisatsune G Sudarshan Yellamaraju G Christiaan Bezuidenhout G Jackson Suber,,,
564,5179879293,gandalf18,0,500.5,G Chris Gotterup G Rickie Fowler G Sudarshan Yellamaraju G Christiaan Bezuidenhout G Jackson Suber G Carson Young,,,
564,5180027871,shadyhskr,0,500.5,G Jacob Bridgeman G Tom Kim G Doug Ghim G Ryo Hisatsune G Blades Brown G Taylor Moore,,,
574,5179010448,dvjr1983,0,500,G Ben Griffin G Eric Cole G Doug Ghim G Jackson Suber G Carson Young G A.J. Ewart,,,
574,5179637275,RynJor23,0,500,G Chris Gotterup G Jordan Spieth G Davis Thompson G Daniel Berger G Emiliano Grillo G Andrew Putnam,,,
574,5179832153,darragh8,0,500,G Ben Griffin G Pierceson Coody G Tom Kim G Blades Brown G John Keefer G Lucas Glover,,,
577,5178220522,Jwiese,0,499.5,G Ben Griffin G Eric Cole G Michael Kim G Blades Brown G Tony Finau G Jackson Suber,,,
578,5178772973,egottler,0,499,G Keegan Bradley G Eric Cole G Tom Kim G Blades Brown G Max Homa G Taylor Moore,,,
578,5179221400,jerry6081,0,499,G Eric Cole G Doug Ghim G Sungjae Im G Matt Wallace G Denny McCarthy G Jackson Suber,,,
578,5179725927,ahrens23,0,499,G Ben Griffin G Doug Ghim G Denny McCarthy G Max Homa G Emiliano Grillo G A.J. Ewart,,,
578,5179766166,mcdowgl,0,499,G Keith Mitchell G Tom Kim G Ryo Hisatsune G Sudarshan Yellamaraju G Blades Brown G Jackson Suber,,,
582,5178311308,bcwinter,0,498.5,G Jacob Bridgeman G Denny McCarthy G Ryo Hisatsune G Mac Meissner G Zachary Bauchou G Zac Blair,,,
582,5178896866,hello35,0,498.5,G Ben Griffin G Keith Mitchell G Blades Brown G Jackson Suber G Emiliano Grillo G Carson Young,,,
582,5178909999,Screwbird33,0,498.5,G Eric Cole G Pierceson Coody G Michael Brennan G Blades Brown G Jackson Suber G John Keefer,,,
582,5179123457,MontyS71,0,498.5,G Ben Griffin G Jacob Bridgeman G Blades Brown G Jackson Suber G John Keefer G Andrew Putnam,,,
582,5179375983,fredgeo77,0,498.5,G Ben Griffin G Keith Mitchell G Aldrich Potgieter G Jackson Suber G Ben Kohles G A.J. Ewart,,,
582,5179425661,rdiller62,0,498.5,G Ben Griffin G Tom Kim G Sungjae Im G Blades Brown G Tony Finau G Emiliano Grillo,,,
582,5180121321,BamaFan6688,0,498.5,G Keith Mitchell G Matt Wallace G Sudarshan Yellamaraju G Mac Meissner G Christiaan Bezuidenhout G Blades Brown,,,
582,5180218373,jcooner23,0,498.5,G Chris Gotterup G Jackson Koivun G Blades Brown G Daniel Berger G Max Homa G Emiliano Grillo,,,
590,5178297283,miamitim68,0,498,G Keith Mitchell G Eric Cole G Pierceson Coody G Blades Brown G Ben Kohles G Carson Young,,,
590,5178383308,thielo21,0,498,G Jacob Bridgeman G J.T. Poston G Doug Ghim G Max Greyserman G Ben Kohles G Austin Smotherman,,,
590,5178935940,workit123,0,498,G Jacob Bridgeman G Jordan Spieth G Rickie Fowler G Mac Meissner G Tony Finau G Austin Eckroat,,,
590,5179249967,TeaBrown88,0,498,G Ben Griffin G J.T. Poston G Tom Kim G Max Homa G Jackson Suber G Ben Silverman,,,
590,5179434977,smittywrldwd,0,498,G Ben Griffin G Eric Cole G Ryo Hisatsune G Christiaan Bezuidenhout G Taylor Moore G Austin Eckroat,,,
590,5179548026,jpfogle2423,0,498,G Chris Gotterup G Jordan Spieth G Christiaan Bezuidenhout G Daniel Berger G Max Homa G Taylor Moore,,,
590,5179827821,danno_35,0,498,G Chris Gotterup G Jackson Koivun G Blades Brown G Max Homa G Emiliano Grillo G Carson Young,,,
590,5179960331,ToNyOnTiLt,0,498,G Chris Gotterup G Tom Kim G Sungjae Im G Ryo Hisatsune G Keita Nakajima G Takumi Kanaya,,,
590,5180226686,jdjay,0,498,G Ben Griffin G Sungjae Im G Davis Thompson G Sudarshan Yellamaraju G Blades Brown G Jackson Suber,,,
599,5178223665,Wacco4Flacco,0,497.5,G Keith Mitchell G Eric Cole G Doug Ghim G Aldrich Potgieter G Tony Finau G Kevin Yu,,,
599,5178229774,jcardigan,0,497.5,G Jacob Bridgeman G Eric Cole G Michael Brennan G Sudarshan Yellamaraju G Blades Brown G Jackson Suber,,,
599,5178531350,TexasTurk,0,497.5,G Ben Griffin G Doug Ghim G Ryo Hisatsune G Sudarshan Yellamaraju G Aldrich Potgieter G Jackson Suber,,,
599,5179388677,ragingweasel,0,497.5,G Chris Gotterup G Eric Cole G Michael Kim G Blades Brown G Aldrich Potgieter G Jackson Suber,,,
599,5179540745,28frankie,0,497.5,G Ben Griffin G Eric Cole G Max Greyserman G Blades Brown G Tony Finau G Kevin Yu,,,
599,5180184340,rodgo1,0,497.5,G Jacob Bridgeman G J.T. Poston G Ryo Hisatsune G Christiaan Bezuidenhout G Taylor Pendrith G Blades Brown,,,
605,5178889703,dicfullshellie,0,497,G J.T. Poston G Tom Kim G Denny McCarthy G Ryo Hisatsune G Blades Brown G Jackson Suber,,,
605,5179294746,HGD1970,0,497,G Jacob Bridgeman G Eric Cole G Michael Brennan G Davis Thompson G Jackson Suber G John Keefer,,,
605,5179490489,Reboot78,0,497,G Chris Gotterup G Jordan Spieth G Christiaan Bezuidenhout G Taylor Pendrith G Ben Kohles G Hao-Tong Li,,,
605,5180190204,ski1711,0,497,G Chris Gotterup G Jacob Bridgeman G Jordan Spieth G Andrew Putnam G David Lipsky G Dylan Wu,,,
605,5180230783,fennell007,0,497,G Jacob Bridgeman G Rickie Fowler G Tom Kim G Sungjae Im G Max Homa G Austin Eckroat,,,
610,5178215140,mpontrich,0,496.5,G Jacob Bridgeman G J.T. Poston G Tom Kim G Ryo Hisatsune G Max Homa G Jimmy Stanger,,,
610,5178428264,drccpro,0,496.5,G Keith Mitchell G Jacob Bridgeman G Pierceson Coody G Emiliano Grillo G Ben Kohles G A.J. Ewart,,,
610,5179550350,ronron670,0,496.5,G J.T. Poston G Eric Cole G Tom Kim G Christiaan Bezuidenhout G Blades Brown G A.J. Ewart,,,
610,5179726394,Plummdogg,0,496.5,G Ben Griffin G Keith Mitchell G Blades Brown G Aldrich Potgieter G Ben Kohles G Austin Eckroat,,,
610,5179744320,danthemantran,0,496.5,G Ben Griffin G Tom Kim G Denny McCarthy G Blades Brown G Tony Finau G Max Homa,,,
610,5179794540,freeRB58,0,496.5,G Jacob Bridgeman G Eric Cole G Sungjae Im G Sudarshan Yellamaraju G Christiaan Bezuidenhout G Ben Kohles,,,
610,5179858054,chumphries4,0,496.5,G Chris Gotterup G Jacob Bridgeman G Blades Brown G Taylor Moore G Ben Kohles G Carson Young,,,
610,5180183642,ppprinces,0,496.5,G Keith Mitchell G Eric Cole G Aldrich Potgieter G Max McGreevy G Stephan Jaeger G Lee Hodges,,,
618,5178355850,unuseablename,0,496,G Jacob Bridgeman G J.T. Poston G Tom Kim G Ryo Hisatsune G Aldrich Potgieter G Lucas Glover,,,
618,5178594259,StuDarley,0,496,G Ben Griffin G Denny McCarthy G Blades Brown G Max Homa G Ben Kohles G Carson Young,,,
618,5178897828,Jaden2299,0,496,G Keith Mitchell G Jacob Bridgeman G Ryo Hisatsune G Christiaan Bezuidenhout G Aldrich Potgieter G Stephan Jaeger,,,
618,5180116007,yahtzeeme3,0,496,G Chris Gotterup G Keegan Bradley G Jordan Spieth G Andrew Putnam G David Lipsky G Alejandro Tosti,,,
622,5178230227,manthan2123,0,495.5,G Ben Griffin G J.T. Poston G Doug Ghim G Max Homa G A.J. Ewart G Luke Clanton,,,
622,5178252935,themath,0,495.5,G Jackson Koivun G Pierceson Coody G Tom Kim G Ryo Hisatsune G Blades Brown G Jackson Suber,,,
622,5178633885,jwr3061,0,495.5,G Eric Cole G Rickie Fowler G Tom Kim G Denny McCarthy G Ryo Hisatsune G Zach Johnson,,,
622,5179323699,ilonabeate,0,495.5,G Ben Griffin G Keith Mitchell G Max Homa G Taylor Moore G Emiliano Grillo G Tom Hoge,,,
622,5179976326,suzukideb1965,0,495.5,G Ben Griffin G J.T. Poston G Ryo Hisatsune G Blades Brown G Emiliano Grillo G Carson Young,,,
622,5180126402,nut14,0,495.5,G Jackson Koivun G Pierceson Coody G Tom Kim G Ryo Hisatsune G Blades Brown G Jackson Suber,,,
622,5180185931,ebaue741,0,495.5,G Eric Cole G Pierceson Coody G Tom Kim G Ryo Hisatsune G Daniel Berger G Jackson Suber,,,
629,5178507645,nickyjoe,0,495,G Rickie Fowler G Tom Kim G Doug Ghim G Michael Brennan G Sungjae Im G Chan Kim,,,
629,5178517820,spmetzger,0,495,G Chris Gotterup G Ben Griffin G Christiaan Bezuidenhout G Austin Smotherman G Patrick Rodgers G Tom Hoge,,,
629,5179011978,CAKSEER,0,495,G Ben Griffin G Eric Cole G Sungjae Im G Blades Brown G Emiliano Grillo G A.J. Ewart,,,
629,5179378381,abrzezin,0,495,G Michael Thorbjornsen G Pierceson Coody G Tom Kim G Doug Ghim G Tony Finau G Max Homa,,,
629,5179459883,daldi,0,495,G Jackson Koivun G J.T. Poston G Pierceson Coody G Blades Brown G Jackson Suber G Zach Johnson,,,
629,5179854321,fatboys98,0,495,G Chris Gotterup G Jackson Koivun G Ryo Hisatsune G Jackson Suber G Andrew Putnam G Carson Young,,,
629,5180042523,Biguglydzl420,0,495,G Jacob Bridgeman G J.T. Poston G Eric Cole G Davis Thompson G Carson Young G Lucas Glover,,,
636,5178490373,sooners1740,0,494.5,G Keegan Bradley G Sungjae Im G Denny McCarthy G Ryo Hisatsune G Tony Finau G Max Homa,,,
636,5178774545,mng77777,0,494.5,G Ben Griffin G Tom Kim G Ryo Hisatsune G Davis Thompson G Andrew Novak G Kevin Yu,,,
636,5178851223,StLaurentTom,0,494.5,G Ben Griffin G Tom Kim G Ryo Hisatsune G Mac Meissner G Andrew Novak G Max McGreevy,,,
636,5178901568,Thegingerninja,0,494.5,G Keith Mitchell G Tom Kim G Ryo Hisatsune G Christiaan Bezuidenhout G Blades Brown G Aldrich Potgieter,,,
636,5179171087,ONeill11693,0,494.5,G Ben Griffin G Eric Cole G Tom Kim G Jackson Suber G Emiliano Grillo G Jimmy Stanger,,,
636,5179373915,linh66,0,494.5,G Ben Griffin G Rickie Fowler G Pierceson Coody G Max McGreevy G Ben Kohles G Hao-Tong Li,,,
636,5179655626,luckymark62,0,494.5,G Chris Gotterup G Jordan Spieth G Eric Cole G Austin Smotherman G Stephan Jaeger G Adam Hadwin,,,
636,5179747579,cartermull00,0,494.5,G Keith Mitchell G Tom Kim G Denny McCarthy G Ryo Hisatsune G Max Homa G Emiliano Grillo,,,
636,5179944885,vavo27,0,494.5,G Ben Griffin G J.T. Poston G Denny McCarthy G Christiaan Bezuidenhout G Jackson Suber G David Skinns,,,
636,5179964888,TimWeslow,0,494.5,G Keegan Bradley G Jackson Koivun G Eric Cole G Jackson Suber G Ben Kohles G A.J. Ewart,,,
636,5180124082,OhVa216,0,494.5,G Keegan Bradley G Jacob Bridgeman G Ryo Hisatsune G Mac Meissner G Taylor Moore G William Mouw,,,
636,5180169206,Shenkmeister,0,494.5,G Keith Mitchell G Jackson Koivun G Tom Kim G Tony Finau G Max Homa G Lee Hodges,,,
636,5180191885,Grand429,0,494.5,G Jacob Bridgeman G J.T. Poston G Tom Kim G Taylor Pendrith G Max Homa G Jackson Suber,,,
649,5178241590,Rodnilla,0,494,G J.T. Poston G Eric Cole G Pierceson Coody G Ryo Hisatsune G Taylor Pendrith G Zac Blair,,,
649,5178984285,shappy98022,0,494,G Keith Mitchell G Eric Cole G Tom Kim G Max Homa G Kevin Yu G Carson Young,,,
649,5179017872,ttrisle,0,494,G Keith Mitchell G Rickie Fowler G Ryo Hisatsune G Mac Meissner G Rico Hoey G Tony Finau,,,
649,5179543681,kidrock300,0,494,G Chris Gotterup G Jackson Koivun G Blades Brown G Aldrich Potgieter G Jackson Suber G Emiliano Grillo,,,
649,5179676491,Grandpakids,0,494,G Chris Gotterup G Jackson Koivun G Rico Hoey G Blades Brown G Max Homa G Andrew Putnam,,,
649,5179847322,Yakstar,0,494,G Chris Gotterup G Jackson Koivun G Blades Brown G Aldrich Potgieter G Jackson Suber G Emiliano Grillo,,,
655,5178215141,twin1k1953,0,493.5,G Ben Griffin G Jacob Bridgeman G Matt Wallace G Jackson Suber G Carson Young G Stephan Jaeger,,,
655,5178324167,ronmexicoburgundy,0,493.5,G Chris Gotterup G Tom Kim G Ryo Hisatsune G Sudarshan Yellamaraju G Jackson Suber G Carson Young,,,
655,5179172092,gooey911,0,493.5,G Ben Griffin G Eric Cole G Sungjae Im G Sudarshan Yellamaraju G Christiaan Bezuidenhout G Tyler Duncan,,,
655,5179717336,DanielTy,0,493.5,G Ben Griffin G Eric Cole G Denny McCarthy G Christiaan Bezuidenhout G Blades Brown G Mark Hubbard,,,
655,5179786062,sthaugh,0,493.5,G J.T. Poston G Rickie Fowler G Tom Kim G Ryo Hisatsune G Aldrich Potgieter G Jackson Suber,,,
655,5179898573,stenzy0314,0,493.5,G Keith Mitchell G Eric Cole G Ryo Hisatsune G Sudarshan Yellamaraju G Mac Meissner G Mark Hubbard,,,
661,5179516792,micbob,0,493,G Ben Griffin G Jordan Spieth G Pierceson Coody G Max McGreevy G Stephan Jaeger G Austin Eckroat,,,
661,5179564429,jaroms2001,0,493,G Keith Mitchell G J.T. Poston G Tom Kim G Mac Meissner G Ben Kohles G Jimmy Stanger,,,
661,5179618058,Blatzenburger,0,493,G Jacob Bridgeman G Jordan Spieth G Tom Kim G Sudarshan Yellamaraju G Jackson Suber G Ben Kohles,,,
661,5179819588,golfer53511,0,493,G Jacob Bridgeman G Eric Cole G Rickie Fowler G Sudarshan Yellamaraju G Blades Brown G Zac Blair,,,
661,5179991471,hart03,0,493,G Jacob Bridgeman G Jackson Koivun G Sungjae Im G Blades Brown G Kevin Yu G Ben Kohles,,,
666,5178763959,mbolen18,0,492.5,G Ben Griffin G Tom Kim G Sungjae Im G Blades Brown G Aldrich Potgieter G Ben Kohles,,,
666,5178849933,comonc,0,492.5,G Jordan Spieth G Rickie Fowler G Tom Kim G Ryo Hisatsune G Aldrich Potgieter G Jackson Suber,,,
666,5179147971,jcarlson7,0,492.5,G Ben Griffin G Tom Kim G Davis Thompson G Michael Kim G Blades Brown G Jackson Suber,,,
666,5180035266,m_bennett10,0,492.5,G Ben Griffin G Keith Mitchell G Blades Brown G Jackson Suber G Andrew Putnam G Carson Young,,,
670,5178439755,BuzzyHeff,0,492,G Eric Cole G Rickie Fowler G Tom Kim G Sudarshan Yellamaraju G Blades Brown G Jackson Suber,,,
670,5178596333,MrMayhofre,0,492,G Ben Griffin G Tom Kim G Denny McCarthy G Ryo Hisatsune G Blades Brown G Tom Hoge,,,
670,5178609505,Waskie3,0,492,G Ben Griffin G Keith Mitchell G Blades Brown G Ben Kohles G Zachary Bauchou G Carson Young,,,
670,5178879123,rbird33,0,492,G Chris Gotterup G Jackson Koivun G Blades Brown G Andrew Novak G Emiliano Grillo G Ben Kohles,,,
670,5178886968,Cubbiesftw23,0,492,G Ben Griffin G Tom Kim G Denny McCarthy G Blades Brown G Jackson Suber G Emiliano Grillo,,,
670,5178976659,eckel21,0,492,G Jordan Spieth G Eric Cole G Tom Kim G Ryo Hisatsune G Jackson Suber G Taylor Moore,,,
670,5179112145,rumplemo,0,492,G Ben Griffin G Eric Cole G Rickie Fowler G Tony Finau G Jackson Suber G Brian Campbell,,,
670,5179193924,cjharden,0,492,G Ben Griffin G Tom Kim G Denny McCarthy G Blades Brown G Jackson Suber G Emiliano Grillo,,,
670,5179406832,bethtehouse,0,492,G Eric Cole G Rickie Fowler G Sungjae Im G Ryo Hisatsune G Christiaan Bezuidenhout G Taylor Pendrith,,,
670,5179563242,BumpAndRun2033,0,492,G Ben Griffin G Rickie Fowler G Sudarshan Yellamaraju G Christiaan Bezuidenhout G Blades Brown G Andrew Putnam,,,
670,5179635927,LucaButt,0,492,G Keith Mitchell G Eric Cole G Rickie Fowler G Max Homa G John Keefer G Andrew Putnam,,,
670,5179733674,Lukeyg4,0,492,G Ben Griffin G Tom Kim G Denny McCarthy G Blades Brown G Jackson Suber G Emiliano Grillo,,,
670,5180149600,henry296,0,492,G Keegan Bradley G Doug Ghim G Sungjae Im G Ryo Hisatsune G Sudarshan Yellamaraju G Max McGreevy,,,
683,5178305600,davidsmith30,0,491.5,G Ben Griffin G Keith Mitchell G Blades Brown G Daniel Berger G Emiliano Grillo G Zach Johnson,,,
683,5180096715,smokeracing14,0,491.5,G Keith Mitchell G Jackson Koivun G Matt Wallace G Christiaan Bezuidenhout G Blades Brown G Zach Johnson,,,
685,5178192909,Chuckwag0n,0,491,G Chris Gotterup G Keith Mitchell G Blades Brown G John Keefer G Adrien Dumont De Chassart G Austin Eckroat,,,
685,5178212009,JohnnyDrama34,0,491,G Jackson Koivun G Rickie Fowler G Tom Kim G Blades Brown G Jackson Suber G Matt Kuchar,,,
685,5178483999,bsbender,0,491,G Keith Mitchell G Tom Kim G Denny McCarthy G Christiaan Bezuidenhout G Blades Brown G Jackson Suber,,,
685,5178851828,bzim36,0,491,G Jackson Koivun G Eric Cole G Pierceson Coody G Blades Brown G Jackson Suber G Emiliano Grillo,,,
685,5178980663,BennysBoys1943,0,491,G Jackson Koivun G Tom Kim G Matt Wallace G Ryo Hisatsune G Christiaan Bezuidenhout G Blades Brown,,,
685,5179261387,obeastone,0,491,G Chris Gotterup G Tom Kim G Denny McCarthy G Rico Hoey G Blades Brown G Lucas Glover,,,
685,5179887257,jstoltz28,0,491,G Ben Griffin G Jordan Spieth G Ryo Hisatsune G Davis Thompson G Blades Brown G Danny Walker,,,
685,5179987022,malcius,0,491,G Keith Mitchell G Jackson Koivun G Ryo Hisatsune G Blades Brown G Jackson Suber G Zachary Bauchou,,,
693,5178269323,TwoHearted,0,490.5,G Jacob Bridgeman G Eric Cole G Tom Kim G Ryo Hisatsune G Carson Young G Zac Blair,,,
693,5178319022,michaelowenrich,0,490.5,G Keith Mitchell G Eric Cole G Max Greyserman G Mac Meissner G Jackson Suber G Austin Eckroat,,,
693,5179259976,GreenBayWin77,0,490.5,G Michael Thorbjornsen G Rickie Fowler G Doug Ghim G Matt Wallace G Blades Brown G Tony Finau,,,
693,5179288786,sportsnat13,0,490.5,G Chris Gotterup G Keegan Bradley G Denny McCarthy G Emiliano Grillo G Carson Young G Lucas Glover,,,
693,5179481379,creaturefeature,0,490.5,G Ben Griffin G Jackson Koivun G Matt Wallace G Jackson Suber G Austin Eckroat G Zach Johnson,,,
693,5179502891,ilovedusty,0,490.5,G Keith Mitchell G Jackson Koivun G Tom Kim G Blades Brown G Jackson Suber G Zach Johnson,,,
693,5179540228,blei55,0,490.5,G J.T. Poston G Eric Cole G Doug Ghim G Sudarshan Yellamaraju G Blades Brown G Tony Finau,,,
693,5179584279,chrispi56,0,490.5,G Chris Gotterup G Ben Griffin G Max Homa G Andrew Putnam G Carson Young G Matthieu Pavon,,,
693,5179588457,ChickenHeadz,0,490.5,G Chris Gotterup G Tom Kim G Sudarshan Yellamaraju G Blades Brown G Ben Kohles G Carson Young,,,
693,5179902387,KingwilliamXX,0,490.5,G Chris Gotterup G Ben Griffin G Zachary Bauchou G Patrick Rodgers G Zach Johnson G Tom Hoge,,,
693,5180178381,tbialec,0,490.5,G Chris Gotterup G Tom Kim G Sudarshan Yellamaraju G Blades Brown G Ben Kohles G Carson Young,,,
704,5178364732,sooner2691,0,490,G Ben Griffin G Pierceson Coody G Matt Wallace G Blades Brown G Aldrich Potgieter G Kevin Yu,,,
704,5179548036,SxZ19,0,490,G Ben Griffin G Pierceson Coody G Tom Kim G Blades Brown G Andrew Novak G Lucas Glover,,,
704,5180174569,billy11199,0,490,G J.T. Poston G Jordan Spieth G Eric Cole G Rico Hoey G Max Homa G David Lipsky,,,
707,5178273040,KevinMakey41,0,489.5,G Keegan Bradley G Jacob Bridgeman G Denny McCarthy G Blades Brown G Jackson Suber G Emiliano Grillo,,,
707,5178740437,gravytrain66,0,489.5,G Keegan Bradley G Eric Cole G Michael Brennan G Denny McCarthy G Max Homa G Austin Smotherman,,,
707,5179932053,comeandgetsome,0,489.5,G Chris Gotterup G Jackson Koivun G Blades Brown G Daniel Berger G Jackson Suber G Emiliano Grillo,,,
707,5180185971,pegulavill,0,489.5,G Ben Griffin G Eric Cole G Matt Wallace G Mac Meissner G Taylor Pendrith G David Skinns,,,
711,5179285209,Brettmac38,0,489,G Jackson Koivun G J.T. Poston G Matt Wallace G Davis Thompson G Blades Brown G Jackson Suber,,,
711,5179788335,SILF,0,489,G Ben Griffin G Doug Ghim G Matt Wallace G Taylor Pendrith G Blades Brown G Austin Eckroat,,,
711,5179850039,Perscheid,0,489,G Chris Gotterup G Eric Cole G Ryo Hisatsune G Sudarshan Yellamaraju G Beau Hossler G Webb Simpson,,,
711,5179859480,oldangrygamer,0,489,G Ben Griffin G Pierceson Coody G Sudarshan Yellamaraju G Mac Meissner G Blades Brown G Andrew Putnam,,,
711,5179933429,Martin00,0,489,G J.T. Poston G Pierceson Coody G Tom Kim G Ryo Hisatsune G Daniel Berger G Lucas Glover,,,
711,5180027865,iampratte,0,489,G Jacob Bridgeman G J.T. Poston G Denny McCarthy G Davis Thompson G Blades Brown G Jackson Suber,,,
717,5178437828,gloryhole,0,488.5,G Ben Griffin G Jacob Bridgeman G Blades Brown G Daniel Berger G Emiliano Grillo G Kevin Yu,,,
717,5178523948,buckbow18,0,488.5,G Ben Griffin G Tom Kim G Matt Wallace G Blades Brown G Emiliano Grillo G A.J. Ewart,,,
717,5178596831,kv_smoove,0,488.5,G Keegan Bradley G Michael Thorbjornsen G Tom Kim G Davis Thompson G Emiliano Grillo G Ben Kohles,,,
717,5178602466,HUCKSTERS,0,488.5,G Jacob Bridgeman G Sungjae Im G Ryo Hisatsune G Sudarshan Yellamaraju G Christiaan Bezuidenhout G Blades Brown,,,
717,5178610214,Morrows123,0,488.5,G Keegan Bradley G Jordan Spieth G Rickie Fowler G Aldrich Potgieter G Max Homa G William Mouw,,,
717,5179025784,Fletch_105,0,488.5,G Keegan Bradley G Jackson Koivun G Tom Kim G Blades Brown G Emiliano Grillo G Ben Kohles,,,
717,5180133147,oberon1221,0,488.5,G Chris Gotterup G Ben Griffin G Sudarshan Yellamaraju G Blades Brown G Preston Stout G Brian Campbell,,,
724,5178248600,buckybacker1,0,488,G Chris Gotterup G Jackson Koivun G Blades Brown G Aldrich Potgieter G Jackson Suber G Andrew Putnam,,,
724,5178394122,btemp10,0,488,G Ben Griffin G Eric Cole G Ryo Hisatsune G Michael Kim G Jackson Suber G A.J. Ewart,,,
724,5179276656,Bigrgamer497,0,488,G Chris Gotterup G Michael Thorbjornsen G Mac Meissner G Blades Brown G Aldrich Potgieter G Beau Hossler,,,
724,5179552280,bryanpinter4,0,488,G Jacob Bridgeman G Tom Kim G Ryo Hisatsune G Davis Thompson G Sudarshan Yellamaraju G Christiaan Bezuidenhout,,,
724,5179727540,Buffettwk,0,488,G Jordan Spieth G Rickie Fowler G Tom Kim G Ryo Hisatsune G Michael Kim G Max Homa,,,
724,5180116131,jakethesnake83,0,488,G Ben Griffin G Tom Kim G Doug Ghim G Denny McCarthy G A.J. Ewart G Lucas Glover,,,
724,5180171282,dukester1970,0,488,G Eric Cole G Pierceson Coody G Tom Kim G Blades Brown G Aldrich Potgieter G Jackson Suber,,,
731,5178182013,laserh20,0,487.5,G Chris Gotterup G Pierceson Coody G Max Greyserman G Christiaan Bezuidenhout G Taylor Pendrith G Zac Blair,,,
731,5178225044,realmissy51,0,487.5,G Jackson Koivun G Tom Kim G Doug Ghim G Davis Thompson G Emiliano Grillo G Kevin Yu,,,
731,5178594474,mdcupito,0,487.5,G Chris Gotterup G Eric Cole G Ryo Hisatsune G Sudarshan Yellamaraju G Tony Finau G Jimmy Stanger,,,
731,5178610113,SanSouci84,0,487.5,G J.T. Poston G Eric Cole G Tom Kim G Blades Brown G Aldrich Potgieter G Jackson Suber,,,
731,5179775795,pcs269,0,487.5,G Jacob Bridgeman G Jordan Spieth G Eric Cole G Christiaan Bezuidenhout G Daniel Berger G Zach Johnson,,,
731,5179911687,JJQRams,0,487.5,G Keegan Bradley G Jordan Spieth G Sungjae Im G Denny McCarthy G Max Homa G Zac Blair,,,
731,5179952181,CP4545,0,487.5,G Eric Cole G Tom Kim G Michael Brennan G Ryo Hisatsune G Sudarshan Yellamaraju G Blades Brown,,,
731,5180087708,bernie70,0,487.5,G Ben Griffin G Jordan Spieth G Rickie Fowler G Ryo Hisatsune G Tom Hoge G Kevin Streelman,,,
739,5178489295,MarkVette,0,487,G Ben Griffin G Jackson Koivun G Rico Hoey G Blades Brown G Jackson Suber G Ben Kohles,,,
739,5178880087,swilliams3,0,487,G Jacob Bridgeman G Jordan Spieth G Ryo Hisatsune G Christiaan Bezuidenhout G Michael Kim G Blades Brown,,,
739,5179019610,theonlyhanch,0,487,G Ben Griffin G Matt Wallace G Denny McCarthy G Max Homa G John Keefer G Ben Kohles,,,
742,5178434383,unhfan78,0,486.5,G Ben Griffin G Rickie Fowler G Pierceson Coody G Max Homa G Hao-Tong Li G Adrien Dumont De Chassart,,,
742,5178927418,andyznutz,0,486.5,G Chris Gotterup G Pierceson Coody G Tom Kim G Blades Brown G Zachary Bauchou G Luke Clanton,,,
742,5179254237,jeckleberry,0,486.5,G Chris Gotterup G Tom Kim G Sudarshan Yellamaraju G Blades Brown G Aldrich Potgieter G Jackson Suber,,,
742,5179420352,mthunter00,0,486.5,G Ben Griffin G Keith Mitchell G Sungjae Im G Stephan Jaeger G Austin Eckroat G Lanto Griffin,,,
742,5179902991,tplmiz23,0,486.5,G Chris Gotterup G Pierceson Coody G Max Greyserman G Rico Hoey G Max McGreevy G Ben Kohles,,,
742,5180069269,twodogs1400,0,486.5,G Ben Griffin G Tom Kim G Sungjae Im G Matt Wallace G Stephan Jaeger G Mark Hubbard,,,
742,5180070554,Roostydawg,0,486.5,G Eric Cole G Rickie Fowler G Sungjae Im G Ryo Hisatsune G Sudarshan Yellamaraju G Blades Brown,,,
742,5180184010,MUDDUCKERS,0,486.5,G Ben Griffin G Tom Kim G Ryo Hisatsune G Blades Brown G Daniel Berger G Tony Finau,,,
750,5178229194,Amelin,0,486,G Jacob Bridgeman G Eric Cole G Ryo Hisatsune G Sudarshan Yellamaraju G Blades Brown G Adrien Dumont De Chassart,,,
750,5179062897,TRICKPLAY,0,486,G Chris Gotterup G Jackson Koivun G Michael Kim G Blades Brown G Max Homa G Keita Nakajima,,,
750,5179487132,Wineandshine247,0,486,G Jackson Koivun G J.T. Poston G Tom Kim G Ryo Hisatsune G Kevin Yu G Preston Stout,,,
750,5180173167,amobis,0,486,G Keith Mitchell G Keegan Bradley G Tom Kim G Jackson Suber G Austin Eckroat G Chan Kim,,,
750,5180196343,urhobbie,0,486,G Chris Gotterup G Sungjae Im G Ryo Hisatsune G Christiaan Bezuidenhout G Aldrich Potgieter G Daniel Berger,,,
755,5178757382,Rhino1979,0,485.5,G Keegan Bradley G Tom Kim G Denny McCarthy G Ryo Hisatsune G Mac Meissner G Tony Finau,,,
755,5178916678,OzarkMindhunter,0,485.5,G Jacob Bridgeman G Tom Kim G Doug Ghim G Ryo Hisatsune G Daniel Berger G Tony Finau,,,
755,5179508104,rlbender,0,485.5,G Ben Griffin G Jordan Spieth G Eric Cole G Hao-Tong Li G Zac Blair G Tom Hoge,,,
755,5179551812,sevencome11,0,485.5,G Keith Mitchell G Eric Cole G Michael Brennan G Sungjae Im G Austin Smotherman G Tom Hoge,,,
755,5179644346,dallas1fan21,0,485.5,G Keith Mitchell G Doug Ghim G Sungjae Im G Ryo Hisatsune G Rico Hoey G Max McGreevy,,,
755,5179790218,d1na,0,485.5,G Chris Gotterup G Tom Kim G Denny McCarthy G Christiaan Bezuidenhout G Jackson Suber G Carson Young,,,
761,5179020425,Randallgraves94,0,485,G Ben Griffin G Jacob Bridgeman G Sudarshan Yellamaraju G Blades Brown G Jackson Suber G Austin Eckroat,,,
761,5179816858,AresArrow,0,485,G Ben Griffin G Jacob Bridgeman G Sudarshan Yellamaraju G Blades Brown G Jackson Suber G Austin Eckroat,,,
763,5178365557,jt0378,0,484.5,G Ben Griffin G Pierceson Coody G Max Greyserman G Christiaan Bezuidenhout G Blades Brown G Beau Hossler,,,
763,5178751968,wiston,0,484.5,G Chris Gotterup G Michael Thorbjornsen G Ryo Hisatsune G Michael Kim G Blades Brown G Tom Hoge,,,
763,5178785789,Hoculi_theman,0,484.5,G Keith Mitchell G Pierceson Coody G Michael Brennan G Blades Brown G Jackson Suber G John Keefer,,,
763,5179033439,holdmybeer412,0,484.5,G Keith Mitchell G Pierceson Coody G Michael Brennan G Blades Brown G Jackson Suber G John Keefer,,,
763,5179909707,FreakTurbulence,0,484.5,G Chris Gotterup G J.T. Poston G Rico Hoey G Max Homa G Emiliano Grillo G Carson Young,,,
763,5180093370,seth1374,0,484.5,G J.T. Poston G Eric Cole G Tom Kim G Rico Hoey G Blades Brown G Jackson Suber,,,
763,5180209020,Birdzofprey15,0,484.5,G Keith Mitchell G Eric Cole G Doug Ghim G Blades Brown G Aldrich Potgieter G Austin Eckroat,,,
770,5179043074,Captgrif,0,484,G Ben Griffin G Keith Mitchell G Mac Meissner G Zachary Bauchou G Andrew Putnam G A.J. Ewart,,,
770,5179610665,WinnJetsWinn,0,484,G Jacob Bridgeman G J.T. Poston G Eric Cole G Jackson Suber G Carson Young G Stephan Jaeger,,,
772,5178285639,slaughter88,0,483.5,G Jacob Bridgeman G J.T. Poston G Davis Thompson G Blades Brown G Jackson Suber G Andrew Novak,,,
772,5179086839,schlep31,0,483.5,G Jacob Bridgeman G J.T. Poston G Jordan Spieth G Blades Brown G Daniel Berger G Lucas Glover,,,
772,5179635712,jonytiler,0,483.5,G Keegan Bradley G Rickie Fowler G Tom Kim G Max Greyserman G Max McGreevy G Ben Kohles,,,
772,5179774474,garvingann,0,483.5,G Jordan Spieth G Eric Cole G Rickie Fowler G Sudarshan Yellamaraju G Jackson Suber G Emiliano Grillo,,,
772,5179980366,KYJoeB,0,483.5,G Ben Griffin G Jacob Bridgeman G Eric Cole G Emiliano Grillo G Zac Blair G Brian Campbell,,,
772,5180006739,Sparty-2020,0,483.5,G Keith Mitchell G Eric Cole G Tom Kim G Blades Brown G Jackson Suber G Carson Young,,,
772,5180087621,armydave72,0,483.5,G Jacob Bridgeman G J.T. Poston G Tom Kim G Blades Brown G John Keefer G Ben Kohles,,,
772,5180156113,zjkeener15,0,483.5,G Eric Cole G Rickie Fowler G Doug Ghim G Sungjae Im G Blades Brown G Andrew Novak,,,
780,5178942069,gnut3g,0,483,G Keith Mitchell G Eric Cole G Tom Kim G Matt Wallace G Ben Kohles G Dylan Wu,,,
780,5179086651,Uncas,0,483,G J.T. Poston G Eric Cole G Tom Kim G Sudarshan Yellamaraju G Blades Brown G Jackson Suber,,,
780,5179433948,Dantheman2821,0,483,G Ben Griffin G Eric Cole G Ryo Hisatsune G Aldrich Potgieter G Tony Finau G Zachary Bauchou,,,
780,5180155509,bmyer,0,483,G Ben Griffin G Sungjae Im G Ryo Hisatsune G Sudarshan Yellamaraju G Blades Brown G Tony Finau,,,
780,5180186412,amarlls,0,483,G Ben Griffin G Pierceson Coody G Tom Kim G Aldrich Potgieter G Ben Kohles G Andrew Putnam,,,
785,5178357901,soinKLINEd28,0,482.5,G Keith Mitchell G Jackson Koivun G Eric Cole G Jackson Suber G Austin Eckroat G Zac Blair,,,
785,5178803579,tonychrome,0,482.5,G Jacob Bridgeman G Jackson Koivun G Tom Kim G Blades Brown G Emiliano Grillo G Ben Kohles,,,
785,5179339069,ZitZoo,0,482.5,G Ben Griffin G Keith Mitchell G Blades Brown G Jackson Suber G Carson Young G Austin Eckroat,,,
785,5179364435,I-HATE-PANTS,0,482.5,G Chris Gotterup G Michael Brennan G Max Greyserman G Mac Meissner G John Keefer G Emiliano Grillo,,,
785,5179366099,Babybird13,0,482.5,G Ben Griffin G Jacob Bridgeman G Ryo Hisatsune G Blades Brown G Carson Young G Austin Eckroat,,,
785,5179380101,jcochoy,0,482.5,G Ben Griffin G Eric Cole G Tom Kim G Ben Kohles G Carson Young G Austin Eckroat,,,
785,5179911254,FarmHallFalls,0,482.5,G Ben Griffin G Pierceson Coody G Ryo Hisatsune G Rico Hoey G Max McGreevy G William Mouw,,,
785,5180226676,Gregg85,0,482.5,G Eric Cole G Pierceson Coody G Tom Kim G Denny McCarthy G Blades Brown G Jackson Suber,,,
785,5180226702,Silverbxxck,0,482.5,G Ben Griffin G Michael Thorbjornsen G Christiaan Bezuidenhout G Taylor Pendrith G Kevin Yu G Ben Kohles,,,
794,5178200931,Ish99,0,482,G Keith Mitchell G Jackson Koivun G Doug Ghim G Jackson Suber G Ben Kohles G Carson Young,,,
794,5178266250,FLWildcat2020,0,482,G Ben Griffin G J.T. Poston G Sudarshan Yellamaraju G Blades Brown G Jackson Suber G Austin Eckroat,,,
794,5178346405,13jet,0,482,G Chris Gotterup G Ryo Hisatsune G Sudarshan Yellamaraju G Christiaan Bezuidenhout G Michael Kim G Tony Finau,,,
794,5178382988,Bloopdouble,0,482,G Keith Mitchell G Keegan Bradley G Doug Ghim G Hao-Tong Li G Stephan Jaeger G Tom Hoge,,,
794,5178970792,tmaynard15,0,482,G Ben Griffin G Jacob Bridgeman G Rickie Fowler G Stephan Jaeger G Vince Whaley G David Lipsky,,,
794,5179187951,rdwright00,0,482,G Keegan Bradley G Jacob Bridgeman G Jackson Koivun G Blades Brown G Zach Johnson G Tom Hoge,,,
794,5179331955,teejunior81,0,482,G Ben Griffin G Eric Cole G Tom Kim G Emiliano Grillo G Carson Young G Zach Johnson,,,
794,5179589826,fantasymd,0,482,G Chris Gotterup G Tom Kim G Ryo Hisatsune G Taylor Pendrith G Daniel Berger G Kevin Yu,,,
794,5179630297,irish1807,0,482,G Chris Gotterup G Denny McCarthy G Sudarshan Yellamaraju G Mac Meissner G Blades Brown G Andrew Putnam,,,
803,5178760600,Travismudcat,0,481.5,G Keith Mitchell G Eric Cole G Max Greyserman G Jackson Suber G Kevin Yu G Austin Eckroat,,,
803,5179342151,Bearfields,0,481.5,G Keith Mitchell G Jordan Spieth G Tom Kim G Ryo Hisatsune G Max Homa G Brian Campbell,,,
803,5179595552,pingpongninja,0,481.5,G Ben Griffin G Jordan Spieth G Eric Cole G Jackson Suber G Tom Hoge G Seung-Yul Noh,,,
803,5179875149,Unclesalty1958,0,481.5,G Ben Griffin G Jacob Bridgeman G Sungjae Im G Aldrich Potgieter G Andrew Putnam G Lucas Glover,,,
803,5180146254,Mikeck88,0,481.5,G Jackson Koivun G Jordan Spieth G Rickie Fowler G Christiaan Bezuidenhout G Max Homa G Austin Eckroat,,,
808,5178545292,Trevor80,0,481,G Chris Gotterup G Tom Kim G Christiaan Bezuidenhout G Blades Brown G Aldrich Potgieter G John Keefer,,,
808,5179062837,S.Springco,0,481,G Jacob Bridgeman G Michael Thorbjornsen G Doug Ghim G Ryo Hisatsune G Jackson Suber G John Keefer,,,
808,5179817034,gassmanva,0,481,G Jacob Bridgeman G Tom Kim G Matt Wallace G Sudarshan Yellamaraju G Christiaan Bezuidenhout G Jackson Suber,,,
808,5179921405,BIGOOOS,0,481,G Jordan Spieth G Eric Cole G Michael Brennan G Mac Meissner G Michael Kim G Blades Brown,,,
808,5179967251,HBbeachbum42,0,481,G Rickie Fowler G Pierceson Coody G Tom Kim G Ryo Hisatsune G Christiaan Bezuidenhout G Taylor Pendrith,,,
813,5178429923,Harringtonr3,0,480.5,G Keegan Bradley G Rickie Fowler G Pierceson Coody G Max Greyserman G Jackson Suber G Emiliano Grillo,,,
813,5178632635,dwags7623,0,480.5,G Keith Mitchell G Eric Cole G Tom Kim G Daniel Berger G Max Homa G Emiliano Grillo,,,
813,5178938485,jaffed13,0,480.5,G Ben Griffin G Tom Kim G Doug Ghim G Michael Kim G Max Homa G A.J. Ewart,,,
813,5179340732,enielsen827,0,480.5,G Jackson Koivun G J.T. Poston G Tom Kim G Doug Ghim G Zach Johnson G Tom Hoge,,,
813,5180200024,spooky8832,0,480.5,G J.T. Poston G Pierceson Coody G Tom Kim G Ryo Hisatsune G Michael Kim G Max Homa,,,
818,5178252184,joka290,0,480,G Keith Mitchell G Jackson Koivun G Tom Kim G Blades Brown G Emiliano Grillo G Lucas Glover,,,
818,5179333890,DavisMcduff,0,480,G Keegan Bradley G Tom Kim G Matt Wallace G Ryo Hisatsune G Blades Brown G Daniel Berger,,,
818,5179526804,tdonah01,0,480,G Chris Gotterup G Ben Griffin G Blades Brown G Aldrich Potgieter G Tom Hoge G Brice Garnett,,,
818,5179574274,scottd923,0,480,G Keith Mitchell G Pierceson Coody G Tom Kim G Rico Hoey G Blades Brown G Ben Kohles,,,
818,5179776116,petemigs,0,480,G Keith Mitchell G Eric Cole G Michael Thorbjornsen G Max Homa G Emiliano Grillo G Mackenzie Hughes,,,
818,5179965036,bdenslow,0,480,G Chris Gotterup G Michael Thorbjornsen G Davis Thompson G Blades Brown G Emiliano Grillo G Jimmy Stanger,,,
824,5178826687,mikerob1404,0,479.5,G Ben Griffin G J.T. Poston G Davis Thompson G Blades Brown G Emiliano Grillo G Carson Young,,,
824,5178885692,Murph387,0,479.5,G Chris Gotterup G Ben Griffin G Taylor Pendrith G Aldrich Potgieter G Tom Hoge G David Lipsky,,,
824,5178888338,fanprojb1321,0,479.5,G Jordan Spieth G Eric Cole G Michael Brennan G Sungjae Im G Max Homa G John Keefer,,,
824,5179044416,brickhouse13,0,479.5,G Keith Mitchell G Eric Cole G Tom Kim G Aldrich Potgieter G Max Homa G Erik Van Rooyen,,,
824,5179262956,YappoTheClown,0,479.5,G Keegan Bradley G J.T. Poston G Tom Kim G Blades Brown G Andrew Novak G Ben Kohles,,,
824,5179968565,rlarson5521,0,479.5,G Jackson Koivun G J.T. Poston G Eric Cole G Ryo Hisatsune G Austin Eckroat G Zac Blair,,,
830,5178237784,ThanksToTheBay,0,479,G Chris Gotterup G Tom Kim G Doug Ghim G Rico Hoey G Aldrich Potgieter G Tom Hoge,,,
830,5178243421,ncbandit,0,479,G Jordan Spieth G Eric Cole G Rickie Fowler G Sudarshan Yellamaraju G Tony Finau G Jackson Suber,,,
830,5178338745,batch1,0,479,G Jacob Bridgeman G Jordan Spieth G Ryo Hisatsune G Christiaan Bezuidenhout G Daniel Berger G Tony Finau,,,
830,5178834146,gobeantownfan,0,479,G Chris Gotterup G Jackson Koivun G Blades Brown G Ben Kohles G Hao-Tong Li G Austin Eckroat,,,
830,5179199550,jusa300856,0,479,G Jackson Koivun G J.T. Poston G Doug Ghim G Ryo Hisatsune G Ben Kohles G Carson Young,,,
830,5179370482,sulltennis,0,479,G Jacob Bridgeman G Tom Kim G Matt Wallace G Ryo Hisatsune G Christiaan Bezuidenhout G Daniel Berger,,,
830,5179777925,Dynistee,0,479,G Chris Gotterup G Ben Griffin G Zach Johnson G Webb Simpson G Erik Van Rooyen G Chandler Blanchet,,,
830,5179870525,jsizzle21,0,479,G Jacob Bridgeman G J.T. Poston G Tom Kim G Blades Brown G Emiliano Grillo G Austin Eckroat,,,
830,5179959236,Ryckk,0,479,G Keegan Bradley G J.T. Poston G Tom Kim G Doug Ghim G Zac Blair G Brice Garnett,,,
830,5180049581,KirkvilleKiller,0,479,G Jacob Bridgeman G Rickie Fowler G Sungjae Im G Ryo Hisatsune G Christiaan Bezuidenhout G Carson Young,,,
830,5180101230,MaximumDerek97,0,479,G J.T. Poston G Eric Cole G Pierceson Coody G Denny McCarthy G Max McGreevy G Lee Hodges,,,
841,5178540073,ir0n_man,0,478.5,G Rickie Fowler G Tom Kim G Doug Ghim G Sungjae Im G Ryo Hisatsune G Hao-Tong Li,,,
841,5178587960,justajohndoe21,0,478.5,G J.T. Poston G Eric Cole G Sungjae Im G Denny McCarthy G Blades Brown G Jackson Suber,,,
841,5179462342,luvclubs,0,478.5,G Jackson Koivun G Eric Cole G Ryo Hisatsune G Blades Brown G Andrew Putnam G Austin Smotherman,,,
841,5179721224,laboni64,0,478.5,G Chris Gotterup G Jackson Koivun G Blades Brown G Aldrich Potgieter G Jackson Suber G Zachary Bauchou,,,
841,5179801080,bgallier,0,478.5,G Jordan Spieth G Rickie Fowler G Sungjae Im G Ryo Hisatsune G Max Greyserman G Zach Johnson,,,
841,5179993116,mkoppi4610,0,478.5,G Jacob Bridgeman G Jackson Koivun G Denny McCarthy G Mac Meissner G Jackson Suber G Ben Kohles,,,
841,5180172932,JVMIII,0,478.5,G Ben Griffin G Sungjae Im G Ryo Hisatsune G Michael Kim G Blades Brown G Emiliano Grillo,,,
848,5178420813,mightPeck,0,478,G Ben Griffin G Jackson Koivun G Matt Wallace G Ryo Hisatsune G Tom Hoge G Mark Hubbard,,,
848,5178584685,BeardyBoy,0,478,G Tom Kim G Doug Ghim G Michael Brennan G Sungjae Im G Sudarshan Yellamaraju G Mac Meissner,,,
848,5178624401,knightsball04,0,478,G Chris Gotterup G Tom Kim G Davis Thompson G Michael Kim G Daniel Berger G Ben Kohles,,,
848,5179318512,spaceace0,0,478,G Jacob Bridgeman G J.T. Poston G Michael Brennan G Davis Thompson G Michael Kim G Lucas Glover,,,
852,5178288673,salvatoregolino,0,477.5,G Jacob Bridgeman G Rickie Fowler G Tom Kim G Ryo Hisatsune G Blades Brown G Carson Young,,,
852,5178457183,nonothings,0,477.5,G Chris Gotterup G Jackson Koivun G Doug Ghim G A.J. Ewart G Austin Eckroat G Patrick Fishburn,,,
852,5178553927,xibalba7500,0,477.5,G Jacob Bridgeman G Rickie Fowler G Tom Kim G Ryo Hisatsune G Blades Brown G Carson Young,,,
852,5178627474,Hankfive,0,477.5,G Eric Cole G Tom Kim G Sungjae Im G Ryo Hisatsune G Sudarshan Yellamaraju G Christiaan Bezuidenhout,,,
852,5179314058,Lora1008,0,477.5,G Chris Gotterup G Tom Kim G Ryo Hisatsune G Blades Brown G Taylor Moore G Carson Young,,,
852,5179330215,Futterstuff,0,477.5,G Eric Cole G Tom Kim G Sungjae Im G Ryo Hisatsune G Sudarshan Yellamaraju G Christiaan Bezuidenhout,,,
852,5179411981,WMUFantasyStud2019,0,477.5,G Ben Griffin G Jackson Koivun G Emiliano Grillo G Kevin Yu G Chan Kim G Tyler Duncan,,,
852,5179444298,calyboypauly,0,477.5,G Eric Cole G Tom Kim G Sungjae Im G Max Greyserman G Mac Meissner G Christiaan Bezuidenhout,,,
852,5179536088,dperrott1,0,477.5,G Ben Griffin G Doug Ghim G Michael Brennan G Sudarshan Yellamaraju G Emiliano Grillo G Austin Eckroat,,,
852,5180117748,rgb3,0,477.5,G Jacob Bridgeman G Michael Thorbjornsen G Tom Kim G Blades Brown G Jackson Suber G Emiliano Grillo,,,
852,5180188038,415gio,0,477.5,G Ben Griffin G Keegan Bradley G Denny McCarthy G Jackson Suber G Carson Young G Lucas Glover,,,
863,5178348863,kevdav88,0,477,G Rickie Fowler G Pierceson Coody G Sungjae Im G Ryo Hisatsune G Sudarshan Yellamaraju G Christiaan Bezuidenhout,,,
863,5179028429,TodFar,0,477,G Chris Gotterup G Tom Kim G Sungjae Im G Ryo Hisatsune G Stephan Jaeger G Patrick Rodgers,,,
863,5179409563,The29crew,0,477,G Michael Thorbjornsen G Tom Kim G Ryo Hisatsune G Daniel Berger G Max Homa G Jackson Suber,,,
863,5179877930,edd0h,0,477,G Jacob Bridgeman G Eric Cole G Tom Kim G Michael Kim G Blades Brown G Jackson Suber,,,
867,5178197608,norty23,0,476.5,G Chris Gotterup G Jacob Bridgeman G Michael Kim G Max Homa G Max McGreevy G Carson Young,,,
867,5178271086,cantplay,0,476.5,G Keith Mitchell G J.T. Poston G Eric Cole G Blades Brown G Taylor Moore G Tyler Duncan,,,
867,5178310552,StratonStrat,0,476.5,G Ben Griffin G Tom Kim G Davis Thompson G Rico Hoey G Blades Brown G Emiliano Grillo,,,
867,5178762480,Vargas2015,0,476.5,G Ben Griffin G Jackson Koivun G Michael Kim G Blades Brown G Jackson Suber G Ben Kohles,,,
871,5178188370,Rollintr,0,476,G Ben Griffin G Eric Cole G Tom Kim G Max Greyserman G Blades Brown G Davis Riley,,,
871,5178440932,mllrtime33,0,476,G Ben Griffin G Eric Cole G Sudarshan Yellamaraju G Blades Brown G Tony Finau G Andrew Putnam,,,
871,5179687120,Hagertt,0,476,G J.T. Poston G Michael Thorbjornsen G Pierceson Coody G Davis Thompson G Blades Brown G Kevin Yu,,,
871,5179780818,Pbrain,0,476,G Ben Griffin G Eric Cole G Sudarshan Yellamaraju G Christiaan Bezuidenhout G Blades Brown G A.J. Ewart,,,
871,5180080033,j2rose,0,476,G J.T. Poston G Rickie Fowler G Sungjae Im G Ryo Hisatsune G Christiaan Bezuidenhout G Carson Young,,,
876,5178227613,Hockeybob8,0,475.5,G Keith Mitchell G Tom Kim G Davis Thompson G Mac Meissner G Christiaan Bezuidenhout G Michael Kim,,,
876,5178428017,HebrewHammer37,0,475.5,G Keith Mitchell G Eric Cole G Ryo Hisatsune G Sudarshan Yellamaraju G Tony Finau G Emiliano Grillo,,,
876,5178730561,1mrbob2,0,475.5,G J.T. Poston G Eric Cole G Rickie Fowler G Christiaan Bezuidenhout G Daniel Berger G Emiliano Grillo,,,
876,5178846381,DAREDEVILDURAGS,0,475.5,G Keith Mitchell G Eric Cole G Tom Kim G Tony Finau G Emiliano Grillo G Zachary Bauchou,,,
876,5178894962,onealrac11,0,475.5,G Keith Mitchell G Eric Cole G Tom Kim G Christiaan Bezuidenhout G Andrew Novak G Zac Blair,,,
876,5179377123,ZipJip,0,475.5,G Jacob Bridgeman G Jackson Koivun G Tom Kim G Blades Brown G Jackson Suber G Tom Hoge,,,
876,5179511584,DukeStreetKings64,0,475.5,G Jacob Bridgeman G Tom Kim G Doug Ghim G Denny McCarthy G Jackson Suber G Zachary Bauchou,,,
876,5180218572,dirtysanchez20,0,475.5,G Ben Griffin G Tom Kim G Sungjae Im G Daniel Berger G Max Homa G Emiliano Grillo,,,
884,5179255841,islander2,0,475,G Keith Mitchell G Jacob Bridgeman G Eric Cole G Ryo Hisatsune G David Lipsky G Brian Campbell,,,
884,5179349273,craftman15,0,475,G Jacob Bridgeman G J.T. Poston G Ryo Hisatsune G Sudarshan Yellamaraju G Blades Brown G Tony Finau,,,
884,5180066690,zimzimzimmerman,0,475,G Ben Griffin G Jacob Bridgeman G Jackson Koivun G Lee Hodges G Erik Van Rooyen G Mark Hubbard,,,
887,5178226726,Laddy22,0,474.5,G Chris Gotterup G Eric Cole G Denny McCarthy G Blades Brown G Taylor Moore G Tom Hoge,,,
887,5179242061,ttbaseball2001,0,474.5,G Ben Griffin G J.T. Poston G Sudarshan Yellamaraju G Tony Finau G Max Homa G Zachary Bauchou,,,
887,5179281021,marotw,0,474.5,G Chris Gotterup G Jackson Koivun G Jackson Suber G Kevin Yu G Carson Young G Austin Eckroat,,,
887,5179555082,Teshot16,0,474.5,G Eric Cole G Pierceson Coody G Tom Kim G Sudarshan Yellamaraju G Christiaan Bezuidenhout G Blades Brown,,,
887,5179770291,Mambo7,0,474.5,G Keith Mitchell G Rickie Fowler G Tom Kim G Aldrich Potgieter G Tony Finau G Max Homa,,,
887,5179777172,baronestyle,0,474.5,G Jackson Koivun G J.T. Poston G Eric Cole G Blades Brown G Jackson Suber G Austin Eckroat,,,
887,5179896577,tommymac3434,0,474.5,G Chris Gotterup G Eric Cole G Max Greyserman G Jackson Suber G Carson Young G Austin Eckroat,,,
887,5179930675,rs430414,0,474.5,G Jordan Spieth G Rickie Fowler G Tom Kim G Michael Brennan G Austin Eckroat G Tom Hoge,,,
887,5180025889,bmhumich1975,0,474.5,G Jacob Bridgeman G J.T. Poston G Pierceson Coody G Aldrich Potgieter G Jackson Suber G Stephan Jaeger,,,
887,5180187341,ajb3247,0,474.5,G Jackson Koivun G J.T. Poston G Eric Cole G Blades Brown G Jackson Suber G Austin Eckroat,,,
897,5178227923,klucinecw,0,474,G Keith Mitchell G Jacob Bridgeman G Ryo Hisatsune G Blades Brown G Jackson Suber G Nicolas Echavarria,,,
897,5178262444,TundraThumper,0,474,G J.T. Poston G Eric Cole G Tom Kim G Christiaan Bezuidenhout G Blades Brown G Daniel Berger,,,
897,5178295884,canocanstayiguess,0,474,G J.T. Poston G Eric Cole G Tom Kim G Michael Kim G Blades Brown G Jackson Suber,,,
897,5178372297,MojaveWolf,0,474,G Jordan Spieth G Rickie Fowler G Tom Kim G Ryo Hisatsune G Blades Brown G Daniel Berger,,,
897,5178489773,tlynch0,0,474,G Keegan Bradley G Jacob Bridgeman G Tom Kim G Taylor Moore G Max McGreevy G Ben Kohles,,,
897,5178743564,thekingcompound,0,474,G J.T. Poston G Eric Cole G Sungjae Im G Christiaan Bezuidenhout G Blades Brown G John Keefer,,,
897,5178961278,TBooch,0,474,G Ben Griffin G Jackson Koivun G Doug Ghim G Sudarshan Yellamaraju G Zach Johnson G Preston Stout,,,
897,5179053627,Brenden5258,0,474,G J.T. Poston G Rickie Fowler G Michael Brennan G Ryo Hisatsune G Daniel Berger G Emiliano Grillo,,,
897,5179112820,RIGHTDOG18,0,474,G Ben Griffin G J.T. Poston G Denny McCarthy G Blades Brown G Zachary Bauchou G Zach Johnson,,,
897,5179140105,stuuy,0,474,G Jackson Koivun G Eric Cole G Doug Ghim G Taylor Pendrith G Blades Brown G Jackson Suber,,,
897,5179597416,jah_586,0,474,G Ben Griffin G Jacob Bridgeman G Ryo Hisatsune G Andrew Novak G Emiliano Grillo G Andrew Putnam,,,
897,5179675303,styntru2u,0,474,G Chris Gotterup G Keith Mitchell G Rico Hoey G Kevin Yu G Seamus Power G Lucas Glover,,,
897,5180005617,tarheelshaggy23,0,474,G Eric Cole G Tom Kim G Sungjae Im G Matt Wallace G John Keefer G Ben Kohles,,,
910,5179332768,cpeeezy,0,473.5,G Keith Mitchell G Pierceson Coody G Ryo Hisatsune G Sudarshan Yellamaraju G Blades Brown G Tony Finau,,,
910,5179373857,veniceotter,0,473.5,G Chris Gotterup G Tom Kim G Ryo Hisatsune G Sudarshan Yellamaraju G Daniel Berger G Stephan Jaeger,,,
910,5179750799,Kinzone,0,473.5,G Jacob Bridgeman G Jackson Koivun G Tom Kim G Blades Brown G Jackson Suber G Emiliano Grillo,,,
910,5179952683,GambiTCereaL,0,473.5,G J.T. Poston G Jordan Spieth G Rickie Fowler G Taylor Pendrith G Tony Finau G Max Homa,,,
910,5180178177,firewife77,0,473.5,G Jackson Koivun G Michael Thorbjornsen G Doug Ghim G Davis Thompson G Blades Brown G Jackson Suber,,,
915,5178570084,chemstud1,0,473,G Jacob Bridgeman G Jordan Spieth G Tom Kim G Ryo Hisatsune G Taylor Moore G Zac Blair,,,
915,5178924292,kevlee1,0,473,G Rickie Fowler G Tom Kim G Sungjae Im G Ryo Hisatsune G Max Greyserman G Christiaan Bezuidenhout,,,
915,5179305456,Tarskin16,0,473,G Ben Griffin G Eric Cole G Tom Kim G Blades Brown G Aldrich Potgieter G David Skinns,,,
915,5179736563,baccleary,0,473,G J.T. Poston G Jordan Spieth G Rickie Fowler G Daniel Berger G Tony Finau G Max Homa,,,
915,5180172510,Cornish-1,0,473,G Keith Mitchell G Tom Kim G Ryo Hisatsune G Sudarshan Yellamaraju G Christiaan Bezuidenhout G Tony Finau,,,
920,5178762260,lakers8012,0,472.5,G Keegan Bradley G Jordan Spieth G Rickie Fowler G Tony Finau G Jackson Suber G Carson Young,,,
920,5178907562,pvitek3,0,472.5,G Ben Griffin G Tom Kim G Sungjae Im G Blades Brown G Jackson Suber G Andrew Novak,,,
920,5179079994,PeshtigoIndians,0,472.5,G Jacob Bridgeman G J.T. Poston G Eric Cole G Daniel Berger G Jackson Suber G Andrew Putnam,,,
920,5179554099,brew9509,0,472.5,G Ben Griffin G Eric Cole G Ryo Hisatsune G Daniel Berger G Jackson Suber G Taylor Moore,,,
920,5179888500,TheSportsFanatic,0,472.5,G Ben Griffin G Pierceson Coody G Denny McCarthy G Christiaan Bezuidenhout G Blades Brown G Austin Eckroat,,,
925,5179397183,cplo42,0,472,G Ben Griffin G Tom Kim G Matt Wallace G Christiaan Bezuidenhout G John Keefer G William Mouw,,,
925,5179502769,Rsoletski,0,472,G J.T. Poston G Jordan Spieth G Eric Cole G Davis Thompson G Mac Meissner G Brian Campbell,,,
925,5179894596,rugbymeneer,0,472,G Chris Gotterup G J.T. Poston G Max Greyserman G Blades Brown G Ben Kohles G Seamus Power,,,
925,5179912334,wschatz,0,472,G Ben Griffin G Keith Mitchell G Ryo Hisatsune G Michael Kim G Tom Hoge G Erik Van Rooyen,,,
925,5180029360,Roughdraft2332,0,472,G J.T. Poston G Eric Cole G Matt Wallace G Ryo Hisatsune G Tony Finau G Taylor Moore,,,
925,5180217720,jbrock191,0,472,G Chris Gotterup G Michael Thorbjornsen G Max Greyserman G Aldrich Potgieter G Jackson Suber G Ben Kohles,,,
925,5180221456,coopjs23,0,472,G Ben Griffin G Tom Kim G Matt Wallace G Denny McCarthy G Emiliano Grillo G Zac Blair,,,
932,5178316349,Rocksteady247,0,471.5,G Jordan Spieth G Pierceson Coody G Tom Kim G Sungjae Im G Blades Brown G Andrew Putnam,,,
932,5178751945,psb0122,0,471.5,G Rickie Fowler G Tom Kim G Sungjae Im G Ryo Hisatsune G Sudarshan Yellamaraju G Christiaan Bezuidenhout,,,
932,5178857142,KingPook23,0,471.5,G Jordan Spieth G Pierceson Coody G Tom Kim G Sungjae Im G Blades Brown G Andrew Putnam,,,
932,5179231464,jdhaynes,0,471.5,G Ben Griffin G Sungjae Im G Matt Wallace G Jackson Suber G John Keefer G Adrien Dumont De Chassart,,,
932,5179240984,mikegin624,0,471.5,G Jacob Bridgeman G Eric Cole G Pierceson Coody G Tom Kim G Jackson Suber G Dylan Wu,,,
932,5179742018,AMayberry23,0,471.5,G Ben Griffin G Tom Kim G Denny McCarthy G Max Homa G Taylor Moore G Ben Kohles,,,
932,5179787270,Junkist,0,471.5,G Ben Griffin G Jackson Koivun G Ryo Hisatsune G Blades Brown G Aldrich Potgieter G Zach Johnson,,,
932,5179816257,buttgina,0,471.5,G Chris Gotterup G Keegan Bradley G Max Greyserman G Andrew Putnam G Keita Nakajima G A.J. Ewart,,,
932,5179859496,martowright,0,471.5,G Ben Griffin G Jackson Koivun G Ryo Hisatsune G Blades Brown G Aldrich Potgieter G Zach Johnson,,,
932,5179961629,marino82867,0,471.5,G Keith Mitchell G Tom Kim G Matt Wallace G Ryo Hisatsune G Blades Brown G Carson Young,,,
942,5178310035,jrstanjr,0,471,G Ben Griffin G Tom Kim G Michael Brennan G Blades Brown G John Keefer G Emiliano Grillo,,,
942,5179928685,LorenzoOrnelas4488,0,471,G Jacob Bridgeman G Rickie Fowler G Tom Kim G Christiaan Bezuidenhout G Blades Brown G Daniel Berger,,,
942,5179993562,zjpatto4210,0,471,G Chris Gotterup G Tom Kim G Matt Wallace G Andrew Novak G Ben Kohles G Carson Young,,,
942,5180129059,mattmccann,0,471,G Ben Griffin G Jordan Spieth G Rickie Fowler G Ryo Hisatsune G Austin Eckroat G Joe Highsmith,,,
942,5180210429,Willis59,0,471,G Chris Gotterup G Jacob Bridgeman G Daniel Berger G Tony Finau G Jackson Suber G Taylor Moore,,,
947,5178363178,cjspiller52,0,470.5,G J.T. Poston G Eric Cole G Sungjae Im G Denny McCarthy G Tony Finau G Max Homa,,,
947,5178611141,click4rick,0,470.5,G Chris Gotterup G Eric Cole G Emiliano Grillo G Kevin Yu G Carson Young G Garrick Higgo,,,
947,5178614882,mth2000_99,0,470.5,G Chris Gotterup G Jackson Koivun G Sudarshan Yellamaraju G Blades Brown G Ben Kohles G A.J. Ewart,,,
947,5178699263,Clippy,0,470.5,G Chris Gotterup G Jacob Bridgeman G Mac Meissner G Michael Kim G Carson Young G Stephan Jaeger,,,
947,5178852228,rog102a,0,470.5,G Chris Gotterup G Ben Griffin G Michael Kim G Daniel Berger G Zac Blair G David Skinns,,,
947,5179245840,TeamPV,0,470.5,G Keith Mitchell G Rickie Fowler G Tom Kim G Michael Kim G Jackson Suber G Kevin Yu,,,
947,5179453986,the4amigos,0,470.5,G Keith Mitchell G Jackson Koivun G Denny McCarthy G Ryo Hisatsune G Max Homa G Zach Johnson,,,
947,5179656056,codiepk,0,470.5,G Chris Gotterup G Eric Cole G Max Greyserman G Christiaan Bezuidenhout G Kevin Yu G Seamus Power,,,
947,5180039398,A1GAMER1,0,470.5,G Jordan Spieth G Eric Cole G Michael Thorbjornsen G Davis Thompson G Kevin Yu G Beau Hossler,,,
956,5178269320,Joelweeks98,0,470,G Keith Mitchell G Rickie Fowler G Tom Kim G Daniel Berger G Tony Finau G Max Homa,,,
956,5178435824,foosman74,0,470,G Ben Griffin G Eric Cole G Tom Kim G Aldrich Potgieter G Emiliano Grillo G Tom Hoge,,,
956,5179229923,JacksonFillmore,0,470,G Jacob Bridgeman G J.T. Poston G Michael Thorbjornsen G Blades Brown G Emiliano Grillo G Kevin Yu,,,
956,5179341499,mitchy531,0,470,G Chris Gotterup G Eric Cole G Tom Kim G John Keefer G Taylor Moore G Preston Stout,,,
956,5179510935,princessstinkybottom,0,470,G Jacob Bridgeman G Tom Kim G Sungjae Im G Ryo Hisatsune G Christiaan Bezuidenhout G Aldrich Potgieter,,,
956,5179554461,rharker,0,470,G Ben Griffin G Eric Cole G Denny McCarthy G Blades Brown G Emiliano Grillo G Zachary Bauchou,,,
956,5179578911,hgupnaples,0,470,G Jordan Spieth G Rickie Fowler G Sungjae Im G Ryo Hisatsune G Blades Brown G Carson Young,,,
963,5178231989,ThunderboltsWin,0,469.5,G Chris Gotterup G Tom Kim G Denny McCarthy G Davis Thompson G Carson Young G Zac Blair,,,
963,5178491109,topspacey,0,469.5,G Chris Gotterup G Eric Cole G Sudarshan Yellamaraju G Blades Brown G Daniel Berger G Andrew Putnam,,,
963,5178940734,sirdiggsalot,0,469.5,G Jordan Spieth G Eric Cole G Michael Thorbjornsen G Pierceson Coody G Jackson Suber G Nick Dunlap,,,
963,5179031987,PittYinzer66,0,469.5,G Keith Mitchell G Eric Cole G Tom Kim G Blades Brown G Jackson Suber G Seung-Yul Noh,,,
963,5179741489,holtzy2017,0,469.5,G Jacob Bridgeman G Jordan Spieth G Rickie Fowler G Tony Finau G Max Homa G Andrew Novak,,,
963,5179791758,BUCKEYZ45,0,469.5,G Keith Mitchell G Sungjae Im G Matt Wallace G Denny McCarthy G Blades Brown G Jackson Suber,,,
963,5179867811,joelle,0,469.5,G Ben Griffin G J.T. Poston G Ryo Hisatsune G Rico Hoey G Ben Kohles G Carson Young,,,
963,5179982315,psully123,0,469.5,G Keith Mitchell G Jacob Bridgeman G J.T. Poston G Blades Brown G Zac Blair G Dylan Frittelli,,,
963,5180039308,hutchdawg16,0,469.5,G Keith Mitchell G Jackson Koivun G Doug Ghim G Jackson Suber G John Keefer G Zach Johnson,,,
963,5180072625,btickle,0,469.5,G Michael Thorbjornsen G Tom Kim G Doug Ghim G Ryo Hisatsune G Michael Kim G Ben Kohles,,,
963,5180117755,JSV123,0,469.5,G Michael Thorbjornsen G Rickie Fowler G Tom Kim G Sungjae Im G Blades Brown G Jackson Suber,,,
974,5178193170,1000daystogo,0,469,G Ben Griffin G J.T. Poston G Matt Wallace G Jackson Suber G Taylor Moore G Chan Kim,,,
974,5178620554,noonan50,0,469,G Jacob Bridgeman G Eric Cole G Sungjae Im G Denny McCarthy G Jackson Suber G Emiliano Grillo,,,
974,5179306833,ManningsElite,0,469,G Ben Griffin G Pierceson Coody G Matt Wallace G Mac Meissner G Max McGreevy G Thorbjorn Olesen,,,
974,5179364365,stock2mail,0,469,G Chris Gotterup G Eric Cole G Mac Meissner G Taylor Pendrith G Taylor Moore G Zachary Bauchou,,,
974,5179405426,double_j65,0,469,G Keegan Bradley G J.T. Poston G Tom Kim G Aldrich Potgieter G Jackson Suber G Emiliano Grillo,,,
974,5179626220,cwel322,0,469,G Ben Griffin G Jordan Spieth G Ryo Hisatsune G Blades Brown G Taylor Moore G Steven Fisk,,,
974,5179644445,ament44,0,469,G Ben Griffin G J.T. Poston G Tom Kim G Carson Young G Zach Johnson G Tom Hoge,,,
974,5179764335,Agreen5364,0,469,G Chris Gotterup G Keegan Bradley G Ryo Hisatsune G Michael Kim G Tony Finau G Joe Highsmith,,,
974,5179924874,Birdman011,0,469,G Jacob Bridgeman G Pierceson Coody G Tom Kim G Ryo Hisatsune G Blades Brown G Carson Young,,,
974,5179946368,Coughing,0,469,G Keegan Bradley G Pierceson Coody G Tom Kim G Denny McCarthy G Blades Brown G Zach Johnson,,,
974,5180002367,astrosfan3434,0,469,G Jackson Koivun G Pierceson Coody G Tom Kim G Ryo Hisatsune G Blades Brown G Emiliano Grillo,,,
974,5180100669,rebg1963,0,469,G Jackson Koivun G Eric Cole G Denny McCarthy G Ryo Hisatsune G Blades Brown G Jackson Suber,,,
974,5180107527,bapster,0,469,G Jacob Bridgeman G Jackson Koivun G J.T. Poston G Emiliano Grillo G Ben Kohles G Andrew Putnam,,,
987,5178474564,paintgirl,0,468.5,G Ben Griffin G Sungjae Im G Davis Thompson G Mac Meissner G Michael Kim G Tony Finau,,,
987,5180115571,BChap71,0,468.5,G Eric Cole G Tom Kim G Doug Ghim G Sungjae Im G Michael Kim G Kevin Yu,,,
989,5178320725,bwizzle71,0,468,G Keith Mitchell G Tom Kim G Ryo Hisatsune G Sudarshan Yellamaraju G Blades Brown G Tony Finau,,,
989,5178572597,DanW1961,0,468,G Ben Griffin G Eric Cole G Tom Kim G Jackson Suber G Zachary Bauchou G Brice Garnett,,,
989,5179046134,dantesflame,0,468,G Rickie Fowler G Tom Kim G Sungjae Im G Ryo Hisatsune G Max Greyserman G Blades Brown,,,
989,5179185707,offlineuser,0,468,G Ben Griffin G Jackson Koivun G Denny McCarthy G Blades Brown G Jackson Suber G Zach Johnson,,,
993,5178213627,aboynamedsuh,0,467.5,G Chris Gotterup G Sungjae Im G Ryo Hisatsune G Michael Kim G Blades Brown G Daniel Berger,,,
993,5178681356,DukeBrotherhood,0,467.5,G Jackson Koivun G Eric Cole G Tom Kim G Ryo Hisatsune G Blades Brown G Austin Eckroat,,,
993,5178776332,Zips22,0,467.5,G Ben Griffin G Jacob Bridgeman G Doug Ghim G Carson Young G Stephan Jaeger G A.J. Ewart,,,
993,5178794888,derrick.brew,0,467.5,G Chris Gotterup G Keith Mitchell G Tony Finau G Zachary Bauchou G Andrew Putnam G Matthieu Pavon,,,
993,5178879564,lazydog4369,0,467.5,G Chris Gotterup G Keith Mitchell G Aldrich Potgieter G Tony Finau G Carson Young G Zach Johnson,,,
993,5179142362,frmut,0,467.5,G Chris Gotterup G J.T. Poston G Denny McCarthy G Rico Hoey G Emiliano Grillo G Zach Johnson,,,
993,5179580726,BigBucks647373,0,467.5,G J.T. Poston G Pierceson Coody G Tom Kim G Denny McCarthy G Blades Brown G Jackson Suber,,,
993,5179802138,TheBigPolish,0,467.5,G Jacob Bridgeman G J.T. Poston G Pierceson Coody G Ryo Hisatsune G Carson Young G Stephan Jaeger,,,