Rank,EntryId,EntryName,TimeRemaining,Points,Lineup,,Player,Roster Position,%Drafted,FPTS
1,5190706069,an84eagle (1/4),0,511,G Tommy Fleetwood G Cameron Young G Collin Morikawa G Chris Gotterup G Si Woo Kim G Ryan Fox,,Matt Fitzpatrick,G,36.28%,22
2,5190970363,Raiderfanatic2195 (13/20),0,507.5,G Tommy Fleetwood G Ludvig Aberg G Cameron Young G Sam Burns G Ben Griffin G Ryan Fox,,Rory McIlroy,G,26.53%,66
3,5188884693,cyone25 (1/20),0,503.5,G Tommy Fleetwood G Xander Schauffele G Cameron Young G Shane Lowry G Adam Scott G Ryan Fox,,Robert MacIntyre,G,25.09%,63
4,5190743383,LesterNygaard (2/5),0,501,G Jon Rahm G Cameron Young G Collin Morikawa G Chris Gotterup G Sam Burns G Ryan Fox,,Tommy Fleetwood,G,24.76%,88
5,5189161991,charloots (6/14),0,500.5,G Rory McIlroy G Tommy Fleetwood G Cameron Young G Ryan Fox G Jordan L. Smith G Jackson Suber,,Scottie Scheffler,G,24.00%,81.5
6,5190184713,DIMETIME83 (17/20),0,498,G Scottie Scheffler G Robert MacIntyre G Sam Burns G Russell Henley G Si Woo Kim G Ryan Fox,,Wyndham Clark,G,21.37%,33.5
7,5188799926,jecadams (2/4),0,496,G Scottie Scheffler G Tommy Fleetwood G Sam Burns G Rasmus Neergaard-Petersen G Jordan L. Smith G Casey Jarvis,,Chris Gotterup,G,21.00%,67
8,5189835179,tprimo17 (2/2),0,494.5,G Tommy Fleetwood G Cameron Young G Collin Morikawa G Sam Burns G Hideki Matsuyama G Si Woo Kim,,Si Woo Kim,G,20.62%,76.5
9,5191013732,packjainter1414 (3/5),0,487.5,G Tommy Fleetwood G Cameron Young G Collin Morikawa G Sam Burns G Si Woo Kim G Jacob Bridgeman,,Viktor Hovland,G,19.87%,23.5
10,5190875575,Waggnr1 (3/6),0,486,G Tommy Fleetwood G Cameron Young G Shane Lowry G Sam Burns G Russell Henley G Hideki Matsuyama,,Collin Morikawa,G,19.16%,72.5
11,5190159217,evansrc717 (17/20),0,484,G Scottie Scheffler G Cameron Young G Sam Burns G Si Woo Kim G Kurt Kitayama G Adam Scott,,Tom Kim,G,17.87%,22.5
12,5190163785,slayeralph (3/7),0,482.5,G Scottie Scheffler G Xander Schauffele G Sam Burns G Ryan Gerard G Ryan Fox G Victor Perez,,Russell Henley,G,15.90%,74.5
13,5190999617,EvaDeathGirl69 (1/2),0,482,G Scottie Scheffler G Cameron Young G Chris Gotterup G Kurt Kitayama G Ryan Fox G Victor Perez,,Patrick Reed,G,14.71%,61
14,5190961116,Coachmuldy,0,481.5,G Scottie Scheffler G Collin Morikawa G Sam Burns G Si Woo Kim G Sepp Straka G Ryan Fox,,Jon Rahm,G,14.62%,62.5
15,5188812833,redsnapper109 (15/20),0,481,G Tommy Fleetwood G Cameron Young G Chris Gotterup G Sam Burns G Russell Henley G Max Homa,,Sam Burns,G,14.35%,92
15,5189338559,otbjoe (5/8),0,481,G Tommy Fleetwood G Xander Schauffele G Cameron Young G Sam Burns G Adam Scott G Jacob Bridgeman,,Tyrrell Hatton,G,14.24%,46.5
17,5190191880,TroubleinTucson (4/10),0,480.5,G Scottie Scheffler G Tommy Fleetwood G Si Woo Kim G Corey Conners G Ryan Fox G Sahith Theegala,,Justin Rose,G,14.15%,24.5
18,5189616952,spartansam1,0,478.5,G Tommy Fleetwood G Cameron Young G Shane Lowry G Sam Burns G Brooks Koepka G Si Woo Kim,,Xander Schauffele,G,11.94%,64
19,5188921540,daviddawdy10 (19/20),0,478,G Ludvig Aberg G Cameron Young G Collin Morikawa G Chris Gotterup G Sam Burns G Adam Scott,,Cameron Young,G,11.49%,96.5
19,5190261170,mbfender (3/4),0,478,G Rory McIlroy G Tommy Fleetwood G Shane Lowry G Hideki Matsuyama G Adam Scott G Ryan Fox,,Min Woo Lee,G,10.99%,52.5
19,5190438058,DeboYoMoney (4/20),0,478,G Tommy Fleetwood G Cameron Young G Bryson DeChambeau G Sam Burns G Patrick Reed G Hideki Matsuyama,,Alex Fitzpatrick,G,10.78%,44
22,5189546013,blindpic (2/20),0,476,G Xander Schauffele G Cameron Young G Collin Morikawa G Sam Burns G Russell Henley G Si Woo Kim,,Ludvig Aberg,G,10.29%,71.5
22,5189877058,mikekrus99 (7/12),0,476,G Xander Schauffele G Cameron Young G Collin Morikawa G Sam Burns G Russell Henley G Si Woo Kim,,Justin Thomas,G,9.85%,58
22,5190043071,druff000 (2/2),0,476,G Xander Schauffele G Cameron Young G Collin Morikawa G Sam Burns G Russell Henley G Si Woo Kim,,Joaquin Niemann,G,9.81%,19
22,5190082744,dramsfan61 (1/2),0,476,G Xander Schauffele G Jon Rahm G Collin Morikawa G Sam Burns G Russell Henley G Ryan Fox,,Patrick Cantlay,G,9.08%,59
22,5190755502,texasfrog90 (19/20),0,476,G Scottie Scheffler G Cameron Young G Collin Morikawa G Ryan Fox G Jesper Svensson G Victor Perez,,Hideki Matsuyama,G,8.94%,69
27,5190067388,bigspook1031 (2/4),0,475.5,G Rory McIlroy G Ludvig Aberg G Sam Burns G Russell Henley G Patrick Reed G Ryan Fox,,Shane Lowry,G,8.69%,66
28,5190184933,jaygon122 (5/9),0,474.5,G Tommy Fleetwood G Ludvig Aberg G Cameron Young G Sam Burns G Patrick Cantlay G Victor Perez,,Aaron Rai,G,7.23%,19
29,5188859094,chacchi (15/20),0,472.5,G Xander Schauffele G Ludvig Aberg G Cameron Young G Robert MacIntyre G Ryan Gerard G Ryan Fox,,J.J. Spaun,G,5.99%,60
29,5190656014,nlang003 (7/20),0,472.5,G Rory McIlroy G Ludvig Aberg G Cameron Young G Hideki Matsuyama G Kurt Kitayama G Ryan Fox,,Jordan Spieth,G,5.91%,18
31,5189046430,Brue1979 (1/20),0,472,G Ludvig Aberg G Cameron Young G Tyrrell Hatton G Collin Morikawa G Russell Henley G Ryan Fox,,Maverick McNealy,G,5.85%,23
31,5190598491,Brue1979 (10/20),0,472,G Ludvig Aberg G Cameron Young G Tyrrell Hatton G Collin Morikawa G Russell Henley G Ryan Fox,,Nicolai Hojgaard,G,5.77%,29
33,5188902595,cbizz151 (15/20),0,471,G Rory McIlroy G Xander Schauffele G Cameron Young G Corey Conners G Ryan Fox G Sungjae Im,,Ben Griffin,G,5.23%,49
34,5190423800,Dragon63 (10/14),0,470,G Cameron Young G Collin Morikawa G Bryson DeChambeau G Robert MacIntyre G Sam Burns G Russell Henley,,Brian Harman,G,5.19%,17
35,5190668373,davidarussellii (16/20),0,469.5,G Scottie Scheffler G Tommy Fleetwood G Hideki Matsuyama G J.J. Spaun G Ryan Fox G Matt Wallace,,Bryson DeChambeau,G,4.83%,71.5
36,5189236312,wsdp (1/20),0,469,G Tommy Fleetwood G Cameron Young G Collin Morikawa G Sam Burns G Patrick Cantlay G Patrick Reed,,Akshay Bhatia,G,4.77%,18.5
36,5190571274,green1021 (1/6),0,469,G Tommy Fleetwood G Ludvig Aberg G Cameron Young G Sam Burns G Kurt Kitayama G Jacob Bridgeman,,Kurt Kitayama,G,4.43%,59
36,5190571285,green1021 (3/6),0,469,G Tommy Fleetwood G Ludvig Aberg G Cameron Young G Sam Burns G Kurt Kitayama G Jacob Bridgeman,,Harris English,G,4.40%,28.5
36,5190580002,green1021 (5/6),0,469,G Tommy Fleetwood G Ludvig Aberg G Cameron Young G Sam Burns G Kurt Kitayama G Jacob Bridgeman,,Brooks Koepka,G,4.21%,59.5
36,5190994551,ballerkid09 (3/3),0,469,G Scottie Scheffler G Ludvig Aberg G Shane Lowry G Hideki Matsuyama G Ryan Fox G Jackson Suber,,Ryan Gerard,G,3.66%,67
41,5188812882,ryanlaughlin77 (6/20),0,468,G Tommy Fleetwood G Cameron Young G Collin Morikawa G Russell Henley G Si Woo Kim G J.J. Spaun,,Rickie Fowler,G,3.49%,67
41,5189206540,darksidelives (3/12),0,468,G Tommy Fleetwood G Ludvig Aberg G Cameron Young G Russell Henley G Patrick Cantlay G Adam Scott,,Adam Scott,G,3.30%,78.5
43,5190965767,oojavi (12/20),0,467.5,G Tommy Fleetwood G Cameron Young G Chris Gotterup G Sam Burns G Patrick Reed G Max Homa,,Victor Perez,G,3.28%,67.5
44,5190196304,stiggy24 (18/20),0,467,G Scottie Scheffler G Chris Gotterup G Sam Burns G Hideki Matsuyama G Si Woo Kim G Lucas Herbert,,Corey Conners,G,3.23%,67
44,5190856699,BfnHanna (4/4),0,467,G Scottie Scheffler G Cameron Young G Robert MacIntyre G Min Woo Lee G Max Homa G Ryan Fox,,Ryo Hisatsune,G,2.73%,51.5
46,5188808481,bearpaw8791 (4/12),0,466.5,G Scottie Scheffler G Cameron Young G Sam Burns G Si Woo Kim G Michael Thorbjornsen G Victor Perez,,Cameron Smith,G,2.66%,25.5
46,5188808482,bearpaw8791 (5/12),0,466.5,G Scottie Scheffler G Cameron Young G Sam Burns G Si Woo Kim G Michael Thorbjornsen G Victor Perez,,Sahith Theegala,G,2.48%,57
46,5188808483,bearpaw8791 (6/12),0,466.5,G Scottie Scheffler G Cameron Young G Sam Burns G Si Woo Kim G Michael Thorbjornsen G Victor Perez,,Jacob Bridgeman,G,2.45%,62
46,5188867802,werosh (4/20),0,466.5,G Tommy Fleetwood G Collin Morikawa G Robert MacIntyre G Sam Burns G Russell Henley G Si Woo Kim,,Jordan L. Smith,G,2.15%,69
50,5188949994,FantasyCrusader (14/20),0,465.5,G Tommy Fleetwood G Cameron Young G Collin Morikawa G Robert MacIntyre G Hideki Matsuyama G Si Woo Kim,,Ryan Fox,G,2.15%,110.5
51,5190293719,Doyzee27 (1/2),0,465,G Tommy Fleetwood G Cameron Young G Bryson DeChambeau G Sam Burns G Justin Thomas G Kurt Kitayama,,Kristoffer Reitan,G,2.03%,64.5
52,5189130607,pack88 (4/20),0,464.5,G Tommy Fleetwood G Cameron Young G Robert MacIntyre G Shane Lowry G Russell Henley G Si Woo Kim,,Alex Noren,G,2.00%,59
53,5188839317,hitch0403 (4/5),0,464,G Scottie Scheffler G Cameron Young G Sam Burns G Patrick Cantlay G Si Woo Kim G Alex Smalley,,Keith Mitchell,G,1.99%,23
53,5189726891,JRucker504 (11/20),0,464,G Rory McIlroy G Cameron Young G Tyrrell Hatton G Sam Burns G Ryan Fox G Michael Thorbjornsen,,Nick Taylor,G,1.97%,55
55,5189200868,tigolebitties91 (9/20),0,463.5,G Tommy Fleetwood G Collin Morikawa G Chris Gotterup G Wyndham Clark G Sam Burns G Ryan Fox,,Keegan Bradley,G,1.63%,46.5
55,5190590175,jeffholstenarthur (1/4),0,463.5,G Rory McIlroy G Tommy Fleetwood G Brooks Koepka G Patrick Reed G Adam Scott G Ryan Fox,,Michael Thorbjornsen,G,1.62%,52.5
57,5190098445,Ragtops01 (7/7),0,462.5,G Tommy Fleetwood G Cameron Young G Collin Morikawa G Chris Gotterup G Si Woo Kim G Jacob Bridgeman,,Keita Nakajima,G,1.52%,21.5
58,5190701113,TTY313,0,462,G Tommy Fleetwood G Tyrrell Hatton G Chris Gotterup G Sam Burns G Justin Thomas G Ryan Fox,,Gary Woodland,G,1.48%,21.5
59,5190260195,Mitch84 (3/13),0,461.5,G Cameron Young G Collin Morikawa G Bryson DeChambeau G Robert MacIntyre G Shane Lowry G Sam Burns,,Jake Knapp,G,1.38%,19
59,5190792228,Garcz13 (2/2),0,461.5,G Tommy Fleetwood G Cameron Young G Shane Lowry G Sam Burns G Justin Thomas G Patrick Reed,,Johnny Keefer,G,1.30%,49
61,5189128816,ynot4greg21 (11/20),0,461,G Rory McIlroy G Tommy Fleetwood G Patrick Cantlay G Patrick Reed G Si Woo Kim G Ryan Fox,,Max Homa,G,1.24%,63
61,5190367965,runner23 (1/3),0,461,G Tommy Fleetwood G Chris Gotterup G Robert MacIntyre G Sam Burns G Russell Henley G Si Woo Kim,,Eugenio Lopez-Chacarra,G,1.24%,57
61,5190464246,danos_bucs (1/2),0,461,G Rory McIlroy G Tommy Fleetwood G Chris Gotterup G Jacob Bridgeman G Ryan Fox G Victor Perez,,Jackson Suber,G,1.23%,70.5
64,5188934673,Eatonpc (18/20),0,460.5,G Rory McIlroy G Tommy Fleetwood G Sam Burns G Hideki Matsuyama G Adam Scott G Ryan Gerard,,Matt Wallace,G,1.21%,60.5
64,5189507569,hart03 (18/20),0,460.5,G Scottie Scheffler G Sam Burns G Russell Henley G Justin Thomas G Alex Fitzpatrick G Ryan Fox,,Sam Stevens,G,1.16%,22
64,5189781160,mwilly56 (9/20),0,460.5,G Rory McIlroy G Tommy Fleetwood G Chris Gotterup G Jacob Bridgeman G Ryan Gerard G Ryan Fox,,J.T. Poston,G,1.11%,25
67,5190255787,tbjones2121 (1/20),0,460,G Scottie Scheffler G Cameron Young G Sam Burns G Min Woo Lee G Adam Scott G Alex Noren,,Tom McKibbin,G,1.05%,22
67,5190295923,drumrob1 (2/4),0,460,G Scottie Scheffler G Cameron Young G Sam Burns G Tom Kim G Ryan Fox G Sahith Theegala,,Stewart Cink,G,1.04%,21.5
69,5189277216,jc000000 (1/3),0,459.5,G Scottie Scheffler G Jon Rahm G Min Woo Lee G Corey Conners G Ryan Fox G Rasmus Neergaard-Petersen,,Rasmus Hojgaard,G,1.02%,21
69,5190199940,Goatropers (12/20),0,459.5,G Tommy Fleetwood G Ludvig Aberg G Collin Morikawa G Sam Burns G Si Woo Kim G Kurt Kitayama,,Bud Cauley,G,1.00%,62
69,5190917461,tledbetter7272 (1/4),0,459.5,G Scottie Scheffler G Chris Gotterup G Robert MacIntyre G Patrick Reed G Si Woo Kim G Ryan Fox,,Alex Smalley,G,0.98%,58.5
72,5189404152,GatorMAB (2/20),0,459,G Scottie Scheffler G Bryson DeChambeau G Sam Burns G Patrick Cantlay G Si Woo Kim G Adam Scott,,Francesco Molinari,G,0.96%,56.5
72,5189521390,Clevjer (5/15),0,459,G Cameron Young G Collin Morikawa G Chris Gotterup G Bryson DeChambeau G Sam Burns G Brooks Koepka,,John Parry,G,0.89%,65.5
72,5189553785,totototo (6/20),0,459,G Tommy Fleetwood G Cameron Young G Collin Morikawa G Sam Burns G Patrick Reed G Ben Griffin,,Sepp Straka,G,0.88%,48.5
72,5189692210,dbshankle,0,459,G Jon Rahm G Cameron Young G Collin Morikawa G Sam Burns G Russell Henley G Patrick Reed,,Eric Cole,G,0.88%,62.5
72,5189769822,markmoran (1/4),0,459,G Xander Schauffele G Cameron Young G Chris Gotterup G Robert MacIntyre G Sam Burns G Si Woo Kim,,Nicolas Echavarria,G,0.82%,44.5
72,5190525191,JayDime (8/10),0,459,G Jon Rahm G Cameron Young G Collin Morikawa G Sam Burns G Russell Henley G Patrick Reed,,Jason Day,G,0.77%,20
78,5188821394,danblack67 (10/20),0,458.5,G Scottie Scheffler G Tommy Fleetwood G Sepp Straka G Max Homa G Ryan Gerard G Ryan Fox,,David Puig,G,0.74%,13.5
78,5189610754,bradsmith1679 (16/16),0,458.5,G Scottie Scheffler G Cameron Young G Russell Henley G Patrick Cantlay G Si Woo Kim G Jackson Suber,,Sungjae Im,G,0.74%,67
78,5190206224,Packersfan203 (5/20),0,458.5,G Tommy Fleetwood G Jon Rahm G Collin Morikawa G Sam Burns G Si Woo Kim G Ryan Gerard,,Rasmus Neergaard-Petersen,G,0.73%,85.5
78,5190302739,BigMoe19 (9/14),0,458.5,G Xander Schauffele G Cameron Young G Collin Morikawa G Sam Burns G Russell Henley G Patrick Cantlay,,Matthew Jordan,G,0.73%,20
78,5190608592,Mige1 (8/20),0,458.5,G Scottie Scheffler G Tommy Fleetwood G Min Woo Lee G Kurt Kitayama G Rickie Fowler G Ryan Fox,,Jesper Svensson,G,0.71%,47.5
78,5190883239,mcooper2300,0,458.5,G Tommy Fleetwood G Jon Rahm G Collin Morikawa G Sam Burns G Si Woo Kim G Ryan Gerard,,Hao-Tong Li,G,0.59%,22
84,5189463538,twit (3/4),0,458,G Rory McIlroy G Cameron Young G Sam Burns G Justin Thomas G Hideki Matsuyama G Si Woo Kim,,Marco Penge,G,0.59%,70.5
84,5189652443,LRoyTheKing (12/20),0,458,G Tommy Fleetwood G Cameron Young G Bryson DeChambeau G Robert MacIntyre G Justin Thomas G Lucas Herbert,,Darren Clarke,G,0.58%,19
84,5190277243,HakeemTheDream (18/20),0,458,G Tommy Fleetwood G Collin Morikawa G Robert MacIntyre G Shane Lowry G Sam Burns G Si Woo Kim,,Casey Jarvis,G,0.54%,80
84,5190695260,smallpiglet1,0,458,G Rory McIlroy G Cameron Young G Sam Burns G Justin Thomas G Hideki Matsuyama G Si Woo Kim,,Harry Hall,G,0.49%,34
84,5190970121,huddawg76 (2/3),0,458,G Scottie Scheffler G Cameron Young G Collin Morikawa G Rickie Fowler G Adam Scott G Bud Cauley,,Daniel Berger,G,0.48%,16.5
89,5189984771,kyle9999 (1/2),0,457.5,G Rory McIlroy G Cameron Young G Sam Burns G Russell Henley G Patrick Reed G Victor Perez,,Bernd Wiesberger,G,0.47%,23.5
89,5189994551,kyle9999 (2/2),0,457.5,G Rory McIlroy G Cameron Young G Sam Burns G Russell Henley G Patrick Reed G Victor Perez,,Padraig Harrington,G,0.43%,22
89,5190329491,Mitch84 (8/13),0,457.5,G Cameron Young G Collin Morikawa G Chris Gotterup G Bryson DeChambeau G Sam Burns G Justin Thomas,,Michael Brennan,G,0.40%,53.5
89,5190529456,Krzykatkali (4/4),0,457.5,G Cameron Young G Collin Morikawa G Chris Gotterup G Bryson DeChambeau G Sam Burns G Justin Thomas,,Lucas Herbert,G,0.39%,81
93,5189550165,BruisedOrange (4/20),0,457,G Scottie Scheffler G Cameron Young G Russell Henley G Patrick Cantlay G Si Woo Kim G Jordan L. Smith,,Michael Kim,G,0.38%,23.5
93,5190012887,Grimdawg (8/20),0,457,G Scottie Scheffler G Xander Schauffele G Russell Henley G Alex Noren G Ryan Fox G Victor Perez,,Laurie Canter,G,0.37%,55.5
95,5190260172,12mgoblue28 (17/20),0,456.5,G Ludvig Aberg G Cameron Young G Robert MacIntyre G Sam Burns G Russell Henley G Patrick Cantlay,,Tim Wiedemeyer,G,0.37%,15
95,5190545017,OhVa216 (5/20),0,456.5,G Scottie Scheffler G Tyrrell Hatton G Russell Henley G Si Woo Kim G Ryan Gerard G Ryan Fox,,Henrik Stenson,G,0.37%,27.5
97,5188995787,yepjnelz (11/20),0,456,G Tommy Fleetwood G Xander Schauffele G Sam Burns G Russell Henley G Patrick Reed G Si Woo Kim,,Andy Sullivan,G,0.36%,44.5
97,5190618861,Catdaddy1999 (2/20),0,456,G Scottie Scheffler G Cameron Young G Russell Henley G Si Woo Kim G J.J. Spaun G Ryan Gerard,,Thomas Detry,G,0.35%,63
97,5190843000,timkat66 (12/20),0,456,G Scottie Scheffler G Tommy Fleetwood G Alex Fitzpatrick G Max Homa G Ryan Fox G Jordan L. Smith,,David Duval,G,0.34%,13
97,5191007590,scudder25 (1/2),0,456,G Scottie Scheffler G Cameron Young G Russell Henley G Si Woo Kim G J.J. Spaun G Ryan Gerard,,Jayden Trey Schaper,G,0.30%,26.5
101,5190012889,Grimdawg (9/20),0,455.5,G Scottie Scheffler G Jon Rahm G Russell Henley G Alex Noren G Ryan Fox G Victor Perez,,Caleb Surratt,G,0.30%,23.5
102,5189347723,rsumrall (6/20),0,455,G Rory McIlroy G Tommy Fleetwood G Robert MacIntyre G Ben Griffin G Adam Scott G Ryan Fox,,Angel Ayora Fanegas,G,0.29%,29
102,5189509859,naughttj (17/20),0,455,G Tommy Fleetwood G Xander Schauffele G Sam Burns G Russell Henley G Si Woo Kim G J.J. Spaun,,Joe Dean,G,0.29%,23.5
102,5190081698,danny6687 (1/4),0,455,G Scottie Scheffler G Jon Rahm G Shane Lowry G Ryan Gerard G Ryan Fox G Victor Perez,,Scott Vincent,G,0.29%,18.5
102,5190203608,jsecor (2/3),0,455,G Scottie Scheffler G Cameron Young G Russell Henley G Hideki Matsuyama G Si Woo Kim G Sahith Theegala,,Matthew McCarty,G,0.28%,29.5
102,5190522071,geoffm33 (17/20),0,455,G Rory McIlroy G Tommy Fleetwood G Robert MacIntyre G Ben Griffin G Adam Scott G Ryan Fox,,Andrew Novak,G,0.28%,26
107,5189385422,KoryC (11/20),0,454.5,G Scottie Scheffler G Cameron Young G Sam Burns G Eugenio Lopez-Chacarra G Kristoffer Reitan G Max Homa,,Max Greyserman,G,0.27%,27
107,5189737025,Leamond,0,454.5,G Xander Schauffele G Cameron Young G Chris Gotterup G Shane Lowry G Sam Burns G Hideki Matsuyama,,Shaun Norris,G,0.27%,50
107,5190560706,kushman999 (9/20),0,454.5,G Scottie Scheffler G Cameron Young G Russell Henley G Si Woo Kim G Ryan Gerard G Alex Smalley,,Peter Uihlein,G,0.25%,55.5
110,5188836540,hitch0403 (3/5),0,454,G Scottie Scheffler G Cameron Young G Sam Burns G Si Woo Kim G Ben Griffin G Alex Smalley,,Billy Horschel,G,0.23%,22
110,5190088975,marvink (3/20),0,454,G Tommy Fleetwood G Collin Morikawa G Shane Lowry G Sam Burns G Russell Henley G Patrick Reed,,Hennie Du Plessis,G,0.21%,61
110,5190534761,okelly36 (3/8),0,454,G Scottie Scheffler G Cameron Young G Sam Burns G Si Woo Kim G Ben Griffin G Alex Smalley,,Pierceson Coody,G,0.19%,65
110,5190578273,mross34,0,454,G Rory McIlroy G Cameron Young G Shane Lowry G Sam Burns G Si Woo Kim G Sahith Theegala,,Aldrich Potgieter,G,0.19%,60
110,5190768175,davebla (1/2),0,454,G Rory McIlroy G Tommy Fleetwood G Sam Burns G Hideki Matsuyama G Si Woo Kim G Eric Cole,,Antoine Rozner,G,0.19%,25
115,5189570423,Nootsy55 (1/6),0,453.5,G Xander Schauffele G Cameron Young G Chris Gotterup G Viktor Hovland G Sam Burns G Ryan Fox,,Matthew Southgate,G,0.18%,60
115,5189686936,juggalotus,0,453.5,G Tommy Fleetwood G Jon Rahm G Cameron Young G Patrick Reed G Hideki Matsuyama G Si Woo Kim,,Ren Yonezawa,G,0.16%,7
115,5190977637,Jisaacs85 (1/4),0,453.5,G Tommy Fleetwood G Jon Rahm G Cameron Young G Patrick Reed G Hideki Matsuyama G Si Woo Kim,,Sam Bairstow,G,0.15%,17.5
115,5191005909,tedsellers86 (18/20),0,453.5,G Tommy Fleetwood G Jon Rahm G Sam Burns G Russell Henley G Justin Thomas G Adam Scott,,Daniel Brown,G,0.14%,77.5
119,5189040714,Monkeysplitter (10/13),0,453,G Scottie Scheffler G Cameron Young G Sam Burns G Kurt Kitayama G Ryan Gerard G Sahith Theegala,,Matthew Baldwin,G,0.10%,17
119,5189728620,styntru2u (11/20),0,453,G Scottie Scheffler G Bryson DeChambeau G Sam Burns G Justin Thomas G Hideki Matsuyama G Lucas Herbert,,Daniel Hillier,G,0.10%,27
119,5190772163,rgmuchiri,0,453,G Tommy Fleetwood G Cameron Young G Collin Morikawa G Shane Lowry G Patrick Reed G Hideki Matsuyama,,Michael Hollick,G,0.09%,17
119,5190992451,SnoozeULose (3/4),0,453,G Tommy Fleetwood G Ludvig Aberg G Cameron Young G Patrick Reed G Hideki Matsuyama G Corey Conners,,Dan Bradbury,G,0.08%,19
123,5189095991,RFinch_Kings (11/13),0,452.5,G Tommy Fleetwood G Cameron Young G Bryson DeChambeau G Corey Conners G Marco Penge G Alex Noren,,Alistair Docherty,G,0.08%,16.5
123,5189503286,skid68 (4/20),0,452.5,G Scottie Scheffler G Collin Morikawa G Sam Burns G Patrick Reed G Si Woo Kim G Jordan L. Smith,,Kota Kaneko,G,0.07%,14
123,5189833291,cmartyrun (5/16),0,452.5,G Jon Rahm G Cameron Young G Collin Morikawa G Sam Burns G Si Woo Kim G Min Woo Lee,,Nevill Ruiter,G,0.07%,25.5
123,5190232008,mattypb147 (1/13),0,452.5,G Scottie Scheffler G Ludvig Aberg G Brooks Koepka G Hideki Matsuyama G Ryan Fox G Matt Wallace,,Baard Bjoernevik Skogen,G,0.07%,22
123,5190703620,gdanford23 (1/2),0,452.5,G Tommy Fleetwood G Ludvig Aberg G Cameron Young G Patrick Cantlay G Patrick Reed G Si Woo Kim,,Sami Valimaki,G,0.06%,25.5
123,5190967641,jaywillieMmk (1/4),0,452.5,G Jon Rahm G Cameron Young G Collin Morikawa G Sam Burns G Si Woo Kim G Min Woo Lee,,James Nicholas,G,0.06%,4
129,5190145307,HonusBonus (1/20),0,452,G Tommy Fleetwood G Jon Rahm G Chris Gotterup G Robert MacIntyre G Patrick Reed G Ryan Fox,,Lev Grinberg,G,0.06%,22
129,5190760062,Jojolyne,0,452,G Cameron Young G Collin Morikawa G Chris Gotterup G Robert MacIntyre G Sam Burns G Patrick Reed,,Adrien Saddier,G,0.05%,24.5
131,5189389790,dbullsfan (8/20),0,451.5,G Scottie Scheffler G Tommy Fleetwood G Patrick Reed G Ryan Fox G Thomas Detry G Jesper Svensson,,Martin Couvra,G,0.04%,19.5
131,5189449927,mdbkr,0,451.5,G Tommy Fleetwood G Jon Rahm G Robert MacIntyre G Shane Lowry G Sam Burns G Casey Jarvis,,Louis Oosthuizen,G,0.04%,0
131,5190196305,stiggy24 (19/20),0,451.5,G Scottie Scheffler G Chris Gotterup G Sam Burns G Patrick Reed G Hideki Matsuyama G Lucas Herbert,,Joakim Lagergren,G,0.04%,22
131,5190566959,kytyvince (20/20),0,451.5,G Xander Schauffele G Cameron Young G Chris Gotterup G Robert MacIntyre G Sam Burns G Hideki Matsuyama,,Josele Ballester,G,0.04%,61.5
131,5190944615,topspacey (4/4),0,451.5,G Tommy Fleetwood G Justin Rose G Cameron Young G Robert MacIntyre G Hideki Matsuyama G Ryan Fox,,Stuart Grehan,G,0.04%,21
136,5188859098,chacchi (19/20),0,451,G Rory McIlroy G Jon Rahm G Robert MacIntyre G Sam Burns G Ryan Fox G Sahith Theegala,,MJ Daffue,G,0.03%,60
136,5189324126,BigWooly (2/12),0,451,G Tommy Fleetwood G Xander Schauffele G Cameron Young G Russell Henley G Si Woo Kim G Ryo Hisatsune,,Kazuma Kobori,G,0.03%,59
136,5189503302,skid68 (20/20),0,451,G Ludvig Aberg G Collin Morikawa G Chris Gotterup G Bryson DeChambeau G Sam Burns G Si Woo Kim,,Francesco Laporta,G,0.03%,18
136,5189611514,derekdog (8/20),0,451,G Cameron Young G Tyrrell Hatton G Collin Morikawa G Chris Gotterup G Sam Burns G Si Woo Kim,,Frederic Lacroix,G,0.02%,21.5
136,5189621097,malcius,0,451,G Tommy Fleetwood G Collin Morikawa G Robert MacIntyre G Sam Burns G Russell Henley G Patrick Reed,,Ryutaro Nagano,G,0.02%,19.5
136,5189733672,stan1120 (2/2),0,451,G Tommy Fleetwood G Jon Rahm G Robert MacIntyre G Sam Burns G Hideki Matsuyama G Si Woo Kim,,Thomas Sloman,G,0.02%,26
136,5189877059,mikekrus99 (8/12),0,451,G Rory McIlroy G Cameron Young G Collin Morikawa G Patrick Reed G Si Woo Kim G Adam Scott,,Jack McDonald,G,0.02%,44.5
136,5189911732,Dowoo37 (3/20),0,451,G Cameron Young G Tyrrell Hatton G Collin Morikawa G Chris Gotterup G Sam Burns G Si Woo Kim,,Tiger Christensen,G,0.02%,20
136,5189965982,CraigAD66 (6/20),0,451,G Cameron Young G Tyrrell Hatton G Collin Morikawa G Chris Gotterup G Sam Burns G Si Woo Kim,,Kazuki Higa,G,0.02%,47.5
136,5190182052,LoganGrewe50 (12/20),0,451,G Scottie Scheffler G Cameron Young G Russell Henley G Si Woo Kim G J.J. Spaun G Jacob Bridgeman,,David Howard,G,0.02%,24
136,5190386402,Harmony76 (5/20),0,451,G Scottie Scheffler G Rory McIlroy G Jacob Bridgeman G Ryan Fox G Jordan L. Smith G Bud Cauley,,Austen Truslow,G,0.02%,10
136,5190616130,Rollintr (7/9),0,451,G Tommy Fleetwood G Jon Rahm G Robert MacIntyre G Sam Burns G Hideki Matsuyama G Si Woo Kim,,Fifa Laopakdee,G,0.01%,8
136,5190746126,nards1957 (1/4),0,451,G Tommy Fleetwood G Jon Rahm G Robert MacIntyre G Sam Burns G Hideki Matsuyama G Si Woo Kim,,Mason Howell,G,0.01%,26.5
136,5190856529,blairmoore14 (1/8),0,451,G Cameron Young G Tyrrell Hatton G Collin Morikawa G Chris Gotterup G Sam Burns G Si Woo Kim,,Marcus Plunkett,G,0.01%,45
136,5190952309,DFeerrar (10/20),0,451,G Cameron Young G Tyrrell Hatton G Collin Morikawa G Chris Gotterup G Sam Burns G Si Woo Kim,,Alejandro De Castro Piera,G,0.01%,17
151,5189148507,GenaroP (3/20),0,450.5,G Scottie Scheffler G Tommy Fleetwood G Si Woo Kim G J.J. Spaun G Ryan Fox G Harry Hall,,Naoyuki Kataoka,G,0.01%,62
151,5189498078,naugyhound (5/6),0,450.5,G Scottie Scheffler G Cameron Young G Russell Henley G Patrick Cantlay G Si Woo Kim G Eric Cole,,Travis Smyth,G,0.01%,21
151,5189788774,druff000 (1/2),0,450.5,G Scottie Scheffler G Cameron Young G Russell Henley G Patrick Cantlay G Si Woo Kim G Eric Cole,,Mateo Pulcini,G,0.01%,26.5
151,5190059845,markmoran (3/4),0,450.5,G Scottie Scheffler G Cameron Young G Sam Burns G Si Woo Kim G Min Woo Lee G Ryo Hisatsune,,Jiho Yang,G,0.01%,18.5
151,5190191933,jaygon122 (8/9),0,450.5,G Tommy Fleetwood G Ludvig Aberg G Cameron Young G Russell Henley G Patrick Reed G Kurt Kitayama,,Jeongwoo Ham,G,0.01%,15.5
151,5190398821,PistolsFiring27,0,450.5,G Tommy Fleetwood G Tyrrell Hatton G Collin Morikawa G Shane Lowry G Sam Burns G Rasmus Neergaard-Petersen,,Cameron John,G,0.00%,61
151,5190545028,OhVa216 (16/20),0,450.5,G Scottie Scheffler G Collin Morikawa G Justin Thomas G Patrick Reed G Corey Conners G Ryan Fox,,Jack Buchanan,G,0.00%,21.5
158,5188825618,kramerap59 (10/20),0,450,G Ludvig Aberg G Cameron Young G Collin Morikawa G Sam Burns G Brooks Koepka G Justin Thomas,,,
158,5189382904,susan17 (2/2),0,450,G Jon Rahm G Cameron Young G Chris Gotterup G Robert MacIntyre G Sam Burns G Hideki Matsuyama,,,
158,5190784843,Jesse71245,0,450,G Scottie Scheffler G Cameron Young G Russell Henley G Patrick Cantlay G Si Woo Kim G Bud Cauley,,,
161,5188793816,mconnolly88 (18/20),0,449.5,G Scottie Scheffler G Rory McIlroy G Ryan Fox G Matt Wallace G Jordan L. Smith G Bud Cauley,,,
161,5189192375,goofybh207 (11/20),0,449.5,G Rory McIlroy G Tommy Fleetwood G Collin Morikawa G Sungjae Im G Rasmus Neergaard-Petersen G Jackson Suber,,,
161,5190735869,hacdougduo (3/4),0,449.5,G Rory McIlroy G Tommy Fleetwood G Shane Lowry G Russell Henley G Ryan Fox G Nicolas Echavarria,,,
164,5188921534,daviddawdy10 (13/20),0,449,G Scottie Scheffler G Rory McIlroy G Rickie Fowler G Ryan Fox G Francesco Molinari G Victor Perez,,,
164,5189877057,mikekrus99 (6/12),0,449,G Tommy Fleetwood G Cameron Young G Collin Morikawa G Robert MacIntyre G Si Woo Kim G Min Woo Lee,,,
164,5189908887,Rebeaver42 (8/20),0,449,G Rory McIlroy G Tommy Fleetwood G Sam Burns G Si Woo Kim G Kurt Kitayama G Victor Perez,,,
164,5190067053,kytyvince (1/20),0,449,G Tommy Fleetwood G Jon Rahm G Robert MacIntyre G Sam Burns G Russell Henley G Jordan L. Smith,,,
168,5189459325,stammlerj (1/20),0,448.5,G Scottie Scheffler G Tommy Fleetwood G Ryan Gerard G Ryan Fox G Harry Hall G Victor Perez,,,
168,5189521394,Clevjer (9/15),0,448.5,G Ludvig Aberg G Cameron Young G Robert MacIntyre G Shane Lowry G Sam Burns G Brooks Koepka,,,
168,5189911743,Dowoo37 (14/20),0,448.5,G Scottie Scheffler G Tommy Fleetwood G Ben Griffin G Kristoffer Reitan G Ryan Fox G Nick Taylor,,,
168,5190300257,spartanfan23 (11/20),0,448.5,G Scottie Scheffler G Bryson DeChambeau G Sam Burns G Si Woo Kim G J.J. Spaun G Ryan Gerard,,,
168,5190707168,ivashi (7/20),0,448.5,G Tommy Fleetwood G Bryson DeChambeau G Robert MacIntyre G Sam Burns G Russell Henley G Brooks Koepka,,,
173,5188796921,pineda01 (3/20),0,448,G Cameron Young G Tyrrell Hatton G Collin Morikawa G Shane Lowry G Sam Burns G Russell Henley,,,
173,5188973995,auburn2015 (2/4),0,448,G Cameron Young G Tyrrell Hatton G Collin Morikawa G Shane Lowry G Sam Burns G Russell Henley,,,
173,5190002514,Grimdawg (3/20),0,448,G Scottie Scheffler G Jon Rahm G Corey Conners G Alex Noren G Ryan Fox G Victor Perez,,,
173,5190087210,Milo1051 (1/7),0,448,G Scottie Scheffler G Cameron Young G Sam Burns G Patrick Reed G Corey Conners G Shaun Norris,,,
173,5190087213,Milo1051 (2/7),0,448,G Scottie Scheffler G Cameron Young G Sam Burns G Patrick Reed G Corey Conners G Shaun Norris,,,
173,5190087219,Milo1051 (3/7),0,448,G Scottie Scheffler G Cameron Young G Sam Burns G Patrick Reed G Corey Conners G Shaun Norris,,,
173,5190097901,Milo1051 (4/7),0,448,G Scottie Scheffler G Cameron Young G Sam Burns G Patrick Reed G Corey Conners G Shaun Norris,,,
173,5190097905,Milo1051 (5/7),0,448,G Scottie Scheffler G Cameron Young G Sam Burns G Patrick Reed G Corey Conners G Shaun Norris,,,
173,5190097907,Milo1051 (6/7),0,448,G Scottie Scheffler G Cameron Young G Sam Burns G Patrick Reed G Corey Conners G Shaun Norris,,,
173,5190097912,Milo1051 (7/7),0,448,G Scottie Scheffler G Cameron Young G Sam Burns G Patrick Reed G Corey Conners G Shaun Norris,,,
183,5188834923,pat_the_hat2 (20/20),0,447.5,G Tommy Fleetwood G Cameron Young G Collin Morikawa G Robert MacIntyre G Ryan Gerard G Matt Wallace,,,
183,5190478608,jkarlovich (1/4),0,447.5,G Scottie Scheffler G Cameron Young G Russell Henley G Si Woo Kim G J.J. Spaun G Alex Smalley,,,
183,5190638397,PanchoLefty (1/2),0,447.5,G Tommy Fleetwood G Chris Gotterup G Robert MacIntyre G Russell Henley G Si Woo Kim G Adam Scott,,,
183,5190683603,uvajay (17/20),0,447.5,G Tommy Fleetwood G Ludvig Aberg G Justin Rose G Sam Burns G Patrick Reed G Ryan Fox,,,
183,5190736463,cjett1,0,447.5,G Scottie Scheffler G Ludvig Aberg G Collin Morikawa G Si Woo Kim G Casey Jarvis G John Parry,,,
183,5190812779,Ballabal (4/11),0,447.5,G Tommy Fleetwood G Cameron Young G Chris Gotterup G Brooks Koepka G Justin Thomas G Adam Scott,,,
189,5189766987,mwilly56 (3/20),0,447,G Scottie Scheffler G Ludvig Aberg G Cameron Young G Casey Jarvis G Eric Cole G Nick Taylor,,,
189,5189833226,Captain-Insan0,0,447,G Scottie Scheffler G Rory McIlroy G Kristoffer Reitan G Ryan Fox G Bud Cauley G Eric Cole,,,
189,5189889239,hburton1 (9/16),0,447,G Tommy Fleetwood G Chris Gotterup G Shane Lowry G Sam Burns G Russell Henley G Brooks Koepka,,,
189,5189937538,jimlexxx (3/20),0,447,G Tommy Fleetwood G Jon Rahm G Chris Gotterup G Sam Burns G Patrick Cantlay G Adam Scott,,,
189,5190508333,richierice1972 (4/4),0,447,G Jon Rahm G Cameron Young G Collin Morikawa G Sam Burns G Russell Henley G Ben Griffin,,,
189,5190831476,anthonynemer (6/8),0,447,G Scottie Scheffler G Ludvig Aberg G Chris Gotterup G Patrick Reed G Ryan Fox G Laurie Canter,,,
189,5190986969,pkelly32 (2/5),0,447,G Tommy Fleetwood G Xander Schauffele G Chris Gotterup G Sam Burns G Hideki Matsuyama G Rickie Fowler,,,
196,5188902590,cbizz151 (10/20),0,446.5,G Tommy Fleetwood G Xander Schauffele G Collin Morikawa G Robert MacIntyre G Sepp Straka G Ryan Fox,,,
196,5189118862,aaronuu,0,446.5,G Scottie Scheffler G Cameron Young G Russell Henley G Patrick Cantlay G Si Woo Kim G Alex Smalley,,,
196,5189683056,fritzhoff5 (5/20),0,446.5,G Scottie Scheffler G Cameron Young G Russell Henley G Patrick Cantlay G Si Woo Kim G Alex Smalley,,,
196,5189721691,amcg45 (3/3),0,446.5,G Tommy Fleetwood G Cameron Young G Chris Gotterup G Russell Henley G Alex Fitzpatrick G Si Woo Kim,,,
196,5190182057,LoganGrewe50 (17/20),0,446.5,G Scottie Scheffler G Cameron Young G Russell Henley G Patrick Cantlay G Si Woo Kim G Alex Smalley,,,
196,5190216240,dawnmarie72 (3/6),0,446.5,G Tommy Fleetwood G Cameron Young G Chris Gotterup G Russell Henley G Alex Fitzpatrick G Si Woo Kim,,,
196,5190607745,stiff_arm_titan_6090 (1/3),0,446.5,G Scottie Scheffler G Cameron Young G Patrick Reed G Hideki Matsuyama G Si Woo Kim G Jacob Bridgeman,,,
196,5190618864,Catdaddy1999 (5/20),0,446.5,G Scottie Scheffler G Cameron Young G Russell Henley G Patrick Cantlay G Si Woo Kim G Alex Smalley,,,
196,5190758637,Kris8695 (2/5),0,446.5,G Scottie Scheffler G Cameron Young G Russell Henley G Patrick Cantlay G Si Woo Kim G Alex Smalley,,,
196,5190783537,OhGD (8/20),0,446.5,G Scottie Scheffler G Cameron Young G Russell Henley G Patrick Cantlay G Si Woo Kim G Alex Smalley,,,
196,5190889429,ZachAnge24 (6/20),0,446.5,G Xander Schauffele G Ludvig Aberg G Cameron Young G Collin Morikawa G Patrick Reed G Lucas Herbert,,,
207,5189995904,csorcic (11/20),0,446,G Tommy Fleetwood G Ludvig Aberg G Cameron Young G Patrick Reed G Si Woo Kim G Min Woo Lee,,,
207,5190396167,ThorThunder (4/5),0,446,G Scottie Scheffler G Tommy Fleetwood G Si Woo Kim G Min Woo Lee G Casey Jarvis G Victor Perez,,,
207,5190805467,pennhurst72 (7/11),0,446,G Ludvig Aberg G Cameron Young G Collin Morikawa G Bryson DeChambeau G Viktor Hovland G Ryan Fox,,,
210,5188812823,redsnapper109 (5/20),0,445.5,G Tommy Fleetwood G Chris Gotterup G Shane Lowry G Sam Burns G Russell Henley G Justin Thomas,,,
210,5188827473,dominicbasulto (20/20),0,445.5,G Scottie Scheffler G Cameron Young G Russell Henley G Min Woo Lee G Adam Scott G Jacob Bridgeman,,,
210,5188877706,andybonds (9/20),0,445.5,G Xander Schauffele G Ludvig Aberg G Chris Gotterup G Sam Burns G Russell Henley G Si Woo Kim,,,
210,5189795438,lamberry (1/20),0,445.5,G Jon Rahm G Cameron Young G Collin Morikawa G Robert MacIntyre G Russell Henley G Si Woo Kim,,,
210,5189936372,cb379 (4/10),0,445.5,G Scottie Scheffler G Rory McIlroy G Ryan Fox G Sungjae Im G Jordan L. Smith G Ryo Hisatsune,,,
210,5189987047,kyleboneski (17/20),0,445.5,G Rory McIlroy G Cameron Young G Sam Burns G Russell Henley G Ben Griffin G Victor Perez,,,
210,5190300265,spartanfan23 (19/20),0,445.5,G Xander Schauffele G Ludvig Aberg G Chris Gotterup G Sam Burns G Russell Henley G Si Woo Kim,,,
210,5190301965,dwashing65 (1/20),0,445.5,G Scottie Scheffler G Cameron Young G Russell Henley G Corey Conners G Kurt Kitayama G Rickie Fowler,,,
210,5190302005,dwashing65 (2/20),0,445.5,G Scottie Scheffler G Cameron Young G Russell Henley G Corey Conners G Kurt Kitayama G Rickie Fowler,,,
210,5190523488,westh8bamix (20/20),0,445.5,G Rory McIlroy G Cameron Young G Sam Burns G Russell Henley G Ben Griffin G Victor Perez,,,
210,5190770123,the_Dean221 (20/20),0,445.5,G Tommy Fleetwood G Chris Gotterup G Robert MacIntyre G Sam Burns G Russell Henley G Patrick Reed,,,
210,5190884528,blockhead57 (16/16),0,445.5,G Scottie Scheffler G Tommy Fleetwood G Sam Burns G Ryan Gerard G Ryo Hisatsune G John Parry,,,
210,5191004899,pescador922,0,445.5,G Rory McIlroy G Cameron Young G Chris Gotterup G Sam Burns G Rickie Fowler G Sahith Theegala,,,
223,5189303444,Frogz21 (1/2),0,445,G Tommy Fleetwood G Cameron Young G Collin Morikawa G Patrick Cantlay G Si Woo Kim G Min Woo Lee,,,
223,5189483410,Swicky92 (20/20),0,445,G Tommy Fleetwood G Matt Fitzpatrick G Collin Morikawa G Sam Burns G J.J. Spaun G Ryan Fox,,,
223,5189840717,Wmgarvin09 (20/20),0,445,G Scottie Scheffler G Chris Gotterup G Sam Burns G Patrick Reed G Si Woo Kim G Rickie Fowler,,,
223,5190260164,12mgoblue28 (9/20),0,445,G Tommy Fleetwood G Ludvig Aberg G Sam Burns G Justin Thomas G Patrick Cantlay G Si Woo Kim,,,
223,5190368498,marvink (11/20),0,445,G Rory McIlroy G Cameron Young G Collin Morikawa G Kristoffer Reitan G Rickie Fowler G Adam Scott,,,
223,5190978958,jjnads2000 (13/20),0,445,G Xander Schauffele G Cameron Young G Collin Morikawa G Sam Burns G Patrick Cantlay G Patrick Reed,,,
229,5188844407,WhiteHype3 (1/20),0,444.5,G Scottie Scheffler G Robert MacIntyre G Sam Burns G Russell Henley G Kristoffer Reitan G Jordan L. Smith,,,
229,5189312718,gulfernut (9/20),0,444.5,G Tommy Fleetwood G Collin Morikawa G Chris Gotterup G Bryson DeChambeau G Hideki Matsuyama G Si Woo Kim,,,
229,5190419504,briannedanielle,0,444.5,G Scottie Scheffler G Sam Burns G Russell Henley G Patrick Cantlay G Patrick Reed G Si Woo Kim,,,
229,5190772468,tfer66 (2/3),0,444.5,G Tommy Fleetwood G Cameron Young G Chris Gotterup G Robert MacIntyre G Patrick Reed G Hideki Matsuyama,,,
229,5190816416,SWGraff (15/20),0,444.5,G Tommy Fleetwood G Xander Schauffele G Robert MacIntyre G Sam Burns G Patrick Reed G Si Woo Kim,,,
234,5189170511,jparkos11 (7/7),0,444,G Scottie Scheffler G Tommy Fleetwood G Patrick Reed G Kurt Kitayama G Rasmus Neergaard-Petersen G Jordan L. Smith,,,
234,5189240522,sapple67 (4/4),0,444,G Cameron Young G Collin Morikawa G Bryson DeChambeau G Robert MacIntyre G Shane Lowry G Russell Henley,,,
234,5189684227,paul937 (4/20),0,444,G Scottie Scheffler G Tommy Fleetwood G Si Woo Kim G Rickie Fowler G Adam Scott G Michael Thorbjornsen,,,
234,5190143168,WeeklyHigh (1/3),0,444,G Rory McIlroy G Tommy Fleetwood G Russell Henley G Si Woo Kim G Harris English G Ryan Fox,,,
234,5190530589,tomc46 (14/20),0,444,G Xander Schauffele G Ludvig Aberg G Cameron Young G Chris Gotterup G Russell Henley G Jackson Suber,,,
234,5190668363,davidarussellii (6/20),0,444,G Scottie Scheffler G Tommy Fleetwood G Si Woo Kim G Adam Scott G Alex Noren G Matt Wallace,,,
234,5190816283,LazyRiver,0,444,G Tommy Fleetwood G Cameron Young G Tyrrell Hatton G Chris Gotterup G Adam Scott G Victor Perez,,,
234,5190842839,24-Seven (2/20),0,444,G Xander Schauffele G Ludvig Aberg G Cameron Young G Sam Burns G Patrick Cantlay G Patrick Reed,,,
234,5190997601,Tsnyder61537 (6/20),0,444,G Xander Schauffele G Cameron Young G Collin Morikawa G Sam Burns G Justin Thomas G Patrick Reed,,,
243,5188970572,cgage (20/20),0,443.5,G Ludvig Aberg G Cameron Young G Collin Morikawa G Chris Gotterup G Brooks Koepka G Si Woo Kim,,,
243,5189759469,KenkDallyd (3/3),0,443.5,G Rory McIlroy G Tommy Fleetwood G Ludvig Aberg G Ryan Fox G Nick Taylor G Michael Thorbjornsen,,,
243,5190489134,jcobb04 (7/20),0,443.5,G Scottie Scheffler G Collin Morikawa G Sam Burns G Patrick Cantlay G J.J. Spaun G Adam Scott,,,
243,5190581781,boba27,0,443.5,G Scottie Scheffler G Xander Schauffele G Sam Burns G Hideki Matsuyama G Sahith Theegala G Casey Jarvis,,,
243,5190989081,shoedoi (3/4),0,443.5,G Tommy Fleetwood G Tyrrell Hatton G Shane Lowry G Sam Burns G Russell Henley G Si Woo Kim,,,
248,5188786073,Onager41 (13/20),0,443,G Scottie Scheffler G Rory McIlroy G Ryan Gerard G Ryan Fox G Thomas Detry G Nick Taylor,,,
248,5188812894,ryanlaughlin77 (18/20),0,443,G Scottie Scheffler G Ludvig Aberg G Cameron Young G Ryo Hisatsune G Bud Cauley G Casey Jarvis,,,
248,5189329594,heidinsmith12 (7/20),0,443,G Tommy Fleetwood G Sam Burns G Patrick Cantlay G Adam Scott G Thomas Detry G Eric Cole,,,
248,5189488757,loco2dbone (6/14),0,443,G Scottie Scheffler G Robert MacIntyre G Sam Burns G Patrick Reed G Hideki Matsuyama G Si Woo Kim,,,
248,5189495930,loco2dbone (7/14),0,443,G Scottie Scheffler G Robert MacIntyre G Sam Burns G Patrick Reed G Hideki Matsuyama G Si Woo Kim,,,
248,5190483630,bghowes (5/5),0,443,G Scottie Scheffler G Xander Schauffele G Collin Morikawa G Ryan Fox G John Parry G Johnny Keefer,,,
248,5190530585,tomc46 (10/20),0,443,G Scottie Scheffler G Cameron Young G Russell Henley G Patrick Cantlay G Hideki Matsuyama G Eric Cole,,,
248,5190678974,RINO19 (16/20),0,443,G Tommy Fleetwood G Xander Schauffele G Jon Rahm G Patrick Cantlay G Kurt Kitayama G Ryan Fox,,,
256,5188796927,pineda01 (9/20),0,442.5,G Justin Rose G Cameron Young G Collin Morikawa G Chris Gotterup G Bryson DeChambeau G Ryan Fox,,,
256,5189066904,gbenney10 (2/6),0,442.5,G Tommy Fleetwood G Ludvig Aberg G Tyrrell Hatton G Chris Gotterup G Kurt Kitayama G Ryan Fox,,,
256,5189067109,gbenney10 (5/6),0,442.5,G Tommy Fleetwood G Ludvig Aberg G Tyrrell Hatton G Chris Gotterup G Kurt Kitayama G Ryan Fox,,,
256,5189808185,APASK (3/13),0,442.5,G Tommy Fleetwood G Robert MacIntyre G Shane Lowry G Sam Burns G Russell Henley G Patrick Cantlay,,,
256,5190084104,AMayberry23 (2/20),0,442.5,G Tommy Fleetwood G Collin Morikawa G Robert MacIntyre G Shane Lowry G Sam Burns G Patrick Reed,,,
256,5190444267,RumRnr64 (7/20),0,442.5,G Rory McIlroy G Collin Morikawa G Sam Burns G Russell Henley G Patrick Reed G Si Woo Kim,,,
256,5190689748,sharpy78 (20/20),0,442.5,G Tommy Fleetwood G Cameron Young G Robert MacIntyre G Sam Burns G Alex Fitzpatrick G Patrick Cantlay,,,
256,5190991605,ManCity35 (15/20),0,442.5,G Rory McIlroy G Cameron Young G Chris Gotterup G Wyndham Clark G Ryan Fox G Jordan L. Smith,,,
256,5191003548,DeeMac74 (10/20),0,442.5,G Tommy Fleetwood G Tyrrell Hatton G Bryson DeChambeau G Shane Lowry G Sam Burns G Adam Scott,,,
265,5188870208,worm1977 (17/20),0,442,G Tommy Fleetwood G Collin Morikawa G Chris Gotterup G Bryson DeChambeau G Kristoffer Reitan G Adam Scott,,,
265,5188888725,bhapp10 (6/20),0,442,G Jon Rahm G Collin Morikawa G Chris Gotterup G Bryson DeChambeau G Sam Burns G Si Woo Kim,,,
265,5188898917,slimgenie (3/6),0,442,G Jon Rahm G Collin Morikawa G Chris Gotterup G Bryson DeChambeau G Sam Burns G Si Woo Kim,,,
265,5189562501,kahnski (4/4),0,442,G Tommy Fleetwood G Ludvig Aberg G Cameron Young G Robert MacIntyre G Patrick Reed G Bud Cauley,,,
265,5190216375,kylepga777 (1/7),0,442,G Xander Schauffele G Ludvig Aberg G Collin Morikawa G Sam Burns G Russell Henley G Victor Perez,,,
265,5190724859,jeckleberry (5/8),0,442,G Scottie Scheffler G Sam Burns G Russell Henley G Justin Thomas G Hideki Matsuyama G Ryan Gerard,,,
265,5190905603,ravendave2020 (3/3),0,442,G Scottie Scheffler G Cameron Young G Sam Burns G Si Woo Kim G Harris English G Sungjae Im,,,
272,5188879815,GenoMustGo,0,441.5,G Tommy Fleetwood G Cameron Young G Viktor Hovland G Sam Burns G Russell Henley G Ryan Gerard,,,
272,5188946301,cgage (1/20),0,441.5,G Ludvig Aberg G Cameron Young G Chris Gotterup G Bryson DeChambeau G Shane Lowry G Hideki Matsuyama,,,
272,5189052816,bmckinney8 (2/6),0,441.5,G Jon Rahm G Ludvig Aberg G Cameron Young G Bryson DeChambeau G Patrick Reed G Adam Scott,,,
272,5189141236,sportsnat13 (2/2),0,441.5,G Jon Rahm G Cameron Young G Bryson DeChambeau G Sam Burns G Justin Thomas G Patrick Reed,,,
272,5189162040,steemkatz (8/20),0,441.5,G Jon Rahm G Cameron Young G Collin Morikawa G Sam Burns G Justin Thomas G J.J. Spaun,,,
272,5189519033,Cogsfargh (5/6),0,441.5,G Cameron Young G Collin Morikawa G Chris Gotterup G Bryson DeChambeau G Russell Henley G Brooks Koepka,,,
272,5189535292,lairdscott,0,441.5,G Tommy Fleetwood G Collin Morikawa G Chris Gotterup G Robert MacIntyre G Sam Burns G Kurt Kitayama,,,
272,5189683584,Lamkin91 (17/20),0,441.5,G Scottie Scheffler G Tommy Fleetwood G Brian Harman G Kurt Kitayama G Ryan Fox G Rasmus Neergaard-Petersen,,,
272,5189821801,grajak (15/15),0,441.5,G Ludvig Aberg G Collin Morikawa G Bryson DeChambeau G Sam Burns G Russell Henley G Brooks Koepka,,,
272,5189946436,steviereno (2/8),0,441.5,G Scottie Scheffler G Rory McIlroy G Adam Scott G Ryan Fox G Ryo Hisatsune G Michael Brennan,,,
272,5190446803,Bako84 (2/3),0,441.5,G Scottie Scheffler G Cameron Young G Patrick Cantlay G Patrick Reed G Si Woo Kim G Corey Conners,,,
272,5190533988,theonlyhanch (14/20),0,441.5,G Tommy Fleetwood G Xander Schauffele G Cameron Young G Justin Thomas G Si Woo Kim G Alex Smalley,,,
272,5190816631,disturbedspooon (20/20),0,441.5,G Tommy Fleetwood G Collin Morikawa G Chris Gotterup G Robert MacIntyre G Sam Burns G Kurt Kitayama,,,
272,5190819721,Respectmyravens9823 (12/20),0,441.5,G Rory McIlroy G Tommy Fleetwood G Patrick Reed G Hideki Matsuyama G Si Woo Kim G Lucas Herbert,,,
286,5188824145,samrickmg,0,441,G Scottie Scheffler G Ludvig Aberg G Chris Gotterup G Sepp Straka G Ryan Fox G Bud Cauley,,,
286,5188964425,atran187 (3/10),0,441,G Scottie Scheffler G Robert MacIntyre G Sam Burns G Russell Henley G Patrick Reed G Jordan L. Smith,,,
286,5189128808,ynot4greg21 (3/20),0,441,G Tommy Fleetwood G Cameron Young G Sam Burns G Russell Henley G Patrick Reed G Nicolai Hojgaard,,,
286,5189241748,surfoasis (17/20),0,441,G Scottie Scheffler G Cameron Young G Robert MacIntyre G Marco Penge G Bud Cauley G Victor Perez,,,
286,5189684236,paul937 (13/20),0,441,G Tommy Fleetwood G Tyrrell Hatton G Collin Morikawa G Sam Burns G Russell Henley G Victor Perez,,,
286,5189918649,dunebug787,0,441,G Tommy Fleetwood G Cameron Young G Wyndham Clark G Sam Burns G Min Woo Lee G Adam Scott,,,
286,5190210373,cross7010 (5/20),0,441,G Tommy Fleetwood G Ludvig Aberg G Cameron Young G Si Woo Kim G Rasmus Neergaard-Petersen G Keith Mitchell,,,
286,5190224315,bschaper23 (15/20),0,441,G Rory McIlroy G Cameron Young G Robert MacIntyre G Russell Henley G Si Woo Kim G Kristoffer Reitan,,,
286,5190330616,falstaff64 (8/20),0,441,G Xander Schauffele G Ludvig Aberg G Cameron Young G Sam Burns G Justin Thomas G Kurt Kitayama,,,
295,5189145998,TBell1984 (2/20),0,440.5,G Tommy Fleetwood G Jon Rahm G Robert MacIntyre G Shane Lowry G Sam Burns G Jordan L. Smith,,,
295,5189192383,goofybh207 (19/20),0,440.5,G Scottie Scheffler G Cameron Young G Russell Henley G Si Woo Kim G Ben Griffin G Eric Cole,,,
295,5189490242,mntwins2010,0,440.5,G Rory McIlroy G Collin Morikawa G Sam Burns G Russell Henley G Patrick Cantlay G Si Woo Kim,,,
295,5189610747,bradsmith1679 (9/16),0,440.5,G Scottie Scheffler G Cameron Young G Patrick Cantlay G Si Woo Kim G J.J. Spaun G Ryan Gerard,,,
295,5189631018,ouroboros0 (4/20),0,440.5,G Ludvig Aberg G Collin Morikawa G Chris Gotterup G Robert MacIntyre G Sam Burns G Russell Henley,,,
295,5190162111,macgyver747 (5/6),0,440.5,G Xander Schauffele G Ludvig Aberg G Cameron Young G Robert MacIntyre G Hideki Matsuyama G Si Woo Kim,,,
295,5190367046,ctomsak (20/20),0,440.5,G Tommy Fleetwood G Tyrrell Hatton G Robert MacIntyre G Sam Burns G Russell Henley G Si Woo Kim,,,
295,5190368172,auweglman (1/20),0,440.5,G Ludvig Aberg G Collin Morikawa G Chris Gotterup G Robert MacIntyre G Sam Burns G Russell Henley,,,
295,5190530984,Hacksaw60 (3/4),0,440.5,G Tommy Fleetwood G Cameron Young G Collin Morikawa G Sam Burns G Hideki Matsuyama G Tom Kim,,,
295,5190915331,runner23 (3/3),0,440.5,G Tommy Fleetwood G Chris Gotterup G Bryson DeChambeau G Robert MacIntyre G Russell Henley G Si Woo Kim,,,
295,5190949106,Dirtysdozen (2/2),0,440.5,G Rory McIlroy G Collin Morikawa G Sam Burns G Russell Henley G Patrick Cantlay G Si Woo Kim,,,
295,5190980382,Fxalvarado (3/5),0,440.5,G Tommy Fleetwood G Tyrrell Hatton G Robert MacIntyre G Sam Burns G Russell Henley G Si Woo Kim,,,
307,5188883857,Aoteoroa (3/20),0,440,G Jon Rahm G Cameron Young G Chris Gotterup G Robert MacIntyre G Russell Henley G Si Woo Kim,,,
307,5188883860,Aoteoroa (4/20),0,440,G Jon Rahm G Cameron Young G Chris Gotterup G Robert MacIntyre G Russell Henley G Si Woo Kim,,,
307,5189580988,gibby1p (4/4),0,440,G Jon Rahm G Ludvig Aberg G Bryson DeChambeau G Shane Lowry G Sam Burns G Si Woo Kim,,,
307,5189701958,U_JUST_ME (1/2),0,440,G Tommy Fleetwood G Jon Rahm G Cameron Young G Russell Henley G Corey Conners G Ryo Hisatsune,,,
307,5189775525,mwilly56 (7/20),0,440,G Scottie Scheffler G Tyrrell Hatton G Collin Morikawa G Jacob Bridgeman G Ryan Gerard G Ryan Fox,,,
307,5190018213,Teddy2Toes (4/8),0,440,G Scottie Scheffler G Tyrrell Hatton G Collin Morikawa G Jacob Bridgeman G Ryan Gerard G Ryan Fox,,,
307,5190510390,musicman777 (20/20),0,440,G Tommy Fleetwood G Cameron Young G Wyndham Clark G Robert MacIntyre G Sam Burns G Ryan Gerard,,,
314,5188847472,jmny109 (1/3),0,439.5,G Rory McIlroy G Ludvig Aberg G Cameron Young G Si Woo Kim G Jacob Bridgeman G Ryan Gerard,,,
314,5189259385,cheryl21 (4/5),0,439.5,G Tommy Fleetwood G Ludvig Aberg G Cameron Young G Sam Burns G Harris English G Max Homa,,,
314,5189594555,holeseeker (4/5),0,439.5,G Ludvig Aberg G Cameron Young G Bryson DeChambeau G Shane Lowry G Russell Henley G Brooks Koepka,,,
314,5189650096,freeatm (1/20),0,439.5,G Ludvig Aberg G Chris Gotterup G Bryson DeChambeau G Robert MacIntyre G Sam Burns G Russell Henley,,,
314,5189934796,bighelmetfrankgore (20/20),0,439.5,G Scottie Scheffler G Bryson DeChambeau G Sam Burns G Patrick Cantlay G Si Woo Kim G Alex Noren,,,
314,5190224316,bschaper23 (16/20),0,439.5,G Cameron Young G Tyrrell Hatton G Chris Gotterup G Robert MacIntyre G Sam Burns G Russell Henley,,,
314,5190436543,kenplong (10/20),0,439.5,G Rory McIlroy G Robert MacIntyre G Sam Burns G Russell Henley G Si Woo Kim G Victor Perez,,,
314,5190510382,musicman777 (12/20),0,439.5,G Scottie Scheffler G Tommy Fleetwood G Hideki Matsuyama G Si Woo Kim G Kurt Kitayama G John Parry,,,
314,5190536432,zero611,0,439.5,G Cameron Young G Tyrrell Hatton G Chris Gotterup G Robert MacIntyre G Sam Burns G Russell Henley,,,
314,5190897063,figjam32 (2/7),0,439.5,G Jon Rahm G Ludvig Aberg G Cameron Young G Bryson DeChambeau G Adam Scott G Alex Noren,,,
314,5190929014,shon28 (2/20),0,439.5,G Scottie Scheffler G Ludvig Aberg G Robert MacIntyre G Sam Burns G Jackson Suber G Hennie Du Plessis,,,
325,5188834921,pat_the_hat2 (18/20),0,439,G Tommy Fleetwood G Cameron Young G Viktor Hovland G Sam Burns G Russell Henley G Kristoffer Reitan,,,
325,5189020807,rhaynes1967,0,439,G Tommy Fleetwood G Jon Rahm G Cameron Young G Patrick Reed G Hideki Matsuyama G Jacob Bridgeman,,,
325,5189285824,Wiladrale (5/7),0,439,G Scottie Scheffler G Tommy Fleetwood G Justin Thomas G Patrick Reed G Casey Jarvis G Jackson Suber,,,
325,5189285827,Wiladrale (6/7),0,439,G Scottie Scheffler G Tommy Fleetwood G Justin Thomas G Patrick Reed G Casey Jarvis G Jackson Suber,,,
325,5189503298,skid68 (16/20),0,439,G Jon Rahm G Ludvig Aberg G Collin Morikawa G Bryson DeChambeau G Sam Burns G Jordan L. Smith,,,
325,5189610638,SharkFrenzy (10/18),0,439,G Tommy Fleetwood G Xander Schauffele G Cameron Young G Justin Thomas G Marco Penge G Jacob Bridgeman,,,
325,5190762768,pudge72cws (4/20),0,439,G Scottie Scheffler G Rory McIlroy G Max Homa G Rasmus Neergaard-Petersen G Thomas Detry G Casey Jarvis,,,
325,5190844961,bdawgin (3/3),0,439,G Tommy Fleetwood G Jon Rahm G Cameron Young G Robert MacIntyre G Jacob Bridgeman G Ryan Gerard,,,
333,5189698244,lazyplayer,0,438.5,G Scottie Scheffler G Cameron Young G Bryson DeChambeau G Rickie Fowler G Max Homa G Alex Noren,,,
333,5189902344,Jamisonsdad1 (1/20),0,438.5,G Scottie Scheffler G Chris Gotterup G Sam Burns G Si Woo Kim G Min Woo Lee G Jordan L. Smith,,,
333,5190797947,gdollars (3/6),0,438.5,G Tommy Fleetwood G Jon Rahm G Shane Lowry G Sam Burns G Patrick Reed G Hideki Matsuyama,,,
333,5190806762,tedredbear (3/7),0,438.5,G Scottie Scheffler G Tommy Fleetwood G Kurt Kitayama G Kristoffer Reitan G Rickie Fowler G Adam Scott,,,
333,5190811193,potgun30 (1/2),0,438.5,G Scottie Scheffler G Jon Rahm G Cameron Young G Lucas Herbert G Bud Cauley G Nick Taylor,,,
333,5190848442,jwjw005 (2/2),0,438.5,G Cameron Young G Chris Gotterup G Bryson DeChambeau G Robert MacIntyre G Shane Lowry G Russell Henley,,,
339,5189335824,bhapple (1/3),0,438,G Scottie Scheffler G Ludvig Aberg G Patrick Reed G Hideki Matsuyama G Si Woo Kim G Adam Scott,,,
339,5189450105,Anjelic1 (8/8),0,438,G Tommy Fleetwood G Shane Lowry G Sam Burns G Russell Henley G Brooks Koepka G Justin Thomas,,,
339,5190350120,jruss5585 (4/4),0,438,G Tommy Fleetwood G Ludvig Aberg G Collin Morikawa G Chris Gotterup G Harris English G Ryan Fox,,,
339,5190409147,clo85 (20/20),0,438,G Ludvig Aberg G Cameron Young G Collin Morikawa G Chris Gotterup G Robert MacIntyre G Victor Perez,,,
339,5190772387,linsanity77 (2/4),0,438,G Tommy Fleetwood G Xander Schauffele G Tyrrell Hatton G Sam Burns G Adam Scott G Jordan L. Smith,,,
339,5190774621,codyody1,0,438,G Scottie Scheffler G Sam Burns G Russell Henley G Patrick Reed G Si Woo Kim G Min Woo Lee,,,
345,5189074475,hans2win (9/20),0,437.5,G Scottie Scheffler G Tyrrell Hatton G Collin Morikawa G Alex Noren G Ryan Fox G Victor Perez,,,
345,5189631032,ouroboros0 (18/20),0,437.5,G Tommy Fleetwood G Cameron Young G Wyndham Clark G Robert MacIntyre G Sam Burns G Kristoffer Reitan,,,
345,5190059747,menofleisure (16/20),0,437.5,G Scottie Scheffler G Tommy Fleetwood G Corey Conners G Maverick McNealy G Ryan Fox G Victor Perez,,,
345,5190468989,fredgeo77 (18/20),0,437.5,G Tommy Fleetwood G Jon Rahm G Bryson DeChambeau G Sam Burns G Kurt Kitayama G Kristoffer Reitan,,,
345,5190780961,VINCESFANTASY (2/2),0,437.5,G Scottie Scheffler G Cameron Young G Russell Henley G Si Woo Kim G Sahith Theegala G Ryo Hisatsune,,,
350,5189103132,Avonmall,0,437,G Scottie Scheffler G Cameron Young G Patrick Reed G Hideki Matsuyama G Si Woo Kim G Min Woo Lee,,,
350,5189140718,TheFremth (1/20),0,437,G Scottie Scheffler G Collin Morikawa G Sam Burns G Brooks Koepka G Ryan Fox G Rasmus Hojgaard,,,
350,5189326002,makehm (2/3),0,437,G Rory McIlroy G Chris Gotterup G Sam Burns G Russell Henley G Patrick Reed G Si Woo Kim,,,
350,5189579120,Abeybaby23 (5/15),0,437,G Scottie Scheffler G Cameron Young G Chris Gotterup G Si Woo Kim G Jacob Bridgeman G Michael Brennan,,,
350,5190034777,SpecialKC843 (15/20),0,437,G Scottie Scheffler G Cameron Young G Patrick Reed G Hideki Matsuyama G Si Woo Kim G Min Woo Lee,,,
350,5190051881,draftbuster (16/20),0,437,G Scottie Scheffler G Rory McIlroy G Si Woo Kim G Ryan Fox G Nick Taylor G Jesper Svensson,,,
350,5190054613,aquafinatim (19/20),0,437,G Scottie Scheffler G Tommy Fleetwood G Patrick Reed G Si Woo Kim G Kristoffer Reitan G John Parry,,,
350,5190159215,evansrc717 (15/20),0,437,G Scottie Scheffler G Cameron Young G Chris Gotterup G Si Woo Kim G Sahith Theegala G Alex Smalley,,,
350,5190390871,mnskenandore (3/5),0,437,G Scottie Scheffler G Cameron Young G Patrick Reed G Hideki Matsuyama G Si Woo Kim G Min Woo Lee,,,
350,5190452404,spash9 (16/20),0,437,G Ludvig Aberg G Collin Morikawa G Chris Gotterup G Sam Burns G Russell Henley G Brooks Koepka,,,
350,5190530586,tomc46 (11/20),0,437,G Scottie Scheffler G Cameron Young G Sam Burns G Russell Henley G Ryan Gerard G Sami Valimaki,,,
350,5190751590,B39873 (14/20),0,437,G Ludvig Aberg G Cameron Young G Chris Gotterup G Wyndham Clark G Sam Burns G Si Woo Kim,,,
350,5190804485,jet4wvu (1/2),0,437,G Scottie Scheffler G Cameron Young G Robert MacIntyre G Si Woo Kim G Kurt Kitayama G Matt Wallace,,,
350,5190874634,GregPen1 (2/2),0,437,G Jon Rahm G Ludvig Aberg G Cameron Young G Chris Gotterup G Patrick Reed G Adam Scott,,,
350,5190876414,PapaAl2023,0,437,G Tommy Fleetwood G Jon Rahm G Cameron Young G Shane Lowry G Hideki Matsuyama G Nick Taylor,,,
365,5188875736,Stubbs0001 (9/20),0,436.5,G Scottie Scheffler G Cameron Young G Tyrrell Hatton G Ryan Fox G Johnny Keefer G Michael Thorbjornsen,,,
365,5188926927,fairwaykid (10/20),0,436.5,G Jon Rahm G Ludvig Aberg G Chris Gotterup G Sam Burns G Russell Henley G Hideki Matsuyama,,,
365,5189284461,hiteofbob (5/20),0,436.5,G Tommy Fleetwood G Jon Rahm G Tyrrell Hatton G Collin Morikawa G Ryan Fox G Francesco Molinari,,,
365,5189953098,massdb (4/10),0,436.5,G Tommy Fleetwood G Collin Morikawa G Chris Gotterup G Sam Burns G Justin Thomas G Patrick Cantlay,,,
365,5190367043,ctomsak (17/20),0,436.5,G Tommy Fleetwood G Collin Morikawa G Chris Gotterup G Russell Henley G Justin Thomas G Si Woo Kim,,,
365,5190523384,wharfffrattt (5/20),0,436.5,G Scottie Scheffler G Cameron Young G Bryson DeChambeau G Sam Burns G Lucas Herbert G Kota Kaneko,,,
365,5190532752,roxy1990 (1/5),0,436.5,G Scottie Scheffler G Chris Gotterup G Sam Burns G Hideki Matsuyama G Corey Conners G J.J. Spaun,,,
365,5190549150,sharpy78 (10/20),0,436.5,G Xander Schauffele G Ludvig Aberg G Cameron Young G Chris Gotterup G Rickie Fowler G Jackson Suber,,,
365,5190783545,OhGD (16/20),0,436.5,G Scottie Scheffler G Cameron Young G Russell Henley G Si Woo Kim G Ben Griffin G Alex Smalley,,,
365,5190842990,timkat66 (2/20),0,436.5,G Scottie Scheffler G Chris Gotterup G Sam Burns G Si Woo Kim G Min Woo Lee G Ryan Gerard,,,
365,5190952303,DFeerrar (4/20),0,436.5,G Scottie Scheffler G Cameron Young G Russell Henley G Si Woo Kim G Ben Griffin G Alex Smalley,,,
376,5188796925,pineda01 (7/20),0,436,G Cameron Young G Collin Morikawa G Chris Gotterup G Wyndham Clark G Sam Burns G Russell Henley,,,
376,5188828318,ep3550 (3/20),0,436,G Cameron Young G Collin Morikawa G Chris Gotterup G Wyndham Clark G Sam Burns G Russell Henley,,,
376,5188832973,lauranlisa (3/6),0,436,G Scottie Scheffler G Chris Gotterup G Shane Lowry G Russell Henley G Ryan Gerard G Casey Jarvis,,,
376,5189188859,edub1976 (5/20),0,436,G Scottie Scheffler G Sam Burns G Russell Henley G Patrick Cantlay G Si Woo Kim G Min Woo Lee,,,
376,5189192381,goofybh207 (17/20),0,436,G Scottie Scheffler G Cameron Young G Robert MacIntyre G Si Woo Kim G J.J. Spaun G Alex Smalley,,,
376,5189210096,j11five (9/20),0,436,G Scottie Scheffler G Sam Burns G Russell Henley G Patrick Cantlay G Si Woo Kim G Min Woo Lee,,,
376,5189229961,Trashcona,0,436,G Rory McIlroy G Cameron Young G Sam Burns G Alex Fitzpatrick G Patrick Reed G Si Woo Kim,,,
376,5189250154,dougr77 (7/8),0,436,G Rory McIlroy G Tommy Fleetwood G Sam Burns G Patrick Reed G Ben Griffin G Casey Jarvis,,,
376,5190159219,evansrc717 (19/20),0,436,G Scottie Scheffler G Cameron Young G Russell Henley G Justin Thomas G Ryan Gerard G Alex Smalley,,,
376,5190260158,12mgoblue28 (3/20),0,436,G Tommy Fleetwood G Jon Rahm G Sam Burns G Justin Thomas G Patrick Cantlay G Si Woo Kim,,,
376,5190734695,jeckleberry (8/8),0,436,G Rory McIlroy G Ludvig Aberg G Sam Burns G Patrick Reed G Hideki Matsuyama G Si Woo Kim,,,
376,5190752649,jasonfogle (1/2),0,436,G Cameron Young G Collin Morikawa G Chris Gotterup G Wyndham Clark G Sam Burns G Russell Henley,,,
376,5190789948,kkhint4 (9/10),0,436,G Jon Rahm G Cameron Young G Collin Morikawa G Chris Gotterup G Patrick Reed G Si Woo Kim,,,
389,5189215613,bett2112 (8/20),0,435.5,G Scottie Scheffler G Rory McIlroy G Ryan Fox G Sahith Theegala G Jordan L. Smith G Ryo Hisatsune,,,
389,5189603660,derekdog (6/20),0,435.5,G Scottie Scheffler G Chris Gotterup G Russell Henley G Hideki Matsuyama G Si Woo Kim G Ryan Gerard,,,
389,5190403129,kenmeck,0,435.5,G Tommy Fleetwood G Ludvig Aberg G Cameron Young G Alex Fitzpatrick G Si Woo Kim G Kurt Kitayama,,,
389,5190949115,ableonard,0,435.5,G Cameron Young G Tyrrell Hatton G Collin Morikawa G Chris Gotterup G Sam Burns G Patrick Reed,,,
393,5188874625,norty23 (1/3),0,435,G Scottie Scheffler G Cameron Young G Patrick Reed G Si Woo Kim G Min Woo Lee G Corey Conners,,,
393,5189055279,vitus68,0,435,G Ludvig Aberg G Cameron Young G Collin Morikawa G Wyndham Clark G Sam Burns G Hideki Matsuyama,,,
393,5189153478,brodie55 (4/5),0,435,G Scottie Scheffler G Cameron Young G Russell Henley G Si Woo Kim G Ben Griffin G Sahith Theegala,,,
393,5189473903,erock1982 (14/17),0,435,G Scottie Scheffler G Tommy Fleetwood G Russell Henley G Ryan Gerard G Jordan L. Smith G Nick Taylor,,,
393,5189516057,myarwood19 (5/10),0,435,G Scottie Scheffler G Shane Lowry G Sam Burns G Russell Henley G Kurt Kitayama G Jacob Bridgeman,,,
393,5189546382,smacks11 (3/4),0,435,G Rory McIlroy G Chris Gotterup G Sam Burns G Russell Henley G Patrick Cantlay G Si Woo Kim,,,
393,5189596924,Lunzee (14/15),0,435,G Scottie Scheffler G Ludvig Aberg G Bryson DeChambeau G Sepp Straka G Ryan Fox G Ryo Hisatsune,,,
393,5189684234,paul937 (11/20),0,435,G Rory McIlroy G Ludvig Aberg G Cameron Young G Maverick McNealy G Ryan Fox G Victor Perez,,,
393,5189762050,Brenden5258 (13/20),0,435,G Ludvig Aberg G Cameron Young G Chris Gotterup G Bryson DeChambeau G Brooks Koepka G Hideki Matsuyama,,,
393,5189969267,aruss19 (1/2),0,435,G Scottie Scheffler G Chris Gotterup G Sam Burns G Patrick Cantlay G Si Woo Kim G Kurt Kitayama,,,
393,5190027769,merd (12/16),0,435,G Xander Schauffele G Cameron Young G Collin Morikawa G Chris Gotterup G Shane Lowry G Jordan L. Smith,,,
393,5190331346,blondeflame19 (2/20),0,435,G Tommy Fleetwood G Jon Rahm G Cameron Young G Patrick Cantlay G Si Woo Kim G Min Woo Lee,,,
393,5190497573,darragh8 (18/20),0,435,G Xander Schauffele G Ludvig Aberg G Collin Morikawa G Bryson DeChambeau G Russell Henley G Lucas Herbert,,,
393,5190541819,Yankeeblue1315 (9/20),0,435,G Scottie Scheffler G Cameron Young G Russell Henley G Si Woo Kim G Ben Griffin G Sahith Theegala,,,
393,5190618350,FoxyGrandpa252 (11/12),0,435,G Scottie Scheffler G Tommy Fleetwood G Patrick Cantlay G Kurt Kitayama G Adam Scott G Jordan L. Smith,,,
408,5188823598,rumrunner72 (3/20),0,434.5,G Scottie Scheffler G Collin Morikawa G Robert MacIntyre G Patrick Reed G Si Woo Kim G Casey Jarvis,,,
408,5188961307,jrevelle3 (11/20),0,434.5,G Rory McIlroy G Tommy Fleetwood G Cameron Young G Max Homa G Eric Cole G Alex Smalley,,,
408,5188961315,jrevelle3 (19/20),0,434.5,G Tommy Fleetwood G Ludvig Aberg G Collin Morikawa G Robert MacIntyre G Si Woo Kim G Max Homa,,,
408,5189818858,wojo3315 (2/3),0,434.5,G Scottie Scheffler G Robert MacIntyre G Sam Burns G Hideki Matsuyama G Si Woo Kim G Min Woo Lee,,,
408,5190078572,kytyvince (8/20),0,434.5,G Tommy Fleetwood G Cameron Young G Viktor Hovland G Sam Burns G Russell Henley G J.J. Spaun,,,
408,5190196306,stiggy24 (20/20),0,434.5,G Scottie Scheffler G Chris Gotterup G Sam Burns G Alex Fitzpatrick G Hideki Matsuyama G Lucas Herbert,,,
408,5190250515,enemymine (13/20),0,434.5,G Tommy Fleetwood G Jon Rahm G Robert MacIntyre G Sam Burns G Si Woo Kim G Min Woo Lee,,,
408,5190331506,aliensexist77 (18/20),0,434.5,G Scottie Scheffler G Jon Rahm G Sam Burns G Kristoffer Reitan G Rickie Fowler G Sungjae Im,,,
408,5190382629,LOCNOTM (18/20),0,434.5,G Tommy Fleetwood G Jon Rahm G Robert MacIntyre G Sam Burns G Si Woo Kim G Min Woo Lee,,,
408,5190761117,Kemps (10/20),0,434.5,G Scottie Scheffler G Robert MacIntyre G Sam Burns G Hideki Matsuyama G Corey Conners G Jacob Bridgeman,,,
408,5190767840,gtsml (3/20),0,434.5,G Scottie Scheffler G Tommy Fleetwood G Patrick Reed G Hideki Matsuyama G Kristoffer Reitan G Jackson Suber,,,
408,5190834667,Peezo512 (4/10),0,434.5,G Jon Rahm G Ludvig Aberg G Collin Morikawa G Sam Burns G Brooks Koepka G Si Woo Kim,,,
408,5190924493,tledbetter7272 (2/4),0,434.5,G Tommy Fleetwood G Cameron Young G Tyrrell Hatton G Justin Thomas G Hideki Matsuyama G Si Woo Kim,,,
408,5190984047,bamadolphin (7/7),0,434.5,G Scottie Scheffler G Rory McIlroy G Kurt Kitayama G Ryan Fox G Shaun Norris G Victor Perez,,,
408,5191003558,DeeMac74 (20/20),0,434.5,G Scottie Scheffler G Shane Lowry G Sam Burns G Brooks Koepka G Si Woo Kim G Kurt Kitayama,,,
423,5188851619,hookm333 (1/3),0,434,G Tommy Fleetwood G Cameron Young G Robert MacIntyre G Shane Lowry G Alex Fitzpatrick G Si Woo Kim,,,
423,5189076833,owrns251109 (2/3),0,434,G Scottie Scheffler G Ludvig Aberg G Bryson DeChambeau G Rickie Fowler G Rasmus Neergaard-Petersen G Sahith Theegala,,,
423,5189115017,EVen11 (11/20),0,434,G Ludvig Aberg G Cameron Young G Wyndham Clark G Shane Lowry G Sam Burns G Russell Henley,,,
423,5189188425,barnicle12 (4/6),0,434,G Rory McIlroy G Cameron Young G Chris Gotterup G Patrick Cantlay G Si Woo Kim G Jordan L. Smith,,,
423,5189283499,Bazoinkles (13/20),0,434,G Scottie Scheffler G Collin Morikawa G Russell Henley G Si Woo Kim G Jacob Bridgeman G Ryan Gerard,,,
423,5189650578,MelBaez (5/20),0,434,G Rory McIlroy G Cameron Young G Chris Gotterup G Hideki Matsuyama G Si Woo Kim G Kurt Kitayama,,,
423,5189677647,Sharkapotamus5 (3/20),0,434,G Rory McIlroy G Cameron Young G Sam Burns G Russell Henley G Si Woo Kim G Harris English,,,
423,5189909924,JLarisonNelson (20/20),0,434,G Tommy Fleetwood G Cameron Young G Collin Morikawa G Sam Burns G Jordan Spieth G Corey Conners,,,
423,5190526124,timothyandstacy (14/20),0,434,G Scottie Scheffler G Cameron Young G Justin Thomas G Patrick Reed G Si Woo Kim G Matt Wallace,,,
423,5190668360,davidarussellii (3/20),0,434,G Scottie Scheffler G Tommy Fleetwood G Hideki Matsuyama G Si Woo Kim G Matt Wallace G Alex Smalley,,,
423,5190705184,TrickyHeels,0,434,G Rory McIlroy G Bryson DeChambeau G Sam Burns G Patrick Cantlay G Hideki Matsuyama G Si Woo Kim,,,
423,5190714420,mattypb147 (13/13),0,434,G Scottie Scheffler G Tyrrell Hatton G Shane Lowry G Hideki Matsuyama G Ryan Fox G Matt Wallace,,,
423,5190751455,Rambo62 (4/4),0,434,G Rory McIlroy G Collin Morikawa G Sam Burns G Justin Thomas G Hideki Matsuyama G Si Woo Kim,,,
423,5190770118,the_Dean221 (19/20),0,434,G Tommy Fleetwood G Xander Schauffele G Robert MacIntyre G Sam Burns G Corey Conners G J.J. Spaun,,,
423,5190856677,amarlls (3/20),0,434,G Tommy Fleetwood G Jon Rahm G Shane Lowry G Sam Burns G Si Woo Kim G Ben Griffin,,,
423,5190905602,ravendave2020 (2/3),0,434,G Tommy Fleetwood G Jon Rahm G Cameron Young G Robert MacIntyre G Ryan Gerard G Sahith Theegala,,,
439,5188829048,aatteeuupp (3/5),0,433.5,G Rory McIlroy G Tommy Fleetwood G Viktor Hovland G Rickie Fowler G Adam Scott G Ryan Fox,,,
439,5188837616,louba5 (9/20),0,433.5,G Jon Rahm G Ludvig Aberg G Cameron Young G Robert MacIntyre G Russell Henley G John Parry,,,
439,5188855958,nadusku (12/20),0,433.5,G Tommy Fleetwood G Ludvig Aberg G Collin Morikawa G Chris Gotterup G Ryan Gerard G Victor Perez,,,
439,5189236810,Sportmeister77 (7/20),0,433.5,G Rory McIlroy G Tommy Fleetwood G Russell Henley G Hideki Matsuyama G Corey Conners G Jordan L. Smith,,,
439,5189611592,makeatley (5/8),0,433.5,G Tommy Fleetwood G Ludvig Aberg G Cameron Young G Sam Burns G Akshay Bhatia G Rickie Fowler,,,
439,5189979978,MONKEESKULL (8/8),0,433.5,G Rory McIlroy G Chris Gotterup G Robert MacIntyre G Sam Burns G Hideki Matsuyama G Si Woo Kim,,,
439,5190166300,ritwingr (4/8),0,433.5,G Xander Schauffele G Jon Rahm G Cameron Young G Russell Henley G Hideki Matsuyama G Corey Conners,,,
439,5190678870,Austen07 (7/8),0,433.5,G Tommy Fleetwood G Ludvig Aberg G Cameron Young G Justin Thomas G Min Woo Lee G Corey Conners,,,
439,5190816629,disturbedspooon (18/20),0,433.5,G Jon Rahm G Collin Morikawa G Chris Gotterup G Robert MacIntyre G Sam Burns G Si Woo Kim,,,
439,5190846931,jeremygr27 (7/12),0,433.5,G Tommy Fleetwood G Cameron Young G Bryson DeChambeau G Brooks Koepka G Hideki Matsuyama G Ben Griffin,,,
449,5189344742,sosamightygg22 (18/20),0,433,G Ludvig Aberg G Cameron Young G Collin Morikawa G Bryson DeChambeau G Sam Burns G Nicolai Hojgaard,,,
449,5189534200,AJKELLY270,0,433,G Tommy Fleetwood G Cameron Young G Chris Gotterup G Alex Fitzpatrick G Patrick Reed G Si Woo Kim,,,
449,5189627556,boyle5000 (13/20),0,433,G Scottie Scheffler G Collin Morikawa G Justin Thomas G Si Woo Kim G Kurt Kitayama G Rasmus Neergaard-Petersen,,,
449,5189734758,Ckuppsrule (5/9),0,433,G Tommy Fleetwood G Tyrrell Hatton G Robert MacIntyre G Sam Burns G Russell Henley G Hideki Matsuyama,,,
449,5189974814,dmcsheezy (2/2),0,433,G Rory McIlroy G Cameron Young G Shane Lowry G Patrick Cantlay G Hideki Matsuyama G Si Woo Kim,,,
449,5190375104,Jflannery018 (2/3),0,433,G Rory McIlroy G Collin Morikawa G Sam Burns G Russell Henley G Patrick Cantlay G Hideki Matsuyama,,,
449,5190467311,newgp,0,433,G Tommy Fleetwood G Tyrrell Hatton G Robert MacIntyre G Sam Burns G Russell Henley G Hideki Matsuyama,,,
449,5190709204,thomasmr10 (1/14),0,433,G Rory McIlroy G Collin Morikawa G Shane Lowry G Sam Burns G Si Woo Kim G J.J. Spaun,,,
449,5190775560,stockpile20,0,433,G Tommy Fleetwood G Collin Morikawa G Robert MacIntyre G Shane Lowry G Russell Henley G Hideki Matsuyama,,,
449,5190816408,SWGraff (7/20),0,433,G Rory McIlroy G Collin Morikawa G Sam Burns G Russell Henley G Patrick Cantlay G Hideki Matsuyama,,,
459,5189062778,mlief (14/20),0,432.5,G Rory McIlroy G Tommy Fleetwood G Bryson DeChambeau G J.J. Spaun G Ryan Gerard G Casey Jarvis,,,
459,5189113574,Didley3434,0,432.5,G Scottie Scheffler G Chris Gotterup G Sam Burns G Russell Henley G Patrick Reed G Francesco Molinari,,,
459,5189180385,Wilco311 (10/20),0,432.5,G Scottie Scheffler G Tommy Fleetwood G Maverick McNealy G Marco Penge G Kurt Kitayama G Ryan Fox,,,
459,5189236313,wsdp (2/20),0,432.5,G Tommy Fleetwood G Ludvig Aberg G Collin Morikawa G Russell Henley G Patrick Cantlay G Corey Conners,,,
459,5189300400,austinaeikens (3/5),0,432.5,G Xander Schauffele G Collin Morikawa G Bryson DeChambeau G Sam Burns G Russell Henley G Justin Thomas,,,
459,5189344726,sosamightygg22 (2/20),0,432.5,G Xander Schauffele G Jon Rahm G Robert MacIntyre G Sam Burns G Russell Henley G Si Woo Kim,,,
459,5189447722,cliffordroberts (6/8),0,432.5,G Rory McIlroy G Tommy Fleetwood G Chris Gotterup G Si Woo Kim G Adam Scott G Francesco Molinari,,,
459,5189610742,bradsmith1679 (4/16),0,432.5,G Rory McIlroy G Cameron Young G Russell Henley G Patrick Cantlay G Si Woo Kim G J.J. Spaun,,,
459,5189877053,mikekrus99 (2/12),0,432.5,G Ludvig Aberg G Cameron Young G Collin Morikawa G Viktor Hovland G Sam Burns G Si Woo Kim,,,
459,5189932822,Dadyfatsax (2/2),0,432.5,G Tommy Fleetwood G Xander Schauffele G Ludvig Aberg G Sam Burns G Kristoffer Reitan G Michael Thorbjornsen,,,
459,5190390870,Mitch84 (12/13),0,432.5,G Xander Schauffele G Collin Morikawa G Bryson DeChambeau G Sam Burns G Russell Henley G Justin Thomas,,,
459,5190414246,theRealTW64 (4/7),0,432.5,G Ludvig Aberg G Cameron Young G Collin Morikawa G Russell Henley G Brooks Koepka G Justin Thomas,,,
459,5190424470,azengel15 (11/20),0,432.5,G Rory McIlroy G Jon Rahm G Chris Gotterup G Kristoffer Reitan G Ryan Fox G Bud Cauley,,,
459,5190438070,DeboYoMoney (16/20),0,432.5,G Scottie Scheffler G Cameron Young G Brooks Koepka G Patrick Reed G Rickie Fowler G Ryan Gerard,,,
459,5190467456,Gracie007 (15/20),0,432.5,G Ludvig Aberg G Cameron Young G Collin Morikawa G Viktor Hovland G Sam Burns G Si Woo Kim,,,
459,5190522068,geoffm33 (14/20),0,432.5,G Scottie Scheffler G Cameron Young G Brooks Koepka G Patrick Reed G Rickie Fowler G Ryan Gerard,,,
459,5190779200,diggerwoods (8/20),0,432.5,G Jon Rahm G Collin Morikawa G Bryson DeChambeau G Sam Burns G Russell Henley G Brooks Koepka,,,
459,5190831296,bellboy03,0,432.5,G Scottie Scheffler G Bryson DeChambeau G Brooks Koepka G Justin Thomas G Si Woo Kim G Rasmus Neergaard-Petersen,,,
477,5188821504,kosar911 (1/9),0,432,G Scottie Scheffler G Ludvig Aberg G Sam Burns G Si Woo Kim G Kurt Kitayama G Ryo Hisatsune,,,
477,5188825628,kramerap59 (20/20),0,432,G Xander Schauffele G Collin Morikawa G Robert MacIntyre G Shane Lowry G Sam Burns G Russell Henley,,,
477,5189213770,darksidelives (7/12),0,432,G Tommy Fleetwood G Ludvig Aberg G Chris Gotterup G Bryson DeChambeau G Corey Conners G Rickie Fowler,,,
477,5190023889,sethug (4/5),0,432,G Tommy Fleetwood G Matt Fitzpatrick G Chris Gotterup G Sam Burns G Min Woo Lee G Ryan Fox,,,
477,5190165650,ChrisG95 (19/20),0,432,G Tommy Fleetwood G Xander Schauffele G Tyrrell Hatton G Sam Burns G Adam Scott G Max Homa,,,
477,5190222873,patkingpin (17/20),0,432,G Rory McIlroy G Tommy Fleetwood G Sam Burns G J.J. Spaun G Alex Noren G Ryan Gerard,,,
477,5190274242,jglocklear1 (10/10),0,432,G Tommy Fleetwood G Jon Rahm G Cameron Young G Russell Henley G Patrick Cantlay G Ryo Hisatsune,,,
477,5190382084,sethug (5/5),0,432,G Scottie Scheffler G Tommy Fleetwood G Robert MacIntyre G Ryan Fox G Stewart Cink G Victor Perez,,,
477,5190382630,LOCNOTM (19/20),0,432,G Scottie Scheffler G Robert MacIntyre G Sam Burns G Patrick Cantlay G Si Woo Kim G J.J. Spaun,,,
477,5190524714,charger65 (1/2),0,432,G Tommy Fleetwood G Ludvig Aberg G Collin Morikawa G Shane Lowry G Corey Conners G Ryan Gerard,,,
477,5190869781,Oxyfide (2/2),0,432,G Xander Schauffele G Ludvig Aberg G Cameron Young G Russell Henley G Si Woo Kim G Ben Griffin,,,
477,5190923873,ManningDown (2/3),0,432,G Xander Schauffele G Collin Morikawa G Robert MacIntyre G Shane Lowry G Sam Burns G Russell Henley,,,
477,5190926810,ajberm (1/8),0,432,G Ludvig Aberg G Cameron Young G Collin Morikawa G Shane Lowry G Si Woo Kim G Ben Griffin,,,
490,5188784167,Mousedef (16/20),0,431.5,G Tommy Fleetwood G Xander Schauffele G Ludvig Aberg G Sam Burns G Ryan Gerard G Johnny Keefer,,,
490,5188786079,Onager41 (19/20),0,431.5,G Scottie Scheffler G Tommy Fleetwood G Si Woo Kim G Tom Kim G Ryan Fox G Michael Thorbjornsen,,,
490,5189012818,Manchester5 (5/7),0,431.5,G Scottie Scheffler G Rory McIlroy G Keegan Bradley G Ryan Fox G Jackson Suber G Francesco Molinari,,,
490,5189044888,PopFlyBoy (4/20),0,431.5,G Tommy Fleetwood G Ludvig Aberg G Robert MacIntyre G Russell Henley G Justin Thomas G Si Woo Kim,,,
490,5189148524,GenaroP (20/20),0,431.5,G Rory McIlroy G Cameron Young G Tyrrell Hatton G Sam Burns G J.J. Spaun G Jackson Suber,,,
490,5189757753,Porterhouse1975 (14/20),0,431.5,G Scottie Scheffler G Sam Burns G Russell Henley G Justin Thomas G Si Woo Kim G Ben Griffin,,,
490,5189912587,300Atrain (5/8),0,431.5,G Xander Schauffele G Cameron Young G Collin Morikawa G Chris Gotterup G Russell Henley G Sahith Theegala,,,
490,5189980265,Weasel0757 (4/4),0,431.5,G Tommy Fleetwood G Cameron Young G Chris Gotterup G Sam Burns G Joaquin Niemann G Hideki Matsuyama,,,
490,5189992776,natefsu (8/8),0,431.5,G Scottie Scheffler G Cameron Young G Brooks Koepka G Justin Thomas G Rickie Fowler G Jordan L. Smith,,,
490,5190182055,LoganGrewe50 (15/20),0,431.5,G Scottie Scheffler G Sam Burns G Russell Henley G Justin Thomas G Si Woo Kim G Ben Griffin,,,
490,5190241049,Linkman18 (4/10),0,431.5,G Rory McIlroy G Cameron Young G Wyndham Clark G Robert MacIntyre G Jacob Bridgeman G Ryan Fox,,,
490,5190241055,Linkman18 (9/10),0,431.5,G Rory McIlroy G Cameron Young G Wyndham Clark G Robert MacIntyre G Jacob Bridgeman G Ryan Fox,,,
490,5190288442,mika0015 (11/19),0,431.5,G Tommy Fleetwood G Collin Morikawa G Chris Gotterup G Sam Burns G Brooks Koepka G Min Woo Lee,,,
490,5190767947,backyardbomber (2/4),0,431.5,G Xander Schauffele G Ludvig Aberg G Cameron Young G Bryson DeChambeau G Patrick Reed G Ryan Gerard,,,
490,5190866483,FlyBoysGangGreen (10/20),0,431.5,G Tommy Fleetwood G Cameron Young G Tyrrell Hatton G Chris Gotterup G Si Woo Kim G Sahith Theegala,,,
490,5190878410,therealjeed (2/2),0,431.5,G Tommy Fleetwood G Cameron Young G Collin Morikawa G Robert MacIntyre G Alex Fitzpatrick G Victor Perez,,,
506,5188963104,Mudskippers (3/20),0,431,G Scottie Scheffler G Cameron Young G Chris Gotterup G David Puig G Jacob Bridgeman G Ryan Fox,,,
506,5189214002,bett2112 (6/20),0,431,G Tommy Fleetwood G Xander Schauffele G Collin Morikawa G Patrick Reed G Hideki Matsuyama G Si Woo Kim,,,
506,5189458323,georgejester (7/7),0,431,G Ludvig Aberg G Cameron Young G Wyndham Clark G Robert MacIntyre G Sam Burns G Russell Henley,,,
506,5189902357,Jamisonsdad1 (14/20),0,431,G Xander Schauffele G Jon Rahm G Chris Gotterup G Sam Burns G Hideki Matsuyama G Si Woo Kim,,,
506,5190254532,JMW40par72,0,431,G Tommy Fleetwood G Matt Fitzpatrick G Sam Burns G Russell Henley G Alex Fitzpatrick G Ryan Fox,,,
506,5190330619,falstaff64 (11/20),0,431,G Scottie Scheffler G Collin Morikawa G Russell Henley G Patrick Cantlay G Si Woo Kim G Ryan Gerard,,,
506,5190733838,dasportsguru (11/11),0,431,G Tommy Fleetwood G Cameron Young G Tyrrell Hatton G Russell Henley G Justin Thomas G Victor Perez,,,
506,5190744520,Skralph (18/20),0,431,G Tommy Fleetwood G Cameron Young G Chris Gotterup G Shane Lowry G Patrick Reed G Min Woo Lee,,,
514,5188963096,spielvogela0523 (8/20),0,430.5,G Xander Schauffele G Cameron Young G Collin Morikawa G Robert MacIntyre G Justin Thomas G Si Woo Kim,,,
514,5189586979,Lunzee (2/15),0,430.5,G Tommy Fleetwood G Cameron Young G Chris Gotterup G Wyndham Clark G Hideki Matsuyama G Si Woo Kim,,,
514,5189627545,boyle5000 (2/20),0,430.5,G Scottie Scheffler G Collin Morikawa G Sam Burns G Si Woo Kim G Ben Griffin G Alex Noren,,,
514,5189797785,Draft-Prog (4/17),0,430.5,G Tommy Fleetwood G Cameron Young G Collin Morikawa G Sam Burns G Patrick Cantlay G Tom Kim,,,
514,5189907420,300Atrain (4/8),0,430.5,G Ludvig Aberg G Cameron Young G Chris Gotterup G Robert MacIntyre G Russell Henley G Justin Thomas,,,
514,5189908138,4tiresngas (1/9),0,430.5,G Tommy Fleetwood G Cameron Young G Chris Gotterup G Wyndham Clark G Hideki Matsuyama G Si Woo Kim,,,
514,5189922699,bcorbett74 (2/4),0,430.5,G Cameron Young G Tyrrell Hatton G Bryson DeChambeau G Shane Lowry G Sam Burns G Justin Thomas,,,
514,5189948754,nymet00 (3/4),0,430.5,G Tommy Fleetwood G Cameron Young G Tyrrell Hatton G Robert MacIntyre G Si Woo Kim G J.J. Spaun,,,
514,5190163815,rdeal22 (2/3),0,430.5,G Xander Schauffele G Ludvig Aberg G Cameron Young G Robert MacIntyre G Patrick Cantlay G Si Woo Kim,,,
514,5190312589,macataca (20/20),0,430.5,G Scottie Scheffler G Cameron Young G Chris Gotterup G J.J. Spaun G Thomas Detry G Eric Cole,,,
514,5190524739,Hindu8418 (20/20),0,430.5,G Rory McIlroy G Collin Morikawa G Chris Gotterup G Sam Burns G Tom Kim G Ryan Fox,,,
525,5188828316,ep3550 (1/20),0,430,G Scottie Scheffler G Cameron Young G Chris Gotterup G Si Woo Kim G Sahith Theegala G Ryo Hisatsune,,,
525,5188865150,jamiecam (1/17),0,430,G Cameron Young G Robert MacIntyre G Russell Henley G Si Woo Kim G Min Woo Lee G Corey Conners,,,
525,5188876192,PurplePain42 (18/20),0,430,G Rory McIlroy G Collin Morikawa G Robert MacIntyre G Sam Burns G Si Woo Kim G J.J. Spaun,,,
525,5189182799,fisherladyh (7/15),0,430,G Scottie Scheffler G Matt Fitzpatrick G Sam Burns G Ryan Gerard G Ryan Fox G Sahith Theegala,,,
525,5189338731,otbjoe (6/8),0,430,G Ludvig Aberg G Collin Morikawa G Bryson DeChambeau G Robert MacIntyre G Sam Burns G Brooks Koepka,,,
525,5189581724,F___thejets (14/20),0,430,G Tommy Fleetwood G Jon Rahm G Shane Lowry G Sam Burns G Hideki Matsuyama G Min Woo Lee,,,
525,5189652442,LRoyTheKing (11/20),0,430,G Tommy Fleetwood G Cameron Young G Bryson DeChambeau G Robert MacIntyre G Alex Fitzpatrick G Ryan Gerard,,,
525,5190049084,tknapp71 (2/4),0,430,G Scottie Scheffler G Robert MacIntyre G Sam Burns G Justin Thomas G Si Woo Kim G Kurt Kitayama,,,
525,5190132187,HyliaReborn (1/4),0,430,G Scottie Scheffler G Sam Burns G Justin Thomas G Patrick Cantlay G Patrick Reed G Adam Scott,,,
525,5190132188,HyliaReborn (2/4),0,430,G Scottie Scheffler G Sam Burns G Justin Thomas G Patrick Cantlay G Patrick Reed G Adam Scott,,,
525,5190191906,jaygon122 (7/9),0,430,G Tommy Fleetwood G Xander Schauffele G Collin Morikawa G Russell Henley G Hideki Matsuyama G Jacob Bridgeman,,,
525,5190247793,bookert21 (2/20),0,430,G Rory McIlroy G Robert MacIntyre G Sam Burns G Russell Henley G Justin Thomas G Si Woo Kim,,,
525,5190435919,Raizit,0,430,G Scottie Scheffler G Cameron Young G Chris Gotterup G Si Woo Kim G Sahith Theegala G Ryo Hisatsune,,,
525,5190603375,jmchambers16 (4/4),0,430,G Scottie Scheffler G Matt Fitzpatrick G Sam Burns G Ryan Gerard G Ryan Fox G Sahith Theegala,,,
525,5190734823,cmartyrun (13/16),0,430,G Xander Schauffele G Cameron Young G Collin Morikawa G Brooks Koepka G Patrick Reed G Si Woo Kim,,,
525,5190806761,tedredbear (2/7),0,430,G Scottie Scheffler G Cameron Young G Sam Burns G Tom Kim G Kurt Kitayama G Adam Scott,,,
525,5190887318,Rinkelf (13/20),0,430,G Scottie Scheffler G Tommy Fleetwood G Tom Kim G Ryan Gerard G Ryan Fox G Matt Wallace,,,
525,5190970353,Raiderfanatic2195 (3/20),0,430,G Rory McIlroy G Collin Morikawa G Robert MacIntyre G Sam Burns G Si Woo Kim G J.J. Spaun,,,
525,5190986922,Pops4dawin (4/20),0,430,G Tommy Fleetwood G Tyrrell Hatton G Chris Gotterup G Sam Burns G Russell Henley G Jacob Bridgeman,,,
544,5188946769,partysover5 (7/12),0,429.5,G Scottie Scheffler G Collin Morikawa G Sam Burns G Brooks Koepka G Ryan Gerard G Sahith Theegala,,,
544,5189099738,Bradccf (1/3),0,429.5,G Rory McIlroy G Collin Morikawa G Robert MacIntyre G Brooks Koepka G Justin Thomas G Ryan Fox,,,
544,5189630404,benjihogan (18/20),0,429.5,G Ludvig Aberg G Cameron Young G Collin Morikawa G Chris Gotterup G Robert MacIntyre G Alex Noren,,,
544,5189631022,ouroboros0 (8/20),0,429.5,G Tommy Fleetwood G Cameron Young G Wyndham Clark G Shane Lowry G Hideki Matsuyama G Si Woo Kim,,,
544,5189667729,Bigbrown23 (3/6),0,429.5,G Tommy Fleetwood G Xander Schauffele G Collin Morikawa G Shane Lowry G Harris English G Ryan Fox,,,
544,5189681053,Camchabot4,0,429.5,G Tommy Fleetwood G Matt Fitzpatrick G Cameron Young G Patrick Reed G Si Woo Kim G Rasmus Neergaard-Petersen,,,
544,5189858586,Gojets1962,0,429.5,G Scottie Scheffler G Tommy Fleetwood G Harris English G Kurt Kitayama G Jacob Bridgeman G Ryan Fox,,,
544,5190210532,Mike_WSC108 (17/20),0,429.5,G Scottie Scheffler G Shane Lowry G Sam Burns G Patrick Reed G Si Woo Kim G Min Woo Lee,,,
544,5190288877,spete000 (15/20),0,429.5,G Rory McIlroy G Collin Morikawa G Robert MacIntyre G Brooks Koepka G Justin Thomas G Ryan Fox,,,
544,5190782099,LScrusher (4/4),0,429.5,G Scottie Scheffler G Rory McIlroy G Matt Wallace G Sungjae Im G Rasmus Neergaard-Petersen G Jordan L. Smith,,,
544,5190819499,JamesChrond,0,429.5,G Rory McIlroy G Matt Fitzpatrick G Cameron Young G Ryan Gerard G Ryan Fox G Victor Perez,,,
544,5190908071,johnnyd74 (4/19),0,429.5,G Ludvig Aberg G Cameron Young G Chris Gotterup G Wyndham Clark G Sam Burns G Hideki Matsuyama,,,
544,5190934175,sparkymg (1/4),0,429.5,G Scottie Scheffler G Cameron Young G Alex Fitzpatrick G Hideki Matsuyama G Si Woo Kim G Jacob Bridgeman,,,
544,5190942078,sparkymg (3/4),0,429.5,G Scottie Scheffler G Cameron Young G Alex Fitzpatrick G Hideki Matsuyama G Si Woo Kim G Jacob Bridgeman,,,
558,5188859076,tddesign99 (7/7),0,429,G Tommy Fleetwood G Collin Morikawa G Chris Gotterup G Bryson DeChambeau G Patrick Reed G Hideki Matsuyama,,,
558,5189029297,clamdiggerball (4/20),0,429,G Scottie Scheffler G Tommy Fleetwood G Si Woo Kim G Ben Griffin G Ryan Fox G Michael Kim,,,
558,5189035969,teeling1990 (19/20),0,429,G Tommy Fleetwood G Jon Rahm G Sam Burns G Brooks Koepka G Justin Thomas G Hideki Matsuyama,,,
558,5189145982,A_M.5-4CAVS (1/20),0,429,G Justin Rose G Cameron Young G Collin Morikawa G Chris Gotterup G Sam Burns G Si Woo Kim,,,
558,5189145984,A_M.5-4CAVS (2/20),0,429,G Justin Rose G Cameron Young G Collin Morikawa G Chris Gotterup G Sam Burns G Si Woo Kim,,,
558,5189145991,A_M.5-4CAVS (3/20),0,429,G Justin Rose G Cameron Young G Collin Morikawa G Chris Gotterup G Sam Burns G Si Woo Kim,,,
558,5189145994,A_M.5-4CAVS (4/20),0,429,G Justin Rose G Cameron Young G Collin Morikawa G Chris Gotterup G Sam Burns G Si Woo Kim,,,
558,5189206527,darksidelives (1/12),0,429,G Scottie Scheffler G Tommy Fleetwood G Patrick Reed G Si Woo Kim G Ryan Gerard G Nick Taylor,,,
558,5189446105,bhuguga3 (2/2),0,429,G Xander Schauffele G Cameron Young G Collin Morikawa G Chris Gotterup G Si Woo Kim G Min Woo Lee,,,
558,5189540724,Pojeman (7/20),0,429,G Scottie Scheffler G Ludvig Aberg G Cameron Young G Hideki Matsuyama G Nick Taylor G Laurie Canter,,,
558,5190027468,Fudge115 (1/3),0,429,G Scottie Scheffler G Chris Gotterup G Wyndham Clark G Shane Lowry G Ryan Fox G Jackson Suber,,,
558,5190317716,SSPBASS (3/3),0,429,G Tommy Fleetwood G Cameron Young G Chris Gotterup G Wyndham Clark G Si Woo Kim G Victor Perez,,,
558,5190323992,DD1953 (3/4),0,429,G Jon Rahm G Ludvig Aberg G Cameron Young G Bryson DeChambeau G Justin Thomas G Jordan L. Smith,,,
558,5190611397,Laww5 (1/8),0,429,G Tommy Fleetwood G Collin Morikawa G Chris Gotterup G Bryson DeChambeau G Patrick Reed G Hideki Matsuyama,,,
558,5190626374,ptaylorla (16/16),0,429,G Rory McIlroy G Tommy Fleetwood G Robert MacIntyre G Min Woo Lee G Adam Scott G Lucas Herbert,,,
558,5190706783,CartoGuy (16/20),0,429,G Xander Schauffele G Cameron Young G Collin Morikawa G Chris Gotterup G Si Woo Kim G Min Woo Lee,,,
558,5190760045,Kemps (9/20),0,429,G Rory McIlroy G Cameron Young G Patrick Reed G J.J. Spaun G Rickie Fowler G Adam Scott,,,
558,5190878044,chickenonhill8will (1/2),0,429,G Tommy Fleetwood G Jon Rahm G Sam Burns G Brooks Koepka G Justin Thomas G Hideki Matsuyama,,,
558,5190922374,brussino (2/20),0,429,G Scottie Scheffler G Tommy Fleetwood G Si Woo Kim G Min Woo Lee G J.J. Spaun G Jackson Suber,,,
577,5188921701,the2toask,0,428.5,G Rory McIlroy G Cameron Young G Sam Burns G Russell Henley G Si Woo Kim G Maverick McNealy,,,
577,5189053414,crizzoman1,0,428.5,G Rory McIlroy G Cameron Young G Sam Burns G Alex Fitzpatrick G Patrick Reed G Hideki Matsuyama,,,
577,5189105147,cvt326,0,428.5,G Scottie Scheffler G Chris Gotterup G Sam Burns G Justin Thomas G Si Woo Kim G Michael Brennan,,,
577,5189621304,scotty611 (1/2),0,428.5,G Tommy Fleetwood G Xander Schauffele G Robert MacIntyre G Sam Burns G Hideki Matsuyama G Min Woo Lee,,,
577,5189627549,boyle5000 (6/20),0,428.5,G Scottie Scheffler G Cameron Young G Justin Thomas G Si Woo Kim G Ben Griffin G Ryan Gerard,,,
577,5189676124,jmp0006 (8/20),0,428.5,G Tommy Fleetwood G Collin Morikawa G Hideki Matsuyama G Si Woo Kim G Eric Cole G MJ Daffue,,,
577,5189726889,JRucker504 (9/20),0,428.5,G Scottie Scheffler G Tommy Fleetwood G Patrick Reed G Jacob Bridgeman G Ryan Gerard G Jordan L. Smith,,,
577,5190256949,meech922 (7/16),0,428.5,G Tommy Fleetwood G Chris Gotterup G Robert MacIntyre G Sam Burns G Russell Henley G Alex Fitzpatrick,,,
577,5190270087,Stoneamaker (18/20),0,428.5,G Ludvig Aberg G Cameron Young G Tyrrell Hatton G Robert MacIntyre G Russell Henley G Si Woo Kim,,,
577,5190497565,darragh8 (10/20),0,428.5,G Tommy Fleetwood G Collin Morikawa G Wyndham Clark G Shane Lowry G Sam Burns G Si Woo Kim,,,
577,5190512890,Bomba49,0,428.5,G Scottie Scheffler G Cameron Young G Brooks Koepka G Min Woo Lee G J.J. Spaun G Adam Scott,,,
577,5190525184,JayDime (1/10),0,428.5,G Scottie Scheffler G Rory McIlroy G Keegan Bradley G Ryan Fox G Jordan L. Smith G Nick Taylor,,,
577,5190577787,brewerswin (10/20),0,428.5,G Jon Rahm G Cameron Young G Collin Morikawa G Chris Gotterup G Patrick Reed G Hideki Matsuyama,,,
577,5190971445,madman711,0,428.5,G Scottie Scheffler G Rory McIlroy G Ryan Fox G Keith Mitchell G Casey Jarvis G Victor Perez,,,
577,5190982098,colby1982 (2/2),0,428.5,G Scottie Scheffler G Justin Rose G Sam Burns G Justin Thomas G Ryan Fox G Bud Cauley,,,
577,5190983993,Jisaacs85 (4/4),0,428.5,G Scottie Scheffler G Tommy Fleetwood G Hideki Matsuyama G Tom Kim G Ryan Fox G Sahith Theegala,,,
593,5188790475,rotojohn,0,428,G Tommy Fleetwood G Cameron Young G Chris Gotterup G Robert MacIntyre G Patrick Reed G Min Woo Lee,,,
593,5188961310,jrevelle3 (14/20),0,428,G Scottie Scheffler G Tommy Fleetwood G Shane Lowry G Harry Hall G Lucas Herbert G Daniel Brown,,,
593,5188989822,partysover5 (11/12),0,428,G Xander Schauffele G Cameron Young G Collin Morikawa G Russell Henley G Brooks Koepka G Patrick Reed,,,
593,5189502901,tango46 (4/20),0,428,G Ludvig Aberg G Cameron Young G Chris Gotterup G Viktor Hovland G Alex Noren G Ryan Fox,,,
593,5189823669,gilbud99,0,428,G Tommy Fleetwood G Cameron Young G Chris Gotterup G Robert MacIntyre G Patrick Reed G Min Woo Lee,,,
593,5190080627,Boleary349 (7/16),0,428,G Scottie Scheffler G Cameron Young G Patrick Reed G Si Woo Kim G Min Woo Lee G J.J. Spaun,,,
593,5190080640,Boleary349 (15/16),0,428,G Scottie Scheffler G Cameron Young G Patrick Reed G Si Woo Kim G Min Woo Lee G J.J. Spaun,,,
593,5190113337,gredow1979 (15/20),0,428,G Xander Schauffele G Cameron Young G Collin Morikawa G Sam Burns G Alex Fitzpatrick G Patrick Cantlay,,,
593,5190236655,lklk88088 (7/20),0,428,G Tommy Fleetwood G Matt Fitzpatrick G Xander Schauffele G Si Woo Kim G Ryan Gerard G Ryan Fox,,,
593,5190259267,mjscott8824 (10/20),0,428,G Tommy Fleetwood G Xander Schauffele G Shane Lowry G Russell Henley G Patrick Cantlay G Si Woo Kim,,,
593,5190416995,fillyfan2002 (2/20),0,428,G Scottie Scheffler G Xander Schauffele G Si Woo Kim G Adam Scott G Ryan Gerard G Matt Wallace,,,
593,5190452397,spash9 (9/20),0,428,G Scottie Scheffler G Collin Morikawa G Bryson DeChambeau G Patrick Cantlay G Adam Scott G Pierceson Coody,,,
593,5190643932,wrighteousone,0,428,G Scottie Scheffler G Cameron Young G Alex Fitzpatrick G Si Woo Kim G Jacob Bridgeman G Victor Perez,,,
593,5190668374,davidarussellii (17/20),0,428,G Scottie Scheffler G Tommy Fleetwood G Si Woo Kim G Kurt Kitayama G Matt Wallace G Eric Cole,,,
593,5190702183,nathanpento (3/5),0,428,G Tommy Fleetwood G Matt Fitzpatrick G Cameron Young G Russell Henley G Si Woo Kim G Jackson Suber,,,
593,5190810153,Outkast420 (2/2),0,428,G Rory McIlroy G Chris Gotterup G Viktor Hovland G Sam Burns G Hideki Matsuyama G Ryan Fox,,,
609,5188856359,kldawg72179 (13/20),0,427.5,G Scottie Scheffler G Shane Lowry G Sam Burns G Patrick Cantlay G Si Woo Kim G Min Woo Lee,,,
609,5189011218,generals_chicken (4/10),0,427.5,G Collin Morikawa G Bryson DeChambeau G Robert MacIntyre G Shane Lowry G Alex Fitzpatrick G Ryan Fox,,,
609,5189070035,79Beers (1/2),0,427.5,G Scottie Scheffler G Chris Gotterup G Sam Burns G Justin Thomas G Rickie Fowler G Jacob Bridgeman,,,
609,5189283490,Bazoinkles (4/20),0,427.5,G Scottie Scheffler G Tommy Fleetwood G Russell Henley G Si Woo Kim G Eric Cole G Andy Sullivan,,,
609,5189289399,Porte1490,0,427.5,G Rory McIlroy G Jon Rahm G Cameron Young G Hideki Matsuyama G Adam Scott G Nick Taylor,,,
609,5189607369,sjohns919 (16/20),0,427.5,G Scottie Scheffler G Xander Schauffele G Alex Fitzpatrick G Corey Conners G Ryan Fox G Matt Wallace,,,
609,5189704564,Caddoman18 (2/4),0,427.5,G Rory McIlroy G Tommy Fleetwood G Patrick Reed G Hideki Matsuyama G Si Woo Kim G Corey Conners,,,
609,5189706530,union575 (1/20),0,427.5,G Rory McIlroy G Xander Schauffele G Sam Burns G Si Woo Kim G Jacob Bridgeman G Ryan Gerard,,,
609,5189706739,union575 (6/20),0,427.5,G Rory McIlroy G Xander Schauffele G Sam Burns G Si Woo Kim G Jacob Bridgeman G Ryan Gerard,,,
609,5189714133,union575 (11/20),0,427.5,G Rory McIlroy G Xander Schauffele G Sam Burns G Si Woo Kim G Jacob Bridgeman G Ryan Gerard,,,
609,5189714201,union575 (16/20),0,427.5,G Rory McIlroy G Xander Schauffele G Sam Burns G Si Woo Kim G Jacob Bridgeman G Ryan Gerard,,,
609,5189716467,bobffmedic (5/7),0,427.5,G Tommy Fleetwood G Jon Rahm G Cameron Young G Alex Fitzpatrick G Hideki Matsuyama G Victor Perez,,,
609,5189982369,mtschmidt84 (11/20),0,427.5,G Rory McIlroy G Tommy Fleetwood G Russell Henley G Marco Penge G Hennie Du Plessis G Victor Perez,,,
609,5189997444,jadenlilly (5/20),0,427.5,G Scottie Scheffler G Tommy Fleetwood G Brooks Koepka G Kristoffer Reitan G Ryan Fox G Michael Kim,,,
609,5190333666,adnutz (4/11),0,427.5,G Tommy Fleetwood G Xander Schauffele G Collin Morikawa G Wyndham Clark G Kurt Kitayama G Ryan Fox,,,
609,5190456479,eshoey33 (1/20),0,427.5,G Xander Schauffele G Jon Rahm G Collin Morikawa G Sam Burns G Justin Thomas G Adam Scott,,,
609,5190706781,CartoGuy (14/20),0,427.5,G Jon Rahm G Cameron Young G Collin Morikawa G Chris Gotterup G Si Woo Kim G Min Woo Lee,,,
609,5190994117,UrsulaBecker (1/7),0,427.5,G Rory McIlroy G Ludvig Aberg G Cameron Young G Hideki Matsuyama G Sahith Theegala G Victor Perez,,,
627,5188823614,rumrunner72 (19/20),0,427,G Xander Schauffele G Jon Rahm G Cameron Young G Bryson DeChambeau G Min Woo Lee G Casey Jarvis,,,
627,5188902591,cbizz151 (11/20),0,427,G Scottie Scheffler G Xander Schauffele G Sam Burns G Alex Noren G Jason Day G Ryan Fox,,,
627,5189134958,DDEMERIT3 (16/20),0,427,G Tommy Fleetwood G Collin Morikawa G Viktor Hovland G Sam Burns G Russell Henley G Si Woo Kim,,,
627,5189200905,007golf,0,427,G Tommy Fleetwood G Cameron Young G Viktor Hovland G Sam Burns G Justin Thomas G Hideki Matsuyama,,,
627,5189652448,LRoyTheKing (17/20),0,427,G Tommy Fleetwood G Jon Rahm G Robert MacIntyre G Sam Burns G Hideki Matsuyama G Min Woo Lee,,,
627,5189667268,jjwpias (1/4),0,427,G Rory McIlroy G Xander Schauffele G Sam Burns G Brooks Koepka G Adam Scott G Ryan Gerard,,,
627,5189712812,Jester959,0,427,G Tommy Fleetwood G Cameron Young G Viktor Hovland G Sam Burns G Justin Thomas G Hideki Matsuyama,,,
627,5189877056,mikekrus99 (5/12),0,427,G Ludvig Aberg G Cameron Young G Collin Morikawa G Wyndham Clark G Sam Burns G Patrick Reed,,,
627,5189902345,Jamisonsdad1 (2/20),0,427,G Tommy Fleetwood G Chris Gotterup G Robert MacIntyre G Russell Henley G Justin Thomas G Si Woo Kim,,,
627,5189912343,Gonzyyy (12/20),0,427,G Tommy Fleetwood G Jon Rahm G Robert MacIntyre G Sam Burns G Hideki Matsuyama G Min Woo Lee,,,
627,5189965985,CraigAD66 (9/20),0,427,G Ludvig Aberg G Cameron Young G Collin Morikawa G Shane Lowry G Alex Fitzpatrick G Si Woo Kim,,,
627,5190001264,MrSour1313 (3/4),0,427,G Tommy Fleetwood G Collin Morikawa G Chris Gotterup G Bryson DeChambeau G Patrick Cantlay G Hideki Matsuyama,,,
627,5190158888,Drew2785 (5/20),0,427,G Tommy Fleetwood G Xander Schauffele G Jon Rahm G Hideki Matsuyama G Si Woo Kim G Sungjae Im,,,
627,5190216376,kylepga777 (2/7),0,427,G Xander Schauffele G Ludvig Aberg G Collin Morikawa G Sam Burns G Brooks Koepka G Victor Perez,,,
627,5190269642,SmokeyCasino (10/12),0,427,G Tommy Fleetwood G Xander Schauffele G Jon Rahm G Russell Henley G Jackson Suber G Victor Perez,,,
627,5190275646,gregshouse,0,427,G Jon Rahm G Ludvig Aberg G Collin Morikawa G Sam Burns G Brooks Koepka G Hideki Matsuyama,,,
627,5190412895,ChefDaveWins (2/2),0,427,G Tommy Fleetwood G Cameron Young G Tyrrell Hatton G Chris Gotterup G Jacob Bridgeman G Ryan Gerard,,,
627,5190416870,GoldenAce1970,0,427,G Tommy Fleetwood G Collin Morikawa G Chris Gotterup G Bryson DeChambeau G Patrick Cantlay G Hideki Matsuyama,,,
627,5190523474,westh8bamix (6/20),0,427,G Tommy Fleetwood G Collin Morikawa G Viktor Hovland G Sam Burns G Russell Henley G Si Woo Kim,,,
627,5190761723,odessasdaddy,0,427,G Rory McIlroy G Tommy Fleetwood G Justin Rose G Ryan Fox G Jackson Suber G Victor Perez,,,
627,5190994617,BigDnBurQue,0,427,G Tommy Fleetwood G Justin Rose G Cameron Young G Collin Morikawa G Adam Scott G Sungjae Im,,,
648,5188844336,MexT4GDJ (2/8),0,426.5,G Jon Rahm G Tyrrell Hatton G Collin Morikawa G Bryson DeChambeau G Robert MacIntyre G Ryan Fox,,,
648,5188846301,SillyRabbit17 (2/20),0,426.5,G Scottie Scheffler G Xander Schauffele G Patrick Cantlay G Si Woo Kim G Rickie Fowler G Adam Scott,,,
648,5188856353,kldawg72179 (7/20),0,426.5,G Tommy Fleetwood G Jon Rahm G Shane Lowry G Russell Henley G Patrick Cantlay G Si Woo Kim,,,
648,5188876181,PurplePain42 (7/20),0,426.5,G Scottie Scheffler G Chris Gotterup G Robert MacIntyre G Si Woo Kim G J.J. Spaun G Adam Scott,,,
648,5188961303,jrevelle3 (7/20),0,426.5,G Tommy Fleetwood G Jon Rahm G Ludvig Aberg G Russell Henley G Min Woo Lee G Daniel Brown,,,
648,5189005021,SpeedRacer101 (18/20),0,426.5,G Scottie Scheffler G Chris Gotterup G Robert MacIntyre G Si Woo Kim G J.J. Spaun G Adam Scott,,,
648,5189114926,darrell181 (6/15),0,426.5,G Scottie Scheffler G Jon Rahm G Cameron Young G Jordan L. Smith G Bud Cauley G Nick Taylor,,,
648,5189188855,edub1976 (1/20),0,426.5,G Tommy Fleetwood G Jon Rahm G Shane Lowry G Russell Henley G Patrick Cantlay G Si Woo Kim,,,
648,5189283495,Bazoinkles (9/20),0,426.5,G Scottie Scheffler G Collin Morikawa G Russell Henley G Si Woo Kim G Eric Cole G Kazuma Kobori,,,
648,5189818401,rhowell3569 (6/20),0,426.5,G Tommy Fleetwood G Jon Rahm G Bryson DeChambeau G Sam Burns G Min Woo Lee G J.J. Spaun,,,
648,5190260159,12mgoblue28 (4/20),0,426.5,G Jon Rahm G Ludvig Aberg G Chris Gotterup G Sam Burns G Russell Henley G Patrick Cantlay,,,
648,5190371328,jeffmorris007 (4/20),0,426.5,G Scottie Scheffler G Chris Gotterup G Robert MacIntyre G Si Woo Kim G J.J. Spaun G Adam Scott,,,
648,5190801354,CrazyLaners (2/2),0,426.5,G Rory McIlroy G Cameron Young G Tyrrell Hatton G Alex Fitzpatrick G Max Homa G Ryan Fox,,,
648,5190987682,Benhiggi (1/2),0,426.5,G Scottie Scheffler G Robert MacIntyre G Sam Burns G Patrick Reed G Si Woo Kim G Min Woo Lee,,,
662,5188793809,mconnolly88 (11/20),0,426,G Scottie Scheffler G Ludvig Aberg G Sam Burns G Patrick Cantlay G Rickie Fowler G Nick Taylor,,,
662,5188876185,PurplePain42 (11/20),0,426,G Scottie Scheffler G Collin Morikawa G Justin Thomas G Patrick Cantlay G Si Woo Kim G Adam Scott,,,
662,5189074474,hans2win (8/20),0,426,G Xander Schauffele G Cameron Young G Collin Morikawa G Russell Henley G Brooks Koepka G Patrick Cantlay,,,
662,5189178388,2briar (18/20),0,426,G Xander Schauffele G Collin Morikawa G Sam Burns G Patrick Reed G Jordan L. Smith G Victor Perez,,,
662,5189307999,harley122 (2/12),0,426,G Tommy Fleetwood G Cameron Young G Bryson DeChambeau G Russell Henley G Alex Fitzpatrick G Ryo Hisatsune,,,
662,5189650821,Porterhouse1975 (11/20),0,426,G Scottie Scheffler G Jon Rahm G Sam Burns G J.J. Spaun G Ryan Gerard G Thomas Detry,,,
662,5189723723,Quake211 (5/20),0,426,G Xander Schauffele G Cameron Young G Chris Gotterup G Robert MacIntyre G Patrick Cantlay G Si Woo Kim,,,
662,5189855115,Prznrt80 (1/3),0,426,G Scottie Scheffler G Cameron Young G Justin Thomas G Patrick Reed G Hideki Matsuyama G Aldrich Potgieter,,,
662,5189869790,mschwieb889 (2/10),0,426,G Scottie Scheffler G Jon Rahm G Sam Burns G Patrick Reed G Hideki Matsuyama G Matthew Southgate,,,
662,5190092293,tide888 (17/20),0,426,G Scottie Scheffler G Collin Morikawa G Sam Burns G Russell Henley G Patrick Reed G Andy Sullivan,,,
662,5190105205,59shirlthepearl,0,426,G Rory McIlroy G Tommy Fleetwood G Collin Morikawa G Si Woo Kim G Peter Uihlein G Victor Perez,,,
662,5190145313,HonusBonus (7/20),0,426,G Rory McIlroy G Kurt Kitayama G Ryan Fox G Rasmus Neergaard-Petersen G J.T. Poston G Casey Jarvis,,,
662,5190210374,cross7010 (6/20),0,426,G Scottie Scheffler G Cameron Young G Sam Burns G Min Woo Lee G Kurt Kitayama G Nicolas Echavarria,,,
662,5190452406,spash9 (18/20),0,426,G Scottie Scheffler G Ludvig Aberg G Hideki Matsuyama G Si Woo Kim G Ben Griffin G Adam Scott,,,
662,5190515437,briangriffiths (1/2),0,426,G Scottie Scheffler G Cameron Young G Sam Burns G Russell Henley G Keith Mitchell G Alex Smalley,,,
662,5190563909,dkwilson1997 (7/7),0,426,G Scottie Scheffler G Xander Schauffele G Brooks Koepka G Sepp Straka G Jacob Bridgeman G Ryan Fox,,,
662,5190699723,flodls,0,426,G Scottie Scheffler G Rory McIlroy G Max Homa G Ryan Fox G J.T. Poston G Casey Jarvis,,,
662,5190724816,sam97 (14/20),0,426,G Rory McIlroy G Tommy Fleetwood G Chris Gotterup G Kurt Kitayama G Matt Wallace G Rasmus Neergaard-Petersen,,,
662,5190757419,harkd100 (6/6),0,426,G Jon Rahm G Ludvig Aberg G Shane Lowry G Sam Burns G Russell Henley G Brooks Koepka,,,
662,5190915981,WadeMan2424 (12/20),0,426,G Scottie Scheffler G Collin Morikawa G Chris Gotterup G Hideki Matsuyama G Rickie Fowler G Jordan L. Smith,,,
682,5188964892,atran187 (6/10),0,425.5,G Scottie Scheffler G Collin Morikawa G Chris Gotterup G Si Woo Kim G Alex Noren G Jordan L. Smith,,,
682,5188985248,cptnspaulding (20/20),0,425.5,G Jon Rahm G Cameron Young G Collin Morikawa G Viktor Hovland G Sam Burns G Adam Scott,,,
682,5189012314,friesezz (3/3),0,425.5,G Tommy Fleetwood G Jon Rahm G Bryson DeChambeau G Justin Thomas G Hideki Matsuyama G Si Woo Kim,,,
682,5189279976,Mrboozer (4/13),0,425.5,G Scottie Scheffler G Ludvig Aberg G Chris Gotterup G Si Woo Kim G Alex Smalley G Jackson Suber,,,
682,5189498079,naugyhound (6/6),0,425.5,G Scottie Scheffler G Chris Gotterup G Russell Henley G Patrick Cantlay G Si Woo Kim G Ryan Gerard,,,
682,5189734791,bghowes (4/5),0,425.5,G Xander Schauffele G Cameron Young G Tyrrell Hatton G Wyndham Clark G Russell Henley G Ryan Fox,,,
682,5189909308,SoCalSteeler14 (2/5),0,425.5,G Scottie Scheffler G Tommy Fleetwood G Sam Burns G Akshay Bhatia G Casey Jarvis G John Parry,,,
682,5190229108,Fuzz988 (12/20),0,425.5,G Tommy Fleetwood G Jon Rahm G Shane Lowry G Sam Burns G Justin Thomas G Kurt Kitayama,,,
682,5190318577,morlune (11/20),0,425.5,G Jon Rahm G Cameron Young G Viktor Hovland G Sam Burns G Russell Henley G Si Woo Kim,,,
682,5190347325,jpsox106 (13/20),0,425.5,G Scottie Scheffler G Collin Morikawa G Russell Henley G Patrick Reed G Hideki Matsuyama G Ryan Gerard,,,
682,5190556293,Poodak (7/20),0,425.5,G Scottie Scheffler G Chris Gotterup G Shane Lowry G Si Woo Kim G Rickie Fowler G Victor Perez,,,
682,5190656105,blallen (16/20),0,425.5,G Tommy Fleetwood G Xander Schauffele G Cameron Young G Patrick Cantlay G Hideki Matsuyama G Ben Griffin,,,
694,5188841957,binghab (18/20),0,425,G Rory McIlroy G Ludvig Aberg G Sam Burns G Justin Thomas G Corey Conners G Marco Penge,,,
694,5188920720,jarrodc61 (5/20),0,425,G Tommy Fleetwood G Jon Rahm G Robert MacIntyre G Shane Lowry G Hideki Matsuyama G Si Woo Kim,,,
694,5188920722,jarrodc61 (7/20),0,425,G Ludvig Aberg G Tyrrell Hatton G Collin Morikawa G Shane Lowry G Sam Burns G Si Woo Kim,,,
694,5189237966,Heater8200 (1/3),0,425,G Tommy Fleetwood G Xander Schauffele G Robert MacIntyre G Russell Henley G Patrick Cantlay G Si Woo Kim,,,
694,5189358180,CARBONIUMION-1 (3/10),0,425,G Xander Schauffele G Ludvig Aberg G Cameron Young G Robert MacIntyre G Patrick Reed G Hideki Matsuyama,,,
694,5189479831,jcr1117 (17/20),0,425,G Rory McIlroy G Cameron Young G Russell Henley G Justin Thomas G Patrick Reed G Hideki Matsuyama,,,
694,5189539074,strausberg (11/20),0,425,G Rory McIlroy G Tommy Fleetwood G Russell Henley G Aaron Rai G Rickie Fowler G Ryan Fox,,,
694,5189655037,spielvogela0523 (15/20),0,425,G Rory McIlroy G Shane Lowry G Sam Burns G Russell Henley G Brooks Koepka G Corey Conners,,,
694,5189725680,weinernuts (3/10),0,425,G Ludvig Aberg G Cameron Young G Tyrrell Hatton G Collin Morikawa G Brooks Koepka G Adam Scott,,,
694,5189920437,case987 (8/20),0,425,G Scottie Scheffler G Sam Burns G Russell Henley G Justin Thomas G Patrick Cantlay G J.J. Spaun,,,
694,5189934730,BAMA33 (2/14),0,425,G Scottie Scheffler G Tommy Fleetwood G Adam Scott G Keegan Bradley G Max Homa G Victor Perez,,,
694,5190084103,AMayberry23 (1/20),0,425,G Ludvig Aberg G Cameron Young G Collin Morikawa G Shane Lowry G Russell Henley G Alex Fitzpatrick,,,
694,5190130760,tedsellers86 (8/20),0,425,G Scottie Scheffler G Jon Rahm G Patrick Cantlay G Si Woo Kim G Adam Scott G Ryan Gerard,,,
694,5190228390,Purplepain777 (7/7),0,425,G Rory McIlroy G Tommy Fleetwood G Tyrrell Hatton G Alex Noren G Ryan Fox G Nick Taylor,,,
694,5190492903,Klyde56 (8/20),0,425,G Tommy Fleetwood G Jon Rahm G Robert MacIntyre G Shane Lowry G Hideki Matsuyama G Si Woo Kim,,,
694,5190518294,jeffron72 (1/4),0,425,G Ludvig Aberg G Cameron Young G Collin Morikawa G Shane Lowry G Brooks Koepka G Patrick Cantlay,,,
694,5190785237,ppppzl (3/20),0,425,G Scottie Scheffler G Collin Morikawa G Russell Henley G Patrick Reed G Si Woo Kim G Alex Noren,,,
694,5190977383,infy72 (1/4),0,425,G Rory McIlroy G Justin Rose G Cameron Young G Corey Conners G Ryan Fox G Matt Wallace,,,
712,5188839004,taugust7 (17/20),0,424.5,G Scottie Scheffler G Cameron Young G Russell Henley G Si Woo Kim G Harris English G Ryan Gerard,,,
712,5188847723,bbarks (6/10),0,424.5,G Rory McIlroy G Chris Gotterup G Sam Burns G Russell Henley G Justin Thomas G Ryan Gerard,,,
712,5188880621,andybonds (17/20),0,424.5,G Ludvig Aberg G Cameron Young G Tyrrell Hatton G Collin Morikawa G Patrick Reed G Si Woo Kim,,,
712,5188983063,ScienceDude (1/6),0,424.5,G Cameron Young G Collin Morikawa G Chris Gotterup G Robert MacIntyre G Shane Lowry G Brooks Koepka,,,
712,5189016695,dddtddd (4/4),0,424.5,G Rory McIlroy G Matt Fitzpatrick G Cameron Young G Jacob Bridgeman G Ryan Fox G Victor Perez,,,
712,5189283501,Bazoinkles (15/20),0,424.5,G Scottie Scheffler G Collin Morikawa G Russell Henley G Si Woo Kim G Min Woo Lee G Ryan Gerard,,,
712,5189459118,johnsons24 (18/20),0,424.5,G Tommy Fleetwood G Jon Rahm G Ludvig Aberg G Patrick Cantlay G Si Woo Kim G Rickie Fowler,,,
712,5189511272,engelg (11/20),0,424.5,G Tommy Fleetwood G Jon Rahm G Ludvig Aberg G Patrick Cantlay G Si Woo Kim G Rickie Fowler,,,
712,5189532177,stock2mail (7/20),0,424.5,G Tommy Fleetwood G Jon Rahm G Ludvig Aberg G Patrick Cantlay G Si Woo Kim G Rickie Fowler,,,
712,5189550167,BruisedOrange (6/20),0,424.5,G Scottie Scheffler G Cameron Young G Russell Henley G Si Woo Kim G Harris English G Ryan Gerard,,,
712,5189586953,jsw8820 (2/4),0,424.5,G Rory McIlroy G Ludvig Aberg G Viktor Hovland G Russell Henley G Adam Scott G Ryan Fox,,,
712,5189620277,JPME (17/20),0,424.5,G Tommy Fleetwood G Cameron Young G Bryson DeChambeau G Sam Burns G Justin Thomas G Akshay Bhatia,,,
712,5189638709,saltylooks93 (13/20),0,424.5,G Scottie Scheffler G Shane Lowry G Sam Burns G Hideki Matsuyama G Ben Griffin G Rickie Fowler,,,
712,5189804090,vxs123,0,424.5,G Scottie Scheffler G Cameron Young G Russell Henley G Si Woo Kim G Harris English G Ryan Gerard,,,
712,5189847280,levalentine,0,424.5,G Scottie Scheffler G Cameron Young G Russell Henley G Si Woo Kim G Harris English G Ryan Gerard,,,
712,5189905926,grump65 (16/20),0,424.5,G Scottie Scheffler G Robert MacIntyre G Sam Burns G Patrick Cantlay G Si Woo Kim G Min Woo Lee,,,
712,5190473405,Gracie007 (19/20),0,424.5,G Ludvig Aberg G Cameron Young G Collin Morikawa G Chris Gotterup G Justin Thomas G Patrick Cantlay,,,
712,5190617010,ccasetta (1/2),0,424.5,G Tommy Fleetwood G Tyrrell Hatton G Robert MacIntyre G Shane Lowry G Sam Burns G Hideki Matsuyama,,,
712,5190618877,Catdaddy1999 (18/20),0,424.5,G Scottie Scheffler G Cameron Young G Russell Henley G Si Woo Kim G Harris English G Ryan Gerard,,,
712,5190642271,aformb21 (14/20),0,424.5,G Tommy Fleetwood G Jon Rahm G Ludvig Aberg G Patrick Cantlay G Si Woo Kim G Rickie Fowler,,,
712,5190673280,lelo2906 (6/20),0,424.5,G Tommy Fleetwood G Jon Rahm G Ludvig Aberg G Patrick Cantlay G Si Woo Kim G Rickie Fowler,,,
712,5190732410,SnowGoon99 (4/20),0,424.5,G Scottie Scheffler G Robert MacIntyre G Sam Burns G Patrick Cantlay G Si Woo Kim G Min Woo Lee,,,
712,5190783543,OhGD (14/20),0,424.5,G Scottie Scheffler G Cameron Young G Russell Henley G Si Woo Kim G Harris English G Ryan Gerard,,,
712,5190842155,mrcash4657 (5/20),0,424.5,G Scottie Scheffler G Robert MacIntyre G Sam Burns G Patrick Cantlay G Si Woo Kim G Min Woo Lee,,,
712,5190895877,stayeduptolate (16/20),0,424.5,G Scottie Scheffler G Robert MacIntyre G Sam Burns G Patrick Cantlay G Si Woo Kim G Min Woo Lee,,,
712,5190932754,BounceTheCat (1/2),0,424.5,G Tommy Fleetwood G Tyrrell Hatton G Robert MacIntyre G Shane Lowry G Sam Burns G Hideki Matsuyama,,,
712,5190934876,Reichle (4/20),0,424.5,G Xander Schauffele G Cameron Young G Bryson DeChambeau G Wyndham Clark G Sam Burns G Corey Conners,,,
712,5190939044,nauldyboy (20/20),0,424.5,G Scottie Scheffler G Robert MacIntyre G Sam Burns G Patrick Cantlay G Si Woo Kim G Min Woo Lee,,,
712,5190962256,brandonbeene12,0,424.5,G Scottie Scheffler G Cameron Young G Russell Henley G Si Woo Kim G Harris English G Ryan Gerard,,,
741,5188855953,nadusku (7/20),0,424,G Rory McIlroy G Tommy Fleetwood G Russell Henley G Patrick Reed G Ryan Gerard G Victor Perez,,,
741,5188970501,jvt62,0,424,G Scottie Scheffler G Chris Gotterup G Robert MacIntyre G Hideki Matsuyama G Si Woo Kim G Ryan Gerard,,,
741,5189137835,bigg_igg (1/3),0,424,G Rory McIlroy G Cameron Young G Chris Gotterup G Hideki Matsuyama G Si Woo Kim G Ben Griffin,,,
741,5189153996,wcrews26 (16/20),0,424,G Tommy Fleetwood G Ludvig Aberg G Robert MacIntyre G Shane Lowry G Patrick Cantlay G Si Woo Kim,,,
741,5190145318,HonusBonus (12/20),0,424,G Rory McIlroy G Tommy Fleetwood G Robert MacIntyre G Nicolai Hojgaard G Ryan Fox G Victor Perez,,,
741,5190378219,marvink (14/20),0,424,G Tommy Fleetwood G Cameron Young G Tyrrell Hatton G Chris Gotterup G Alex Noren G Ryan Gerard,,,
741,5190714174,mattypb147 (10/13),0,424,G Rory McIlroy G Ludvig Aberg G Tyrrell Hatton G Hideki Matsuyama G Ryan Fox G Matt Wallace,,,
741,5190775383,LScrusher (1/4),0,424,G Tommy Fleetwood G Shane Lowry G Sam Burns G Russell Henley G Brooks Koepka G Alex Fitzpatrick,,,
741,5190790333,imstuff,0,424,G Tommy Fleetwood G Collin Morikawa G Chris Gotterup G Robert MacIntyre G Russell Henley G Kurt Kitayama,,,
741,5190910872,jpreda (13/20),0,424,G Tommy Fleetwood G Cameron Young G Shane Lowry G Russell Henley G Si Woo Kim G Tom Kim,,,
741,5190976046,maine1972 (1/2),0,424,G Scottie Scheffler G Chris Gotterup G Robert MacIntyre G Hideki Matsuyama G Si Woo Kim G Sungjae Im,,,
741,5191019499,Reno280 (7/17),0,424,G Jon Rahm G Ludvig Aberg G Robert MacIntyre G Shane Lowry G Sam Burns G Hideki Matsuyama,,,
753,5188837611,louba5 (4/20),0,423.5,G Scottie Scheffler G Tommy Fleetwood G Aaron Rai G Si Woo Kim G Lucas Herbert G Daniel Brown,,,
753,5188967273,dirtyhead419 (1/3),0,423.5,G Rory McIlroy G Cameron Young G Brooks Koepka G Justin Thomas G Si Woo Kim G Rickie Fowler,,,
753,5188974078,atran187 (10/10),0,423.5,G Scottie Scheffler G Collin Morikawa G Robert MacIntyre G Patrick Reed G Si Woo Kim G Jordan L. Smith,,,
753,5188993572,TenashusD (6/8),0,423.5,G Scottie Scheffler G Cameron Young G Justin Thomas G Si Woo Kim G Ben Griffin G Jacob Bridgeman,,,
753,5189319836,BPaulsen73 (1/8),0,423.5,G Xander Schauffele G Justin Rose G Cameron Young G Alex Noren G Ryan Fox G Jordan L. Smith,,,
753,5189521393,Clevjer (8/15),0,423.5,G Rory McIlroy G Cameron Young G Viktor Hovland G Sam Burns G Rickie Fowler G Adam Scott,,,
753,5189570426,Nootsy55 (4/6),0,423.5,G Scottie Scheffler G Collin Morikawa G Robert MacIntyre G Patrick Reed G Si Woo Kim G Jordan L. Smith,,,
753,5190202974,Paddyboy2156 (11/20),0,423.5,G Scottie Scheffler G Xander Schauffele G Sam Burns G J.J. Spaun G Sahith Theegala G Jordan L. Smith,,,
753,5190295986,hcnpower (1/2),0,423.5,G Matt Fitzpatrick G Cameron Young G Bryson DeChambeau G Sam Burns G Russell Henley G Corey Conners,,,
753,5190445037,harkd100 (3/6),0,423.5,G Scottie Scheffler G Tommy Fleetwood G Rickie Fowler G Adam Scott G Keegan Bradley G Jacob Bridgeman,,,
753,5190452398,spash9 (10/20),0,423.5,G Scottie Scheffler G Tommy Fleetwood G Patrick Cantlay G Hideki Matsuyama G Sungjae Im G Kazuma Kobori,,,
753,5190588518,pasmith7887,0,423.5,G Scottie Scheffler G Tommy Fleetwood G Shane Lowry G Patrick Reed G Jackson Suber G Francesco Molinari,,,
753,5190613534,ryanland (1/20),0,423.5,G Rory McIlroy G Ludvig Aberg G Shane Lowry G Russell Henley G J.J. Spaun G Rasmus Neergaard-Petersen,,,
753,5190962632,robertnwitt,0,423.5,G Scottie Scheffler G Rory McIlroy G Si Woo Kim G Adam Scott G John Parry G Laurie Canter,,,
767,5188825622,kramerap59 (14/20),0,423,G Scottie Scheffler G Tommy Fleetwood G Min Woo Lee G Kristoffer Reitan G Jordan L. Smith G Victor Perez,,,
767,5188959314,I_Need_Rent_Money (5/8),0,423,G Scottie Scheffler G Tommy Fleetwood G Russell Henley G Si Woo Kim G Nick Taylor G Jesper Svensson,,,
767,5189057074,RMann82 (14/20),0,423,G Tommy Fleetwood G Ludvig Aberg G Cameron Young G Robert MacIntyre G Brooks Koepka G Nicolas Echavarria,,,
767,5189099754,ronmexicoburgundy (6/19),0,423,G Tommy Fleetwood G Cameron Young G Collin Morikawa G Chris Gotterup G Alex Fitzpatrick G Nick Taylor,,,
767,5189100651,mackers5757 (14/20),0,423,G Tommy Fleetwood G Xander Schauffele G Bryson DeChambeau G Russell Henley G Si Woo Kim G Sepp Straka,,,
767,5189170566,GatorsFan1960 (2/20),0,423,G Scottie Scheffler G Jon Rahm G Tyrrell Hatton G Ryan Fox G Ryo Hisatsune G Jackson Suber,,,
767,5189368455,Crunchberry29 (1/2),0,423,G Matt Fitzpatrick G Cameron Young G Chris Gotterup G Sam Burns G Hideki Matsuyama G Si Woo Kim,,,
767,5189421514,trousers_81 (3/4),0,423,G Tommy Fleetwood G Cameron Young G Wyndham Clark G Sam Burns G Alex Fitzpatrick G Hideki Matsuyama,,,
767,5189883114,MOONLITEMAMMA (7/19),0,423,G Tommy Fleetwood G Tyrrell Hatton G Robert MacIntyre G Sam Burns G Russell Henley G Patrick Cantlay,,,
767,5190194135,cjjohnson33 (5/11),0,423,G Rory McIlroy G Tommy Fleetwood G Sam Burns G Si Woo Kim G Ben Griffin G Ryo Hisatsune,,,
767,5190270073,Stoneamaker (4/20),0,423,G Tommy Fleetwood G Collin Morikawa G Robert MacIntyre G Shane Lowry G Russell Henley G Patrick Cantlay,,,
767,5190342596,Rsoeds22 (3/3),0,423,G Tommy Fleetwood G Jon Rahm G Ludvig Aberg G Russell Henley G Alex Noren G Victor Perez,,,
767,5190387807,evarze (5/5),0,423,G Cameron Young G Tyrrell Hatton G Chris Gotterup G Robert MacIntyre G Sam Burns G Justin Thomas,,,
767,5190523487,westh8bamix (19/20),0,423,G Scottie Scheffler G Robert MacIntyre G Shane Lowry G Russell Henley G Hideki Matsuyama G Jordan L. Smith,,,
767,5190785235,ppppzl (1/20),0,423,G Scottie Scheffler G Collin Morikawa G Russell Henley G Patrick Cantlay G Si Woo Kim G Alex Noren,,,
767,5190924562,Manos1 (4/4),0,423,G Rory McIlroy G Cameron Young G Collin Morikawa G Si Woo Kim G Min Woo Lee G Kurt Kitayama,,,
767,5190932779,stenzy0314 (3/3),0,423,G Cameron Young G Tyrrell Hatton G Collin Morikawa G Chris Gotterup G Bryson DeChambeau G Jordan L. Smith,,,
784,5188877959,RynosFurever (2/6),0,422.5,G Tommy Fleetwood G Xander Schauffele G Collin Morikawa G Hideki Matsuyama G Si Woo Kim G Min Woo Lee,,,
784,5189034322,Vanilla31 (1/4),0,422.5,G Scottie Scheffler G Shane Lowry G Sam Burns G Justin Thomas G Si Woo Kim G Sepp Straka,,,
784,5189272251,boj2935 (2/3),0,422.5,G Scottie Scheffler G Bryson DeChambeau G Robert MacIntyre G Patrick Reed G Adam Scott G Ryan Gerard,,,
784,5189600859,rotostorm (9/20),0,422.5,G Scottie Scheffler G Collin Morikawa G Russell Henley G Corey Conners G J.J. Spaun G Rickie Fowler,,,
784,5189649093,MikeCx7714 (2/3),0,422.5,G Tommy Fleetwood G Xander Schauffele G Collin Morikawa G Hideki Matsuyama G Si Woo Kim G Min Woo Lee,,,
784,5190171472,shizzwink,0,422.5,G Scottie Scheffler G Cameron Young G Chris Gotterup G Hideki Matsuyama G Sahith Theegala G Ryo Hisatsune,,,
784,5190385330,topher54 (13/20),0,422.5,G Scottie Scheffler G Tommy Fleetwood G Sepp Straka G Kurt Kitayama G Rickie Fowler G Adam Scott,,,
784,5190472868,KristianFTM (7/20),0,422.5,G Rory McIlroy G Tommy Fleetwood G Patrick Reed G Si Woo Kim G Min Woo Lee G Adam Scott,,,
784,5190477324,PRTIGER (3/4),0,422.5,G Jon Rahm G Collin Morikawa G Bryson DeChambeau G Shane Lowry G Sam Burns G Justin Thomas,,,
784,5190609050,laxgk4,0,422.5,G Jon Rahm G Ludvig Aberg G Cameron Young G Shane Lowry G Patrick Cantlay G Corey Conners,,,
784,5190609962,amobis (2/2),0,422.5,G Tommy Fleetwood G Jon Rahm G Cameron Young G Sam Burns G Jacob Bridgeman G Gary Woodland,,,
784,5190652753,Ezilodi (5/20),0,422.5,G Jon Rahm G Ludvig Aberg G Cameron Young G Robert MacIntyre G Si Woo Kim G Min Woo Lee,,,
784,5190746482,mrclean913 (9/20),0,422.5,G Rory McIlroy G Tommy Fleetwood G Collin Morikawa G Rickie Fowler G Ryan Gerard G Bud Cauley,,,
784,5190922768,johnnyd74 (18/19),0,422.5,G Scottie Scheffler G Robert MacIntyre G Sam Burns G Justin Thomas G Hideki Matsuyama G Kurt Kitayama,,,
798,5188815564,SLMCNM (13/20),0,422,G Tommy Fleetwood G Tyrrell Hatton G Collin Morikawa G Shane Lowry G Sam Burns G Sahith Theegala,,,
798,5189088159,els5077 (8/20),0,422,G Patrick Reed G Hideki Matsuyama G Si Woo Kim G Sungjae Im G Rasmus Neergaard-Petersen G Thomas Detry,,,
798,5189089645,mackers5757 (3/20),0,422,G Rory McIlroy G Cameron Young G Russell Henley G Brooks Koepka G Si Woo Kim G Ben Griffin,,,
798,5189098976,TeamZuni (4/5),0,422,G Scottie Scheffler G Tommy Fleetwood G Si Woo Kim G Eugenio Lopez-Chacarra G Jacob Bridgeman G Sahith Theegala,,,
798,5189236813,Sportmeister77 (10/20),0,422,G Rory McIlroy G Tommy Fleetwood G Robert MacIntyre G Hideki Matsuyama G Rickie Fowler G Jordan L. Smith,,,
798,5189634030,rs430414 (19/20),0,422,G Tommy Fleetwood G Collin Morikawa G Chris Gotterup G Russell Henley G Patrick Cantlay G Patrick Reed,,,
798,5189658389,lazyboy1968 (8/20),0,422,G Tommy Fleetwood G Matt Fitzpatrick G Sam Burns G Russell Henley G Hideki Matsuyama G Si Woo Kim,,,
798,5189663413,PeshtigoIndians,0,422,G Scottie Scheffler G Ludvig Aberg G Collin Morikawa G Kurt Kitayama G Rickie Fowler G Jackson Suber,,,
798,5189668841,RAIDER0034 (1/4),0,422,G Tommy Fleetwood G Matt Fitzpatrick G Sam Burns G Russell Henley G Hideki Matsuyama G Si Woo Kim,,,
798,5189668845,RAIDER0034 (2/4),0,422,G Tommy Fleetwood G Matt Fitzpatrick G Sam Burns G Russell Henley G Hideki Matsuyama G Si Woo Kim,,,
798,5189674920,RAIDER0034 (3/4),0,422,G Tommy Fleetwood G Matt Fitzpatrick G Sam Burns G Russell Henley G Hideki Matsuyama G Si Woo Kim,,,
798,5189674949,RAIDER0034 (4/4),0,422,G Tommy Fleetwood G Matt Fitzpatrick G Sam Burns G Russell Henley G Hideki Matsuyama G Si Woo Kim,,,
798,5189746839,dysofly (1/4),0,422,G Rory McIlroy G Jon Rahm G Robert MacIntyre G Patrick Cantlay G Patrick Reed G Ryan Fox,,,
798,5189783377,EAG0812 (1/2),0,422,G Cameron Young G Tyrrell Hatton G Collin Morikawa G Chris Gotterup G Robert MacIntyre G Si Woo Kim,,,
798,5189981442,Apodbielski22 (9/20),0,422,G Tommy Fleetwood G Xander Schauffele G Chris Gotterup G Eugenio Lopez-Chacarra G Adam Scott G Victor Perez,,,
798,5190113371,gredow1979 (19/20),0,422,G Rory McIlroy G Tommy Fleetwood G Collin Morikawa G Alex Noren G Jordan L. Smith G Victor Perez,,,
798,5190250507,enemymine (5/20),0,422,G Scottie Scheffler G Collin Morikawa G Russell Henley G Si Woo Kim G Min Woo Lee G Kristoffer Reitan,,,
798,5190279123,dcp19 (6/8),0,422,G Tommy Fleetwood G Tyrrell Hatton G Bryson DeChambeau G Robert MacIntyre G Russell Henley G Adam Scott,,,
798,5190314692,zeebra1000 (10/20),0,422,G Rory McIlroy G Chris Gotterup G Robert MacIntyre G Sam Burns G Corey Conners G Rickie Fowler,,,
798,5190331450,jsamtoy (12/20),0,422,G Tommy Fleetwood G Jon Rahm G Bryson DeChambeau G Russell Henley G Si Woo Kim G Ben Griffin,,,
798,5190334697,Moneyball2715,0,422,G Scottie Scheffler G Collin Morikawa G Justin Thomas G Patrick Reed G Hideki Matsuyama G Casey Jarvis,,,
819,5188844435,rjb4cards,0,421.5,G Justin Rose G Cameron Young G Collin Morikawa G Chris Gotterup G Sam Burns G Hideki Matsuyama,,,
819,5188846302,SillyRabbit17 (3/20),0,421.5,G Scottie Scheffler G Xander Schauffele G Patrick Cantlay G Si Woo Kim G Adam Scott G Jacob Bridgeman,,,
819,5188876662,bocephus1985 (1/2),0,421.5,G Tommy Fleetwood G Jon Rahm G Bryson DeChambeau G Patrick Reed G Si Woo Kim G Jacob Bridgeman,,,
819,5188927995,omes16 (6/20),0,421.5,G Scottie Scheffler G Tommy Fleetwood G Hideki Matsuyama G Si Woo Kim G Ryo Hisatsune G Nick Taylor,,,
819,5189008228,dmoss62 (2/4),0,421.5,G Scottie Scheffler G Collin Morikawa G Chris Gotterup G J.J. Spaun G Rasmus Neergaard-Petersen G Nick Taylor,,,
819,5189146346,Bobbyg24 (1/2),0,421.5,G Rory McIlroy G Cameron Young G Robert MacIntyre G Sam Burns G Cameron Smith G Adam Scott,,,
819,5189305024,Doubledowns (19/20),0,421.5,G Matt Fitzpatrick G Cameron Young G Chris Gotterup G Wyndham Clark G Sam Burns G Ryan Fox,,,
819,5189305815,ep3550 (13/20),0,421.5,G Scottie Scheffler G Collin Morikawa G Chris Gotterup G Si Woo Kim G Ryan Gerard G Sahith Theegala,,,
819,5189424663,lennon727 (2/4),0,421.5,G Scottie Scheffler G Tommy Fleetwood G Robert MacIntyre G Ryan Gerard G Ryo Hisatsune G Jackson Suber,,,
819,5189762439,keysjam (3/3),0,421.5,G Xander Schauffele G Cameron Young G Chris Gotterup G Sam Burns G Justin Thomas G Alex Fitzpatrick,,,
819,5189783073,6GDOG6 (3/6),0,421.5,G Tommy Fleetwood G Xander Schauffele G Jon Rahm G Russell Henley G Ryan Fox G Tom McKibbin,,,
819,5189970447,kreller17 (17/20),0,421.5,G Rory McIlroy G Robert MacIntyre G Shane Lowry G Sam Burns G Justin Thomas G Si Woo Kim,,,
819,5190048816,ickyrick96 (2/4),0,421.5,G Tommy Fleetwood G Cameron Young G Chris Gotterup G Brooks Koepka G Justin Thomas G Min Woo Lee,,,
819,5190053708,MoeJontana16 (3/20),0,421.5,G Tommy Fleetwood G Ludvig Aberg G Chris Gotterup G Sam Burns G Alex Fitzpatrick G Alex Noren,,,
819,5190332532,dragonsbreath562 (2/4),0,421.5,G Rory McIlroy G Tommy Fleetwood G Justin Thomas G Si Woo Kim G Tom Kim G Ryan Fox,,,
819,5190414284,BroadwayJoes,0,421.5,G Rory McIlroy G Jon Rahm G Bryson DeChambeau G Brooks Koepka G Ryan Fox G Ryo Hisatsune,,,
819,5190591459,stlarchers (1/3),0,421.5,G Scottie Scheffler G Cameron Young G Alex Fitzpatrick G Patrick Reed G Si Woo Kim G Jacob Bridgeman,,,
819,5190623035,HockeyCardsPlus (14/20),0,421.5,G Scottie Scheffler G Ludvig Aberg G Robert MacIntyre G Hideki Matsuyama G Jordan L. Smith G Victor Perez,,,
819,5190689934,welchy81 (18/20),0,421.5,G Tommy Fleetwood G Collin Morikawa G Wyndham Clark G Sam Burns G Russell Henley G Patrick Reed,,,
819,5190767926,backyardbomber (1/4),0,421.5,G Scottie Scheffler G Cameron Young G Alex Fitzpatrick G Patrick Reed G Si Woo Kim G Jacob Bridgeman,,,
819,5190777655,peosenior,0,421.5,G Tommy Fleetwood G Collin Morikawa G Wyndham Clark G Sam Burns G Patrick Cantlay G Si Woo Kim,,,
819,5190843611,RamsRuleRamsRule (5/5),0,421.5,G Jon Rahm G Ludvig Aberg G Robert MacIntyre G Sam Burns G Russell Henley G Justin Thomas,,,
819,5190939953,Johncool19 (9/20),0,421.5,G Rory McIlroy G Robert MacIntyre G Shane Lowry G Sam Burns G Russell Henley G J.J. Spaun,,,
842,5188825623,kramerap59 (15/20),0,421,G Scottie Scheffler G Tommy Fleetwood G Min Woo Lee G Kristoffer Reitan G Ryan Gerard G Victor Perez,,,
842,5188840232,coachlobo (3/5),0,421,G Tommy Fleetwood G Bryson DeChambeau G Robert MacIntyre G Shane Lowry G Russell Henley G Justin Thomas,,,
842,5188874483,drega09 (19/20),0,421,G Rory McIlroy G Tommy Fleetwood G Sam Burns G Ben Griffin G Alex Smalley G Victor Perez,,,
842,5189044952,daymondutra18,0,421,G Scottie Scheffler G Chris Gotterup G Sam Burns G Patrick Reed G Min Woo Lee G Rickie Fowler,,,
842,5189216901,bethanybull (10/20),0,421,G Scottie Scheffler G Collin Morikawa G Russell Henley G Patrick Reed G Kristoffer Reitan G Rickie Fowler,,,
842,5189336656,EVen11 (20/20),0,421,G Scottie Scheffler G Tyrrell Hatton G Robert MacIntyre G Min Woo Lee G Ryan Gerard G Ryan Fox,,,
842,5189662263,brokjawmurphy (4/9),0,421,G Matt Fitzpatrick G Cameron Young G Chris Gotterup G Sam Burns G Russell Henley G Hideki Matsuyama,,,
842,5189673481,mpizza90 (6/20),0,421,G Jon Rahm G Cameron Young G Chris Gotterup G Sam Burns G Alex Fitzpatrick G Patrick Cantlay,,,
842,5190068304,jmason247 (11/20),0,421,G Tommy Fleetwood G Xander Schauffele G Wyndham Clark G Sam Burns G Si Woo Kim G Corey Conners,,,
842,5190202969,Paddyboy2156 (6/20),0,421,G Scottie Scheffler G Collin Morikawa G Chris Gotterup G Tom Kim G Ryan Gerard G Ryan Fox,,,
842,5190456496,eshoey33 (18/20),0,421,G Tommy Fleetwood G Collin Morikawa G Chris Gotterup G Bryson DeChambeau G Brooks Koepka G Eric Cole,,,
842,5190541817,Yankeeblue1315 (7/20),0,421,G Scottie Scheffler G Cameron Young G Russell Henley G Hideki Matsuyama G Si Woo Kim G Keith Mitchell,,,
842,5190755503,texasfrog90 (20/20),0,421,G Scottie Scheffler G Ludvig Aberg G Chris Gotterup G Adam Scott G Matt Wallace G Bud Cauley,,,
855,5188854074,Cheng79 (8/20),0,420.5,G Scottie Scheffler G Russell Henley G Justin Thomas G Patrick Reed G Hideki Matsuyama G Si Woo Kim,,,
855,5188931873,TyTyMark4,0,420.5,G Tommy Fleetwood G Cameron Young G Tyrrell Hatton G Bryson DeChambeau G Patrick Reed G Sahith Theegala,,,
855,5188964510,atran187 (4/10),0,420.5,G Rory McIlroy G Collin Morikawa G Robert MacIntyre G Sam Burns G Justin Thomas G Jordan L. Smith,,,
855,5189049182,jkthomps (9/20),0,420.5,G Rory McIlroy G Cameron Young G Sam Burns G Justin Thomas G Patrick Cantlay G Ben Griffin,,,
855,5189128926,CKBronco18 (15/20),0,420.5,G Tommy Fleetwood G Cameron Young G Tyrrell Hatton G Brooks Koepka G Patrick Reed G Hideki Matsuyama,,,
855,5189193373,olives76 (3/4),0,420.5,G Xander Schauffele G Ludvig Aberg G Cameron Young G Collin Morikawa G Patrick Cantlay G Sahith Theegala,,,
855,5189319566,hiteofbob (20/20),0,420.5,G Scottie Scheffler G Ludvig Aberg G Patrick Cantlay G Patrick Reed G Hideki Matsuyama G Adam Scott,,,
855,5189528809,baldbrother40 (9/16),0,420.5,G Xander Schauffele G Jon Rahm G Cameron Young G Bryson DeChambeau G Hideki Matsuyama G Sahith Theegala,,,
855,5189658816,bsanders020 (1/2),0,420.5,G Tommy Fleetwood G Collin Morikawa G Chris Gotterup G Shane Lowry G Justin Thomas G Hideki Matsuyama,,,
855,5189719894,SuburbanDaddy (3/20),0,420.5,G Scottie Scheffler G Tommy Fleetwood G Si Woo Kim G Min Woo Lee G Ryan Gerard G Nick Taylor,,,
855,5189740154,CKBronco18 (20/20),0,420.5,G Rory McIlroy G Cameron Young G Chris Gotterup G Si Woo Kim G Min Woo Lee G Jacob Bridgeman,,,
855,5189808123,Natnaybob (1/4),0,420.5,G Xander Schauffele G Jon Rahm G Shane Lowry G Sam Burns G Brooks Koepka G Si Woo Kim,,,
855,5189843550,hhubbard (7/20),0,420.5,G Tommy Fleetwood G Ludvig Aberg G Shane Lowry G Sam Burns G Alex Fitzpatrick G Patrick Cantlay,,,
855,5189894902,tspies (2/3),0,420.5,G Scottie Scheffler G Collin Morikawa G Chris Gotterup G Kurt Kitayama G Adam Scott G Jacob Bridgeman,,,
855,5189985476,sidewinder44 (3/12),0,420.5,G Tommy Fleetwood G Cameron Young G Chris Gotterup G Wyndham Clark G Si Woo Kim G Kurt Kitayama,,,
855,5190035726,blindpic (14/20),0,420.5,G Tommy Fleetwood G Matt Fitzpatrick G Xander Schauffele G Hideki Matsuyama G Rickie Fowler G Ryan Fox,,,
855,5190087120,marvink (2/20),0,420.5,G Rory McIlroy G Cameron Young G Robert MacIntyre G Patrick Cantlay G Hideki Matsuyama G Corey Conners,,,
855,5190364097,jksalway10 (9/20),0,420.5,G Scottie Scheffler G Tommy Fleetwood G Justin Thomas G Adam Scott G Ryan Gerard G Jesper Svensson,,,
855,5190423304,LittleKnife (2/2),0,420.5,G Rory McIlroy G Tommy Fleetwood G Patrick Reed G Hideki Matsuyama G Si Woo Kim G J.J. Spaun,,,
855,5190439008,drdei3 (19/20),0,420.5,G Rory McIlroy G Tommy Fleetwood G Patrick Reed G Hideki Matsuyama G Si Woo Kim G J.J. Spaun,,,
855,5190489142,jcobb04 (15/20),0,420.5,G Scottie Scheffler G Robert MacIntyre G Russell Henley G Justin Thomas G Si Woo Kim G Rickie Fowler,,,
855,5190551323,raiderron93306 (17/20),0,420.5,G Cameron Young G Collin Morikawa G Chris Gotterup G Wyndham Clark G Russell Henley G Si Woo Kim,,,
855,5190798833,dheck500 (15/20),0,420.5,G Tommy Fleetwood G Ludvig Aberg G Shane Lowry G Russell Henley G Brooks Koepka G Patrick Reed,,,
855,5190815620,DaBanker (2/2),0,420.5,G Tommy Fleetwood G Jon Rahm G Cameron Young G Patrick Reed G Min Woo Lee G J.J. Spaun,,,
855,5190868110,corbinstep12 (5/20),0,420.5,G Scottie Scheffler G Tommy Fleetwood G Justin Thomas G Adam Scott G Ryan Gerard G Jesper Svensson,,,
855,5190896139,SilverFox327 (7/20),0,420.5,G Rory McIlroy G Tommy Fleetwood G Wyndham Clark G Hideki Matsuyama G Ryan Fox G Michael Brennan,,,
855,5190999926,Blackjack73 (10/15),0,420.5,G Xander Schauffele G Cameron Young G Tyrrell Hatton G Sam Burns G Hideki Matsuyama G Min Woo Lee,,,
882,5188959599,Mrboozer (2/13),0,420,G Rory McIlroy G Tommy Fleetwood G Brooks Koepka G Patrick Reed G Adam Scott G Ryan Gerard,,,
882,5189330967,moldova (9/20),0,420,G Scottie Scheffler G Tommy Fleetwood G Robert MacIntyre G Matt Wallace G Bud Cauley G Pierceson Coody,,,
882,5189441911,bb0477 (1/15),0,420,G Rory McIlroy G Tommy Fleetwood G Sam Burns G Harris English G Rickie Fowler G Adam Scott,,,
882,5189501698,SmokeyCasino (4/12),0,420,G Rory McIlroy G Tommy Fleetwood G Robert MacIntyre G Corey Conners G Rickie Fowler G Jordan L. Smith,,,
882,5189502913,tango46 (16/20),0,420,G Tommy Fleetwood G Robert MacIntyre G Russell Henley G J.J. Spaun G Rickie Fowler G Victor Perez,,,
882,5189904117,JLarisonNelson (19/20),0,420,G Tommy Fleetwood G Matt Fitzpatrick G Sam Burns G Russell Henley G Si Woo Kim G Corey Conners,,,
882,5190034669,nflrookie82 (1/2),0,420,G Tommy Fleetwood G Cameron Young G Chris Gotterup G Hideki Matsuyama G Si Woo Kim G Maverick McNealy,,,
882,5190073366,mrrick2015 (2/2),0,420,G Scottie Scheffler G Chris Gotterup G Bryson DeChambeau G Tom Kim G Rickie Fowler G Ryan Fox,,,
882,5190468421,sploush (16/20),0,420,G Tommy Fleetwood G Chris Gotterup G Wyndham Clark G Robert MacIntyre G Sam Burns G Si Woo Kim,,,
882,5190841905,SmokinGuns40 (8/12),0,420,G Xander Schauffele G Chris Gotterup G Bryson DeChambeau G Shane Lowry G Sam Burns G Brooks Koepka,,,
892,5188827461,dominicbasulto (8/20),0,419.5,G Tommy Fleetwood G Ludvig Aberg G Robert MacIntyre G Sam Burns G Alex Fitzpatrick G Patrick Reed,,,
892,5188948308,seaurchin (3/20),0,419.5,G Scottie Scheffler G Cameron Young G Brooks Koepka G Si Woo Kim G Kurt Kitayama G Keegan Bradley,,,
892,5189473939,PThompson42 (8/20),0,419.5,G Scottie Scheffler G Tommy Fleetwood G Patrick Cantlay G Hideki Matsuyama G Ryan Gerard G Nick Taylor,,,
892,5189514002,agabs2169 (3/9),0,419.5,G Rory McIlroy G Tommy Fleetwood G Collin Morikawa G Sam Burns G Francesco Molinari G Nicolas Echavarria,,,
892,5189676117,jmp0006 (1/20),0,419.5,G Scottie Scheffler G Collin Morikawa G Shane Lowry G Si Woo Kim G Laurie Canter G Victor Perez,,,
892,5189833327,mo3000 (7/7),0,419.5,G Scottie Scheffler G Ludvig Aberg G Sam Burns G Sepp Straka G Kurt Kitayama G Rickie Fowler,,,
892,5189900481,Catblue1230,0,419.5,G Scottie Scheffler G Cameron Young G Russell Henley G Si Woo Kim G Harris English G Jacob Bridgeman,,,
892,5189909483,Shenkmeister (1/12),0,419.5,G Rory McIlroy G Tommy Fleetwood G Robert MacIntyre G Marco Penge G Kristoffer Reitan G Victor Perez,,,
892,5189955751,Wolf3D (12/16),0,419.5,G Cameron Young G Collin Morikawa G Chris Gotterup G Wyndham Clark G Sam Burns G Justin Thomas,,,
892,5189982366,mtschmidt84 (8/20),0,419.5,G Xander Schauffele G Cameron Young G Shane Lowry G Sam Burns G Alex Fitzpatrick G Eugenio Lopez-Chacarra,,,
892,5190020803,jdkdsklekjak (16/20),0,419.5,G Tommy Fleetwood G Jon Rahm G Shane Lowry G Russell Henley G Justin Thomas G Marco Penge,,,
892,5190193210,gqgolf13 (2/2),0,419.5,G Rory McIlroy G Jon Rahm G Chris Gotterup G Shane Lowry G Ryan Fox G Jesper Svensson,,,
892,5190317493,caldwelltylerusng94 (2/20),0,419.5,G Matt Fitzpatrick G Ludvig Aberg G Cameron Young G Sam Burns G Patrick Reed G Si Woo Kim,,,
892,5190320052,Draft-Prog (13/17),0,419.5,G Tommy Fleetwood G Collin Morikawa G Wyndham Clark G Sam Burns G Russell Henley G Patrick Cantlay,,,
892,5190320112,rctru31 (4/20),0,419.5,G Scottie Scheffler G Tommy Fleetwood G Russell Henley G Nicolai Hojgaard G Lucas Herbert G John Parry,,,
892,5190389331,auweglman (14/20),0,419.5,G Rory McIlroy G Cameron Young G Collin Morikawa G Alex Fitzpatrick G Adam Scott G Jacob Bridgeman,,,
892,5190424465,azengel15 (6/20),0,419.5,G Scottie Scheffler G Robert MacIntyre G Russell Henley G Hideki Matsuyama G Kristoffer Reitan G Rickie Fowler,,,
892,5190558000,SmokinGuns40 (2/12),0,419.5,G Tommy Fleetwood G Jon Rahm G Cameron Young G Patrick Reed G Min Woo Lee G Kurt Kitayama,,,
892,5190618876,Catdaddy1999 (17/20),0,419.5,G Scottie Scheffler G Cameron Young G Russell Henley G Si Woo Kim G Harris English G Jacob Bridgeman,,,
892,5190714173,mattypb147 (9/13),0,419.5,G Scottie Scheffler G Shane Lowry G Russell Henley G Justin Thomas G Si Woo Kim G Thomas Detry,,,
892,5190779199,diggerwoods (7/20),0,419.5,G Justin Rose G Cameron Young G Collin Morikawa G Sam Burns G Russell Henley G Brooks Koepka,,,
892,5190781575,Ricogy43 (2/2),0,419.5,G Cameron Young G Brooks Koepka G Ryan Fox G Jesper Svensson G Francesco Molinari G Johnny Keefer,,,
892,5190816302,Multiple_Scorgasms69 (2/8),0,419.5,G Scottie Scheffler G Cameron Young G Russell Henley G Si Woo Kim G Harris English G Jacob Bridgeman,,,
892,5190826296,csorcic (13/20),0,419.5,G Scottie Scheffler G Ludvig Aberg G Justin Thomas G Si Woo Kim G Kristoffer Reitan G Victor Perez,,,
892,5190850286,Spaydga,0,419.5,G Tommy Fleetwood G Xander Schauffele G Collin Morikawa G Shane Lowry G Akshay Bhatia G Ryan Fox,,,
892,5190866269,FutureSyndicate (4/10),0,419.5,G Tommy Fleetwood G Collin Morikawa G Wyndham Clark G Sam Burns G Russell Henley G Patrick Cantlay,,,
892,5190971057,KRISTIAN0007 (3/7),0,419.5,G Cameron Young G Collin Morikawa G Chris Gotterup G Wyndham Clark G Sam Burns G Justin Thomas,,,
892,5190993935,Blackjack73 (2/15),0,419.5,G Xander Schauffele G Cameron Young G Collin Morikawa G Brooks Koepka G Justin Thomas G Hideki Matsuyama,,,
892,5191010713,scudder25 (2/2),0,419.5,G Scottie Scheffler G Cameron Young G Russell Henley G Si Woo Kim G Harris English G Jacob Bridgeman,,,
921,5188993071,kbreez3164 (3/6),0,419,G Tommy Fleetwood G Ludvig Aberg G Collin Morikawa G Russell Henley G Min Woo Lee G J.J. Spaun,,,
921,5189213763,hectic1980 (19/20),0,419,G Scottie Scheffler G Tommy Fleetwood G Si Woo Kim G Min Woo Lee G Jacob Bridgeman G Alex Smalley,,,
921,5189216892,bethanybull (1/20),0,419,G Scottie Scheffler G Cameron Young G Sam Burns G Si Woo Kim G Kurt Kitayama G David Puig,,,
921,5189223176,Rrusman (4/10),0,419,G Scottie Scheffler G Collin Morikawa G Robert MacIntyre G Russell Henley G Jacob Bridgeman G John Parry,,,
921,5189248830,peterjpacheco (3/3),0,419,G Scottie Scheffler G Cameron Young G Russell Henley G Si Woo Kim G Maverick McNealy G Ryan Gerard,,,
921,5189344743,sosamightygg22 (19/20),0,419,G Tommy Fleetwood G Collin Morikawa G Bryson DeChambeau G Shane Lowry G Sam Burns G Nicolai Hojgaard,,,
921,5189347722,rsumrall (5/20),0,419,G Scottie Scheffler G Jon Rahm G Patrick Reed G Si Woo Kim G Kurt Kitayama G Adam Scott,,,
921,5189433378,casper1943 (2/2),0,419,G Scottie Scheffler G Cameron Young G Russell Henley G Si Woo Kim G Maverick McNealy G Ryan Gerard,,,
921,5189537088,Pojeman (1/20),0,419,G Rory McIlroy G Matt Fitzpatrick G Cameron Young G Hideki Matsuyama G Ryan Fox G Nick Taylor,,,
921,5189565667,redwiggler1963 (2/4),0,419,G Scottie Scheffler G Cameron Young G Russell Henley G Si Woo Kim G Maverick McNealy G Ryan Gerard,,,
921,5189610640,SharkFrenzy (12/18),0,419,G Tommy Fleetwood G Jon Rahm G Tyrrell Hatton G Sam Burns G Max Homa G Ryan Gerard,,,
921,5189622957,SnowFox15,0,419,G Scottie Scheffler G Cameron Young G Russell Henley G Si Woo Kim G Maverick McNealy G Ryan Gerard,,,
921,5189683395,jlerma33 (7/11),0,419,G Jon Rahm G Tyrrell Hatton G Collin Morikawa G Chris Gotterup G J.J. Spaun G Ryan Fox,,,
921,5189707772,steelergeorge (1/3),0,419,G Tommy Fleetwood G Jon Rahm G Chris Gotterup G Shane Lowry G Si Woo Kim G Kurt Kitayama,,,
921,5189783361,RHLions,0,419,G Scottie Scheffler G Cameron Young G Russell Henley G Si Woo Kim G Maverick McNealy G Ryan Gerard,,,
921,5189911737,Dowoo37 (8/20),0,419,G Scottie Scheffler G Cameron Young G Russell Henley G Si Woo Kim G Maverick McNealy G Ryan Gerard,,,
921,5190182059,LoganGrewe50 (19/20),0,419,G Scottie Scheffler G Cameron Young G Russell Henley G Si Woo Kim G Maverick McNealy G Ryan Gerard,,,
921,5190206648,datyoungreezy (6/20),0,419,G Rory McIlroy G Ludvig Aberg G Cameron Young G Patrick Cantlay G Alex Noren G Ryan Gerard,,,
921,5190222865,patkingpin (9/20),0,419,G Tommy Fleetwood G Jon Rahm G Bryson DeChambeau G Justin Thomas G Si Woo Kim G Eric Cole,,,
921,5190226618,cowboys767 (1/20),0,419,G Tommy Fleetwood G Tyrrell Hatton G Collin Morikawa G Sam Burns G Patrick Cantlay G Patrick Reed,,,
921,5190260866,steelerbeast (10/20),0,419,G Justin Rose G Cameron Young G Sam Burns G Brooks Koepka G Patrick Reed G Rasmus Neergaard-Petersen,,,
921,5190263521,Pumafootball5 (1/4),0,419,G Scottie Scheffler G Cameron Young G Russell Henley G Si Woo Kim G Maverick McNealy G Ryan Gerard,,,
921,5190270089,Stoneamaker (20/20),0,419,G Ludvig Aberg G Cameron Young G Tyrrell Hatton G Robert MacIntyre G Russell Henley G Corey Conners,,,
921,5190291487,Jessiejunior (3/4),0,419,G Scottie Scheffler G Cameron Young G Russell Henley G Si Woo Kim G Maverick McNealy G Ryan Gerard,,,
921,5190297877,schrabes (14/20),0,419,G Scottie Scheffler G Cameron Young G Russell Henley G Si Woo Kim G Maverick McNealy G Ryan Gerard,,,
921,5190340225,Dakrusher67,0,419,G Scottie Scheffler G Cameron Young G Russell Henley G Si Woo Kim G Maverick McNealy G Ryan Gerard,,,
921,5190458468,DFPanther1 (16/20),0,419,G Tommy Fleetwood G Tyrrell Hatton G Collin Morikawa G Sam Burns G Patrick Cantlay G Patrick Reed,,,
921,5190501966,jumangibuttercup (4/20),0,419,G Rory McIlroy G Cameron Young G Robert MacIntyre G Justin Thomas G Si Woo Kim G Kurt Kitayama,,,
921,5190510389,musicman777 (19/20),0,419,G Rory McIlroy G Tommy Fleetwood G Russell Henley G Si Woo Kim G Ben Griffin G Pierceson Coody,,,
921,5190515438,briangriffiths (2/2),0,419,G Scottie Scheffler G Cameron Young G Russell Henley G Si Woo Kim G Maverick McNealy G Ryan Gerard,,,
921,5190541811,Yankeeblue1315 (1/20),0,419,G Scottie Scheffler G Cameron Young G Russell Henley G Si Woo Kim G Maverick McNealy G Ryan Gerard,,,
921,5190698124,madcow65 (7/20),0,419,G Tommy Fleetwood G Xander Schauffele G Cameron Young G Russell Henley G Nicolai Hojgaard G Ryan Gerard,,,
921,5190783535,OhGD (6/20),0,419,G Scottie Scheffler G Cameron Young G Russell Henley G Si Woo Kim G Maverick McNealy G Ryan Gerard,,,
921,5190854098,Multiple_Scorgasms69 (4/8),0,419,G Scottie Scheffler G Cameron Young G Russell Henley G Si Woo Kim G Maverick McNealy G Ryan Gerard,,,
921,5190871737,FlapjackPalmdale (1/2),0,419,G Tommy Fleetwood G Ludvig Aberg G Shane Lowry G Russell Henley G Justin Thomas G Patrick Reed,,,
921,5190964399,oksam (2/2),0,419,G Scottie Scheffler G Cameron Young G Russell Henley G Si Woo Kim G Maverick McNealy G Ryan Gerard,,,
921,5190964486,magee7645 (3/3),0,419,G Rory McIlroy G Tommy Fleetwood G Chris Gotterup G Rickie Fowler G Jacob Bridgeman G Jordan L. Smith,,,
921,5191013712,kayj1025,0,419,G Matt Fitzpatrick G Cameron Young G Collin Morikawa G Sam Burns G Brooks Koepka G Si Woo Kim,,,
959,5188794384,rdixon13 (16/20),0,418.5,G Scottie Scheffler G Shane Lowry G Russell Henley G Patrick Cantlay G Patrick Reed G Si Woo Kim,,,
959,5188810187,MicWitz (6/15),0,418.5,G Tommy Fleetwood G Cameron Young G Wyndham Clark G Shane Lowry G Justin Thomas G Si Woo Kim,,,
959,5188844417,WhiteHype3 (11/20),0,418.5,G Tommy Fleetwood G Xander Schauffele G Robert MacIntyre G Russell Henley G Si Woo Kim G Min Woo Lee,,,
959,5188845563,lola0113 (2/3),0,418.5,G Tommy Fleetwood G Cameron Young G Tyrrell Hatton G Brooks Koepka G Patrick Cantlay G Hideki Matsuyama,,,
959,5188846308,SillyRabbit17 (9/20),0,418.5,G Scottie Scheffler G Xander Schauffele G Russell Henley G Si Woo Kim G Ryan Gerard G Nick Taylor,,,
959,5188846316,SillyRabbit17 (17/20),0,418.5,G Scottie Scheffler G Xander Schauffele G Patrick Cantlay G Si Woo Kim G Kurt Kitayama G Adam Scott,,,
959,5188901014,stewie1963 (14/20),0,418.5,G Scottie Scheffler G Shane Lowry G Russell Henley G Patrick Cantlay G Patrick Reed G Si Woo Kim,,,
959,5188949573,redfish611 (10/14),0,418.5,G Rory McIlroy G Tommy Fleetwood G Chris Gotterup G J.J. Spaun G Ryan Gerard G Jackson Suber,,,
959,5189059025,dbsultan (6/20),0,418.5,G Rory McIlroy G Collin Morikawa G Sam Burns G Justin Thomas G Patrick Reed G Hideki Matsuyama,,,
959,5189102576,shotgun17 (3/20),0,418.5,G Tommy Fleetwood G Cameron Young G Collin Morikawa G Russell Henley G Jordan Spieth G Hideki Matsuyama,,,
959,5189102585,shotgun17 (12/20),0,418.5,G Tommy Fleetwood G Cameron Young G Collin Morikawa G Russell Henley G Jordan Spieth G Hideki Matsuyama,,,
959,5189279799,hiteofbob (4/20),0,418.5,G Scottie Scheffler G Ludvig Aberg G Russell Henley G Patrick Cantlay G Ryan Fox G Gary Woodland,,,
959,5189307618,raiderdad3028 (19/20),0,418.5,G Rory McIlroy G Ludvig Aberg G Robert MacIntyre G Sam Burns G Kurt Kitayama G Rickie Fowler,,,
959,5189714679,rs868412 (19/20),0,418.5,G Tommy Fleetwood G Xander Schauffele G Sam Burns G Patrick Cantlay G Max Homa G Michael Thorbjornsen,,,
959,5189983880,PThompson42 (11/20),0,418.5,G Scottie Scheffler G Chris Gotterup G Bryson DeChambeau G Si Woo Kim G Kurt Kitayama G Max Homa,,,
959,5190200218,brianduane (4/4),0,418.5,G Xander Schauffele G Jon Rahm G Cameron Young G Justin Thomas G Patrick Reed G Si Woo Kim,,,
959,5190284677,TopAllHusle (11/17),0,418.5,G Scottie Scheffler G Robert MacIntyre G Sam Burns G Justin Thomas G Patrick Reed G Max Homa,,,
959,5190710416,markmajors (4/5),0,418.5,G Cameron Young G Collin Morikawa G Chris Gotterup G Bryson DeChambeau G Sam Burns G Aaron Rai,,,
959,5190730193,Brunswick298 (4/5),0,418.5,G Tommy Fleetwood G Collin Morikawa G Shane Lowry G Russell Henley G Brooks Koepka G Justin Thomas,,,
959,5190843001,timkat66 (13/20),0,418.5,G Xander Schauffele G Jon Rahm G Cameron Young G Patrick Cantlay G Si Woo Kim G J.J. Spaun,,,
959,5190994118,UrsulaBecker (2/7),0,418.5,G Rory McIlroy G Jon Rahm G Bryson DeChambeau G Patrick Reed G Si Woo Kim G Lucas Herbert,,,
980,5188812884,ryanlaughlin77 (8/20),0,418,G Tommy Fleetwood G Tyrrell Hatton G Collin Morikawa G Russell Henley G Si Woo Kim G J.J. Spaun,,,
980,5188949989,FantasyCrusader (9/20),0,418,G Tommy Fleetwood G Cameron Young G Robert MacIntyre G Russell Henley G Harris English G Victor Perez,,,
980,5189009887,hatrickpatrick (11/20),0,418,G Rory McIlroy G Xander Schauffele G Cameron Young G Sam Burns G Nick Taylor G Andy Sullivan,,,
980,5189204049,EVen11 (15/20),0,418,G Scottie Scheffler G Collin Morikawa G Chris Gotterup G Brooks Koepka G Sungjae Im G Jackson Suber,,,
980,5189311373,gojets512 (2/3),0,418,G Scottie Scheffler G Cameron Young G Wyndham Clark G Si Woo Kim G Adam Scott G Ryo Hisatsune,,,
980,5189518223,Synergist (1/4),0,418,G Cameron Young G Tyrrell Hatton G Collin Morikawa G Chris Gotterup G Russell Henley G Patrick Reed,,,
980,5189769817,jmack0624 (1/2),0,418,G Rory McIlroy G Cameron Young G Wyndham Clark G Sam Burns G Max Homa G Ryan Gerard,,,
980,5189841566,ADtheDraftQueen (3/4),0,418,G Jon Rahm G Ludvig Aberg G Cameron Young G Wyndham Clark G Sam Burns G Bud Cauley,,,
980,5189849075,SAC73,0,418,G Xander Schauffele G Cameron Young G Tyrrell Hatton G Sam Burns G Justin Thomas G Patrick Reed,,,
980,5189911744,Dowoo37 (15/20),0,418,G Scottie Scheffler G Rory McIlroy G Eugenio Lopez-Chacarra G Ryan Gerard G Jordan L. Smith G Daniel Brown,,,
980,5190095842,anthonyb23 (3/4),0,418,G Ludvig Aberg G Cameron Young G Collin Morikawa G Robert MacIntyre G Sam Burns G Tom Kim,,,
980,5190166759,evarze (1/5),0,418,G Jon Rahm G Cameron Young G Tyrrell Hatton G Chris Gotterup G Hideki Matsuyama G Si Woo Kim,,,
980,5190260166,12mgoblue28 (11/20),0,418,G Jon Rahm G Collin Morikawa G Robert MacIntyre G Sam Burns G Patrick Cantlay G Hideki Matsuyama,,,
980,5190436551,kenplong (18/20),0,418,G Rory McIlroy G Collin Morikawa G Russell Henley G Patrick Reed G Si Woo Kim G Victor Perez,,,
980,5190727460,Timpegoose (16/20),0,418,G Tommy Fleetwood G Jon Rahm G Chris Gotterup G Russell Henley G Patrick Cantlay G Rickie Fowler,,,
980,5190774318,jybugg2623 (2/2),0,418,G Scottie Scheffler G Tommy Fleetwood G Brooks Koepka G Rickie Fowler G Sungjae Im G Nick Taylor,,,
980,5190789143,CarlZabel (2/4),0,418,G Scottie Scheffler G Collin Morikawa G Shane Lowry G Min Woo Lee G Rickie Fowler G Adam Scott,,,
980,5190830927,csorcic (18/20),0,418,G Scottie Scheffler G Cameron Young G Justin Thomas G Si Woo Kim G Eugenio Lopez-Chacarra G Sepp Straka,,,
980,5190850646,jeremygr27 (12/12),0,418,G Rory McIlroy G Shane Lowry G Sam Burns G Russell Henley G Min Woo Lee G Corey Conners,,,
980,5190897693,johnnyd74 (1/19),0,418,G Justin Rose G Cameron Young G Collin Morikawa G Sam Burns G Russell Henley G Justin Thomas,,,
1000,5188838991,taugust7 (4/20),0,417.5,G Scottie Scheffler G Rory McIlroy G Hideki Matsuyama G Adam Scott G Eric Cole G Matthew Southgate,,,
1000,5188977070,paintgirl (20/20),0,417.5,G Scottie Scheffler G Rory McIlroy G Si Woo Kim G Casey Jarvis G Alex Smalley G Nick Taylor,,,
1000,5189097287,JoeyD35 (2/3),0,417.5,G Cameron Young G Tyrrell Hatton G Chris Gotterup G Bryson DeChambeau G Sam Burns G Alex Fitzpatrick,,,
1000,5189148518,GenaroP (14/20),0,417.5,G Scottie Scheffler G Cameron Young G Russell Henley G Aaron Rai G Adam Scott G Victor Perez,,,
1000,5189154126,dck3 (4/4),0,417.5,G Xander Schauffele G Cameron Young G Bryson DeChambeau G Sam Burns G Russell Henley G Joaquin Niemann,,,
1000,5189191937,gunner2632 (10/20),0,417.5,G Xander Schauffele G Jon Rahm G Cameron Young G Hideki Matsuyama G Si Woo Kim G Ben Griffin,,,
1000,5189226522,sofaking1971 (1/6),0,417.5,G Tommy Fleetwood G Matt Fitzpatrick G Chris Gotterup G Robert MacIntyre G Rickie Fowler G Ryan Fox,,,
1000,5189241749,surfoasis (18/20),0,417.5,G Rory McIlroy G Tommy Fleetwood G Shane Lowry G J.J. Spaun G Ryan Fox G Max Greyserman,,,
1000,5189321735,Elwaysarmy (1/20),0,417.5,G Tommy Fleetwood G Collin Morikawa G Bryson DeChambeau G Shane Lowry G Brooks Koepka G J.J. Spaun,,,
1000,5189503300,skid68 (18/20),0,417.5,G Jon Rahm G Ludvig Aberg G Collin Morikawa G Sam Burns G Justin Thomas G Patrick Reed,,,
1000,5189540363,drummerforever1982 (11/20),0,417.5,G Xander Schauffele G Collin Morikawa G Chris Gotterup G Robert MacIntyre G Sam Burns G Patrick Cantlay,,,
1000,5189628258,Samitysam12 (9/20),0,417.5,G Tommy Fleetwood G Jon Rahm G Collin Morikawa G Russell Henley G Patrick Reed G Alex Noren,,,
1000,5189723746,KhaosAddict (3/12),0,417.5,G Scottie Scheffler G Chris Gotterup G Russell Henley G Patrick Cantlay G Si Woo Kim G Alex Noren,,,
1000,5189726412,AwstenB,0,417.5,G Scottie Scheffler G Bryson DeChambeau G Justin Thomas G Patrick Reed G Hideki Matsuyama G Si Woo Kim,,,
1000,5189738079,luka0077 (4/20),0,417.5,G Scottie Scheffler G Jon Rahm G Shane Lowry G Adam Scott G Casey Jarvis G Johnny Keefer,,,
1000,5189762054,Brenden5258 (17/20),0,417.5,G Scottie Scheffler G Collin Morikawa G Shane Lowry G Marco Penge G J.J. Spaun G Ryan Gerard,,,
1000,5190036689,tatnuck (3/7),0,417.5,G Tommy Fleetwood G Matt Fitzpatrick G Chris Gotterup G Robert MacIntyre G Rickie Fowler G Ryan Fox,,,
1000,5190277853,thespear007 (2/5),0,417.5,G Scottie Scheffler G Rory McIlroy G Ben Griffin G Ryan Fox G Nick Taylor G Laurie Canter,,,
1000,5190350887,ladac_pro (2/2),0,417.5,G Jon Rahm G Cameron Young G Chris Gotterup G Bryson DeChambeau G Patrick Reed G Kurt Kitayama,,,
1000,5190458465,DFPanther1 (13/20),0,417.5,G Rory McIlroy G Ludvig Aberg G Sam Burns G Patrick Cantlay G Si Woo Kim G Min Woo Lee,,,
1000,5190497568,darragh8 (13/20),0,417.5,G Scottie Scheffler G Bryson DeChambeau G Justin Thomas G Patrick Reed G Hideki Matsuyama G Si Woo Kim,,,
1000,5190566298,frozenover (8/14),0,417.5,G Scottie Scheffler G Rory McIlroy G Corey Conners G Ryan Fox G Jordan L. Smith G Joe Dean,,,
1000,5190626738,dc104 (1/2),0,417.5,G Ludvig Aberg G Cameron Young G Wyndham Clark G Shane Lowry G Sam Burns G Justin Thomas,,,
1000,5190751582,B39873 (6/20),0,417.5,G Tommy Fleetwood G Ludvig Aberg G Robert MacIntyre G Shane Lowry G Si Woo Kim G Min Woo Lee,,,
1000,5190895874,stayeduptolate (13/20),0,417.5,G Rory McIlroy G Ludvig Aberg G Sam Burns G Patrick Cantlay G Si Woo Kim G Min Woo Lee,,,
1000,5190960771,Johnny_Great (10/20),0,417.5,G Tommy Fleetwood G Jon Rahm G Collin Morikawa G Justin Thomas G Si Woo Kim G J.J. Spaun,,,