Rank,Player,Team,Position Rank,Position,Fantasy Positions,ADP,Age,Notes
1,Jahmyr Gibbs,DET,RB1,RB,RB,1.2,,
2,Bijan Robinson,ATL,RB2,RB,RB,2,,
3,Puka Nacua,LAR,WR2,WR,WR,4.1,,
4,Ja'Marr Chase,CIN,WR1,WR,WR,3.1,,
5,Jaxon Smith-Njigba,SEA,WR3,WR,WR,5.8,,
6,Christian McCaffrey,SF,RB3,RB,RB,6.1,,
7,Justin Jefferson,MIN,WR5,WR,WR,10.5,,
8,Jonathan Taylor,IND,RB4,RB,RB,7.7,,
9,Amon-Ra St. Brown,DET,WR4,WR,WR,8.2,,
10,CeeDee Lamb,DAL,WR6,WR,WR,11.2,,
11,Saquon Barkley,PHI,RB7,RB,RB,13.3,,
12,James Cook,BUF,RB5,RB,RB,9.3,,
13,Derrick Henry,BAL,RB9,RB,RB,15.9,,
14,Drake London,ATL,WR8,WR,WR,22.5,,
15,Kenneth Walker III,KC,RB12,RB,RB,19.3,,
16,Ashton Jeanty,LV,RB6,RB,RB,12.3,,
17,Chase Brown,CIN,RB11,RB,RB,18.6,,
18,A.J. Brown,NE,WR7,WR,WR,16.8,,
19,Omarion Hampton,LAC,RB8,RB,RB,14.9,,
20,De'Von Achane,MIA,RB10,RB,RB,17.6,,
21,George Pickens,DAL,WR9,WR,WR,23.4,,
22,Nico Collins,HOU,WR10,WR,WR,23.9,,
23,Brock Bowers,LV,TE1,TE,TE,20.4,,
24,Jeremiyah Love,ARI,RB13,RB,RB,27.9,,
25,Chris Olave,NO,WR14,WR,WR,34,,
26,Trey McBride,ARI,TE2,TE,TE,25.6,,
27,Rashee Rice,KC,WR11,WR,WR,27.5,,
28,Kyren Williams,LAR,RB17,RB,RB,31.6,,
29,DeVonta Smith,PHI,WR12,WR,WR,29.3,,
30,Zay Flowers,BAL,WR17,WR,WR,38.9,,
31,Javonte Williams,DAL,RB16,RB,RB,31.1,,
32,Emeka Egbuka,TB,WR13,WR,WR,32.5,,
33,Tee Higgins,CIN,WR15,WR,WR,35,,
34,Breece Hall,NYJ,RB14,RB,RB,30.6,,
35,Garrett Wilson,NYJ,WR19,WR,WR,42.8,,
36,Ladd McConkey,LAC,WR18,WR,WR,39.4,,
37,Josh Allen,BUF,QB1,QB,QB,17.8,,
38,Travis Etienne Jr.,NO,RB15,RB,RB,30.9,,
39,Josh Jacobs,GB,RB18,RB,RB,37,,
40,Davante Adams,LAR,WR22,WR,WR,49.4,,
41,Colston Loveland,CHI,TE3,TE,TE,43.6,,
42,Terry McLaurin,WAS,WR27,WR,WR,53.6,,
43,Tetairoa McMillan,CAR,WR20,WR,WR,44.3,,
44,Malik Nabers,NYG,WR16,WR,WR,37.2,,
45,D'Andre Swift,CHI,RB23,RB,RB,54.4,,
46,Luther Burden,CHI,WR26,WR,WR,53.1,,
47,Jameson Williams,DET,WR25,WR,WR,53.1,,
48,Jaylen Waddle,DEN,WR24,WR,WR,52.3,,
49,Cam Skattebo,NYG,RB19,RB,RB,41.2,,
50,David Montgomery,HOU,RB20,RB,RB,45,,
51,Mike Evans,SF,WR21,WR,WR,45,,
52,Lamar Jackson,BAL,QB2,QB,QB,40.5,,
53,D.J. Moore,BUF,WR23,WR,WR,50.2,,
54,Christian Watson,GB,WR28,WR,WR,57.7,,
55,Jadarian Price,SEA,RB26,RB,RB,65.3,,
56,Bucky Irving,TB,RB24,RB,RB,56.7,,
57,Jayden Daniels,WAS,QB5,QB,QB,67.3,,
58,Jordyn Tyson,NO,WR34,WR,WR,73.9,,
59,Bhayshul Tuten,JAX,RB25,RB,RB,59.4,,
60,Quinshon Judkins,CLE,RB22,RB,RB,48.7,,
61,Tony Pollard,TEN,RB28,RB,RB,75.6,,
62,TreVeyon Henderson,NE,RB21,RB,RB,47.1,,
63,DK Metcalf,PIT,WR36,WR,WR,80.2,,
64,Parker Washington,JAX,WR35,WR,WR,77,,
65,Carnell Tate,TEN,WR30,WR,WR,63.7,,
66,Rhamondre Stevenson,NE,RB29,RB,RB,76.8,,
67,Brian Thomas,JAX,WR29,WR,WR,62.2,,
68,Chuba Hubbard,CAR,RB27,RB,RB,72.4,,
69,Tyler Warren,IND,TE4,TE,TE,60.5,,
70,Joe Burrow,CIN,QB3,QB,QB,52.3,,
71,Rome Odunze,CHI,WR31,WR,WR,64,,
72,Marvin Harrison,ARI,WR33,WR,WR,70.9,,
73,Drake Maye,NE,QB4,QB,QB,60.2,,
74,Jalen Hurts,PHI,QB6,QB,QB,68.4,,
75,Rico Dowdle,PIT,RB31,RB,RB,88.7,,
76,Tucker Kraft,GB,TE5,TE,TE,73.2,,
77,Jordan Addison,MIN,WR45,WR,WR,102.3,,
78,Jayden Reed,GB,WR42,WR,WR,95.5,,
79,Alec Pierce,IND,WR37,WR,WR,80.8,,
80,Jaylen Warren,PIT,RB30,RB,RB,79.2,,
81,Dak Prescott,DAL,QB8,QB,QB,74.4,,
82,Courtland Sutton,DEN,WR40,WR,WR,89.2,,
83,Caleb Williams,CHI,QB7,QB,QB,70.1,,
84,Quentin Johnston,LAC,WR32,WR,WR,68.6,,
85,Sam LaPorta,DET,TE6,TE,TE,80.9,,
86,Blake Corum,LAR,RB35,RB,RB,99.2,,
87,Brock Purdy,SF,QB14,QB,QB,102.4,,
88,Justin Herbert,LAC,QB9,QB,QB,81.2,,
89,Chris Godwin,TB,WR39,WR,WR,86.7,,
90,Xavier Worthy,KC,WR41,WR,WR,91.9,,
91,RJ Harvey,DEN,RB33,RB,RB,93.6,,
92,Michael Wilson,ARI,WR43,WR,WR,99.6,,
93,Patrick Mahomes,KC,QB12,QB,QB,96,,
94,Jaxson Dart,NYG,QB11,QB,QB,94.1,,
95,Makai Lemon,PHI,WR38,WR,WR,84.2,,
96,Trevor Lawrence,JAX,QB10,QB,QB,85.3,,
97,Harold Fannin,CLE,TE8,TE,TE,90.7,,
98,Kyle Pitts,ATL,TE7,TE,TE,84.6,,
99,Josh Downs,IND,WR44,WR,WR,101.8,,
100,Jakobi Meyers,JAX,WR49,WR,WR,112.3,,
101,Matthew Golden,GB,WR47,WR,WR,108.8,,
102,Michael Pittman Jr.,PIT,WR48,WR,WR,109.8,,
103,Matthew Stafford,LAR,QB13,QB,QB,97.6,,
104,Ricky Pearsall,SF,WR46,WR,WR,103.3,,
105,J.K. Dobbins,DEN,RB34,RB,RB,93.8,,
106,Kyler Murray,MIN,QB17,QB,QB,113,,
107,Kyle Monangai,CHI,RB32,RB,RB,92.1,,
108,George Kittle,SF,TE9,TE,TE,98.2,,
109,Jordan Love,GB,QB18,QB,QB,116.6,,
110,Bo Nix,DEN,QB16,QB,QB,108,,
111,Kenny Gainwell,TB,RB38,RB,RB,109.5,,
112,Jared Goff,DET,QB15,QB,QB,103.9,,
113,KC Concepcion,CLE,WR52,WR,WR,124.1,,
114,Wan'Dale Robinson,TEN,WR51,WR,WR,119.3,,
115,Travis Kelce,KC,TE10,TE,TE,114.4,,
116,Dalton Kincaid,BUF,TE14,TE,TE,123,,
117,Dallas Goedert,PHI,TE15,TE,TE,126.1,,
118,Baker Mayfield,TB,QB19,QB,QB,125.7,,
119,Khalil Shakir,BUF,WR55,WR,WR,128.3,,
120,Aaron Jones,MIN,RB39,RB,RB,118.3,,
121,Mark Andrews,BAL,TE11,TE,TE,115.6,,
122,Jordan Mason,MIN,RB40,RB,RB,119.1,,
123,Jonathon Brooks,CAR,RB37,RB,RB,107.1,,
124,Chris Rodriguez,JAX,RB42,RB,RB,132.6,,
125,Malik Willis,MIA,QB21,QB,QB,137.5,,
126,Romeo Doubs,NE,WR50,WR,WR,117.1,,
127,Jake Ferguson,DAL,TE13,TE,TE,121.6,,
128,Rachaad White,WAS,RB36,RB,RB,105.3,,
129,Tyrone Tracy,NYG,RB43,RB,RB,135.7,,
130,Jalen Coker,CAR,WR56,WR,WR,135.1,,
131,Jayden Higgins,HOU,WR54,WR,WR,128,,
132,Jacory Croskey-Merritt,WAS,RB41,RB,RB,123.2,,
133,C.J. Stroud,HOU,QB23,QB,QB,150.7,,
134,Tyler Shough,NO,QB20,QB,QB,130.1,,
135,Stefon Diggs,FA,WR58,WR,WR,142.2,,
136,Sam Darnold,SEA,QB22,QB,QB,145.8,,
137,Rashid Shaheed,SEA,WR53,WR,WR,127.6,,
138,Isaiah Likely,NYG,TE12,TE,TE,118.1,,
139,Daniel Jones,IND,QB24,QB,QB,156,,
140,Jauan Jennings,MIN,WR60,WR,WR,147.2,,
141,Isiah Pacheco,DET,RB46,RB,RB,145,,
142,Omar Cooper,NYJ,WR63,WR,WR,153.3,,
143,Hunter Henry,NE,TE19,TE,TE,145.8,,
144,Oronde Gadsden,LAC,TE18,TE,TE,141.4,,
145,Jalen McMillan,TB,WR59,WR,WR,146.8,,
146,Brenton Strange,JAX,TE17,TE,TE,139.3,,
147,Keaton Mitchell,LAC,RB45,RB,RB,140.8,,
148,Denzel Boston,CLE,WR64,WR,WR,156.5,,
149,Kenyon Sadiq,NYJ,TE21,TE,TE,156.4,,
150,Woody Marks,HOU,RB47,RB,RB,151.5,,
151,Jalen Nailor,LV,WR57,WR,WR,141.5,,
152,T.J. Hockenson,MIN,TE22,TE,TE,162.3,,
153,Chig Okonkwo,WAS,TE16,TE,TE,133.6,,
154,Brian Robinson,ATL,RB54,RB,RB,183.7,,
155,Juwan Johnson,NO,TE20,TE,TE,151.8,,
156,Tre Tucker,LV,WR62,WR,WR,152.9,,
157,Cam Ward,TEN,QB25,QB,QB,158.4,,
158,Tyjae Spears,TEN,RB49,RB,RB,157.8,,
159,Deebo Samuel,FA,WR74,WR,WR,179.8,,
160,Ryan Flournoy,DAL,WR66,WR,WR,162.3,,
161,Germie Bernard,PIT,WR85,WR,WR,206.6,,
162,Bryce Young,CAR,QB26,QB,QB,172.1,,
163,Tyler Allgeier,ARI,RB51,RB,RB,167,,
164,Calvin Ridley,TEN,WR77,WR,WR,190.1,,
165,Dalton Schultz,HOU,TE24,TE,TE,169.5,,
166,Cade Otton,TB,TE27,TE,TE,184.6,,
167,Pat Freiermuth,PIT,TE30,TE,TE,197.8,,
168,Jonah Coleman,DEN,RB48,RB,RB,155,,
169,Isaac TeSlaa,DET,WR65,WR,WR,158.1,,
170,Jerry Jeudy,CLE,WR71,WR,WR,172.8,,
171,Adonai Mitchell,NYJ,WR70,WR,WR,170.9,,
172,Sean Tucker,TB,RB56,RB,RB,190.4,,
173,Cooper Kupp,SEA,WR82,WR,WR,203.1,,
174,Antonio Williams,WAS,WR67,WR,WR,164.9,,
175,Tank Bigsby,PHI,RB50,RB,RB,166.9,,
176,Aaron Rodgers,PIT,QB30,QB,QB,203.6,,
177,Alvin Kamara,NO,RB52,RB,RB,175.6,,
178,Tre' Harris,LAC,WR68,WR,WR,166.3,,
179,Dylan Sampson,CLE,RB53,RB,RB,175.6,,
180,Travis Hunter,JAX,WR61,WR,WR,151.6,,
181,Terrance Ferguson,LAR,TE28,TE,TE,191.1,,
182,Gunnar Helm,TEN,TE26,TE,TE,180.4,,
183,Greg Dulcich,MIA,TE25,TE,TE,171.6,,
184,Zach Charbonnet,SEA,RB44,RB,RB,138.3,,
185,Ray Davis,BUF,RB60,RB,RB,202.4,,
186,Mike Gesicki,CIN,TE31,TE,TE,205.2,,
187,Zachariah Branch,ATL,WR73,WR,WR,178.5,,
188,Samaje Perine,CIN,RB73,RB,RB,215.3,,
189,De'Zhaun Stribling,SF,WR72,WR,WR,178.3,,
190,Tank Dell,HOU,WR76,WR,WR,182.6,,
191,Pat Bryant,DEN,WR95,WR,WR,212.2,,
192,Kaytron Allen,WAS,RB66,RB,RB,212.4,,
193,Fernando Mendoza,LV,QB27,QB,QB,191.1,,
194,DJ Giddens,IND,RB71,RB,RB,214.9,,
195,Justice Hill,BAL,RB65,RB,RB,211.7,,
196,Tyreek Hill,FA,WR87,WR,WR,210.1,,
197,Rashod Bateman,BAL,WR91,WR,WR,211.1,,
198,Braelon Allen,NYJ,RB61,RB,RB,207,,
199,Emmett Johnson,KC,RB55,RB,RB,187.6,,
200,Jordan James,SF,RB64,RB,RB,209.5,,
201,Kayshon Boutte,NE,WR86,WR,WR,209.6,,
202,Kaelon Black,SF,RB67,RB,RB,213,,
203,Colby Parkinson,LAR,TE32,TE,TE,206.7,,
204,Andrei Iosivas,CIN,WR94,WR,WR,212,,
205,AJ Barner,SEA,TE23,TE,TE,163.2,,
206,Jaylin Noel,HOU,WR96,WR,WR,213.3,,
207,Ty Johnson,BUF,RB79,RB,RB,215.8,,
208,Jaydon Blue,DAL,RB59,RB,RB,200.3,,
209,Darius Slayton,NYG,WR101,WR,WR,214.7,,
210,Keenan Allen,FA,WR111,WR,WR,215.5,,
211,Mike Washington,LV,RB57,RB,RB,191.6,,
212,Dontayvion Wicks,PHI,WR75,WR,WR,181.5,,
213,MarShawn Lloyd,GB,RB58,RB,RB,192.1,,
214,Devaughn Vele,NO,WR98,WR,WR,214.6,,
215,Najee Harris,FA,RB82,RB,RB,215.9,,
216,Evan Engram,DEN,TE34,TE,TE,211.2,,
217,Mack Hollins,NE,WR126,WR,WR,215.9,,
218,Nicholas Singleton,TEN,RB62,RB,RB,207.5,,
219,Dawson Knox,BUF,TE37,TE,TE,215.4,,
220,Chris Brooks,GB,RB78,RB,RB,215.8,,
221,Jahan Dotson,ATL,WR106,WR,WR,215.2,,
222,Michael Mayer,LV,TE38,TE,TE,215.5,,
223,Kalif Raymond,CHI,WR128,WR,WR,215.9,,
224,Demond Claiborne,MIN,RB68,RB,RB,213.8,,
225,Christian Kirk,SF,WR93,WR,WR,211.9,,
226,KaVontae Turpin,DAL,WR135,WR,WR,215.9,,
227,Malachi Fields,NYG,WR88,WR,WR,210.6,,
228,Marvin Mims Jr.,DEN,WR112,WR,WR,215.6,,
229,Kendrick Bourne,ARI,WR117,WR,WR,215.7,,
230,David Njoku,LAC,TE29,TE,TE,195.4,,
231,Tyquan Thornton,KC,WR83,WR,WR,203.3,,
232,Joshua Palmer,BUF,WR133,WR,WR,215.9,,
233,Caleb Douglas,MIA,WR113,WR,WR,215.6,,
234,Brandon Aiyuk,SF,WR80,WR,WR,199.7,,
235,Chris Brazzell,CAR,WR97,WR,WR,214.2,,
236,Chris Bell,MIA,WR90,WR,WR,210.9,,
237,Cole Kmet,CHI,TE53,TE,TE,216,,
238,Darnell Mooney,NYG,WR84,WR,WR,206,,
239,Emanuel Wilson,SEA,RB77,RB,RB,215.6,,
240,Malik Washington,MIA,WR69,WR,WR,166.6,,
241,Darnell Washington,PIT,TE36,TE,TE,214.9,,
242,Ja'Tavion Sanders,CAR,TE45,TE,TE,215.7,,
243,Elijah Arroyo,SEA,TE46,TE,TE,215.7,,
244,Kimani Vidal,LAC,RB70,RB,RB,214.6,,
245,Geno Smith,NYJ,QB29,QB,QB,198.7,,
246,Jaylen Wright,MIA,RB72,RB,RB,215.2,,
247,Dyami Brown,WAS,,WR,WR,-,,
248,Treylon Burks,WAS,WR108,WR,WR,215.4,,
249,Noah Gray,KC,TE47,TE,TE,215.8,,
250,Seth McGowan,IND,RB80,RB,RB,215.8,,
251,Keon Coleman,BUF,WR78,WR,WR,190.5,,
252,George Holani,SEA,RB63,RB,RB,208,,
253,Chimere Dike,TEN,WR107,WR,WR,215.3,,
254,Elijah Sarratt,BAL,WR88,WR,WR,210.6,,
255,Theo Johnson,NYG,TE40,TE,TE,215.5,,
256,Tyler Higbee,LAR,TE51,TE,TE,215.9,,
257,Ted Hurst,TB,WR81,WR,WR,200.5,,
258,Eli Stowers,PHI,TE33,TE,TE,208,,
259,Elic Ayomanor,TEN,WR124,WR,WR,215.9,,
260,Jacoby Brissett,ARI,QB28,QB,QB,193.8,,
261,Cyrus Allen,KC,WR121,WR,WR,215.8,,
262,Brenen Thompson,LAC,WR127,WR,WR,215.9,,
263,Mason Taylor,NYJ,,TE,TE,-,,
264,Ja'Kobi Lane,BAL,WR104,WR,WR,215,,
265,Trevor Etienne,CAR,,RB,RB,-,,
266,Malik Benson,LV,WR131,WR,WR,215.9,,
267,Isaac Guerendo,SF,,RB,RB,-,,
268,Emari Demercado,KC,RB87,RB,RB,216,,
269,Isaiah Davis,NYJ,RB83,RB,RB,215.9,,
270,Noah Fant,NO,,TE,TE,-,,
271,Troy Franklin,DEN,WR79,WR,WR,199.6,,
272,James Conner,ARI,RB69,RB,RB,214.2,,
273,Jack Bech,LV,WR100,WR,WR,214.7,,
274,Brashard Smith,KC,,RB,RB,-,,
275,Will Shipley,PHI,,RB,RB,-,,
276,DeMario Douglas,NE,WR122,WR,WR,215.8,,
277,Tez Johnson,TB,WR119,WR,WR,215.7,,
278,Phil Mafah,DAL,,RB,RB,-,,
279,Erick All,CIN,TE44,TE,TE,215.7,,
280,Tommy Tremble,CAR,TE53,TE,TE,216,,
281,Luke Schoonmaker,DAL,,TE,TE,-,,
282,Skyler Bell,BUF,WR99,WR,WR,214.6,,
283,Zavion Thomas,CHI,WR103,WR,WR,214.8,,
284,Tutu Atwell,MIA,WR115,WR,WR,215.6,,
285,Jahdae Walker,CHI,WR128,WR,WR,215.9,,
286,Olamide Zaccheaus,ATL,WR141,WR,WR,216,,
287,Tory Horton,SEA,WR92,WR,WR,211.3,,
288,Isaiah Bond,CLE,,WR,WR,-,,
290,Jalen Tolbert,MIA,WR102,WR,WR,214.8,,
291,Nick Westbrook-Ikhine,IND,WR138,WR,WR,216,,
292,Kyle Williams,NE,WR109,WR,WR,215.4,,
293,Jawhar Jordan,HOU,,RB,RB,-,,
294,Josh Oliver,MIN,,TE,TE,-,,
296,LeQuint Allen,JAX,RB74,RB,RB,215.4,,
297,Xavier Legette,CAR,WR133,WR,WR,215.9,,
298,Reggie Virgil,ARI,,WR,WR,-,,
299,Zach Ertz,FA,,TE,TE,-,,
300,Colbie Young,CIN,,WR,WR,-,,
301,Charlie Kolar,LAC,TE41,TE,TE,215.6,,
302,Tua Tagovailoa,ATL,QB31,QB,QB,206.3,,
303,Jake Tonges,SF,TE35,TE,TE,213,,
304,Kirk Cousins,LV,QB33,QB,QB,214.9,,
305,Deshaun Watson,CLE,QB34,QB,QB,215,,
306,Hollywood Brown,PHI,WR105,WR,WR,215,,
400,Shedeur Sanders,CLE,QB32,QB,QB,213.4,,
400,Michael Penix,ATL,QB35,QB,QB,215.2,,
400,Luke McCaffrey,WAS,WR110,WR,WR,215.4,,
400,Eli Raridon,NE,TE39,TE,TE,215.5,,
400,Malik Davis,DAL,RB75,RB,RB,215.6,,
400,Justin Joly,DEN,TE41,TE,TE,215.6,,
400,Ollie Gordon,MIA,RB76,RB,RB,215.6,,
400,Oscar Delp,NO,TE43,TE,TE,215.6,,
400,Devontez Walker,BAL,WR114,WR,WR,215.6,,
400,Mac Jones,SF,QB36,QB,QB,215.7,,
400,Savion Williams,GB,WR116,WR,WR,215.7,,
400,Greg Dortch,DET,WR117,WR,WR,215.7,,
400,Jordan Whittington,LAR,WR120,WR,WR,215.8,,
400,Mo Alie-Cox,IND,TE48,TE,TE,215.8,,
400,Teddy Bridgewater,DET,QB37,QB,QB,215.8,,
400,Joe Flacco,CIN,QB38,QB,QB,215.8,,
400,Sam Roush,CHI,TE49,TE,TE,215.8,,
400,J.J. McCarthy,MIN,QB38,QB,QB,215.8,,
400,Nick Mullens,JAX,QB40,QB,QB,215.8,,
400,Ashton Dulin,IND,WR122,WR,WR,215.8,,
400,Justin Fields,KC,QB41,QB,QB,215.9,,
400,Adam Randall,BAL,RB81,RB,RB,215.9,,
400,Konata Mumpfield,LAR,WR125,WR,WR,215.9,,
400,Tanner Koziol,JAX,TE50,TE,TE,215.9,,
400,Anthony Richardson,IND,QB42,QB,QB,215.9,,
400,Kevin Coleman,MIA,WR128,WR,WR,215.9,,
400,Marcus Mariota,WAS,QB43,QB,QB,215.9,,
400,Carson Beck,ARI,QB44,QB,QB,215.9,,
400,Charlie Jones,CIN,WR132,WR,WR,215.9,,
400,Daniel Bellinger,TEN,TE51,TE,TE,215.9,,
400,Isaiah Williams,NYJ,WR135,WR,WR,215.9,,
400,Dameon Pierce,PHI,RB84,RB,RB,215.9,,
400,Adam Trautman,DEN,TE53,TE,TE,216,,
400,Calvin Austin III,NYG,WR137,WR,WR,216,,
400,Trey Benson,ARI,RB85,RB,RB,216,,
400,Eli Heidenreich,PIT,RB85,RB,RB,216,,
400,Bryce Lance,NO,WR138,WR,WR,216,,
400,Odell Beckham Jr.,NYG,WR138,WR,WR,216,,
400,Durham Smythe,BAL,TE56,TE,TE,216,,
400,Foster Moreau,HOU,TE56,TE,TE,216,,
400,Ben Sinnott,WAS,TE58,TE,TE,216,,
400,Jaylin Lane,WAS,WR141,WR,WR,216,,
400,Tai Felton,MIN,WR141,WR,WR,216,,
400,Tyler Huntley,BAL,QB45,QB,QB,216,,
400,Darren Waller,FA,TE59,TE,TE,216,,
400,CJ Daniels,LAR,WR144,WR,WR,216,,
400,Tom Kennedy,DET,WR144,WR,WR,216,,
400,Theo Wease,MIA,,WR,WR,-,,
400,Will Kacmarek,MIA,,TE,TE,-,,
400,Josh Cameron,JAX,,WR,WR,-,,
400,Joe Royer,CLE,,TE,TE,-,,
400,Max Klare,LAR,,TE,TE,-,,
400,Jack Endries,CIN,,TE,TE,-,,
400,Jerome Ford,WAS,,RB,RB,-,,
400,Elijah Higgins,ARI,,TE,TE,-,,
400,Jalen Royals,KC,,WR,WR,-,,
400,Rasheen Ali,BAL,,RB,RB,-,,
400,Taylen Green,CLE,,QB,QB,-,,
400,Luke Musgrave,GB,,TE,TE,-,,
400,Xavier Hutchinson,HOU,,WR,WR,-,,
400,Devin Neal,NO,,RB,RB,-,,
400,John Metchie III,CAR,,WR,WR,-,,
400,Kaleb Johnson,PIT,,RB,RB,-,,
400,Derek Carr,FA,,QB,QB,-,,
400,KeAndre Lambert-Smith,LAC,,WR,WR,-,,
400,J'Mari Taylor,JAX,,RB,RB,-,,
400,Gardner Minshew II,ARI,,QB,QB,-,,
400,Van Jefferson,WAS,,WR,WR,-,,
400,Michael Trigg,DAL,,TE,TE,-,,
400,Austin Hooper,ATL,,TE,TE,-,,
400,Cade Stover,HOU,,TE,TE,-,,
400,Demarcus Robinson,SF,,WR,WR,-,,
400,JuJu Smith-Schuster,NYG,,WR,WR,-,,
400,Jackson Hawes,BUF,,TE,TE,-,,
400,Mitchell Evans,CAR,,TE,TE,-,,
400,Kevin Austin,NO,,WR,WR,-,,
400,John Bates,WAS,,TE,TE,-,,
400,Matt Hibner,BAL,,TE,TE,-,,
400,Efton Chism,NE,,WR,WR,-,,
400,Miles Kitselman,DET,,TE,TE,-,,
400,Drew Sample,CIN,,TE,TE,-,,
400,Jaren Kanak,TEN,,TE,TE,-,,
400,Lance Mason,SEA,,TE,TE,-,,
400,Aaron Anderson,CLE,,WR,WR,-,,
400,Barion Brown,NO,,WR,WR,-,,
400,Will Howard,PIT,,QB,QB,-,,
400,Dont'e Thornton,LV,,WR,WR,-,,
400,Tyrell Shavers,BUF,,WR,WR,-,,
400,Drew Allar,PIT,,QB,QB,-,,
400,Cade Klubnik,NYJ,,QB,QB,-,,
400,Eric Rivers,TB,,WR,WR,-,,
400,Marlin Klein,HOU,,TE,TE,-,,
400,Brevyn Spann-Ford,DAL,,TE,TE,-,,
400,Marquez Valdes-Scantling,DAL,,WR,WR,-,,
400,John Michael Gyllenborg,KC,,TE,TE,-,,
400,Jimmy Horn,CAR,,WR,WR,-,,
400,Tahj Brooks,CIN,,RB,RB,-,,
400,Deion Burks,IND,,WR,WR,-,,
400,David Sills,TB,,WR,WR,-,,
400,Roman Wilson,PIT,,WR,WR,-,,
400,Josh Cuevas,BAL,,TE,TE,-,,
400,Nate Boerkircher,JAX,,TE,TE,-,,
400,Brock Wright,DET,,TE,TE,-,,
400,Audric Estime,NO,,RB,RB,-,,
400,Grant Calcaterra,PHI,,TE,TE,-,,
400,Xavier Smith,LAR,,WR,WR,-,,
400,Lil'Jordan Humphrey,DEN,,WR,WR,-,,
400,Jam Miller,NE,,RB,RB,-,,
400,Trey Lance,LAC,,QB,QB,-,,
400,Kyle Juszczyk,SF,,RB,RB,-,,
400,Jalen Milroe,SEA,,QB,QB,-,,
400,Ty Simpson,LAR,,QB,QB,-,,
400,Tyrod Taylor,GB,,QB,QB,-,,
400,Jameis Winston,NYG,,QB,QB,-,,
400,Will Levis,TEN,,QB,QB,-,,
400,Connor Heyward,LV,,TE,TE,-,,
400,Spencer Rattler,NO,,QB,QB,-,,
400,Diego Pavia,BAL,,QB,QB,-,,
400,Tyson Bagent,CHI,,QB,QB,-,,
400,Carson Wentz,MIN,,QB,QB,-,,
400,Tanner McKee,PHI,,QB,QB,-,,
400,Quinn Ewers,MIA,,QB,QB,-,,
400,Joe Milton,DAL,,QB,QB,-,,
400,Tommy DeVito,NE,,QB,QB,-,,
400,Jarrett Stidham,DEN,,QB,QB,-,,
400,Davis Mills,HOU,,QB,QB,-,,
400,Kyle Allen,BUF,,QB,QB,-,,
400,Mitchell Trubisky,TEN,,QB,QB,-,,
400,Dillon Gabriel,CLE,,QB,QB,-,,
400,Andy Dalton,PHI,,QB,QB,-,,
400,Mason Rudolph,PIT,,QB,QB,-,,
400,Tip Reiman,ARI,,TE,TE,-,,
400,Josh Johnson,CIN,,QB,QB,-,,
400,Tim Patrick,NYJ,,WR,WR,-,,
400,Devin Singletary,NYG,,RB,RB,-,,
400,Jaydn Ott,KC,,RB,RB,-,,
400,Zavier Scott,MIN,,RB,RB,-,,
400,Ty Chandler,NO,,RB,RB,-,,
400,Jarquez Hunter,LAR,,RB,RB,-,,
400,Elijah Mitchell,PHI,,RB,RB,-,,
400,Jeremy McNichols,WAS,,RB,RB,-,,
400,Luke Farrell,SF,,TE,TE,-,,
400,Dean Connors,LAR,,RB,RB,-,,
400,Isaiah Hodgins,NYG,,WR,WR,-,,
400,Riley Nowakowski,PIT,,TE,TE,-,,
400,Jeremy Ruckert,NYJ,,TE,TE,-,,
400,Michael Carter,TEN,,RB,RB,-,,
400,Pierre Strong Jr.,GB,,RB,RB,-,,
400,Hunter Luepke,DAL,,RB,RB,-,,
400,Jaleel McLaughlin,DEN,,RB,RB,-,,
400,Cody White,SEA,,WR,WR,-,,
400,Damien Martinez,GB,,RB,RB,-,,
400,Tyler Badie,DEN,,RB,RB,-,,
400,Payne Durham,TB,,TE,TE,-,,
400,Lucas Krull,DEN,,TE,TE,-,,
400,Quintin Morris,JAX,,TE,TE,-,,
400,Charlie Woerner,ATL,,TE,TE,-,,
400,Seydou Traore,MIA,,TE,TE,-,,
400,Malachi Corley,CLE,,WR,WR,-,,
400,Arian Smith,NYJ,,WR,WR,-,,
400,Xavier Weaver,ARI,,WR,WR,-,,
400,Ronnie Rivers,LAR,,RB,RB,-,,
400,Jack Stoll,CLE,,TE,TE,-,,
400,Devin Culp,TB,,TE,TE,-,,
400,Jack Velling,ATL,,TE,TE,-,,
400,Darius Cooper,PHI,,WR,WR,-,,
400,Chase Roberts,LV,,WR,WR,-,,
400,Dane Key,DEN,,WR,WR,-,,
400,Trebor Pena,JAX,,WR,WR,-,,
400,Noah Thomas,CIN,,WR,WR,-,,
400,Cedric Tillman,CLE,,WR,WR,-,,
400,Tyler Johnson,DAL,,WR,WR,-,,
400,Jalen Brooks,ARI,,WR,WR,-,,
400,Josh Whyle,GB,,TE,TE,-,,
400,Julius Chestnut,TEN,,RB,RB,-,,
400,Kalel Mullings,TEN,,RB,RB,-,,
400,Kendre Miller,NO,,RB,RB,-,,
400,Davis Allen,LAR,,TE,TE,-,,
400,Tanner Hudson,CIN,,TE,TE,-,,
400,Stone Smartt,PHI,,TE,TE,-,,
400,Eric Saubert,SEA,,TE,TE,-,,
400,Nate Adkins,DEN,,TE,TE,-,,
400,Kenny McIntosh,SEA,,RB,RB,-,,
400,Julian Hill,NE,,TE,TE,-,,
400,Dylan Laube,LV,,RB,RB,-,,
400,Brevin Jordan,HOU,,TE,TE,-,,
400,Drew Ogletree,IND,,TE,TE,-,,
400,Xavier Restrepo,TEN,,WR,WR,-,,
400,Tyler Goodson,ATL,,RB,RB,-,,
400,Ameer Abdullah,JAX,,RB,RB,-,,
400,Raheim Sanders,CLE,,RB,RB,-,,
400,Dareke Young,LV,,WR,WR,-,,
400,Blake Whiteheart,CLE,,TE,TE,-,,
400,Tylan Wallace,CLE,,WR,WR,-,,
400,Ricky White,SEA,,WR,WR,-,,
400,Kaden Wetjen,PIT,,WR,WR,-,,
400,Jake Bobo,SEA,,WR,WR,-,,
400,Cameron Latu,PHI,,TE,TE,-,,
400,Kylen Granson,TEN,,TE,TE,-,,
400,Ian Thomas,LV,,TE,TE,-,,
400,Harrison Bryant,SEA,,TE,TE,-,,
400,Sione Vaki,DET,,RB,RB,-,,
400,Ben Yurosek,MIN,,TE,TE,-,,
400,Trent Sherfield,BUF,,WR,WR,-,,
400,Anthony Gould,IND,,WR,WR,-,,
400,LaJohntay Wester,BAL,,WR,WR,-,,
400,Skyy Moore,GB,,WR,WR,-,,
400,Donovan Edwards,MIA,,RB,RB,-,,
400,Jordan Watkins,SF,,WR,WR,-,,
400,Ko Kieft,TB,,TE,TE,-,,
400,Shane Zylstra,BUF,,TE,TE,-,,
400,Chris Manhertz,NYG,,TE,TE,-,,
400,Robert Tonyan,PIT,,TE,TE,-,,
400,Feleipe Franks,CAR,,TE,TE,-,,
400,David Moore,CAR,,WR,WR,-,,
400,Tyler Conklin,DET,,TE,TE,-,,
400,Jacob Cowing,SF,,WR,WR,-,,
400,Derius Davis,LAC,,WR,WR,-,,
400,Nikko Remigio,KC,,WR,WR,-,,
400,Ben Skowronek,PIT,,WR,WR,-,,
400,Devin Duvernay,ARI,,WR,WR,-,,
400,Dalen Cambre,NYG,,WR,WR,-,,
400,John Wolford,FA,,QB,QB,-,,
400,D'Onta Foreman,FA,,RB,RB,-,,
400,Cordarrelle Patterson,FA,,RB,RB,-,,
400,Dallen Bentley,DEN,,TE,TE,-,,
400,Moliki Matavao,NO,,TE,TE,-,,
400,Austin Reed,FA,,QB,QB,-,,
400,Jesper Horsted,FA,,TE,TE,-,,
400,Derek Wright,FA,,WR,WR,-,,
400,Tre' McKitty,FA,,TE,TE,-,,
400,Dallin Holker,FA,,TE,TE,-,,
400,Hunter Renfrow,FA,,WR,WR,-,,
400,Dante Pettis,FA,,WR,WR,-,,
400,Byron Pringle,FA,,WR,WR,-,,
400,C.J. Beathard,FA,,QB,QB,-,,
400,Godwin Igwebuike,FA,,RB,RB,-,,
400,Luke Wysong,MIN,,WR,WR,-,,
400,Jason Bean,FA,,QB,QB,-,,
400,Rocky Lombardi,FA,,QB,QB,-,,
400,Nyheim Miller-Hines,FA,,RB,RB,-,,
400,Eno Benjamin,FA,,RB,RB,-,,
400,Taylor Elgersma,FA,,QB,QB,-,,
400,Jaret Patterson,LAC,,RB,RB,-,,
400,Thaddeus Moss,FA,,TE,TE,-,,
400,Jalen Camp,FA,,WR,WR,-,,
400,Isaac Rex,FA,,TE,TE,-,,
400,Kendall Milton,CIN,,RB,RB,-,,
400,Jalon Calhoun,FA,,WR,WR,-,,
400,Malik Rutherford,FA,,WR,WR,-,,
400,Hal Presley,FA,,WR,WR,-,,
400,John Samuel Shenker,FA,,TE,TE,-,,
400,Deneric Prince,FA,,RB,RB,-,,
400,Blake Watson,FA,,RB,RB,-,,
400,Jamari Thrash,CLE,,WR,WR,-,,
400,Mitch Tinsley,CIN,,WR,WR,-,,
400,Kelly Akharaiyi,FA,,WR,WR,-,,
400,A.T. Perry,PIT,,WR,WR,-,,
400,Vinny Anthony,ATL,,WR,WR,-,,
400,Darrell Daniels,FA,,TE,TE,-,,
400,Bub Means,NO,,WR,WR,-,,
400,Ellis Merriweather,FA,,RB,RB,-,,
400,Nate McCrary,FA,,RB,RB,-,,
400,Carter Bradley,JAX,,QB,QB,-,,
400,Dee Eskridge,FA,,WR,WR,-,,
400,Jalen Reagor,MIA,,WR,WR,-,,
400,Jaxon Janke,FA,,WR,WR,-,,
400,Elijhah Badger,FA,,WR,WR,-,,
400,Zack Annexstad,FA,,QB,QB,-,,
400,Keilan Robinson,FA,,RB,RB,-,,
400,DeAndre Washington,FA,,RB,RB,-,,
400,Chris Moore,FA,,WR,WR,-,,
400,Austin Jones,FA,,RB,RB,-,,
400,Jordan Mims,FA,,RB,RB,-,,
400,Anthony Miller,FA,,WR,WR,-,,
400,Brevin Easton,FA,,WR,WR,-,,
400,Jerjuan Newton,FA,,WR,WR,-,,
400,Justin Hall,FA,,WR,WR,-,,
400,Wayne Gallman,FA,,RB,RB,-,,
400,Geoff Swaim,FA,,TE,TE,-,,
400,Alex McGough,FA,,WR,WR,-,,
400,Isaiah Spiller,FA,,RB,RB,-,,
400,Isaiah Ford,FA,,WR,WR,-,,
400,Brandon Powell,FA,,WR,WR,-,,
400,Jody Fortson,FA,,TE,TE,-,,
400,Casey Washington,FA,,WR,WR,-,,
400,Seth Williams,FA,,WR,WR,-,,
400,Jordan Travis,FA,,QB,QB,-,,
400,Emmanuel Henderson,SEA,,WR,WR,-,,
400,Tyler Kahmann,FA,,WR,WR,-,,
400,Jamal Agnew,FA,,WR,WR,-,,
400,Jha'Quan Jackson,HOU,,WR,WR,-,,
400,Beaux Collins,NYG,,WR,WR,-,,
400,Dai'Jean Dixon,FA,,WR,WR,-,,
400,Alex Bullock,FA,,WR,WR,-,,
400,Shedrick Jackson,LV,,WR,WR,-,,
400,Jordan Akins,FA,,TE,TE,-,,
400,Giovanni Ricci,FA,,TE,TE,-,,
400,Brenden Bates,CLE,,TE,TE,-,,
400,Matt Breida,FA,,RB,RB,-,,
400,DeWayne McBride,FA,,RB,RB,-,,
400,Jacolby George,FA,,WR,WR,-,,
400,Anthony McFarland,FA,,RB,RB,-,,
400,Hayden Large,CHI,,TE,TE,-,,
400,Brady Boyd,JAX,,WR,WR,-,,
400,Bryce Ford-Wheaton,FA,,WR,WR,-,,
400,Mel Brown,FA,,RB,RB,-,,
400,Austin Allen,FA,,TE,TE,-,,
400,Nick Williams,FA,,WR,WR,-,,
400,Ben Sims,MIA,,TE,TE,-,,
400,Kahale Warring,FA,,TE,TE,-,,
400,Trent Taylor,FA,,WR,WR,-,,
400,Quali Conley,FA,,RB,RB,-,,
400,Tanner Conner,NYG,,TE,TE,-,,
400,Joshua Kelley,FA,,RB,RB,-,,
400,Diontae Johnson,FA,,WR,WR,-,,
400,Donald Parham Jr.,FA,,TE,TE,-,,
400,Alex Erickson,FA,,WR,WR,-,,
400,Haynes King,CAR,,QB,QB,-,,
400,Cole Payton,PHI,,QB,QB,-,,
400,Malik Taylor,FA,,WR,WR,-,,
400,Laquon Treadwell,IND,,WR,WR,-,,
400,DeAndre Hopkins,FA,,WR,WR,-,,
400,Collin Johnson,FA,,WR,WR,-,,
400,Kelvin Harmon,FA,,WR,WR,-,,
400,Tim Jones,JAX,,WR,WR,-,,
400,Malik Heath,FA,,WR,WR,-,,
400,Bauer Sharp,TB,,TE,TE,-,,
400,Ethan Garbers,FA,,QB,QB,-,,
400,Chris Blair,ATL,,WR,WR,-,,
400,Chase Cota,FA,,WR,WR,-,,
400,Michael Gallup,FA,,WR,WR,-,,
400,Brandon Allen,NYG,,QB,QB,-,,
400,Eli Pancol,IND,,WR,WR,-,,
400,T.J. Luther,FA,,WR,WR,-,,
400,Patrick Ricard,NYG,,RB,RB,-,,
400,Max Duggan,FA,,QB,QB,-,,
400,Austin Mack,FA,,WR,WR,-,,
400,Parker Hesse,FA,,TE,TE,-,,
400,Jalon Daniels,TB,,QB,QB,-,,
400,Donovan Peoples-Jones,FA,,WR,WR,-,,
400,Craig Reynolds,FA,,RB,RB,-,,
400,Tre Nixon,FA,,WR,WR,-,,
400,Eric Ebron,FA,,TE,TE,-,,
400,Holton Ahlers,FA,,QB,QB,-,,
400,Jalen Wayne,FA,,WR,WR,-,,
400,Davion Davis,FA,,WR,WR,-,,
400,Richie James Jr.,FA,,WR,WR,-,,
400,Sean Brown,FA,,WR,WR,-,,
400,Seth Henigan,FA,,QB,QB,-,,
400,Will Mallory,IND,,TE,TE,-,,
400,Will Grier,CAR,,QB,QB,-,,
400,Greg Ward,FA,,WR,WR,-,,
400,Owen Wright,FA,,RB,RB,-,,
400,TJ Harden,CLE,,RB,RB,-,,
400,Brennan Presley,LAR,,WR,WR,-,,
400,Latavius Murray,FA,,RB,RB,-,,
400,Braxton Berrios,NYG,,WR,WR,-,,
400,Kyle Philips,FA,,WR,WR,-,,
400,E.J. Perry,FA,,QB,QB,-,,
400,Mike Boone,FA,,RB,RB,-,,
400,Stephen Anderson,FA,,TE,TE,-,,
400,Marlon Mack,FA,,RB,RB,-,,
400,Kenny Golladay,FA,,WR,WR,-,,
400,Colson Yankoff,WAS,,TE,TE,-,,
400,Robbie Ouzts,SEA,,RB,RB,-,,
400,Thomas Fidone,NYG,,TE,TE,-,,
400,Emory Jones,FA,,QB,QB,-,,
400,Larry Rountree,FA,,RB,RB,-,,
400,Matt LaCosse,FA,,TE,TE,-,,
400,Josh Ali,FA,,WR,WR,-,,
400,Hassan Haskins,FA,,RB,RB,-,,
400,Russell Gage,FA,,WR,WR,-,,
400,Kyric McGowan,FA,,WR,WR,-,,
400,Nsimba Webster,FA,,WR,WR,-,,
400,Jalen Moreno-Cropper,NO,,WR,WR,-,,
400,Xavier Grimble,FA,,TE,TE,-,,
400,Jeff Smith,FA,,WR,WR,-,,
400,Justin Johnson,FA,,TE,TE,-,,
400,Luis Perez,FA,,QB,QB,-,,
400,Tony Brown,FA,,WR,WR,-,,
400,Jalen Virgil,BUF,,WR,WR,-,,
400,Melvin Gordon III,FA,,RB,RB,-,,
400,Thayer Thomas,FA,,WR,WR,-,,
400,Jaelon Darden,FA,,WR,WR,-,,
400,Cam Camper,FA,,WR,WR,-,,
400,Isaiah Neyor,GB,,WR,WR,-,,
400,Zander Horvath,FA,,RB,RB,-,,
400,Joseph Ngata,FA,,WR,WR,-,,
400,Josh Reynolds,FA,,WR,WR,-,,
400,Nathan Carter,ATL,,RB,RB,-,,
400,D'Ernest Johnson,FA,,RB,RB,-,,
400,Clive Walford,FA,,TE,TE,-,,
400,Tulu Griffin,FA,,WR,WR,-,,
400,Rashod Owens,FA,,WR,WR,-,,
400,Jake Browning,TB,,QB,QB,-,,
400,Darrell Henderson Jr.,FA,,RB,RB,-,,
400,Alexander Mattison,FA,,RB,RB,-,,
400,Xavier Guillory,BAL,,WR,WR,-,,
400,Montorie Foster,SEA,,WR,WR,-,,
400,Hassan Hall,FA,,RB,RB,-,,
400,Devin Leary,FA,,QB,QB,-,,
400,C.J. Ham,FA,,RB,RB,-,,
400,Paul Richardson,FA,,WR,WR,-,,
400,Easop Winston,FA,,WR,WR,-,,
400,Jalin Hyatt,NYG,,WR,WR,-,,
400,Zach Gentry,FA,,TE,TE,-,,
400,Jalin Conyers,FA,,TE,TE,-,,
400,Sam Scott,NYJ,,RB,RB,-,,
400,Brenden Rice,GB,,WR,WR,-,,
400,Albert Okwuegbunam,LV,,TE,TE,-,,
400,Denzel Mims,DAL,,WR,WR,-,,
400,Adrian Martinez,SF,,QB,QB,-,,
400,Juice Wells,ATL,,WR,WR,-,,
400,Cornelius Johnson,BAL,,WR,WR,-,,
400,Jake Kumerow,FA,,WR,WR,-,,
400,La'Mical Perine,FA,,RB,RB,-,,
400,Rahsul Faison,FA,,RB,RB,-,,
400,Ihmir Smith-Marsette,ARI,,WR,WR,-,,
400,Austin Stogner,FA,,TE,TE,-,,
400,Noah Togiai,FA,,TE,TE,-,,
400,Randall Cobb,FA,,WR,WR,-,,
400,Neal Johnson,FA,,TE,TE,-,,
400,Dontae McMillan,BAL,,RB,RB,-,,
400,Colton Dowell,SF,,WR,WR,-,,
400,Jase McClellan,FA,,RB,RB,-,,
400,Blake Bell,FA,,TE,TE,-,,
400,Juwann Winfree,FA,,WR,WR,-,,
400,Hunter Bryant,FA,,TE,TE,-,,
400,Micah Bernard,FA,,RB,RB,-,,
400,Ray-Ray McCloud III,FA,,WR,WR,-,,
400,Montrell Washington,FA,,WR,WR,-,,
400,Pete Guerriero,FA,,RB,RB,-,,
400,Dez Fitzpatrick,FA,,WR,WR,-,,
400,Lynn Bowden,FA,,WR,WR,-,,
400,Jeshaun Jones,MIN,,WR,WR,-,,
400,Royce Freeman,FA,,RB,RB,-,,
400,Johnny Johnson,FA,,WR,WR,-,,
400,John Kelly,FA,,RB,RB,-,,
400,E.J. Jenkins,PHI,,TE,TE,-,,
400,Rodney Smith,FA,,RB,RB,-,,
400,Clayton Tune,FA,,QB,QB,-,,
400,Sincere McCormick,SF,,RB,RB,-,,
400,Will Sheppard,GB,,WR,WR,-,,
400,Johnny Mundt,PHI,,TE,TE,-,,
400,Malik Cunningham,DET,,WR,WR,-,,
400,Duece Watts,FA,,WR,WR,-,,
400,Josh Kattus,CIN,,TE,TE,-,,
400,Ryan Miller,NYG,,WR,WR,-,,
400,Brayden Willis,SF,,TE,TE,-,,
400,Tyler Davis,FA,,TE,TE,-,,
400,Marvin Hall,FA,,WR,WR,-,,
400,Chris Carson,FA,,RB,RB,-,,
400,Jack Westover,NE,,RB,RB,-,,
400,Malik Knowles,FA,,WR,WR,-,,
400,Anthony Brown,FA,,QB,QB,-,,
400,Zach Evans,FA,,RB,RB,-,,
400,Ja'Lynn Polk,NO,,WR,WR,-,,
400,Kirk Merritt,FA,,WR,WR,-,,
400,Jabari Small,DET,,RB,RB,-,,
400,Brandon Johnson,LV,,WR,WR,-,,
400,Samson Nacua,FA,,WR,WR,-,,
400,Jeff Caldwell,KC,,WR,WR,-,,
400,Bailey Zappe,NYJ,,QB,QB,-,,
400,Malik Turner,SF,,WR,WR,-,,
400,Hendon Hooker,TEN,,QB,QB,-,,
400,Travis Homer,PIT,,RB,RB,-,,
400,Trey Burton,FA,,TE,TE,-,,
400,Sam Pinckney,FA,,WR,WR,-,,
400,John FitzPatrick,FA,,TE,TE,-,,
400,Brycen Tremayne,CAR,,WR,WR,-,,
400,Kene Nwangwu,NYJ,,RB,RB,-,,
400,Dominic Richardson,DAL,,RB,RB,-,,
400,Robbie Chosen,FA,,WR,WR,-,,
400,Curtis Hodges,FA,,TE,TE,-,,
400,Adam Prentice,DEN,,RB,RB,-,,
400,Jacob Harris,FA,,WR,WR,-,,
400,Jordan Waters,LAR,,RB,RB,-,,
400,Sammy Watkins,FA,,WR,WR,-,,
400,Troy Hairston,FA,,RB,RB,-,,
400,Cole Hardy,FA,,TE,TE,-,,
400,Joel Wilson,TEN,,TE,TE,-,,
400,Carson Steele,PHI,,RB,RB,-,,
400,Sincere Brown,LAC,,WR,WR,-,,
400,Mario Williams,LAR,,WR,WR,-,,
400,Jonathan Ward,FA,,RB,RB,-,,
400,Rashard Higgins,FA,,WR,WR,-,,
400,Brandon Bolden,FA,,RB,RB,-,,
400,Isaiah Wooden,FA,,WR,WR,-,,
400,Joe Fagnano,BAL,,QB,QB,-,,
400,Chris Collier,LV,,RB,RB,-,,
400,Tarik Cohen,FA,,RB,RB,-,,
400,Hunter Long,JAX,,TE,TE,-,,
400,Pooka Williams,FA,,WR,WR,-,,
400,Reid Sinnett,FA,,QB,QB,-,,
400,Chandler Brayboy,JAX,,WR,WR,-,,
400,Josh Doctson,FA,,WR,WR,-,,
400,Dae'Quan Wright,PHI,,TE,TE,-,,
400,Peyton Hendershot,FA,,TE,TE,-,,
400,Kareem Hunt,FA,,RB,RB,-,,
400,James Washington,FA,,WR,WR,-,,
400,AJ Henning,MIA,,WR,WR,-,,
400,Ainias Smith,CAR,,WR,WR,-,,
400,Mike Williams,FA,,WR,WR,-,,
400,Phillip Lindsay,FA,,RB,RB,-,,
400,Shane Buechele,BUF,,QB,QB,-,,
400,Dontae Fleming,MIN,,WR,WR,-,,
400,Tyrion Davis-Price,FA,,RB,RB,-,,
400,Kristian Wilkerson,FA,,WR,WR,-,,
400,C.J. Saunders,FA,,WR,WR,-,,
400,Ja'Quinden Jackson,FA,,RB,RB,-,,
400,Ja'Corey Brooks,FA,,WR,WR,-,,
400,Marquise Goodwin,FA,,WR,WR,-,,
400,Trayveon Williams,FA,,RB,RB,-,,
400,DT Sherffield,FA,,WR,WR,-,,
400,Keith Kirkwood,FA,,WR,WR,-,,
400,Brandon Dillon,FA,,TE,TE,-,,
400,James Mitchell,CAR,,TE,TE,-,,
400,Trevon Wesco,FA,,TE,TE,-,,
400,Tyreik McAllister,FA,,WR,WR,-,,
400,Andy Isabella,FA,,WR,WR,-,,
400,Dillon Johnson,FA,,RB,RB,-,,
400,Devon Allen,FA,,WR,WR,-,,
400,Sean Mannion,FA,,QB,QB,-,,
400,Amari Rodgers,FA,,WR,WR,-,,
400,Alex Armah,FA,,RB,RB,-,,
400,Sean Ryan,FA,,WR,WR,-,,
400,Lan Larison,NE,,RB,RB,-,,
400,Charleston Rambo,FA,,WR,WR,-,,
400,Tyler Boyd,FA,,WR,WR,-,,
400,D.J. Montgomery,FA,,WR,WR,-,,
400,Reggie Gilliam,NE,,RB,RB,-,,
400,Deonte Harty,FA,,WR,WR,-,,
400,Bryson Nesbit,MIN,,TE,TE,-,,
400,Payton Thorne,FA,,QB,QB,-,,
400,Jason Huntley,FA,,RB,RB,-,,
400,Montrell Johnson,FA,,RB,RB,-,,
400,Jerand Bradley,LAC,,TE,TE,-,,
400,Justyn Ross,FA,,WR,WR,-,,
400,Lewis Bond,HOU,,WR,WR,-,,
400,Jimmy Garoppolo,FA,,QB,QB,-,,
400,Zach Davidson,FA,,TE,TE,-,,
400,Ryan Jones,FA,,TE,TE,-,,
400,Jermaine Burton,FA,,WR,WR,-,,
400,Deon Jackson,FA,,RB,RB,-,,
400,MyCole Pruitt,FA,,TE,TE,-,,
400,Jerick McKinnon,FA,,RB,RB,-,,
400,Miles Sanders,FA,,RB,RB,-,,
400,Matt Barkley,FA,,QB,QB,-,,
400,Freddie Swain,FA,,WR,WR,-,,
400,Dorian Singer,FA,,WR,WR,-,,
400,Mark Gronowski,MIA,,QB,QB,-,,
400,Michael Ezeike,FA,,TE,TE,-,,
400,Nathaniel Peat,FA,,RB,RB,-,,
400,Cody Schrader,DEN,,RB,RB,-,,
400,Jaray Jenkins,FA,,WR,WR,-,,
400,Miller Moss,CHI,,QB,QB,-,,
400,David Martin-Robinson,TEN,,TE,TE,-,,
400,Zaire Mitchell-Paden,NO,,TE,TE,-,,
400,Simi Fehoko,ARI,,WR,WR,-,,
400,Ben DiNucci,FA,,QB,QB,-,,
400,Troy Fumagalli,FA,,TE,TE,-,,
400,Jesse James,FA,,TE,TE,-,,
400,Kellen Mond,FA,,QB,QB,-,,
400,Chase Claypool,FA,,WR,WR,-,,
400,Silas Bolden,FA,,WR,WR,-,,
400,Bam Knight,ARI,,RB,RB,-,,
400,Brady Cook,NYJ,,QB,QB,-,,
400,Tommy Mellott,FA,,WR,WR,-,,
400,Kazmeir Allen,FA,,RB,RB,-,,
400,Jermar Jefferson,FA,,RB,RB,-,,
400,Armani Rogers,FA,,TE,TE,-,,
400,Cash Jones,ATL,,RB,RB,-,,
400,Davon Booth,CLE,,RB,RB,-,,
400,Lake McRee,PIT,,TE,TE,-,,
400,Brandon Smith,PIT,,WR,WR,-,,
400,Kaden Davis,CHI,,WR,WR,-,,
400,Michael Wiley,FA,,RB,RB,-,,
400,Quentin Moore,WAS,,TE,TE,-,,
400,Ben Mason,FA,,RB,RB,-,,
400,Desmond Reid,FA,,RB,RB,-,,
400,Terrell Bynum,FA,,WR,WR,-,,
400,Keilahn Harris,FA,,WR,WR,-,,
400,Cornell Powell,FA,,WR,WR,-,,
400,Patrick Taylor,SF,,RB,RB,-,,
400,De'Anthony Thomas,FA,,WR,WR,-,,
400,J.J. Taylor,FA,,RB,RB,-,,
400,Cole Beasley,FA,,WR,WR,-,,
400,Frank Gore,BUF,,RB,RB,-,,
400,Sal Cannella,FA,,TE,TE,-,,
400,Boston Scott,FA,,RB,RB,-,,
400,Mike White,FA,,QB,QB,-,,
400,Pharoh Cooper,FA,,WR,WR,-,,
400,James Robinson,FA,,RB,RB,-,,
400,Sammis Reyes,FA,,TE,TE,-,,
400,Erik Krommenhoek,FA,,TE,TE,-,,
400,Kedon Slovis,ARI,,QB,QB,-,,
400,Jordan Matthews,FA,,TE,TE,-,,
400,DeAngelo Hardy,FA,,WR,WR,-,,
400,Sterling Shepard,FA,,WR,WR,-,,
400,Lucky Jackson,DET,,WR,WR,-,,
400,Ke'Shawn Vaughn,FA,,RB,RB,-,,
400,Jake Haener,FA,,QB,QB,-,,
400,Nate Noel,FA,,RB,RB,-,,
400,Le'Veon Moss,FA,,RB,RB,-,,
400,Matthew Slater,FA,,WR,WR,-,,
400,Traeshon Holden,DAL,,WR,WR,-,,
400,Nick Boyle,FA,,TE,TE,-,,
400,Derrick Gore,FA,,RB,RB,-,,
400,Quintez Cephus,FA,,WR,WR,-,,
400,Jordan Moore,CIN,,WR,WR,-,,
400,Jalen Walthall,NYJ,,WR,WR,-,,
400,Gavin Bartholomew,MIN,,TE,TE,-,,
400,Dax Milne,FA,,WR,WR,-,,
400,JaMycal Hasty,FA,,RB,RB,-,,
400,Daylen Baldwin,FA,,WR,WR,-,,
400,David Blough,FA,,QB,QB,-,,
400,Jonathan Mingo,DAL,,WR,WR,-,,
400,Taysom Hill,FA,,TE,TE,-,,
400,Kevin Rader,FA,,TE,TE,-,,
400,Rivaldo Fairweather,ARI,,TE,TE,-,,
400,Aidan Robbins,FA,,RB,RB,-,,
400,Duke Johnson,FA,,RB,RB,-,,
400,Will Dissly,FA,,TE,TE,-,,
400,Jordan Murray,FA,,TE,TE,-,,
400,Austin Trammell,JAX,,WR,WR,-,,
400,Duke Williams,FA,,WR,WR,-,,
400,Roschon Johnson,CHI,,RB,RB,-,,
400,Luke Stocker,FA,,TE,TE,-,,
400,Kurtis Rourke,SF,,QB,QB,-,,
400,Ja'Mori Maclin,BUF,,WR,WR,-,,
400,DeCarlos Nicholson,FA,,RB,RB,-,,
400,Chris Myarick,FA,,TE,TE,-,,
400,Jackson Meeks,DET,,WR,WR,-,,
400,Josh Pederson,FA,,TE,TE,-,,
400,Tyler Kroft,FA,,TE,TE,-,,
400,Kobe Hudson,FA,,WR,WR,-,,
400,Joe Reed,FA,,WR,WR,-,,
400,Lawrence Keys,DET,,WR,WR,-,,
400,Erik Ezukanma,PHI,,WR,WR,-,,
400,Deuce Vaughn,FA,,RB,RB,-,,
400,Dean Conners,FA,,RB,RB,-,,
400,Dontay Demus,FA,,WR,WR,-,,
400,Kyle Trask,FA,,QB,QB,-,,
400,Javon Baker,FA,,WR,WR,-,,
400,Steven Sims,FA,,WR,WR,-,,
400,Frank Darby,FA,,WR,WR,-,,
400,Snoop Conner,FA,,RB,RB,-,,
400,Andre Roberts,FA,,WR,WR,-,,
400,Stetson Bennett,LAR,,QB,QB,-,,
400,Bailey Gaither,FA,,WR,WR,-,,
400,Trace McSorley,FA,,QB,QB,-,,
400,Jamaal Williams,FA,,RB,RB,-,,
400,Myles Price,MIN,,WR,WR,-,,
400,Jacob Saylors,DET,,RB,RB,-,,
400,Dare Ogunbowale,FA,,RB,RB,-,,
400,Thomas Odukoya,FA,,TE,TE,-,,
400,Jacob Eason,FA,,QB,QB,-,,
400,E.J. Williams,LV,,WR,WR,-,,
400,Tommy Sweeney,FA,,TE,TE,-,,
400,Jahmal Banks,FA,,WR,WR,-,,
400,Jake Luton,FA,,QB,QB,-,,
400,Corey Kiner,ARI,,RB,RB,-,,
400,Josiah Deguara,FA,,TE,TE,-,,
400,Gunner Olszewski,NYG,,WR,WR,-,,
400,Caleb Huntley,FA,,RB,RB,-,,
400,Dan Chisena,CAR,,WR,WR,-,,
400,Lance McCutcheon,TEN,,WR,WR,-,,
400,Ty'Son Williams,FA,,RB,RB,-,,
400,Daijun Edwards,FA,,RB,RB,-,,
400,Jack Colletto,FA,,RB,RB,-,,
400,Noah Short,FA,,WR,WR,-,,
400,Drew Lock,SEA,,QB,QB,-,,
400,Chris Conley,FA,,WR,WR,-,,
400,Jarvis Landry,FA,,WR,WR,-,,
400,Damien Williams,FA,,RB,RB,-,,
400,Jacob Warren,FA,,TE,TE,-,,
400,Marcus Yarns,FA,,RB,RB,-,,
400,Chris Herndon,FA,,TE,TE,-,,
400,K.J. Osborn,TEN,,WR,WR,-,,
400,Da'Quan Felton,NYJ,,WR,WR,-,,
400,Raheem Mostert,FA,,RB,RB,-,,
400,Robert Henry,WAS,,RB,RB,-,,
400,Dominique Dafney,FA,,TE,TE,-,,
400,Chris Oladokun,KC,,QB,QB,-,,
400,Jalen Guyton,FA,,WR,WR,-,,
400,DJ Rogers,DAL,,TE,TE,-,,
400,Athan Kaliakmanis,WAS,,QB,QB,-,,
400,Jacob Clark,LV,,QB,QB,-,,
400,Princeton Fant,DAL,,TE,TE,-,,
400,Graham Mertz,HOU,,QB,QB,-,,
400,Aaron Shampklin,FA,,RB,RB,-,,
400,Rodney Adams,FA,,WR,WR,-,,
400,Lorenzo Lingard,FA,,RB,RB,-,,
400,Mathew Sexton,FA,,WR,WR,-,,
400,Donavon Greene,FA,,WR,WR,-,,
400,Brandin Cooks,FA,,WR,WR,-,,
400,Ethan Fernea,FA,,WR,WR,-,,
400,Tony Jones Jr.,FA,,RB,RB,-,,
400,Sam Hartman,WAS,,QB,QB,-,,
400,Zay Jones,FA,,WR,WR,-,,
400,Rakim Jarrett,FA,,WR,WR,-,,
400,Jordan Hudson,DAL,,WR,WR,-,,
400,Tyrie Cleveland,FA,,WR,WR,-,,
400,Je'Quan Burton,FA,,WR,WR,-,,
400,Kenny Pickett,CAR,,QB,QB,-,,
400,Messiah Swinson,GB,,TE,TE,-,,
400,Michael Burton,CLE,,RB,RB,-,,
400,Kobe Prentice,CAR,,WR,WR,-,,
400,Ezekiel Elliott,DAL,,RB,RB,-,,
400,Johnny Lumpkin,FA,,TE,TE,-,,
400,Kenny Yeboah,ARI,,TE,TE,-,,
400,Ronald Jones,FA,,RB,RB,-,,
400,Marquez Callaway,FA,,WR,WR,-,,
400,Malik Flowers,FA,,WR,WR,-,,
400,Equanimeous St. Brown,FA,,WR,WR,-,,
400,Hayden Rucci,SF,,TE,TE,-,,
400,Riley Leonard,IND,,QB,QB,-,,
400,Jamoi Mayes,FA,,WR,WR,-,,
400,Tucker Fisk,FA,,TE,TE,-,,
400,Mac Dalena,BUF,,WR,WR,-,,
400,DJ Turner,FA,,WR,WR,-,,
400,Nikola Kalinic,CHI,,TE,TE,-,,
400,Jacob Hollister,FA,,TE,TE,-,,
400,Treyton Welch,NO,,TE,TE,-,,
400,Teagan Quitoriano,ARI,,TE,TE,-,,
400,Noah Brown,WAS,,WR,WR,-,,
400,Julio Jones,FA,,WR,WR,-,,
400,Jakob Johnson,FA,,RB,RB,-,,
400,Kenyan Drake,FA,,RB,RB,-,,
400,Jamison Crowder,FA,,WR,WR,-,,
400,La'Michael Pettway,FA,,TE,TE,-,,
400,Khalil Herbert,FA,,RB,RB,-,,
400,Joshua Dobbs,FA,,QB,QB,-,,
400,Bryant Koback,FA,,RB,RB,-,,
400,Deontay Burnett,FA,,WR,WR,-,,
400,Tyler Lockett,FA,,WR,WR,-,,
400,Gerrid Doaks,FA,,RB,RB,-,,
400,Luke Lachey,GB,,TE,TE,-,,
400,Tyree Jackson,FA,,TE,TE,-,,
400,Case Keenum,CHI,,QB,QB,-,,
400,Octavion Smith Jr.,FA,,WR,WR,-,,
400,Behren Morton,NE,,QB,QB,-,,
400,Ronnie Bell,NO,,WR,WR,-,,
400,Cam Sims,FA,,WR,WR,-,,
400,Jeff Driskel,FA,,QB,QB,-,,
400,Michael Woods,FA,,WR,WR,-,,
400,Rashaad Penny,FA,,RB,RB,-,,
400,Marcedes Lewis,FA,,TE,TE,-,,
400,Kadarius Toney,FA,,WR,WR,-,,
400,Avery Williams,FA,,RB,RB,-,,
400,Dillon Bell,MIN,,WR,WR,-,,
400,Devonte Ross,LAC,,WR,WR,-,,
400,Velus Jones Jr.,SEA,,RB,RB,-,,
400,Michael Jacobson,FA,,TE,TE,-,,
400,Derek Parish,FA,,TE,TE,-,,
400,Marcell Ateman,FA,,WR,WR,-,,
400,Robert Burns,FA,,RB,RB,-,,
400,Jalen Richard,FA,,RB,RB,-,,
400,Alec Ingold,LAC,,RB,RB,-,,
400,Treyvhon Saunders,HOU,,WR,WR,-,,
400,Lew Nichols,PIT,,RB,RB,-,,
400,Breshad Perriman,FA,,WR,WR,-,,
400,Greg Bell,FA,,RB,RB,-,,
400,Kevin White,FA,,WR,WR,-,,
400,Landon Parker,FA,,WR,WR,-,,
400,Corey Davis,FA,,WR,WR,-,,
400,Noah Whittington,HOU,,RB,RB,-,,
400,Samori Toure,PHI,,WR,WR,-,,
400,Keleki Latu,BUF,,TE,TE,-,,
400,Elijah Moore,PHI,,WR,WR,-,,
400,Nathan Rourke,FA,,QB,QB,-,,
400,Jaden Shirden,FA,,RB,RB,-,,
400,Trevor Siemian,ATL,,QB,QB,-,,
400,Salvon Ahmed,CHI,,RB,RB,-,,
400,Anthony Smith,DAL,,WR,WR,-,,
400,CJ Donaldson,NO,,RB,RB,-,,
400,Brady Russell,SEA,,RB,RB,-,,
400,Tarik Black,DET,,WR,WR,-,,
400,Cole Turner,MIA,,TE,TE,-,,
400,Jason Brownlee,KC,,WR,WR,-,,
400,Leonard Taylor,FA,,TE,TE,-,,
400,Irv Smith Jr.,FA,,TE,TE,-,,
400,Scotty Washington,FA,,TE,TE,-,,
400,Demetric Felton,FA,,RB,RB,-,,
400,Brittain Brown,CHI,,RB,RB,-,,
400,Khalan Laborn,FA,,RB,RB,-,,
400,Jaheim Bell,PIT,,TE,TE,-,,
400,Jonnu Smith,FA,,TE,TE,-,,
400,Cooper Rush,FA,,QB,QB,-,,
400,Blake Jarwin,FA,,TE,TE,-,,
400,Xavier Gipson,NYG,,WR,WR,-,,
400,Izaiah Gathings,FA,,WR,WR,-,,
400,Matthew Caldwell,LAR,,QB,QB,-,,
400,Tim Boyle,FA,,QB,QB,-,,
400,Irv Charles,SEA,,WR,WR,-,,
400,Leroy Watson,FA,,TE,TE,-,,
400,Josh Williams,TB,,RB,RB,-,,
400,KhaDarel Hodge,FA,,WR,WR,-,,
400,Trey Knox,FA,,TE,TE,-,,
400,Dan Villari,LAR,,TE,TE,-,,
400,Kejon Owens,MIN,,RB,RB,-,,
400,Pharaoh Brown,FA,,TE,TE,-,,
400,Cade Johnson,FA,,WR,WR,-,,
400,Damiere Byrd,FA,,WR,WR,-,,
400,Myles Gaskin,FA,,RB,RB,-,,
400,Jaren Hall,FA,,QB,QB,-,,
400,Dezmon Patmon,FA,,WR,WR,-,,
400,Allen Lazard,FA,,WR,WR,-,,
400,Raleigh Webb,FA,,WR,WR,-,,
400,Jadon Janke,FA,,WR,WR,-,,
400,Ricky Person,FA,,RB,RB,-,,
400,N'Keal Harry,FA,,TE,TE,-,,
400,Kaden Smith,FA,,TE,TE,-,,
400,DeMeer Blankumsee,FA,,WR,WR,-,,
400,Jake Briningstool,KC,,TE,TE,-,,
400,Andrew Armstrong,KC,,WR,WR,-,,
400,Malcolm Brown,FA,,RB,RB,-,,
400,Zakhari Franklin,FA,,WR,WR,-,,
400,Jacques Patrick,FA,,RB,RB,-,,
400,Ryan Tannehill,FA,,QB,QB,-,,
400,Ross Dwelley,FA,,TE,TE,-,,
400,Terion Stewart,KC,,RB,RB,-,,
400,Racey McMath,FA,,WR,WR,-,,
400,David Wells,FA,,TE,TE,-,,
400,Tre Stewart,FA,,RB,RB,-,,
400,Keelan Doss,FA,,WR,WR,-,,
400,Dwayne Washington,FA,,RB,RB,-,,
400,Jacob Copeland,FA,,WR,WR,-,,
400,Jared Wiley,KC,,TE,TE,-,,
400,Jelani Woods,NYJ,,TE,TE,-,,
400,Desmond Ridder,FA,,QB,QB,-,,
400,Luke Altmyer,DET,,QB,QB,-,,
400,Anthony Hankerson,MIA,,RB,RB,-,,
400,Nick Bowers,FA,,TE,TE,-,,
400,Jake Fromm,FA,,QB,QB,-,,
400,Matt Sokol,FA,,TE,TE,-,,
400,Leonard Fournette,FA,,RB,RB,-,,
400,Jason Cabinda,FA,,RB,RB,-,,
400,Kendric Pryor,CIN,,WR,WR,-,,
400,Daurice Fountain,FA,,WR,WR,-,,
400,Michael Strachan,FA,,WR,WR,-,,
400,CJ Dippre,NE,,TE,TE,-,,
400,Gerald Everett,FA,,TE,TE,-,,
400,Sawyer Robertson,FA,,QB,QB,-,,
400,Keaontay Ingram,FA,,RB,RB,-,,
400,Emani Bailey,FA,,RB,RB,-,,
400,Laviska Shenault Jr.,FA,,WR,WR,-,,
400,John Ross,FA,,WR,WR,-,,
400,Nick Nash,WAS,,WR,WR,-,,
400,Cortez Braham,BAL,,WR,WR,-,,
400,Nate Sudfeld,FA,,QB,QB,-,,
400,Isaiah Winstead,FA,,WR,WR,-,,
400,Elijah Collins,FA,,RB,RB,-,,
400,Squirrel White,FA,,WR,WR,-,,
400,Patrick Laird,FA,,RB,RB,-,,
400,Jared Wayne,HOU,,WR,WR,-,,
400,Willie Snead,FA,,WR,WR,-,,
400,DeeJay Dallas,JAX,,RB,RB,-,,
400,Damien Harris,FA,,RB,RB,-,,
400,Wesley Grimes,SF,,WR,WR,-,,
400,Britain Covey,PHI,,WR,WR,-,,
400,Mason Pline,KC,,TE,TE,-,,
400,Sam Howell,DAL,,QB,QB,-,,
400,Nick Muse,FA,,TE,TE,-,,
400,Cedrick Wilson,DET,,WR,WR,-,,
400,Kwamie Lassiter,FA,,WR,WR,-,,
400,Jakeem Grant,FA,,WR,WR,-,,
400,Isaiah Washington,FA,,WR,WR,-,,
400,Terique Owens,FA,,WR,WR,-,,
400,Curtis Samuel,FA,,WR,WR,-,,
400,Garrett Nussmeier,KC,,QB,QB,-,,
400,Blaine Gabbert,FA,,QB,QB,-,,
400,Mike Harley,FA,,WR,WR,-,,
400,Trinity Benson,FA,,WR,WR,-,,
400,Dominic Lovett,DET,,WR,WR,-,,
400,Ahmani Marshall,CLE,,RB,RB,-,,
400,Chase Curtis,NYJ,,TE,TE,-,,
400,Giles Jackson,FA,,WR,WR,-,,
400,CJ Williams,JAX,,WR,WR,-,,
400,Nathan Peterman,FA,,QB,QB,-,,
400,Marvin Jones Jr.,FA,,WR,WR,-,,
400,Trey Sermon,FA,,RB,RB,-,,
400,Miles Boykin,FA,,WR,WR,-,,
400,Jordan Wilkins,FA,,RB,RB,-,,
400,Mason Tipton,NO,,WR,WR,-,,
400,Ben Patterson,JAX,,WR,WR,-,,
400,Logan Woodside,FA,,QB,QB,-,,
400,Tyler Scott,LAR,,WR,WR,-,,
400,Shi Smith,FA,,WR,WR,-,,
400,Gregory Desrosiers,LAC,,RB,RB,-,,
400,Gee Scott,NYJ,,TE,TE,-,,
400,Ty Montgomery,FA,,WR,WR,-,,
400,Cody Hardy,NO,,TE,TE,-,,
400,Deon Cain,FA,,WR,WR,-,,
400,Evan Hull,HOU,,RB,RB,-,,
400,Israel Abanikanda,DAL,,RB,RB,-,,
400,Justin Watson,HOU,,WR,WR,-,,
400,Tommy Hudson,FA,,TE,TE,-,,
400,Spencer Brown,FA,,RB,RB,-,,
400,David Bell,FA,,WR,WR,-,,
400,Jalen White,FA,,RB,RB,-,,
400,Raheem Blackshear,FA,,RB,RB,-,,
400,Jesse Matthews,FA,,WR,WR,-,,
400,Brian Hoyer,FA,,QB,QB,-,,
400,Corey Clement,FA,,RB,RB,-,,
400,Monaray Baldwin,FA,,WR,WR,-,,
400,Stanley Morgan,FA,,WR,WR,-,,
400,Jashaun Corbin,FA,,RB,RB,-,,
400,Coleman Bennett,CHI,,RB,RB,-,,
400,Deshaun Fenwick,FA,,RB,RB,-,,
400,Brian Hill,FA,,RB,RB,-,,
400,Skylar Thompson,BAL,,QB,QB,-,,
400,Kaden Prather,FA,,WR,WR,-,,
400,Gus Edwards,FA,,RB,RB,-,,
400,Darrel Williams,FA,,RB,RB,-,,
400,Danny Gray,PHI,,WR,WR,-,,
400,Harrison Wallace,ARI,,WR,WR,-,,
400,Zack Kuntz,FA,,TE,TE,-,,
400,C.J. Uzomah,FA,,TE,TE,-,,
400,Eric Tomlinson,FA,,TE,TE,-,,
400,Sam Ehlinger,DEN,,QB,QB,-,,
400,Tyren Montgomery,TEN,,WR,WR,-,,
400,Khalil Dinkins,SF,,TE,TE,-,,
400,P.J. Walker,FA,,QB,QB,-,,
400,Dalvin Cook,FA,,RB,RB,-,,
400,Lawrence Cager,WAS,,TE,TE,-,,
400,Ty Scott,FA,,WR,WR,-,,
400,Stephen Carlson,CHI,,TE,TE,-,,
400,Makai Polk,FA,,WR,WR,-,,
400,Cody Thompson,FA,,WR,WR,-,,
400,Thomas Yassmin,FA,,TE,TE,-,,
400,Hayden Hatten,FA,,WR,WR,-,,
400,Dontrell Hilliard,FA,,RB,RB,-,,
400,Hayden Hurst,FA,,TE,TE,-,,
400,Matt Corral,FA,,QB,QB,-,,
400,Chris Pierce,FA,,TE,TE,-,,
400,Mecole Hardman Jr.,BUF,,WR,WR,-,,
400,Devine Ozigbo,FA,,RB,RB,-,,
400,Cephus Johnson,FA,,WR,WR,-,,
400,Logan Thomas,FA,,TE,TE,-,,
400,DeVante Parker,FA,,WR,WR,-,,
400,Deven Thompkins,BUF,,WR,WR,-,,
400,D.J. Williams,FA,,RB,RB,-,,
400,JP Richardson,CHI,,WR,WR,-,,
400,Michael Thomas,FA,,WR,WR,-,,
400,Caleb Lohner,DEN,,TE,TE,-,,
400,Anthony Schwartz,FA,,WR,WR,-,,
400,Mark Redman,LAR,,TE,TE,-,,
400,Cam Akers,FA,,RB,RB,-,,
400,Kevin Harris,FA,,RB,RB,-,,
400,Michael Pratt,FA,,QB,QB,-,,
400,Phillip Dorsett,LV,,WR,WR,-,,
400,Tanner Mordecai,FA,,QB,QB,-,,
400,Clyde Edwards-Helaire,FA,,RB,RB,-,,
400,Trishton Jackson,FA,,WR,WR,-,,
400,Cam Miller,MIA,,QB,QB,-,,
400,Noah Cain,FA,,RB,RB,-,,
400,Zack Moss,FA,,RB,RB,-,,
400,Eric Gray,NYG,,RB,RB,-,,
400,Tanner Taula,FA,,TE,TE,-,,
400,Aidan O'Connell,LV,,QB,QB,-,,
400,Marcus Rosemy-Jacksaint,FA,,WR,WR,-,,
400,Shaquan Davis,FA,,WR,WR,-,,
400,Eric McAlister,FA,,WR,WR,-,,
400,Slade Bolden,FA,,WR,WR,-,,
400,Nick Vannett,FA,,TE,TE,-,,
400,Stephen Sullivan,FA,,TE,TE,-,,
400,KJ Hamler,FA,,WR,WR,-,,
400,Tay Martin,DET,,WR,WR,-,,
400,Kearis Jackson,FA,,WR,WR,-,,
400,Griffin Hebert,FA,,WR,WR,-,,
400,David Durden,FA,,WR,WR,-,,
400,Kayron Lynch-Adams,FA,,RB,RB,-,,
400,Carlos Washington,MIA,,RB,RB,-,,
400,Trey Quinn,FA,,WR,WR,-,,
400,Jakobie Keeney-James,FA,,WR,WR,-,,
400,Bernhard Seikovits,FA,,TE,TE,-,,
400,Zamir White,FA,,RB,RB,-,,
400,Chester Rogers,FA,,WR,WR,-,,
400,Scotty Miller,CHI,,WR,WR,-,,
400,Chip Trayanum,NYJ,,RB,RB,-,,
400,Miller Forristall,FA,,TE,TE,-,,
400,Keith Smith,FA,,RB,RB,-,,
400,McCallan Castles,FA,,TE,TE,-,,
400,Gabe Davis,FA,,WR,WR,-,,
400,Tre'Quan Smith,FA,,WR,WR,-,,
400,Luke Grimm,LAC,,WR,WR,-,,
400,Jamaal Pritchett,NYJ,,WR,WR,-,,
400,Mason Kinsey,TEN,,WR,WR,-,,
400,Tanner McLachlan,FA,,TE,TE,-,,
400,Ulysses Bentley,IND,,RB,RB,-,,
400,Andrew Beck,NYJ,,RB,RB,-,,
400,Parris Campbell,FA,,WR,WR,-,,
400,Andre Baccellia,FA,,WR,WR,-,,
400,AJ McCarron,FA,,QB,QB,-,,
400,Trenton Irwin,FA,,WR,WR,-,,
400,Dede Westbrook,FA,,WR,WR,-,,
400,O.J. Howard,FA,,TE,TE,-,,
400,Theo Riddick,FA,,RB,RB,-,,
400,Chase Edmonds,FA,,RB,RB,-,,
400,Anthony Tyus,CAR,,RB,RB,-,,
400,Kendall Blanton,FA,,TE,TE,-,,
400,Tejhaun Palmer,ARI,,WR,WR,-,,
400,Taylor Heinicke,FA,,QB,QB,-,,
400,Daniel Sobkowicz,HOU,,WR,WR,-,,
400,Zach Wilson,NO,,QB,QB,-,,
400,Alfonzo Graham,FA,,RB,RB,-,,
400,DeAndre Carter,FA,,WR,WR,-,,
400,Gavin Hardison,FA,,QB,QB,-,,
400,Cole Fotheringham,FA,,TE,TE,-,,
400,Ramel Keyton,FA,,WR,WR,-,,
400,Ricky Seals-Jones,FA,,TE,TE,-,,
400,Dalton Keene,FA,,TE,TE,-,,
400,Joshua Simon,ATL,,TE,TE,-,,
400,John Stephens,FA,,TE,TE,-,,
400,Sam Brown,FA,,WR,WR,-,,
400,Stevo Klotz,FA,,TE,TE,-,,
400,Maxwell Bishop,FA,,RB,RB,-,,
400,Thyrick Pitts,FA,,WR,WR,-,,
400,Dennis Houston,TB,,WR,WR,-,,
400,Christian Wade,FA,,RB,RB,-,,
400,Caullin Lacy,NYJ,,WR,WR,-,,
400,Drake Stoops,FA,,WR,WR,-,,
400,Trent Pennix,FA,,RB,RB,-,,
400,John Copenhaver,FA,,TE,TE,-,,
400,Russell Wilson,FA,,QB,QB,-,,
400,Quentin Skinner,FA,,WR,WR,-,,
400,Terrace Marshall Jr.,MIA,,WR,WR,-,,
400,Trey Palmer,NO,,WR,WR,-,,
400,Sean McKeon,IND,,TE,TE,-,,
400,Ayir Asante,FA,,WR,WR,-,,
400,James O'Shaughnessy,FA,,TE,TE,-,,
400,Austin Ekeler,FA,,RB,RB,-,,
400,Justin Shorter,LV,,WR,WR,-,,
400,Tahj Washington,MIA,,WR,WR,-,,
400,Hank Beatty,TEN,,WR,WR,-,,
400,Elijah Cooks,FA,,WR,WR,-,,
400,Adam Shaheen,FA,,TE,TE,-,,
400,Travis Vokolek,FA,,TE,TE,-,,
400,Darrynton Evans,FA,,RB,RB,-,,
400,Lee Smith,FA,,TE,TE,-,,
400,Tru Edwards,LAR,,WR,WR,-,,
400,Antonio Gibson,FA,,RB,RB,-,,
400,Dayton Wade,BAL,,WR,WR,-,,
400,Carsen Ryan,CLE,,TE,TE,-,,
400,Jake Funk,FA,,RB,RB,-,,
400,Josh Kelly,HOU,,WR,WR,-,,
400,Antoine Green,FA,,WR,WR,-,,
400,Drew Plitt,FA,,QB,QB,-,,
400,Sage Surratt,FA,,TE,TE,-,,
400,JaQuae Jackson,LAC,,WR,WR,-,,
400,Robert Woods,FA,,WR,WR,-,,
400,Maurice Alexander,CHI,,WR,WR,-,,
400,Adam Thielen,FA,,WR,WR,-,,
400,Chris Hilton,WAS,,WR,WR,-,,
400,Dresser Winn,FA,,QB,QB,-,,
400,Jaylon Moore,FA,,WR,WR,-,,
400,Will Pauling,SF,,WR,WR,-,,
400,Isaiah McKenzie,FA,,WR,WR,-,,
400,Cody Latimer,FA,,WR,WR,-,,
400,Ian Book,FA,,QB,QB,-,,
400,Sam Wiglusz,FA,,WR,WR,-,,
400,Abram Smith,FA,,RB,RB,-,,
400,Matt Landers,FA,,WR,WR,-,,
400,Kole Taylor,FA,,TE,TE,-,,
400,Dorian Thompson-Robinson,FA,,QB,QB,-,,
400,Dylan Drummond,ATL,,WR,WR,-,,
400,Kalen Ballage,FA,,RB,RB,-,,
400,Ra'Shaun Henry,FA,,WR,WR,-,,
400,Patrick Herbert,JAX,,TE,TE,-,,
400,J.P. Holtz,FA,,TE,TE,-,,
400,Taiwan Jones,FA,,RB,RB,-,,
400,Mason Fairchild,FA,,TE,TE,-,,
400,Hakeem Butler,DEN,,WR,WR,-,,
400,Benny Snell,FA,,RB,RB,-,,
400,Jalen Wydermyer,FA,,TE,TE,-,,
400,Kyron Drones,GB,,QB,QB,-,,
400,Joey Aguilar,JAX,,QB,QB,-,,
400,Kendrick Law,DET,,WR,WR,-,,
400,Robert Lewis,FA,,WR,WR,-,,
400,Caden Prieskorn,FA,,TE,TE,-,,
400,Dylan Parham,FA,,TE,TE,-,,
400,Tanner Morgan,FA,,QB,QB,-,,
400,Devin Asiasi,FA,,TE,TE,-,,
400,Joseph Manjack,DEN,,WR,WR,-,,
400,Roc Taylor,FA,,WR,WR,-,,
400,Grant DuBose,FA,,WR,WR,-,,
400,J. Michael Sturdivant,GB,,WR,WR,-,,
400,Jack Plummer,FA,,QB,QB,-,,
400,Richard Rodgers,FA,,TE,TE,-,,
400,River Cracraft,FA,,WR,WR,-,,
400,Trestan Ebner,FA,,RB,RB,-,,
400,AJ Dillon,CAR,,RB,RB,-,,
400,Tyrone Broden,SEA,,WR,WR,-,,
400,Quez Watkins,PHI,,WR,WR,-,,
400,Joshua Cephus,FA,,WR,WR,-,,
400,Qadree Ollison,FA,,RB,RB,-,,
400,Anthony Firkser,WAS,,TE,TE,-,,
400,Tre'Shaun Harrison,FA,,WR,WR,-,,
400,Dymere Miller,FA,,WR,WR,-,,
400,Kyle McCord,GB,,QB,QB,-,,
400,Elijah Dotson,FA,,RB,RB,-,,
400,Allen Robinson II,FA,,WR,WR,-,,
400,Chris Evans,FA,,RB,RB,-,,
400,Mohamed Ibrahim,FA,,RB,RB,-,,
400,Daniel Arias,FA,,WR,WR,-,,
400,Jacob Kibodi,FA,,RB,RB,-,,
400,Nelson Agholor,FA,,WR,WR,-,,
400,Easton Stick,IND,,QB,QB,-,,
400,Jack Doyle,FA,,TE,TE,-,,
400,Alex Bachman,FA,,WR,WR,-,,
400,Tayvion Robinson,FA,,WR,WR,-,,
400,Trinidad Chambliss,FA,,QB,QB,-,,
400,Jeff Wilson Jr.,FA,,RB,RB,-,,
400,Penny Hart,FA,,WR,WR,-,,
400,Khari Blasingame,FA,,RB,RB,-,,
400,Mitchell Wilcox,FA,,TE,TE,-,,
400,Max Brosmer,MIN,,QB,QB,-,,
400,Brycen Hopkins,FA,,TE,TE,-,,
400,Roman Hemby,LV,,RB,RB,-,,
400,Nick Chubb,HOU,,RB,RB,-,,
400,Michael Bandy,DEN,,WR,WR,-,,
400,Daewood Davis,FA,,WR,WR,-,,
400,SaRodorick Thompson,FA,,RB,RB,-,,
400,Johnny Wilson,PHI,,WR,WR,-,,
400,Bryan Thompson,FA,,WR,WR,-,,
400,Jaydon Mickens,FA,,WR,WR,-,,
400,Brett Rypien,FA,,QB,QB,-,,
400,Sam Pitz,FA,,TE,TE,-,,
400,Braylon Sanders,FA,,WR,WR,-,,
400,Sean Clifford,CIN,,QB,QB,-,,
400,James Proche,FA,,WR,WR,-,,
400,Malcolm Perry,FA,,WR,WR,-,,
400,Joe Mixon,FA,,RB,RB,-,,
400,Cam Grandy,CIN,,TE,TE,-,,
400,Austin Watkins,FA,,WR,WR,-,,
400,Gary Brightwell,CIN,,RB,RB,-,,
400,Junior Bergen,SF,,WR,WR,-,,
400,Phillip Brooks,FA,,WR,WR,-,,
400,Jack Strand,ATL,,QB,QB,-,,
400,Zach Pascal,FA,,WR,WR,-,,
400,Xazavian Valladay,FA,,RB,RB,-,,
400,Matt Bushman,FA,,TE,TE,-,,
400,,FA,,,,,,
400,,FA,,,,,,
400,,,,,,,,
400,,,,,,,,
400,,,,,,,,
400,,,,,,,,
400,,,,,,,,
400,,,,,,,,
400,,,,,,,,
400,,,,,,,,
400,,,,,,,,
400,,,,,,,,
400,,,,,,,,
400,,,,,,,,
400,,,,,,,,
400,,,,,,,,
400,,,,,,,,
400,,,,,,,,
400,,,,,,,,
400,,,,,,,,
400,,,,,,,,
400,,,,,,,,
400,,,,,,,,
400,,,,,,,,
400,,,,,,,,
400,,,,,,,,
400,,,,,,,,
400,,,,,,,,
400,,,,,,,,
400,,,,,,,,
400,,,,,,,,
400,,,,,,,,
400,,,,,,,,
400,,,,,,,,
400,,,,,,,,
400,,,,,,,,
400,,,,,,,,
400,,,,,,,,
400,,,,,,,,
400,,,,,,,,
400,,,,,,,,
400,,,,,,,,
400,,,,,,,,
400,,,,,,,,
400,,,,,,,,
400,,,,,,,,
400,,,,,,,,
400,,,,,,,,
400,,,,,,,,
400,,,,,,,,
400,,,,,,,,
400,,,,,,,,
400,,,,,,,,
400,,,,,,,,
400,,,,,,,,
400,,,,,,,,
400,,,,,,,,
400,,,,,,,,
400,,,,,,,,
400,,,,,,,,
400,,,,,,,,
400,,,,,,,,
400,,,,,,,,
400,,,,,,,,
400,,,,,,,,
400,,,,,,,,
400,,,,,,,,
400,,,,,,,,
400,,,,,,,,
400,,,,,,,,
400,,,,,,,,
400,,,,,,,,
400,,,,,,,,
400,,,,,,,,
400,,,,,,,,
400,,,,,,,,
400,,,,,,,,
400,,,,,,,,
400,,,,,,,,
400,,,,,,,,
400,,,,,,,,
400,,,,,,,,
400,,,,,,,,
400,,,,,,,,
400,,,,,,,,
400,,,,,,,,
400,,,,,,,,
400,,,,,,,,
400,,,,,,,,
400,,,,,,,,
400,,,,,,,,
400,,,,,,,,
400,,,,,,,,
400,,,,,,,,
400,,,,,,,,
400,,,,,,,,
400,,,,,,,,
400,,,,,,,,
400,,,,,,,,
400,,,,,,,,
400,,,,,,,,
400,,,,,,,,
400,,,,,,,,
400,,,,,,,,
400,,,,,,,,
400,,,,,,,,
400,,,,,,,,
400,,,,,,,,
400,,,,,,,,
400,,,,,,,,
400,,,,,,,,
400,,,,,,,,
400,,,,,,,,
400,,,,,,,,
400,,,,,,,,
400,,,,,,,,
400,,,,,,,,
400,,,,,,,,
400,,,,,,,,
400,,,,,,,,
400,,,,,,,,
400,,,,,,,,
400,,,,,,,,
400,,,,,,,,
400,,,,,,,,
400,,,,,,,,
400,,,,,,,,
400,,,,,,,,
400,,,,,,,,
400,,,,,,,,
400,,,,,,,,
400,,,,,,,,
400,,,,,,,,
400,,,,,,,,
400,,,,,,,,
400,,,,,,,,
400,,,,,,,,
400,,,,,,,,
400,,,,,,,,
400,,,,,,,,
400,,,,,,,,
400,,,,,,,,
400,,,,,,,,
400,,,,,,,,
400,,,,,,,,
400,,,,,,,,
400,,,,,,,,
400,,,,,,,,
400,,,,,,,,
400,,,,,,,,
400,,,,,,,,
400,,,,,,,,
400,,,,,,,,
400,,,,,,,,
400,,,,,,,,
400,,,,,,,,
400,,,,,,,,
400,,,,,,,,
400,,,,,,,,
400,,,,,,,,
400,,,,,,,,
400,,,,,,,,
400,,,,,,,,
400,,,,,,,,
400,,,,,,,,
400,,,,,,,,
400,,,,,,,,
400,,,,,,,,
400,,,,,,,,
400,,,,,,,,
400,,,,,,,,
400,,,,,,,,
400,,,,,,,,
400,,,,,,,,
400,,,,,,,,
400,,,,,,,,
400,,,,,,,,
400,,,,,,,,
400,,,,,,,,
400,,,,,,,,
400,,,,,,,,
400,,,,,,,,
400,,,,,,,,
400,,,,,,,,
400,,,,,,,,
400,,,,,,,,
400,,,,,,,,
400,,,,,,,,
400,,,,,,,,
400,,,,,,,,
400,,,,,,,,
400,,,,,,,,
400,,,,,,,,
400,,,,,,,,
400,,,,,,,,
400,,,,,,,,
400,,,,,,,,
400,,,,,,,,
400,,,,,,,,
400,,,,,,,,
400,,,,,,,,
400,,,,,,,,
400,,,,,,,,
400,,,,,,,,
400,,,,,,,,
400,,,,,,,,
400,,,,,,,,
400,,,,,,,,
400,,,,,,,,
400,,,,,,,,
400,,,,,,,,
400,,,,,,,,
400,,,,,,,,
400,,,,,,,,
400,,,,,,,,
400,,,,,,,,
400,,,,,,,,
400,,,,,,,,
400,,,,,,,,
400,,,,,,,,
400,,,,,,,,
400,,,,,,,,
400,,,,,,,,
400,,,,,,,,
400,,,,,,,,
400,,,,,,,,
400,,,,,,,,
400,,,,,,,,
400,,,,,,,,
400,,,,,,,,
400,,,,,,,,
400,,,,,,,,
400,,,,,,,,
400,,,,,,,,
400,,,,,,,,
400,,,,,,,,
400,,,,,,,,
400,,,,,,,,
400,,,,,,,,
400,,,,,,,,
400,,,,,,,,
400,,,,,,,,
400,,,,,,,,
400,,,,,,,,
400,,,,,,,,
400,,,,,,,,
400,,,,,,,,
400,,,,,,,,
400,,,,,,,,
400,,,,,,,,
400,,,,,,,,
400,,,,,,,,
400,,,,,,,,
400,,,,,,,,
400,,,,,,,,
400,,,,,,,,
400,,,,,,,,
400,,,,,,,,
400,,,,,,,,
400,,,,,,,,
400,,,,,,,,
400,,,,,,,,
400,,,,,,,,
400,,,,,,,,
400,,,,,,,,
400,,,,,,,,
400,,,,,,,,
400,,,,,,,,
400,,,,,,,,
400,,,,,,,,
400,,,,,,,,
400,,,,,,,,
400,,,,,,,,
400,,,,,,,,
400,,,,,,,,
400,,,,,,,,
400,,,,,,,,
400,,,,,,,,
400,,,,,,,,
400,,,,,,,,
400,,,,,,,,
400,,,,,,,,
400,,,,,,,,
400,,,,,,,,
400,,,,,,,,
400,,,,,,,,
400,,,,,,,,
400,,,,,,,,
400,,,,,,,,
400,,,,,,,,
400,,,,,,,,
400,,,,,,,,
400,,,,,,,,
400,,,,,,,,
400,,,,,,,,
400,,,,,,,,
400,,,,,,,,
400,,,,,,,,
400,,,,,,,,
400,,,,,,,,
400,,,,,,,,
400,,,,,,,,
400,,,,,,,,
400,,,,,,,,
400,,,,,,,,
400,,,,,,,,
400,,,,,,,,
400,,,,,,,,
400,,,,,,,,
400,,,,,,,,
400,,,,,,,,
400,,,,,,,,
400,,,,,,,,
400,,,,,,,,
400,,,,,,,,
400,,,,,,,,
400,,,,,,,,
400,,,,,,,,
400,,,,,,,,
400,,,,,,,,
400,,,,,,,,
400,,,,,,,,
400,,,,,,,,
400,,,,,,,,
400,,,,,,,,
400,,,,,,,,
400,,,,,,,,
400,,,,,,,,
400,,,,,,,,
400,,,,,,,,
400,,,,,,,,
400,,,,,,,,
400,,,,,,,,
400,,,,,,,,
400,,,,,,,,
400,,,,,,,,
400,,,,,,,,
400,,,,,,,,
400,,,,,,,,
400,,,,,,,,
400,,,,,,,,
400,,,,,,,,
400,,,,,,,,
400,,,,,,,,
400,,,,,,,,
400,,,,,,,,
400,,,,,,,,
400,,,,,,,,
400,,,,,,,,
400,,,,,,,,
400,,,,,,,,
400,,,,,,,,
400,,,,,,,,
400,,,,,,,,
400,,,,,,,,
400,,,,,,,,
400,,,,,,,,
400,,,,,,,,
400,,,,,,,,
400,,,,,,,,
400,,,,,,,,
400,,,,,,,,
400,,,,,,,,
400,,,,,,,,
400,,,,,,,,
400,,,,,,,,
400,,,,,,,,
400,,,,,,,,
400,,,,,,,,
400,,,,,,,,
400,,,,,,,,
400,,,,,,,,
400,,,,,,,,
400,,,,,,,,
400,,,,,,,,
400,,,,,,,,
400,,,,,,,,
400,,,,,,,,
400,,,,,,,,
400,,,,,,,,
400,,,,,,,,
400,,,,,,,,
400,,,,,,,,
400,,,,,,,,
400,,,,,,,,
400,,,,,,,,
400,,,,,,,,
400,,,,,,,,
400,,,,,,,,
400,,,,,,,,
400,,,,,,,,
400,,,,,,,,
400,,,,,,,,
400,,,,,,,,
400,,,,,,,,
400,,,,,,,,
400,,,,,,,,
400,,,,,,,,
400,,,,,,,,
400,,,,,,,,
400,,,,,,,,
400,,,,,,,,
400,,,,,,,,
400,,,,,,,,
400,,,,,,,,
400,,,,,,,,
400,,,,,,,,
400,,,,,,,,
400,,,,,,,,
400,,,,,,,,
400,,,,,,,,
400,,,,,,,,
400,,,,,,,,
400,,,,,,,,
400,,,,,,,,
400,,,,,,,,
400,,,,,,,,
400,,,,,,,,
400,,,,,,,,
400,,,,,,,,
400,,,,,,,,
400,,,,,,,,
400,,,,,,,,
400,,,,,,,,
400,,,,,,,,
400,,,,,,,,
400,,,,,,,,
400,,,,,,,,
400,,,,,,,,
400,,,,,,,,
400,,,,,,,,
400,,,,,,,,
400,,,,,,,,
400,,,,,,,,
400,,,,,,,,
400,,,,,,,,
400,,,,,,,,
400,,,,,,,,
400,,,,,,,,
400,,,,,,,,
400,,,,,,,,
400,,,,,,,,
400,,,,,,,,
400,,,,,,,,
400,,,,,,,,
400,,,,,,,,
400,,,,,,,,
400,,,,,,,,
400,,,,,,,,
400,,,,,,,,
400,,,,,,,,
400,,,,,,,,
400,,,,,,,,
400,,,,,,,,
400,,,,,,,,
400,,,,,,,,
400,,,,,,,,
400,,,,,,,,
400,,,,,,,,
400,,,,,,,,
400,,,,,,,,
400,,,,,,,,
400,,,,,,,,
400,,,,,,,,
400,,,,,,,,
400,,,,,,,,
400,,,,,,,,
400,,,,,,,,
400,,,,,,,,
400,,,,,,,,
400,,,,,,,,
400,,,,,,,,
400,,,,,,,,
400,,,,,,,,
400,,,,,,,,
400,,,,,,,,
400,,,,,,,,
400,,,,,,,,
400,,,,,,,,
400,,,,,,,,
400,,,,,,,,
400,,,,,,,,
400,,,,,,,,
400,,,,,,,,
400,,,,,,,,
400,,,,,,,,
400,,,,,,,,
400,,,,,,,,
400,,,,,,,,
400,,,,,,,,
400,,,,,,,,
400,,,,,,,,
400,,,,,,,,
400,,,,,,,,
400,,,,,,,,
400,,,,,,,,
400,,,,,,,,
400,,,,,,,,
400,,,,,,,,
400,,,,,,,,
400,,,,,,,,
400,,,,,,,,
400,,,,,,,,
400,,,,,,,,
400,,,,,,,,
400,,,,,,,,
400,,,,,,,,
400,,,,,,,,
400,,,,,,,,
400,,,,,,,,
400,,,,,,,,
400,,,,,,,,
400,,,,,,,,
400,,,,,,,,
400,,,,,,,,
400,,,,,,,,
400,,,,,,,,
400,,,,,,,,
400,,,,,,,,
400,,,,,,,,
400,,,,,,,,
400,,,,,,,,
400,,,,,,,,
400,,,,,,,,
400,,,,,,,,
400,,,,,,,,
400,,,,,,,,
400,,,,,,,,
400,,,,,,,,
400,,,,,,,,
400,,,,,,,,
400,,,,,,,,
400,,,,,,,,
400,,,,,,,,
400,,,,,,,,
400,,,,,,,,
400,,,,,,,,
400,,,,,,,,
400,,,,,,,,
400,,,,,,,,
400,,,,,,,,
400,,,,,,,,
400,,,,,,,,
400,,,,,,,,
400,,,,,,,,
400,,,,,,,,
400,,,,,,,,
400,,,,,,,,
400,,,,,,,,
400,,,,,,,,
400,,,,,,,,
400,,,,,,,,
400,,,,,,,,
400,,,,,,,,
400,,,,,,,,
400,,,,,,,,
400,,,,,,,,
400,,,,,,,,
400,,,,,,,,
400,,,,,,,,
400,,,,,,,,
400,,,,,,,,
400,,,,,,,,
400,,,,,,,,
400,,,,,,,,
400,,,,,,,,
400,,,,,,,,
400,,,,,,,,
400,,,,,,,,
400,,,,,,,,
400,,,,,,,,
400,,,,,,,,
400,,,,,,,,
400,,,,,,,,
400,,,,,,,,
400,,,,,,,,
400,,,,,,,,
400,,,,,,,,
400,,,,,,,,
400,,,,,,,,
400,,,,,,,,
400,,,,,,,,
400,,,,,,,,
400,,,,,,,,
400,,,,,,,,
400,,,,,,,,
400,,,,,,,,
400,,,,,,,,
400,,,,,,,,
400,,,,,,,,
400,,,,,,,,
400,,,,,,,,
400,,,,,,,,
400,,,,,,,,
400,,,,,,,,
400,,,,,,,,
400,,,,,,,,
400,,,,,,,,
400,,,,,,,,
400,,,,,,,,
400,,,,,,,,
400,,,,,,,,
400,,,,,,,,
400,,,,,,,,
400,,,,,,,,
400,,,,,,,,
400,,,,,,,,
400,,,,,,,,
400,,,,,,,,
400,,,,,,,,
400,,,,,,,,
400,,,,,,,,
400,,,,,,,,
400,,,,,,,,
400,,,,,,,,
400,,,,,,,,
400,,,,,,,,
400,,,,,,,,
400,,,,,,,,
400,,,,,,,,
400,,,,,,,,
400,,,,,,,,
400,,,,,,,,
400,,,,,,,,
400,,,,,,,,
400,,,,,,,,
400,,,,,,,,
400,,,,,,,,
400,,,,,,,,
400,,,,,,,,
400,,,,,,,,
400,,,,,,,,
400,,,,,,,,
400,,,,,,,,
400,,,,,,,,
400,,,,,,,,
400,,,,,,,,
400,,,,,,,,
400,,,,,,,,
400,,,,,,,,
400,,,,,,,,
400,,,,,,,,
400,,,,,,,,
400,,,,,,,,
400,,,,,,,,
400,,,,,,,,
400,,,,,,,,
400,,,,,,,,
400,,,,,,,,
400,,,,,,,,
400,,,,,,,,
400,,,,,,,,
400,,,,,,,,
400,,,,,,,,
400,,,,,,,,
400,,,,,,,,
400,,,,,,,,
400,,,,,,,,
400,,,,,,,,
400,,,,,,,,
400,,,,,,,,
400,,,,,,,,
400,,,,,,,,
400,,,,,,,,
400,,,,,,,,
400,,,,,,,,
400,,,,,,,,
400,,,,,,,,
400,,,,,,,,
400,,,,,,,,
400,,,,,,,,
400,,,,,,,,
400,,,,,,,,
400,,,,,,,,
400,,,,,,,,
400,,,,,,,,
400,,,,,,,,
400,,,,,,,,
400,,,,,,,,
400,,,,,,,,
400,,,,,,,,
400,,,,,,,,
400,,,,,,,,
400,,,,,,,,
400,,,,,,,,
400,,,,,,,,
400,,,,,,,,
400,,,,,,,,
400,,,,,,,,
400,,,,,,,,
400,,,,,,,,
400,,,,,,,,
400,,,,,,,,
400,,,,,,,,
400,,,,,,,,
400,,,,,,,,
400,,,,,,,,
400,,,,,,,,
400,,,,,,,,
400,,,,,,,,
400,,,,,,,,
400,,,,,,,,
400,,,,,,,,
400,,,,,,,,
400,,,,,,,,
400,,,,,,,,
400,,,,,,,,
400,,,,,,,,
400,,,,,,,,
400,,,,,,,,
400,,,,,,,,
400,,,,,,,,
400,,,,,,,,
400,,,,,,,,
400,,,,,,,,
400,,,,,,,,
400,,,,,,,,
400,,,,,,,,
400,,,,,,,,
400,,,,,,,,
400,,,,,,,,
400,,,,,,,,
400,,,,,,,,
400,,,,,,,,
400,,,,,,,,
400,,,,,,,,
400,,,,,,,,
400,,,,,,,,
400,,,,,,,,
400,,,,,,,,
400,,,,,,,,
400,,,,,,,,
400,,,,,,,,
400,,,,,,,,
400,,,,,,,,
400,,,,,,,,
400,,,,,,,,
400,,,,,,,,
400,,,,,,,,
400,,,,,,,,
400,,,,,,,,
400,,,,,,,,
400,,,,,,,,
400,,,,,,,,
400,,,,,,,,
400,,,,,,,,
400,,,,,,,,
400,,,,,,,,
400,,,,,,,,
400,,,,,,,,
400,,,,,,,,
400,,,,,,,,
400,,,,,,,,
400,,,,,,,,
400,,,,,,,,
400,,,,,,,,
400,,,,,,,,
400,,,,,,,,
400,,,,,,,,
400,,,,,,,,
400,,,,,,,,
400,,,,,,,,
400,,,,,,,,
400,,,,,,,,
400,,,,,,,,
400,,,,,,,,
400,,,,,,,,
400,,,,,,,,
400,,,,,,,,
400,,,,,,,,
400,,,,,,,,
400,,,,,,,,
400,,,,,,,,
400,,,,,,,,
400,,,,,,,,
400,,,,,,,,
400,,,,,,,,
400,,,,,,,,
400,,,,,,,,
400,,,,,,,,
400,,,,,,,,
400,,,,,,,,
400,,,,,,,,
400,,,,,,,,
400,,,,,,,,
400,,,,,,,,
400,,,,,,,,
400,,,,,,,,
400,,,,,,,,
400,,,,,,,,
400,,,,,,,,
400,,,,,,,,
400,,,,,,,,
400,,,,,,,,
400,,,,,,,,
400,,,,,,,,
400,,,,,,,,
400,,,,,,,,
400,,,,,,,,
400,,,,,,,,
400,,,,,,,,
400,,,,,,,,
400,,,,,,,,
400,,,,,,,,
400,,,,,,,,
400,,,,,,,,
400,,,,,,,,
400,,,,,,,,
400,,,,,,,,
400,,,,,,,,
400,,,,,,,,
400,,,,,,,,
400,,,,,,,,
400,,,,,,,,
400,,,,,,,,
400,,,,,,,,
400,,,,,,,,
400,,,,,,,,
400,,,,,,,,
400,,,,,,,,
400,,,,,,,,
400,,,,,,,,
400,,,,,,,,
400,,,,,,,,
400,,,,,,,,
400,,,,,,,,
400,,,,,,,,
400,,,,,,,,
400,,,,,,,,
400,,,,,,,,
400,,,,,,,,
400,,,,,,,,
400,,,,,,,,
400,,,,,,,,
400,,,,,,,,
400,,,,,,,,
400,,,,,,,,
400,,,,,,,,
400,,,,,,,,
400,,,,,,,,
400,,,,,,,,
400,,,,,,,,
400,,,,,,,,
400,,,,,,,,
400,,,,,,,,
400,,,,,,,,
400,,,,,,,,
400,,,,,,,,
400,,,,,,,,
400,,,,,,,,
400,,,,,,,,
400,,,,,,,,
400,,,,,,,,
400,,,,,,,,
400,,,,,,,,
400,,,,,,,,
400,,,,,,,,
400,,,,,,,,
400,,,,,,,,
400,,,,,,,,
400,,,,,,,,
400,,,,,,,,
400,,,,,,,,
400,,,,,,,,
400,,,,,,,,
400,,,,,,,,
400,,,,,,,,
400,,,,,,,,
400,,,,,,,,
400,,,,,,,,
400,,,,,,,,
400,,,,,,,,
400,,,,,,,,
400,,,,,,,,
400,,,,,,,,
400,,,,,,,,
400,,,,,,,,
400,,,,,,,,
400,,,,,,,,
400,,,,,,,,
400,,,,,,,,
400,,,,,,,,
400,,,,,,,,
400,,,,,,,,
400,,,,,,,,
400,,,,,,,,
400,,,,,,,,
400,,,,,,,,
400,,,,,,,,
400,,,,,,,,
400,,,,,,,,
400,,,,,,,,
400,,,,,,,,
400,,,,,,,,
400,,,,,,,,
400,,,,,,,,
400,,,,,,,,
400,,,,,,,,
400,,,,,,,,
400,,,,,,,,
400,,,,,,,,
400,,,,,,,,
400,,,,,,,,
400,,,,,,,,
400,,,,,,,,
400,,,,,,,,
400,,,,,,,,
400,,,,,,,,
400,,,,,,,,
400,,,,,,,,
400,,,,,,,,
400,,,,,,,,
400,,,,,,,,
400,,,,,,,,
400,,,,,,,,
400,,,,,,,,
400,,,,,,,,
400,,,,,,,,
400,,,,,,,,
400,,,,,,,,
400,,,,,,,,
400,,,,,,,,
400,,,,,,,,
400,,,,,,,,
400,,,,,,,,
400,,,,,,,,
400,,,,,,,,
400,,,,,,,,
400,,,,,,,,
400,,,,,,,,
400,,,,,,,,
400,,,,,,,,
400,,,,,,,,
400,,,,,,,,
400,,,,,,,,
400,,,,,,,,
400,,,,,,,,
400,,,,,,,,
400,,,,,,,,
400,,,,,,,,
400,,,,,,,,
400,,,,,,,,
400,,,,,,,,
400,,,,,,,,
400,,,,,,,,
400,,,,,,,,
400,,,,,,,,
400,,,,,,,,
400,,,,,,,,
400,,,,,,,,
400,,,,,,,,
400,,,,,,,,
400,,,,,,,,
400,,,,,,,,
400,,,,,,,,
400,,,,,,,,
400,,,,,,,,
400,,,,,,,,
400,,,,,,,,
400,,,,,,,,
400,,,,,,,,
400,,,,,,,,
400,,,,,,,,
400,,,,,,,,
400,,,,,,,,
400,,,,,,,,
400,,,,,,,,
400,,,,,,,,
400,,,,,,,,
400,,,,,,,,
400,,,,,,,,
400,,,,,,,,
400,,,,,,,,
400,,,,,,,,
400,,,,,,,,
400,,,,,,,,
400,,,,,,,,
400,,,,,,,,
400,,,,,,,,
400,,,,,,,,
400,,,,,,,,
400,,,,,,,,
400,,,,,,,,
400,,,,,,,,
400,,,,,,,,
400,,,,,,,,
400,,,,,,,,
400,,,,,,,,
400,,,,,,,,
400,,,,,,,,
400,,,,,,,,
400,,,,,,,,
400,,,,,,,,
400,,,,,,,,
400,,,,,,,,
400,,,,,,,,
400,,,,,,,,
400,,,,,,,,
400,,,,,,,,
400,,,,,,,,
400,,,,,,,,
400,,,,,,,,
400,,,,,,,,
400,,,,,,,,
400,,,,,,,,
400,,,,,,,,
400,,,,,,,,
400,,,,,,,,
400,,,,,,,,
400,,,,,,,,
400,,,,,,,,
400,,,,,,,,
400,,,,,,,,
400,,,,,,,,
400,,,,,,,,
400,,,,,,,,
400,,,,,,,,
400,,,,,,,,
400,,,,,,,,
400,,,,,,,,
400,,,,,,,,
400,,,,,,,,
400,,,,,,,,
400,,,,,,,,
400,,,,,,,,
400,,,,,,,,
400,,,,,,,,
400,,,,,,,,
400,,,,,,,,
400,,,,,,,,
400,,,,,,,,
400,,,,,,,,
400,,,,,,,,
400,,,,,,,,
400,,,,,,,,
400,,,,,,,,
400,,,,,,,,
400,,,,,,,,
400,,,,,,,,
400,,,,,,,,
400,,,,,,,,
400,,,,,,,,
400,,,,,,,,
400,,,,,,,,
400,,,,,,,,
400,,,,,,,,
400,,,,,,,,
400,,,,,,,,
400,,,,,,,,
400,,,,,,,,
400,,,,,,,,
400,,,,,,,,
400,,,,,,,,
400,,,,,,,,
400,,,,,,,,
400,,,,,,,,
400,,,,,,,,
400,,,,,,,,
400,,,,,,,,
400,,,,,,,,
400,,,,,,,,
400,,,,,,,,
400,,,,,,,,
400,,,,,,,,
400,,,,,,,,
400,,,,,,,,
400,,,,,,,,
400,,,,,,,,
400,,,,,,,,
400,,,,,,,,
400,,,,,,,,
400,,,,,,,,
400,,,,,,,,
400,,,,,,,,
400,,,,,,,,
400,,,,,,,,
400,,,,,,,,
400,,,,,,,,
400,,,,,,,,
400,,,,,,,,
400,,,,,,,,
400,,,,,,,,
400,,,,,,,,
400,,,,,,,,
400,,,,,,,,
400,,,,,,,,
400,,,,,,,,
400,,,,,,,,
400,,,,,,,,
400,,,,,,,,
400,,,,,,,,
400,,,,,,,,
400,,,,,,,,
400,,,,,,,,
400,,,,,,,,
400,,,,,,,,
400,,,,,,,,
400,,,,,,,,
400,,,,,,,,
400,,,,,,,,
400,,,,,,,,
400,,,,,,,,
400,,,,,,,,
400,,,,,,,,
400,,,,,,,,
400,,,,,,,,
400,,,,,,,,
400,,,,,,,,
400,,,,,,,,
400,,,,,,,,
400,,,,,,,,
400,,,,,,,,
400,,,,,,,,
400,,,,,,,,
400,,,,,,,,
400,,,,,,,,
400,,,,,,,,
400,,,,,,,,
400,,,,,,,,
400,,,,,,,,
400,,,,,,,,
400,,,,,,,,
400,,,,,,,,
400,,,,,,,,
400,,,,,,,,
400,,,,,,,,
400,,,,,,,,
400,,,,,,,,
400,,,,,,,,
400,,,,,,,,
400,,,,,,,,
400,,,,,,,,
400,,,,,,,,
400,,,,,,,,
400,,,,,,,,
400,,,,,,,,
400,,,,,,,,
400,,,,,,,,
400,,,,,,,,
400,,,,,,,,
400,,,,,,,,
400,,,,,,,,
400,,,,,,,,
400,,,,,,,,
400,,,,,,,,
400,,,,,,,,
400,,,,,,,,
400,,,,,,,,
400,,,,,,,,
400,,,,,,,,
400,,,,,,,,
400,,,,,,,,
400,,,,,,,,
400,,,,,,,,
400,,,,,,,,
400,,,,,,,,
400,,,,,,,,
400,,,,,,,,
400,,,,,,,,
400,,,,,,,,
400,,,,,,,,
400,,,,,,,,
400,,,,,,,,
400,,,,,,,,
400,,,,,,,,
400,,,,,,,,
400,,,,,,,,
400,,,,,,,,
400,,,,,,,,
400,,,,,,,,
400,,,,,,,,
400,,,,,,,,
400,,,,,,,,
400,,,,,,,,
400,,,,,,,,
400,,,,,,,,
400,,,,,,,,
400,,,,,,,,
400,,,,,,,,
400,,,,,,,,
400,,,,,,,,
400,,,,,,,,
400,,,,,,,,
400,,,,,,,,
400,,,,,,,,
400,,,,,,,,
400,,,,,,,,
400,,,,,,,,
400,,,,,,,,
400,,,,,,,,
400,,,,,,,,
400,,,,,,,,
400,,,,,,,,
400,,,,,,,,
400,,,,,,,,
400,,,,,,,,
400,,,,,,,,
400,,,,,,,,
400,,,,,,,,
400,,,,,,,,
400,,,,,,,,
400,,,,,,,,
400,,,,,,,,
400,,,,,,,,
400,,,,,,,,
400,,,,,,,,
400,,,,,,,,
400,,,,,,,,
400,,,,,,,,
400,,,,,,,,
400,,,,,,,,
400,,,,,,,,
400,,,,,,,,
400,,,,,,,,
400,,,,,,,,
400,,,,,,,,
400,,,,,,,,
400,,,,,,,,
400,,,,,,,,
400,,,,,,,,
400,,,,,,,,
400,,,,,,,,
400,,,,,,,,
400,,,,,,,,
400,,,,,,,,
400,,,,,,,,
400,,,,,,,,
400,,,,,,,,
400,,,,,,,,
400,,,,,,,,
400,,,,,,,,
400,,,,,,,,
400,,,,,,,,
400,,,,,,,,
400,,,,,,,,
400,,,,,,,,
400,,,,,,,,
400,,,,,,,,
400,,,,,,,,
400,,,,,,,,
400,,,,,,,,
400,,,,,,,,
400,,,,,,,,
400,,,,,,,,
400,,,,,,,,
400,,,,,,,,
400,,,,,,,,
400,,,,,,,,
400,,,,,,,,
400,,,,,,,,
400,,,,,,,,
400,,,,,,,,
400,,,,,,,,
400,,,,,,,,
400,,,,,,,,
400,,,,,,,,
400,,,,,,,,
400,,,,,,,,
400,,,,,,,,
400,,,,,,,,
400,,,,,,,,
400,,,,,,,,
400,,,,,,,,
400,,,,,,,,
400,,,,,,,,
400,,,,,,,,
400,,,,,,,,
400,,,,,,,,
400,,,,,,,,
400,,,,,,,,
400,,,,,,,,
400,,,,,,,,
400,,,,,,,,
400,,,,,,,,
400,,,,,,,,
400,,,,,,,,
400,,,,,,,,
400,,,,,,,,
400,,,,,,,,
400,,,,,,,,
400,,,,,,,,
400,,,,,,,,
400,,,,,,,,
400,,,,,,,,
400,,,,,,,,
400,,,,,,,,
400,,,,,,,,
400,,,,,,,,
400,,,,,,,,
400,,,,,,,,
400,,,,,,,,
400,,,,,,,,
400,,,,,,,,
400,,,,,,,,
400,,,,,,,,
400,,,,,,,,
400,,,,,,,,
400,,,,,,,,
400,,,,,,,,
400,,,,,,,,
400,,,,,,,,
400,,,,,,,,
400,,,,,,,,
400,,,,,,,,
400,,,,,,,,
400,,,,,,,,
400,,,,,,,,
400,,,,,,,,
400,,,,,,,,
400,,,,,,,,
400,,,,,,,,
400,,,,,,,,
400,,,,,,,,
400,,,,,,,,
400,,,,,,,,
400,,,,,,,,
400,,,,,,,,
400,,,,,,,,
400,,,,,,,,
400,,,,,,,,
400,,,,,,,,
400,,,,,,,,
400,,,,,,,,
400,,,,,,,,
400,,,,,,,,
400,,,,,,,,
400,,,,,,,,
400,,,,,,,,
400,,,,,,,,
400,,,,,,,,
400,,,,,,,,
400,,,,,,,,
400,,,,,,,,
400,,,,,,,,
400,,,,,,,,
400,,,,,,,,
400,,,,,,,,
400,,,,,,,,
400,,,,,,,,
400,,,,,,,,
400,,,,,,,,
400,,,,,,,,
400,,,,,,,,
400,,,,,,,,
400,,,,,,,,
400,,,,,,,,
400,,,,,,,,
400,,,,,,,,
400,,,,,,,,
400,,,,,,,,
400,,,,,,,,
400,,,,,,,,
400,,,,,,,,
400,,,,,,,,
400,,,,,,,,
400,,,,,,,,
400,,,,,,,,
400,,,,,,,,
400,,,,,,,,
400,,,,,,,,
400,,,,,,,,
400,,,,,,,,
400,,,,,,,,
400,,,,,,,,
400,,,,,,,,
400,,,,,,,,
400,,,,,,,,
400,,,,,,,,
400,,,,,,,,
400,,,,,,,,
400,,,,,,,,
400,,,,,,,,
400,,,,,,,,
400,,,,,,,,
400,,,,,,,,
400,,,,,,,,
400,,,,,,,,
400,,,,,,,,
400,,,,,,,,
400,,,,,,,,
400,,,,,,,,
400,,,,,,,,
400,,,,,,,,
400,,,,,,,,
400,,,,,,,,
400,,,,,,,,
400,,,,,,,,
400,,,,,,,,
400,,,,,,,,
400,,,,,,,,
400,,,,,,,,
400,,,,,,,,
400,,,,,,,,
400,,,,,,,,
400,,,,,,,,
400,,,,,,,,
400,,,,,,,,
400,,,,,,,,
400,,,,,,,,
400,,,,,,,,
400,,,,,,,,
400,,,,,,,,
400,,,,,,,,
400,,,,,,,,
400,,,,,,,,
400,,,,,,,,
400,,,,,,,,
400,,,,,,,,
400,,,,,,,,
400,,,,,,,,
400,,,,,,,,
400,,,,,,,,
400,,,,,,,,
400,,,,,,,,
400,,,,,,,,
400,,,,,,,,
400,,,,,,,,
400,,,,,,,,
400,,,,,,,,
400,,,,,,,,
400,,,,,,,,
400,,,,,,,,
400,,,,,,,,
400,,,,,,,,
400,,,,,,,,
400,,,,,,,,
400,,,,,,,,
400,,,,,,,,
400,,,,,,,,
400,,,,,,,,
400,,,,,,,,
400,,,,,,,,
400,,,,,,,,
400,,,,,,,,
400,,,,,,,,
400,,,,,,,,
400,,,,,,,,
400,,,,,,,,
400,,,,,,,,
400,,,,,,,,
400,,,,,,,,
400,,,,,,,,
400,,,,,,,,
400,,,,,,,,
400,,,,,,,,
400,,,,,,,,
400,,,,,,,,
400,,,,,,,,
400,,,,,,,,
400,,,,,,,,
400,,,,,,,,
400,,,,,,,,
400,,,,,,,,
400,,,,,,,,
400,,,,,,,,
400,,,,,,,,
400,,,,,,,,
400,,,,,,,,
400,,,,,,,,
400,,,,,,,,
400,,,,,,,,
400,,,,,,,,
400,,,,,,,,
400,,,,,,,,
400,,,,,,,,
400,,,,,,,,
400,,,,,,,,
400,,,,,,,,
400,,,,,,,,
400,,,,,,,,
400,,,,,,,,
400,,,,,,,,
400,,,,,,,,
400,,,,,,,,
400,,,,,,,,
400,,,,,,,,
400,,,,,,,,
400,,,,,,,,
400,,,,,,,,
400,,,,,,,,
400,,,,,,,,
400,,,,,,,,
400,,,,,,,,
400,,,,,,,,
400,,,,,,,,
400,,,,,,,,
400,,,,,,,,
400,,,,,,,,
400,,,,,,,,
400,,,,,,,,
400,,,,,,,,
400,,,,,,,,
400,,,,,,,,
400,,,,,,,,
400,,,,,,,,
400,,,,,,,,
400,,,,,,,,
400,,,,,,,,
400,,,,,,,,
400,,,,,,,,
400,,,,,,,,
400,,,,,,,,
400,,,,,,,,
400,,,,,,,,
400,,,,,,,,
400,,,,,,,,
400,,,,,,,,
400,,,,,,,,
400,,,,,,,,
400,,,,,,,,
400,,,,,,,,
400,,,,,,,,
400,,,,,,,,
400,,,,,,,,
400,,,,,,,,
400,,,,,,,,
400,,,,,,,,
400,,,,,,,,
400,,,,,,,,
400,,,,,,,,
400,,,,,,,,
400,,,,,,,,
400,,,,,,,,
400,,,,,,,,
400,,,,,,,,
400,,,,,,,,
400,,,,,,,,
400,,,,,,,,
400,,,,,,,,
400,,,,,,,,
400,,,,,,,,
400,,,,,,,,
400,,,,,,,,
400,,,,,,,,
400,,,,,,,,
400,,,,,,,,
400,,,,,,,,
400,,,,,,,,
400,,,,,,,,
400,,,,,,,,
400,,,,,,,,
400,,,,,,,,
400,,,,,,,,
400,,,,,,,,
400,,,,,,,,
400,,,,,,,,
400,,,,,,,,
400,,,,,,,,
400,,,,,,,,
400,,,,,,,,
400,,,,,,,,
400,,,,,,,,
400,,,,,,,,
400,,,,,,,,
400,,,,,,,,
400,,,,,,,,
400,,,,,,,,
400,,,,,,,,
400,,,,,,,,
400,,,,,,,,
400,,,,,,,,
400,,,,,,,,
400,,,,,,,,
400,,,,,,,,
400,,,,,,,,
400,,,,,,,,
400,,,,,,,,
400,,,,,,,,
400,,,,,,,,
400,,,,,,,,
400,,,,,,,,
400,,,,,,,,
400,,,,,,,,
400,,,,,,,,
400,,,,,,,,
400,,,,,,,,
400,,,,,,,,
400,,,,,,,,
400,,,,,,,,
400,,,,,,,,
400,,,,,,,,
400,,,,,,,,
400,,,,,,,,
400,,,,,,,,
400,,,,,,,,
400,,,,,,,,
400,,,,,,,,
400,,,,,,,,
400,,,,,,,,
400,,,,,,,,
400,,,,,,,,
400,,,,,,,,
400,,,,,,,,
400,,,,,,,,
400,,,,,,,,
400,,,,,,,,
400,,,,,,,,
400,,,,,,,,
400,,,,,,,,
400,,,,,,,,
400,,,,,,,,
400,,,,,,,,
400,,,,,,,,
400,,,,,,,,
400,,,,,,,,
400,,,,,,,,
400,,,,,,,,
400,,,,,,,,
400,,,,,,,,
400,,,,,,,,
400,,,,,,,,
400,,,,,,,,
400,,,,,,,,
400,,,,,,,,
400,,,,,,,,
400,,,,,,,,
400,,,,,,,,
400,,,,,,,,
400,,,,,,,,
400,,,,,,,,
400,,,,,,,,
400,,,,,,,,
400,,,,,,,,
400,,,,,,,,
400,,,,,,,,
400,,,,,,,,
400,,,,,,,,
400,,,,,,,,
400,,,,,,,,
400,,,,,,,,
400,,,,,,,,
400,,,,,,,,
400,,,,,,,,
400,,,,,,,,
400,,,,,,,,
400,,,,,,,,
400,,,,,,,,
400,,,,,,,,
400,,,,,,,,
400,,,,,,,,
400,,,,,,,,
400,,,,,,,,
400,,,,,,,,
400,,,,,,,,
400,,,,,,,,
400,,,,,,,,
400,,,,,,,,
400,,,,,,,,
400,,,,,,,,
400,,,,,,,,
400,,,,,,,,
400,,,,,,,,
400,,,,,,,,
400,,,,,,,,
400,,,,,,,,
400,,,,,,,,
400,,,,,,,,
400,,,,,,,,
400,,,,,,,,
400,,,,,,,,
400,,,,,,,,
400,,,,,,,,
400,,,,,,,,
400,,,,,,,,
400,,,,,,,,
400,,,,,,,,
400,,,,,,,,
400,,,,,,,,
400,,,,,,,,
400,,,,,,,,
400,,,,,,,,
400,,,,,,,,
400,,,,,,,,
400,,,,,,,,
400,,,,,,,,
400,,,,,,,,
400,,,,,,,,
400,,,,,,,,
400,,,,,,,,
400,,,,,,,,
400,,,,,,,,
400,,,,,,,,
400,,,,,,,,
400,,,,,,,,
400,,,,,,,,
400,,,,,,,,
400,,,,,,,,
400,,,,,,,,
400,,,,,,,,
400,,,,,,,,
400,,,,,,,,
400,,,,,,,,
400,,,,,,,,
400,,,,,,,,
400,,,,,,,,
400,,,,,,,,
400,,,,,,,,
400,,,,,,,,
400,,,,,,,,
400,,,,,,,,
400,,,,,,,,
400,,,,,,,,
400,,,,,,,,
400,,,,,,,,
400,,,,,,,,
400,,,,,,,,
400,,,,,,,,
400,,,,,,,,
400,,,,,,,,
400,,,,,,,,
400,,,,,,,,
400,,,,,,,,
400,,,,,,,,
400,,,,,,,,
400,,,,,,,,
400,,,,,,,,
400,,,,,,,,
400,,,,,,,,
400,,,,,,,,
400,,,,,,,,
400,,,,,,,,
400,,,,,,,,
400,,,,,,,,
400,,,,,,,,
400,,,,,,,,
400,,,,,,,,
400,,,,,,,,
400,,,,,,,,
400,,,,,,,,
400,,,,,,,,
400,,,,,,,,
400,,,,,,,,
400,,,,,,,,
400,,,,,,,,
400,,,,,,,,
400,,,,,,,,
400,,,,,,,,
400,,,,,,,,
400,,,,,,,,
400,,,,,,,,
400,,,,,,,,
400,,,,,,,,
400,,,,,,,,
400,,,,,,,,
400,,,,,,,,
400,,,,,,,,
400,,,,,,,,
400,,,,,,,,
400,,,,,,,,
400,,,,,,,,
400,,,,,,,,
400,,,,,,,,
400,,,,,,,,
400,,,,,,,,
400,,,,,,,,
400,,,,,,,,
400,,,,,,,,
400,,,,,,,,
400,,,,,,,,
400,,,,,,,,
400,,,,,,,,
400,,,,,,,,
400,,,,,,,,
400,,,,,,,,
400,,,,,,,,
400,,,,,,,,
400,,,,,,,,
400,,,,,,,,
400,,,,,,,,
400,,,,,,,,
400,,,,,,,,
400,,,,,,,,
400,,,,,,,,
400,,,,,,,,
400,,,,,,,,
400,,,,,,,,
400,,,,,,,,
400,,,,,,,,
400,,,,,,,,
400,,,,,,,,
400,,,,,,,,
400,,,,,,,,
400,,,,,,,,
400,,,,,,,,
400,,,,,,,,
400,,,,,,,,
400,,,,,,,,
400,,,,,,,,
400,,,,,,,,
400,,,,,,,,
400,,,,,,,,
400,,,,,,,,
400,,,,,,,,
400,,,,,,,,
400,,,,,,,,
400,,,,,,,,
400,,,,,,,,
400,,,,,,,,
400,,,,,,,,
400,,,,,,,,
400,,,,,,,,
400,,,,,,,,
400,,,,,,,,
400,,,,,,,,
400,,,,,,,,
400,,,,,,,,
400,,,,,,,,
400,,,,,,,,
400,,,,,,,,
400,,,,,,,,
400,,,,,,,,
400,,,,,,,,
400,,,,,,,,
400,,,,,,,,
400,,,,,,,,
400,,,,,,,,
400,,,,,,,,
400,,,,,,,,
400,,,,,,,,
400,,,,,,,,
400,,,,,,,,
400,,,,,,,,
400,,,,,,,,
400,,,,,,,,
400,,,,,,,,
400,,,,,,,,
400,,,,,,,,
400,,,,,,,,
400,,,,,,,,
400,,,,,,,,
400,,,,,,,,
400,,,,,,,,
400,,,,,,,,
400,,,,,,,,
400,,,,,,,,
400,,,,,,,,
400,,,,,,,,
400,,,,,,,,
400,,,,,,,,
400,,,,,,,,
400,,,,,,,,
400,,,,,,,,
400,,,,,,,,
400,,,,,,,,
400,,,,,,,,
400,,,,,,,,
400,,,,,,,,
400,,,,,,,,
400,,,,,,,,
400,,,,,,,,
400,,,,,,,,
400,,,,,,,,
400,,,,,,,,
400,,,,,,,,
400,,,,,,,,
400,,,,,,,,
400,,,,,,,,
400,,,,,,,,
400,,,,,,,,
400,,,,,,,,
400,,,,,,,,
400,,,,,,,,
400,,,,,,,,
400,,,,,,,,
400,,,,,,,,
400,,,,,,,,
400,,,,,,,,
400,,,,,,,,
400,,,,,,,,
400,,,,,,,,
400,,,,,,,,
400,,,,,,,,
400,,,,,,,,
400,,,,,,,,
400,,,,,,,,
400,,,,,,,,
400,,,,,,,,
400,,,,,,,,
400,,,,,,,,
400,,,,,,,,
400,,,,,,,,
400,,,,,,,,
400,,,,,,,,
400,,,,,,,,
400,,,,,,,,
400,,,,,,,,
400,,,,,,,,
400,,,,,,,,
400,,,,,,,,
400,,,,,,,,
400,,,,,,,,
400,,,,,,,,
400,,,,,,,,
400,,,,,,,,
400,,,,,,,,
400,,,,,,,,
400,,,,,,,,
400,,,,,,,,
400,,,,,,,,
400,,,,,,,,
400,,,,,,,,
400,,,,,,,,
400,,,,,,,,
400,,,,,,,,
400,,,,,,,,
400,,,,,,,,
400,,,,,,,,
400,,,,,,,,
400,,,,,,,,
400,,,,,,,,
400,,,,,,,,
400,,,,,,,,
400,,,,,,,,
400,,,,,,,,
400,,,,,,,,
400,,,,,,,,
400,,,,,,,,
400,,,,,,,,
400,,,,,,,,
400,,,,,,,,
400,,,,,,,,
400,,,,,,,,
400,,,,,,,,
400,,,,,,,,
400,,,,,,,,
400,,,,,,,,
400,,,,,,,,
400,,,,,,,,
400,,,,,,,,
400,,,,,,,,
400,,,,,,,,
400,,,,,,,,
400,,,,,,,,
400,,,,,,,,
400,,,,,,,,
400,,,,,,,,
400,,,,,,,,
400,,,,,,,,
400,,,,,,,,
400,,,,,,,,
400,,,,,,,,
400,,,,,,,,
400,,,,,,,,
400,,,,,,,,
400,,,,,,,,
400,,,,,,,,
400,,,,,,,,
400,,,,,,,,
400,,,,,,,,
400,,,,,,,,
400,,,,,,,,
400,,,,,,,,
400,,,,,,,,
400,,,,,,,,
400,,,,,,,,
400,,,,,,,,
400,,,,,,,,
400,,,,,,,,
400,,,,,,,,
400,,,,,,,,
400,,,,,,,,
400,,,,,,,,
400,,,,,,,,
400,,,,,,,,
400,,,,,,,,
400,,,,,,,,
400,,,,,,,,
400,,,,,,,,
400,,,,,,,,
400,,,,,,,,
400,,,,,,,,
400,,,,,,,,
400,,,,,,,,
400,,,,,,,,
400,,,,,,,,
400,,,,,,,,
400,,,,,,,,
400,,,,,,,,
400,,,,,,,,
400,,,,,,,,
400,,,,,,,,
400,,,,,,,,
400,,,,,,,,
400,,,,,,,,
400,,,,,,,,
400,,,,,,,,
400,,,,,,,,
400,,,,,,,,
400,,,,,,,,
400,,,,,,,,
400,,,,,,,,
400,,,,,,,,
400,,,,,,,,
400,,,,,,,,
400,,,,,,,,
400,,,,,,,,
400,,,,,,,,
400,,,,,,,,
400,,,,,,,,
400,,,,,,,,
400,,,,,,,,
400,,,,,,,,
400,,,,,,,,
400,,,,,,,,
400,,,,,,,,
400,,,,,,,,
400,,,,,,,,
400,,,,,,,,
400,,,,,,,,
400,,,,,,,,
400,,,,,,,,
400,,,,,,,,
400,,,,,,,,
400,,,,,,,,
400,,,,,,,,
400,,,,,,,,
400,,,,,,,,
400,,,,,,,,
400,,,,,,,,
400,,,,,,,,
400,,,,,,,,
400,,,,,,,,
400,,,,,,,,
400,,,,,,,,
400,,,,,,,,
400,,,,,,,,
400,,,,,,,,
400,,,,,,,,
400,,,,,,,,
400,,,,,,,,
400,,,,,,,,
400,,,,,,,,
400,,,,,,,,
400,,,,,,,,
400,,,,,,,,
400,,,,,,,,
400,,,,,,,,
400,,,,,,,,
400,,,,,,,,
400,,,,,,,,
400,,,,,,,,
400,,,,,,,,
400,,,,,,,,
400,,,,,,,,
400,,,,,,,,
400,,,,,,,,
400,,,,,,,,
400,,,,,,,,
400,,,,,,,,
400,,,,,,,,
400,,,,,,,,
400,,,,,,,,
400,,,,,,,,
400,,,,,,,,
400,,,,,,,,
400,,,,,,,,
400,,,,,,,,
400,,,,,,,,
400,,,,,,,,
400,,,,,,,,
400,,,,,,,,
400,,,,,,,,
400,,,,,,,,
400,,,,,,,,
400,,,,,,,,
400,,,,,,,,
400,,,,,,,,
400,,,,,,,,
400,,,,,,,,
400,,,,,,,,
400,,,,,,,,
400,,,,,,,,
400,,,,,,,,
400,,,,,,,,
400,,,,,,,,
400,,,,,,,,
400,,,,,,,,
400,,,,,,,,
400,,,,,,,,
400,,,,,,,,
400,,,,,,,,
400,,,,,,,,
400,,,,,,,,
400,,,,,,,,
400,,,,,,,,
400,,,,,,,,
400,,,,,,,,
400,,,,,,,,
400,,,,,,,,
400,,,,,,,,
400,,,,,,,,
400,,,,,,,,
400,,,,,,,,
400,,,,,,,,
400,,,,,,,,
400,,,,,,,,
400,,,,,,,,
400,,,,,,,,
400,,,,,,,,
400,,,,,,,,
400,,,,,,,,
400,,,,,,,,
400,,,,,,,,
400,,,,,,,,
400,,,,,,,,
400,,,,,,,,
400,,,,,,,,
400,,,,,,,,
400,,,,,,,,
400,,,,,,,,
400,,,,,,,,
400,,,,,,,,
400,,,,,,,,
400,,,,,,,,
400,,,,,,,,
400,,,,,,,,
400,,,,,,,,
400,,,,,,,,
400,,,,,,,,
400,,,,,,,,
400,,,,,,,,
400,,,,,,,,
400,,,,,,,,
400,,,,,,,,
400,,,,,,,,
400,,,,,,,,
400,,,,,,,,
400,,,,,,,,
400,,,,,,,,
400,,,,,,,,
400,,,,,,,,
400,,,,,,,,
400,,,,,,,,
400,,,,,,,,
400,,,,,,,,
400,,,,,,,,
400,,,,,,,,
400,,,,,,,,
400,,,,,,,,
400,,,,,,,,
400,,,,,,,,
400,,,,,,,,
400,,,,,,,,
400,,,,,,,,
400,,,,,,,,
400,,,,,,,,
400,,,,,,,,
400,,,,,,,,
400,,,,,,,,
400,,,,,,,,
400,,,,,,,,
400,,,,,,,,
400,,,,,,,,
400,,,,,,,,
400,,,,,,,,
400,,,,,,,,
400,,,,,,,,
400,,,,,,,,
400,,,,,,,,
400,,,,,,,,
400,,,,,,,,
400,,,,,,,,
400,,,,,,,,
400,,,,,,,,
400,,,,,,,,
400,,,,,,,,
400,,,,,,,,
400,,,,,,,,
400,,,,,,,,
400,,,,,,,,
400,,,,,,,,
400,,,,,,,,
400,,,,,,,,
400,,,,,,,,
400,,,,,,,,
400,,,,,,,,
400,,,,,,,,
400,,,,,,,,
400,,,,,,,,
400,,,,,,,,
400,,,,,,,,
400,,,,,,,,
400,,,,,,,,
400,,,,,,,,
400,,,,,,,,
400,,,,,,,,
400,,,,,,,,
400,,,,,,,,
400,,,,,,,,
400,,,,,,,,
400,,,,,,,,
400,,,,,,,,
400,,,,,,,,
400,,,,,,,,
400,,,,,,,,
400,,,,,,,,
400,,,,,,,,
400,,,,,,,,
400,,,,,,,,
400,,,,,,,,
400,,,,,,,,
400,,,,,,,,
400,,,,,,,,
400,,,,,,,,
400,,,,,,,,
400,,,,,,,,
400,,,,,,,,
400,,,,,,,,
400,,,,,,,,
400,,,,,,,,
400,,,,,,,,
400,,,,,,,,
400,,,,,,,,
400,,,,,,,,
400,,,,,,,,
400,,,,,,,,
400,,,,,,,,
400,,,,,,,,
400,,,,,,,,
400,,,,,,,,
400,,,,,,,,
400,,,,,,,,
400,,,,,,,,
400,,,,,,,,
400,,,,,,,,
400,,,,,,,,
400,,,,,,,,
400,,,,,,,,
400,,,,,,,,
400,,,,,,,,
400,,,,,,,,
400,,,,,,,,
400,,,,,,,,
400,,,,,,,,
400,,,,,,,,
400,,,,,,,,
400,,,,,,,,
400,,,,,,,,
400,,,,,,,,
400,,,,,,,,
400,,,,,,,,
400,,,,,,,,
400,,,,,,,,
400,,,,,,,,
400,,,,,,,,
400,,,,,,,,
400,,,,,,,,
400,,,,,,,,
400,,,,,,,,
400,,,,,,,,
400,,,,,,,,
400,,,,,,,,
400,,,,,,,,
400,,,,,,,,
400,,,,,,,,
400,,,,,,,,
400,,,,,,,,
400,,,,,,,,
400,,,,,,,,
400,,,,,,,,
400,,,,,,,,
400,,,,,,,,
400,,,,,,,,
400,,,,,,,,
400,,,,,,,,
400,,,,,,,,
400,,,,,,,,
400,,,,,,,,
400,,,,,,,,
400,,,,,,,,
400,,,,,,,,
400,,,,,,,,
400,,,,,,,,
400,,,,,,,,
400,,,,,,,,
400,,,,,,,,
400,,,,,,,,
400,,,,,,,,
400,,,,,,,,
400,,,,,,,,
400,,,,,,,,
400,,,,,,,,
400,,,,,,,,
400,,,,,,,,
400,,,,,,,,
400,,,,,,,,
400,,,,,,,,
400,,,,,,,,
400,,,,,,,,
400,,,,,,,,
400,,,,,,,,
400,,,,,,,,
400,,,,,,,,
400,,,,,,,,
400,,,,,,,,
400,,,,,,,,
400,,,,,,,,
400,,,,,,,,
400,,,,,,,,
400,,,,,,,,
400,,,,,,,,
400,,,,,,,,
400,,,,,,,,
400,,,,,,,,
400,,,,,,,,
400,,,,,,,,
400,,,,,,,,
400,,,,,,,,
400,,,,,,,,
400,,,,,,,,
400,,,,,,,,
400,,,,,,,,
400,,,,,,,,
400,,,,,,,,
400,,,,,,,,
400,,,,,,,,
400,,,,,,,,
400,,,,,,,,
400,,,,,,,,
400,,,,,,,,
400,,,,,,,,
400,,,,,,,,
400,,,,,,,,
400,,,,,,,,
400,,,,,,,,
400,,,,,,,,
400,,,,,,,,
400,,,,,,,,
400,,,,,,,,
400,,,,,,,,
400,,,,,,,,
400,,,,,,,,
400,,,,,,,,
400,,,,,,,,
400,,,,,,,,
400,,,,,,,,
400,,,,,,,,
400,,,,,,,,
400,,,,,,,,
400,,,,,,,,
400,,,,,,,,
400,,,,,,,,
400,,,,,,,,
400,,,,,,,,
400,,,,,,,,
400,,,,,,,,
400,,,,,,,,
400,,,,,,,,
400,,,,,,,,
400,,,,,,,,
400,,,,,,,,
400,,,,,,,,
400,,,,,,,,
400,,,,,,,,
400,,,,,,,,
400,,,,,,,,
400,,,,,,,,
400,,,,,,,,
400,,,,,,,,
400,,,,,,,,
400,,,,,,,,
400,,,,,,,,
400,,,,,,,,
400,,,,,,,,
400,,,,,,,,
400,,,,,,,,
400,,,,,,,,
400,,,,,,,,
400,,,,,,,,
400,,,,,,,,
400,,,,,,,,
400,,,,,,,,
400,,,,,,,,
400,,,,,,,,
400,,,,,,,,
400,,,,,,,,
400,,,,,,,,
400,,,,,,,,
400,,,,,,,,
400,,,,,,,,
400,,,,,,,,
400,,,,,,,,
400,,,,,,,,
400,,,,,,,,
400,,,,,,,,
400,,,,,,,,
400,,,,,,,,
400,,,,,,,,
400,,,,,,,,
400,,,,,,,,
400,,,,,,,,
400,,,,,,,,
400,,,,,,,,
400,,,,,,,,
400,,,,,,,,
400,,,,,,,,
400,,,,,,,,
400,,,,,,,,
400,,,,,,,,
400,,,,,,,,
400,,,,,,,,
400,,,,,,,,
400,,,,,,,,
400,,,,,,,,
400,,,,,,,,
400,,,,,,,,
400,,,,,,,,
400,,,,,,,,
400,,,,,,,,
400,,,,,,,,
400,,,,,,,,
400,,,,,,,,
400,,,,,,,,
400,,,,,,,,
400,,,,,,,,
400,,,,,,,,
400,,,,,,,,
400,,,,,,,,
400,,,,,,,,
400,,,,,,,,
400,,,,,,,,
400,,,,,,,,
400,,,,,,,,
400,,,,,,,,
400,,,,,,,,
400,,,,,,,,
400,,,,,,,,
400,,,,,,,,
400,,,,,,,,
400,,,,,,,,
400,,,,,,,,
400,,,,,,,,
400,,,,,,,,
400,,,,,,,,
400,,,,,,,,
400,,,,,,,,
400,,,,,,,,
400,,,,,,,,
400,,,,,,,,
400,,,,,,,,
400,,,,,,,,
400,,,,,,,,
400,,,,,,,,
400,,,,,,,,
400,,,,,,,,
400,,,,,,,,
400,,,,,,,,
400,,,,,,,,
400,,,,,,,,
400,,,,,,,,
400,,,,,,,,
400,,,,,,,,
400,,,,,,,,
400,,,,,,,,
400,,,,,,,,
400,,,,,,,,
400,,,,,,,,
400,,,,,,,,
400,,,,,,,,
400,,,,,,,,
400,,,,,,,,
400,,,,,,,,
400,,,,,,,,
400,,,,,,,,
400,,,,,,,,
400,,,,,,,,
400,,,,,,,,
400,,,,,,,,
400,,,,,,,,
400,,,,,,,,
400,,,,,,,,
400,,,,,,,,
400,,,,,,,,
400,,,,,,,,
400,,,,,,,,
400,,,,,,,,
400,,,,,,,,
400,,,,,,,,
400,,,,,,,,
400,,,,,,,,
400,,,,,,,,
400,,,,,,,,
400,,,,,,,,
400,,,,,,,,
400,,,,,,,,
400,,,,,,,,
400,,,,,,,,
400,,,,,,,,
400,,,,,,,,
400,,,,,,,,
400,,,,,,,,
400,,,,,,,,
400,,,,,,,,
400,,,,,,,,
400,,,,,,,,
400,,,,,,,,
400,,,,,,,,
400,,,,,,,,
400,,,,,,,,
400,,,,,,,,
400,,,,,,,,
400,,,,,,,,
400,,,,,,,,
400,,,,,,,,
400,,,,,,,,
400,,,,,,,,
400,,,,,,,,
400,,,,,,,,
400,,,,,,,,
400,,,,,,,,
400,,,,,,,,
400,,,,,,,,
400,,,,,,,,
400,,,,,,,,
400,,,,,,,,
400,,,,,,,,
400,,,,,,,,
400,,,,,,,,
400,,,,,,,,
400,,,,,,,,
400,,,,,,,,
400,,,,,,,,
400,,,,,,,,
400,,,,,,,,
400,,,,,,,,
400,,,,,,,,
400,,,,,,,,
400,,,,,,,,
400,,,,,,,,
400,,,,,,,,
400,,,,,,,,
400,,,,,,,,
400,,,,,,,,
400,,,,,,,,
400,,,,,,,,
400,,,,,,,,
400,,,,,,,,
400,,,,,,,,
400,,,,,,,,
400,,,,,,,,
400,,,,,,,,
400,,,,,,,,
400,,,,,,,,
400,,,,,,,,
400,,,,,,,,
400,,,,,,,,
400,,,,,,,,
400,,,,,,,,
400,,,,,,,,
400,,,,,,,,
400,,,,,,,,
400,,,,,,,,
400,,,,,,,,
400,,,,,,,,
400,,,,,,,,
400,,,,,,,,
400,,,,,,,,
400,,,,,,,,
400,,,,,,,,
400,,,,,,,,
400,,,,,,,,
400,,,,,,,,
400,,,,,,,,
400,,,,,,,,
400,,,,,,,,
400,,,,,,,,
400,,,,,,,,
400,,,,,,,,
400,,,,,,,,
400,,,,,,,,
400,,,,,,,,
400,,,,,,,,
400,,,,,,,,
400,,,,,,,,
400,,,,,,,,
400,,,,,,,,
400,,,,,,,,
400,,,,,,,,
400,,,,,,,,
400,,,,,,,,
400,,,,,,,,
400,,,,,,,,
400,,,,,,,,
400,,,,,,,,
400,,,,,,,,
400,,,,,,,,
400,,,,,,,,
400,,,,,,,,
400,,,,,,,,
400,,,,,,,,
400,,,,,,,,
400,,,,,,,,
400,,,,,,,,
400,,,,,,,,
400,,,,,,,,
400,,,,,,,,
400,,,,,,,,
400,,,,,,,,
400,,,,,,,,
400,,,,,,,,
400,,,,,,,,
400,,,,,,,,
400,,,,,,,,
400,,,,,,,,
400,,,,,,,,
400,,,,,,,,
400,,,,,,,,
400,,,,,,,,
400,,,,,,,,
400,,,,,,,,
400,,,,,,,,
400,,,,,,,,
400,,,,,,,,
400,,,,,,,,
400,,,,,,,,
400,,,,,,,,
400,,,,,,,,
400,,,,,,,,
400,,,,,,,,
400,,,,,,,,
400,,,,,,,,
400,,,,,,,,
400,,,,,,,,
400,,,,,,,,
400,,,,,,,,
400,,,,,,,,
400,,,,,,,,
400,,,,,,,,
400,,,,,,,,
400,,,,,,,,
400,,,,,,,,
400,,,,,,,,
400,,,,,,,,
400,,,,,,,,
400,,,,,,,,
400,,,,,,,,
400,,,,,,,,
400,,,,,,,,
400,,,,,,,,
400,,,,,,,,
400,,,,,,,,
400,,,,,,,,
400,,,,,,,,
400,,,,,,,,
400,,,,,,,,
400,,,,,,,,
400,,,,,,,,
400,,,,,,,,
400,,,,,,,,
400,,,,,,,,
400,,,,,,,,
400,,,,,,,,
400,,,,,,,,
400,,,,,,,,
400,,,,,,,,
400,,,,,,,,
400,,,,,,,,
400,,,,,,,,
400,,,,,,,,
400,,,,,,,,
400,,,,,,,,
400,,,,,,,,
400,,,,,,,,
400,,,,,,,,
400,,,,,,,,
400,,,,,,,,
400,,,,,,,,
400,,,,,,,,
400,,,,,,,,
400,,,,,,,,
400,,,,,,,,
400,,,,,,,,
400,,,,,,,,
400,,,,,,,,
400,,,,,,,,
400,,,,,,,,
400,,,,,,,,
400,,,,,,,,
400,,,,,,,,
400,,,,,,,,
400,,,,,,,,
400,,,,,,,,
400,,,,,,,,
400,,,,,,,,
400,,,,,,,,
400,,,,,,,,
400,,,,,,,,
400,,,,,,,,
400,,,,,,,,
400,,,,,,,,
400,,,,,,,,
400,,,,,,,,
400,,,,,,,,
400,,,,,,,,
400,,,,,,,,
400,,,,,,,,
400,,,,,,,,
400,,,,,,,,
400,,,,,,,,
400,,,,,,,,
400,,,,,,,,
400,,,,,,,,
400,,,,,,,,
400,,,,,,,,
400,,,,,,,,
400,,,,,,,,
400,,,,,,,,
400,,,,,,,,
400,,,,,,,,
400,,,,,,,,
400,,,,,,,,
400,,,,,,,,
400,,,,,,,,
400,,,,,,,,
400,,,,,,,,
400,,,,,,,,
400,,,,,,,,
400,,,,,,,,
400,,,,,,,,
400,,,,,,,,
400,,,,,,,,
400,,,,,,,,
400,,,,,,,,
400,,,,,,,,
400,,,,,,,,
400,,,,,,,,
400,,,,,,,,
400,,,,,,,,
400,,,,,,,,
400,,,,,,,,
400,,,,,,,,
400,,,,,,,,
400,,,,,,,,
400,,,,,,,,
400,,,,,,,,
400,,,,,,,,
400,,,,,,,,
400,,,,,,,,
400,,,,,,,,
400,,,,,,,,
400,,,,,,,,
400,,,,,,,,
400,,,,,,,,
400,,,,,,,,
400,,,,,,,,
400,,,,,,,,
400,,,,,,,,
400,,,,,,,,
400,,,,,,,,
400,,,,,,,,
400,,,,,,,,
400,,,,,,,,
400,,,,,,,,
400,,,,,,,,
400,,,,,,,,
400,,,,,,,,
400,,,,,,,,
400,,,,,,,,
400,,,,,,,,
400,,,,,,,,
400,,,,,,,,
400,,,,,,,,
400,,,,,,,,
400,,,,,,,,
400,,,,,,,,
400,,,,,,,,
400,,,,,,,,
400,,,,,,,,
400,,,,,,,,
400,,,,,,,,
400,,,,,,,,
400,,,,,,,,
400,,,,,,,,
400,,,,,,,,
400,,,,,,,,
400,,,,,,,,
400,,,,,,,,
400,,,,,,,,
400,,,,,,,,
400,,,,,,,,
400,,,,,,,,
400,,,,,,,,
400,,,,,,,,
400,,,,,,,,
400,,,,,,,,
400,,,,,,,,
400,,,,,,,,
400,,,,,,,,
400,,,,,,,,
400,,,,,,,,
400,,,,,,,,
400,,,,,,,,
400,,,,,,,,
400,,,,,,,,
400,,,,,,,,
400,,,,,,,,
400,,,,,,,,
400,,,,,,,,
400,,,,,,,,
400,,,,,,,,
400,,,,,,,,
400,,,,,,,,
400,,,,,,,,
400,,,,,,,,
400,,,,,,,,
400,,,,,,,,
400,,,,,,,,
400,,,,,,,,
400,,,,,,,,
400,,,,,,,,
400,,,,,,,,
400,,,,,,,,
400,,,,,,,,
400,,,,,,,,
400,,,,,,,,
400,,,,,,,,
400,,,,,,,,
400,,,,,,,,
400,,,,,,,,
400,,,,,,,,
400,,,,,,,,
400,,,,,,,,
400,,,,,,,,
400,,,,,,,,
400,,,,,,,,
400,,,,,,,,
400,,,,,,,,
400,,,,,,,,
400,,,,,,,,
400,,,,,,,,
400,,,,,,,,
400,,,,,,,,
400,,,,,,,,
400,,,,,,,,
400,,,,,,,,
400,,,,,,,,
400,,,,,,,,
400,,,,,,,,
400,,,,,,,,
400,,,,,,,,
400,,,,,,,,
400,,,,,,,,
400,,,,,,,,
400,,,,,,,,
400,,,,,,,,
400,,,,,,,,
400,,,,,,,,
400,,,,,,,,
400,,,,,,,,
400,,,,,,,,
400,,,,,,,,
400,,,,,,,,
400,,,,,,,,
400,,,,,,,,
400,,,,,,,,
400,,,,,,,,
400,,,,,,,,
400,,,,,,,,
400,,,,,,,,
400,,,,,,,,
400,,,,,,,,
400,,,,,,,,
400,,,,,,,,
400,,,,,,,,
400,,,,,,,,
400,,,,,,,,
400,,,,,,,,
400,,,,,,,,
400,,,,,,,,
400,,,,,,,,
400,,,,,,,,
400,,,,,,,,
400,,,,,,,,
400,,,,,,,,
400,,,,,,,,
400,,,,,,,,
400,,,,,,,,
400,,,,,,,,
400,,,,,,,,
400,,,,,,,,
400,,,,,,,,
400,,,,,,,,
400,,,,,,,,
400,,,,,,,,
400,,,,,,,,
400,,,,,,,,
400,,,,,,,,
400,,,,,,,,
400,,,,,,,,
400,,,,,,,,
400,,,,,,,,
400,,,,,,,,
400,,,,,,,,
400,,,,,,,,
400,,,,,,,,
400,,,,,,,,
400,,,,,,,,
400,,,,,,,,
400,,,,,,,,
400,,,,,,,,
400,,,,,,,,
400,,,,,,,,
400,,,,,,,,
400,,,,,,,,
400,,,,,,,,
400,,,,,,,,
400,,,,,,,,
400,,,,,,,,
400,,,,,,,,
400,,,,,,,,
400,,,,,,,,
400,,,,,,,,
400,,,,,,,,
400,,,,,,,,
400,,,,,,,,
400,,,,,,,,
400,,,,,,,,
400,,,,,,,,
400,,,,,,,,
400,,,,,,,,
400,,,,,,,,
400,,,,,,,,
400,,,,,,,,
400,,,,,,,,
400,,,,,,,,
400,,,,,,,,
400,,,,,,,,
400,,,,,,,,
400,,,,,,,,
400,,,,,,,,
400,,,,,,,,
400,,,,,,,,
400,,,,,,,,
400,,,,,,,,
400,,,,,,,,
400,,,,,,,,
400,,,,,,,,
400,,,,,,,,
400,,,,,,,,
400,,,,,,,,
400,,,,,,,,
400,,,,,,,,
400,,,,,,,,
400,,,,,,,,
400,,,,,,,,
400,,,,,,,,
400,,,,,,,,
400,,,,,,,,
400,,,,,,,,
400,,,,,,,,
400,,,,,,,,
400,,,,,,,,
400,,,,,,,,
400,,,,,,,,
400,,,,,,,,
400,,,,,,,,
400,,,,,,,,
400,,,,,,,,
400,,,,,,,,
400,,,,,,,,
400,,,,,,,,
400,,,,,,,,
400,,,,,,,,
400,,,,,,,,
400,,,,,,,,
400,,,,,,,,
400,,,,,,,,
400,,,,,,,,
400,,,,,,,,
400,,,,,,,,
400,,,,,,,,
400,,,,,,,,
400,,,,,,,,
400,,,,,,,,
400,,,,,,,,
400,,,,,,,,
400,,,,,,,,
400,,,,,,,,
400,,,,,,,,
400,,,,,,,,
400,,,,,,,,
400,,,,,,,,
400,,,,,,,,
400,,,,,,,,
400,,,,,,,,
400,,,,,,,,
400,,,,,,,,
400,,,,,,,,
400,,,,,,,,
400,,,,,,,,
400,,,,,,,,
400,,,,,,,,
400,,,,,,,,
400,,,,,,,,
400,,,,,,,,
400,,,,,,,,
400,,,,,,,,
400,,,,,,,,
400,,,,,,,,
400,,,,,,,,
400,,,,,,,,
400,,,,,,,,
400,,,,,,,,
400,,,,,,,,
400,,,,,,,,
400,,,,,,,,
400,,,,,,,,
400,,,,,,,,
400,,,,,,,,
400,,,,,,,,
400,,,,,,,,
400,,,,,,,,
400,,,,,,,,
400,,,,,,,,
400,,,,,,,,
400,,,,,,,,
400,,,,,,,,
400,,,,,,,,
400,,,,,,,,
400,,,,,,,,
400,,,,,,,,
400,,,,,,,,
400,,,,,,,,
400,,,,,,,,
400,,,,,,,,
400,,,,,,,,
400,,,,,,,,
400,,,,,,,,
400,,,,,,,,
400,,,,,,,,
400,,,,,,,,
400,,,,,,,,
400,,,,,,,,
400,,,,,,,,
400,,,,,,,,
400,,,,,,,,
400,,,,,,,,
400,,,,,,,,
400,,,,,,,,
400,,,,,,,,
400,,,,,,,,
400,,,,,,,,
400,,,,,,,,
400,,,,,,,,
400,,,,,,,,
400,,,,,,,,
400,,,,,,,,
400,,,,,,,,
400,,,,,,,,
400,,,,,,,,
400,,,,,,,,
400,,,,,,,,
400,,,,,,,,
400,,,,,,,,
400,,,,,,,,
400,,,,,,,,
400,,,,,,,,
400,,,,,,,,
400,,,,,,,,
400,,,,,,,,
400,,,,,,,,
400,,,,,,,,
400,,,,,,,,
400,,,,,,,,
400,,,,,,,,
400,,,,,,,,
400,,,,,,,,
400,,,,,,,,
400,,,,,,,,
400,,,,,,,,
400,,,,,,,,
400,,,,,,,,
400,,,,,,,,
400,,,,,,,,
400,,,,,,,,
400,,,,,,,,
400,,,,,,,,
400,,,,,,,,
400,,,,,,,,
400,,,,,,,,
400,,,,,,,,
400,,,,,,,,
400,,,,,,,,
400,,,,,,,,
400,,,,,,,,
400,,,,,,,,
400,,,,,,,,
400,,,,,,,,
400,,,,,,,,
400,,,,,,,,
400,,,,,,,,
400,,,,,,,,
400,,,,,,,,
400,,,,,,,,
400,,,,,,,,
400,,,,,,,,
400,,,,,,,,
400,,,,,,,,
400,,,,,,,,
400,,,,,,,,
400,,,,,,,,
400,,,,,,,,
400,,,,,,,,
400,,,,,,,,
400,,,,,,,,
400,,,,,,,,
400,,,,,,,,
400,,,,,,,,
400,,,,,,,,
400,,,,,,,,
400,,,,,,,,
400,,,,,,,,
400,,,,,,,,
400,,,,,,,,
400,,,,,,,,
400,,,,,,,,
400,,,,,,,,
400,,,,,,,,
400,,,,,,,,
400,,,,,,,,
400,,,,,,,,
400,,,,,,,,
400,,,,,,,,
400,,,,,,,,
400,,,,,,,,
400,,,,,,,,
400,,,,,,,,
400,,,,,,,,
400,,,,,,,,
400,,,,,,,,
400,,,,,,,,
400,,,,,,,,
400,,,,,,,,
400,,,,,,,,
400,,,,,,,,
400,,,,,,,,
400,,,,,,,,
400,,,,,,,,
400,,,,,,,,
400,,,,,,,,
400,,,,,,,,
400,,,,,,,,
400,,,,,,,,
400,,,,,,,,
400,,,,,,,,
400,,,,,,,,
400,,,,,,,,
400,,,,,,,,
400,,,,,,,,
400,,,,,,,,
400,,,,,,,,
400,,,,,,,,
400,,,,,,,,
400,,,,,,,,
400,,,,,,,,
400,,,,,,,,
400,,,,,,,,
400,,,,,,,,
400,,,,,,,,
400,,,,,,,,
400,,,,,,,,
400,,,,,,,,
400,,,,,,,,
400,,,,,,,,
400,,,,,,,,
400,,,,,,,,
400,,,,,,,,
400,,,,,,,,
400,,,,,,,,
400,,,,,,,,
400,,,,,,,,
400,,,,,,,,
400,,,,,,,,
400,,,,,,,,
400,,,,,,,,
400,,,,,,,,
400,,,,,,,,
400,,,,,,,,
400,,,,,,,,
400,,,,,,,,
400,,,,,,,,
400,,,,,,,,
400,,,,,,,,
400,,,,,,,,
400,,,,,,,,
400,,,,,,,,
400,,,,,,,,
400,,,,,,,,
400,,,,,,,,
400,,,,,,,,
400,,,,,,,,
400,,,,,,,,
400,,,,,,,,
400,,,,,,,,
400,,,,,,,,
400,,,,,,,,
400,,,,,,,,
400,,,,,,,,
400,,,,,,,,
400,,,,,,,,
400,,,,,,,,
400,,,,,,,,
400,,,,,,,,
400,,,,,,,,
400,,,,,,,,
400,,,,,,,,
400,,,,,,,,
400,,,,,,,,
400,,,,,,,,
400,,,,,,,,
400,,,,,,,,
400,,,,,,,,
400,,,,,,,,
400,,,,,,,,
400,,,,,,,,
400,,,,,,,,
400,,,,,,,,
400,,,,,,,,
400,,,,,,,,
400,,,,,,,,
400,,,,,,,,
400,,,,,,,,
400,,,,,,,,
400,,,,,,,,
400,,,,,,,,
400,,,,,,,,
400,,,,,,,,
400,,,,,,,,
400,,,,,,,,
400,,,,,,,,
400,,,,,,,,
400,,,,,,,,
400,,,,,,,,
400,,,,,,,,
400,,,,,,,,
400,,,,,,,,
400,,,,,,,,
400,,,,,,,,
400,,,,,,,,
400,,,,,,,,
400,,,,,,,,
400,,,,,,,,
400,,,,,,,,
400,,,,,,,,
400,,,,,,,,
400,,,,,,,,
400,,,,,,,,
400,,,,,,,,
400,,,,,,,,
400,,,,,,,,
400,,,,,,,,
400,,,,,,,,
400,,,,,,,,
400,,,,,,,,
400,,,,,,,,
400,,,,,,,,
400,,,,,,,,
400,,,,,,,,
400,,,,,,,,
400,,,,,,,,
400,,,,,,,,
400,,,,,,,,
400,,,,,,,,
400,,,,,,,,
400,,,,,,,,
400,,,,,,,,
400,,,,,,,,
400,,,,,,,,
400,,,,,,,,
400,,,,,,,,
400,,,,,,,,
400,,,,,,,,
400,,,,,,,,
400,,,,,,,,
400,,,,,,,,
400,,,,,,,,
400,,,,,,,,
400,,,,,,,,
400,,,,,,,,
400,,,,,,,,
400,,,,,,,,
400,,,,,,,,
400,,,,,,,,
400,,,,,,,,
400,,,,,,,,
400,,,,,,,,
400,,,,,,,,
400,,,,,,,,
400,,,,,,,,
400,,,,,,,,
400,,,,,,,,
400,,,,,,,,
400,,,,,,,,
400,,,,,,,,
400,,,,,,,,
400,,,,,,,,
400,,,,,,,,
400,,,,,,,,
400,,,,,,,,
400,,,,,,,,
400,,,,,,,,
400,,,,,,,,
400,,,,,,,,
400,,,,,,,,
400,,,,,,,,
400,,,,,,,,
400,,,,,,,,
400,,,,,,,,
400,,,,,,,,
400,,,,,,,,
400,,,,,,,,
400,,,,,,,,
400,,,,,,,,
400,,,,,,,,
400,,,,,,,,
400,,,,,,,,
400,,,,,,,,
400,,,,,,,,
400,,,,,,,,
400,,,,,,,,
400,,,,,,,,
400,,,,,,,,
400,,,,,,,,
400,,,,,,,,
400,,,,,,,,
400,,,,,,,,
400,,,,,,,,
400,,,,,,,,
400,,,,,,,,
400,,,,,,,,
400,,,,,,,,
400,,,,,,,,
400,,,,,,,,
400,,,,,,,,
400,,,,,,,,
400,,,,,,,,
400,,,,,,,,
400,,,,,,,,
400,,,,,,,,
400,,,,,,,,
400,,,,,,,,
400,,,,,,,,
400,,,,,,,,
400,,,,,,,,
400,,,,,,,,
400,,,,,,,,
400,,,,,,,,
400,,,,,,,,
400,,,,,,,,
400,,,,,,,,
400,,,,,,,,
400,,,,,,,,
400,,,,,,,,
400,,,,,,,,
400,,,,,,,,
400,,,,,,,,
400,,,,,,,,
400,,,,,,,,
400,,,,,,,,
400,,,,,,,,
400,,,,,,,,
400,,,,,,,,
400,,,,,,,,
400,,,,,,,,
400,,,,,,,,
400,,,,,,,,
400,,,,,,,,
400,,,,,,,,
400,,,,,,,,
400,,,,,,,,
400,,,,,,,,
400,,,,,,,,
400,,,,,,,,
400,,,,,,,,
400,,,,,,,,
400,,,,,,,,
400,,,,,,,,
400,,,,,,,,
400,,,,,,,,
400,,,,,,,,
400,,,,,,,,
400,,,,,,,,
400,,,,,,,,
400,,,,,,,,
400,,,,,,,,
400,,,,,,,,
400,,,,,,,,
400,,,,,,,,
400,,,,,,,,
400,,,,,,,,
400,,,,,,,,
400,,,,,,,,
400,,,,,,,,
400,,,,,,,,
400,,,,,,,,
400,,,,,,,,
400,,,,,,,,
400,,,,,,,,
400,,,,,,,,
400,,,,,,,,
400,,,,,,,,
400,,,,,,,,
400,,,,,,,,
400,,,,,,,,
400,,,,,,,,
400,,,,,,,,
400,,,,,,,,
400,,,,,,,,
400,,,,,,,,
400,,,,,,,,
400,,,,,,,,
400,,,,,,,,
400,,,,,,,,
400,,,,,,,,
400,,,,,,,,
400,,,,,,,,
400,,,,,,,,
400,,,,,,,,
400,,,,,,,,
400,,,,,,,,
400,,,,,,,,
400,,,,,,,,
400,,,,,,,,
400,,,,,,,,
400,,,,,,,,
400,,,,,,,,
400,,,,,,,,
400,,,,,,,,
400,,,,,,,,
400,,,,,,,,
400,,,,,,,,
400,,,,,,,,
400,,,,,,,,
400,,,,,,,,
400,,,,,,,,
400,,,,,,,,
400,,,,,,,,
400,,,,,,,,
400,,,,,,,,
400,,,,,,,,
400,,,,,,,,
400,,,,,,,,
400,,,,,,,,
400,,,,,,,,
400,,,,,,,,
400,,,,,,,,
400,,,,,,,,
400,,,,,,,,
400,,,,,,,,
400,,,,,,,,
400,,,,,,,,
400,,,,,,,,
400,,,,,,,,
400,,,,,,,,
400,,,,,,,,
400,,,,,,,,
400,,,,,,,,
400,,,,,,,,
400,,,,,,,,
400,,,,,,,,
400,,,,,,,,
400,,,,,,,,
400,,,,,,,,
400,,,,,,,,
400,,,,,,,,
400,,,,,,,,
400,,,,,,,,
400,,,,,,,,
400,,,,,,,,
400,,,,,,,,
400,,,,,,,,
400,,,,,,,,
400,,,,,,,,
400,,,,,,,,
400,,,,,,,,
400,,,,,,,,
400,,,,,,,,
400,,,,,,,,
400,,,,,,,,
400,,,,,,,,
400,,,,,,,,
400,,,,,,,,
400,,,,,,,,
400,,,,,,,,
400,,,,,,,,
400,,,,,,,,
400,,,,,,,,
400,,,,,,,,
400,,,,,,,,
400,,,,,,,,
400,,,,,,,,
400,,,,,,,,
400,,,,,,,,
400,,,,,,,,
400,,,,,,,,
400,,,,,,,,
400,,,,,,,,
400,,,,,,,,
400,,,,,,,,
400,,,,,,,,
400,,,,,,,,
400,,,,,,,,
400,,,,,,,,
400,,,,,,,,
400,,,,,,,,
400,,,,,,,,
400,,,,,,,,
400,,,,,,,,
400,,,,,,,,
400,,,,,,,,
400,,,,,,,,
400,,,,,,,,
400,,,,,,,,
400,,,,,,,,
400,,,,,,,,
400,,,,,,,,
400,,,,,,,,
400,,,,,,,,
400,,,,,,,,
400,,,,,,,,
400,,,,,,,,
400,,,,,,,,
400,,,,,,,,
400,,,,,,,,
400,,,,,,,,
400,,,,,,,,
400,,,,,,,,
400,,,,,,,,
400,,,,,,,,
400,,,,,,,,
400,,,,,,,,
400,,,,,,,,
400,,,,,,,,
400,,,,,,,,
400,,,,,,,,
400,,,,,,,,
400,,,,,,,,
400,,,,,,,,
400,,,,,,,,
400,,,,,,,,
400,,,,,,,,
400,,,,,,,,
400,,,,,,,,
400,,,,,,,,
400,,,,,,,,
400,,,,,,,,
400,,,,,,,,
400,,,,,,,,
400,,,,,,,,
400,,,,,,,,
400,,,,,,,,
400,,,,,,,,
400,,,,,,,,
400,,,,,,,,
400,,,,,,,,
400,,,,,,,,
400,,,,,,,,
400,,,,,,,,
400,,,,,,,,
400,,,,,,,,
400,,,,,,,,
400,,,,,,,,
400,,,,,,,,
400,,,,,,,,
400,,,,,,,,
400,,,,,,,,
400,,,,,,,,
400,,,,,,,,
400,,,,,,,,
400,,,,,,,,
400,,,,,,,,
400,,,,,,,,
400,,,,,,,,
400,,,,,,,,
400,,,,,,,,
400,,,,,,,,
400,,,,,,,,
400,,,,,,,,
400,,,,,,,,
400,,,,,,,,
400,,,,,,,,
400,,,,,,,,
400,,,,,,,,
400,,,,,,,,
400,,,,,,,,
400,,,,,,,,
400,,,,,,,,
400,,,,,,,,
400,,,,,,,,
400,,,,,,,,
400,,,,,,,,
400,,,,,,,,
400,,,,,,,,
400,,,,,,,,
400,,,,,,,,
400,,,,,,,,
400,,,,,,,,
400,,,,,,,,
400,,,,,,,,
400,,,,,,,,
400,,,,,,,,
400,,,,,,,,
400,,,,,,,,
400,,,,,,,,
400,,,,,,,,
400,,,,,,,,
400,,,,,,,,
400,,,,,,,,
400,,,,,,,,
400,,,,,,,,
400,,,,,,,,
400,,,,,,,,
400,,,,,,,,
400,,,,,,,,
400,,,,,,,,
400,,,,,,,,
400,,,,,,,,
400,,,,,,,,
400,,,,,,,,
400,,,,,,,,
400,,,,,,,,
400,,,,,,,,
400,,,,,,,,
400,,,,,,,,
400,,,,,,,,
400,,,,,,,,
400,,,,,,,,
400,,,,,,,,
400,,,,,,,,
400,,,,,,,,
400,,,,,,,,
400,,,,,,,,
400,,,,,,,,
400,,,,,,,,
400,,,,,,,,
400,,,,,,,,
400,,,,,,,,
400,,,,,,,,
400,,,,,,,,
400,,,,,,,,
400,,,,,,,,
400,,,,,,,,
400,,,,,,,,
400,,,,,,,,
400,,,,,,,,
400,,,,,,,,
400,,,,,,,,
400,,,,,,,,
400,,,,,,,,
400,,,,,,,,
400,,,,,,,,
400,,,,,,,,
400,,,,,,,,
400,,,,,,,,
400,,,,,,,,
400,,,,,,,,
400,,,,,,,,
400,,,,,,,,
400,,,,,,,,
400,,,,,,,,
400,,,,,,,,
400,,,,,,,,
400,,,,,,,,
400,,,,,,,,
400,,,,,,,,
400,,,,,,,,
400,,,,,,,,
400,,,,,,,,
400,,,,,,,,
400,,,,,,,,
400,,,,,,,,
400,,,,,,,,
400,,,,,,,,
400,,,,,,,,
400,,,,,,,,
400,,,,,,,,
400,,,,,,,,
400,,,,,,,,
400,,,,,,,,
400,,,,,,,,
400,,,,,,,,
400,,,,,,,,
400,,,,,,,,
400,,,,,,,,
400,,,,,,,,
400,,,,,,,,
400,,,,,,,,
400,,,,,,,,
400,,,,,,,,
400,,,,,,,,
400,,,,,,,,
400,,,,,,,,
400,,,,,,,,
400,,,,,,,,
400,,,,,,,,
400,,,,,,,,
400,,,,,,,,
400,,,,,,,,
400,,,,,,,,
400,,,,,,,,
400,,,,,,,,
400,,,,,,,,
400,,,,,,,,
400,,,,,,,,
400,,,,,,,,
400,,,,,,,,
400,,,,,,,,
400,,,,,,,,
400,,,,,,,,
400,,,,,,,,
400,,,,,,,,
400,,,,,,,,
400,,,,,,,,
400,,,,,,,,
400,,,,,,,,
400,,,,,,,,
400,,,,,,,,
400,,,,,,,,
400,,,,,,,,
400,,,,,,,,
400,,,,,,,,
400,,,,,,,,
400,,,,,,,,
400,,,,,,,,
400,,,,,,,,
400,,,,,,,,
400,,,,,,,,
400,,,,,,,,
400,,,,,,,,
400,,,,,,,,
400,,,,,,,,
400,,,,,,,,
400,,,,,,,,
400,,,,,,,,
400,,,,,,,,
400,,,,,,,,
400,,,,,,,,
400,,,,,,,,
400,,,,,,,,
400,,,,,,,,
400,,,,,,,,
400,,,,,,,,
400,,,,,,,,
400,,,,,,,,
400,,,,,,,,
400,,,,,,,,
400,,,,,,,,
400,,,,,,,,
400,,,,,,,,
400,,,,,,,,
400,,,,,,,,
400,,,,,,,,
400,,,,,,,,
400,,,,,,,,
400,,,,,,,,
400,,,,,,,,
400,,,,,,,,
400,,,,,,,,
400,,,,,,,,
400,,,,,,,,
400,,,,,,,,
400,,,,,,,,
400,,,,,,,,
400,,,,,,,,
400,,,,,,,,
400,,,,,,,,
400,,,,,,,,
400,,,,,,,,
400,,,,,,,,
400,,,,,,,,
400,,,,,,,,
400,,,,,,,,
400,,,,,,,,
400,,,,,,,,
400,,,,,,,,
400,,,,,,,,
400,,,,,,,,
400,,,,,,,,
400,,,,,,,,
400,,,,,,,,
400,,,,,,,,
400,,,,,,,,
400,,,,,,,,
400,,,,,,,,
400,,,,,,,,
400,,,,,,,,
400,,,,,,,,
400,,,,,,,,
400,,,,,,,,
400,,,,,,,,
400,,,,,,,,
400,,,,,,,,
400,,,,,,,,
400,,,,,,,,
400,,,,,,,,
400,,,,,,,,
400,,,,,,,,
400,,,,,,,,
400,,,,,,,,
400,,,,,,,,
400,,,,,,,,
400,,,,,,,,
400,,,,,,,,
400,,,,,,,,
400,,,,,,,,
400,,,,,,,,
400,,,,,,,,
400,,,,,,,,
400,,,,,,,,
400,,,,,,,,
400,,,,,,,,
400,,,,,,,,
400,,,,,,,,
400,,,,,,,,
400,,,,,,,,
400,,,,,,,,
400,,,,,,,,
400,,,,,,,,
400,,,,,,,,
400,,,,,,,,
400,,,,,,,,
400,,,,,,,,
400,,,,,,,,
400,,,,,,,,
400,,,,,,,,
400,,,,,,,,
400,,,,,,,,
400,,,,,,,,
400,,,,,,,,
400,,,,,,,,
400,,,,,,,,
400,,,,,,,,
400,,,,,,,,
400,,,,,,,,
400,,,,,,,,
400,,,,,,,,
400,,,,,,,,
400,,,,,,,,
400,,,,,,,,
400,,,,,,,,
400,,,,,,,,
400,,,,,,,,
400,,,,,,,,
400,,,,,,,,
400,,,,,,,,
400,,,,,,,,
400,,,,,,,,
400,,,,,,,,
400,,,,,,,,
400,,,,,,,,
400,,,,,,,,
400,,,,,,,,
400,,,,,,,,
400,,,,,,,,
400,,,,,,,,
400,,,,,,,,
400,,,,,,,,
400,,,,,,,,
400,,,,,,,,
400,,,,,,,,
400,,,,,,,,
400,,,,,,,,
400,,,,,,,,
400,,,,,,,,
400,,,,,,,,
400,,,,,,,,
400,,,,,,,,
400,,,,,,,,
400,,,,,,,,
400,,,,,,,,
400,,,,,,,,
400,,,,,,,,
400,,,,,,,,
400,,,,,,,,
400,,,,,,,,
400,,,,,,,,
400,,,,,,,,
400,,,,,,,,
400,,,,,,,,
400,,,,,,,,
400,,,,,,,,
400,,,,,,,,
400,,,,,,,,
400,,,,,,,,
400,,,,,,,,
400,,,,,,,,
400,,,,,,,,
400,,,,,,,,
400,,,,,,,,
400,,,,,,,,
400,,,,,,,,
400,,,,,,,,
400,,,,,,,,
400,,,,,,,,
400,,,,,,,,
400,,,,,,,,
400,,,,,,,,
400,,,,,,,,
400,,,,,,,,
400,,,,,,,,
400,,,,,,,,
400,,,,,,,,
400,,,,,,,,
400,,,,,,,,
400,,,,,,,,
400,,,,,,,,
400,,,,,,,,
400,,,,,,,,
400,,,,,,,,
400,,,,,,,,
400,,,,,,,,
400,,,,,,,,
400,,,,,,,,
400,,,,,,,,
400,,,,,,,,
400,,,,,,,,
400,,,,,,,,
400,,,,,,,,
400,,,,,,,,
400,,,,,,,,
400,,,,,,,,
400,,,,,,,,
400,,,,,,,,
400,,,,,,,,
400,,,,,,,,
400,,,,,,,,
400,,,,,,,,
400,,,,,,,,
400,,,,,,,,
400,,,,,,,,
400,,,,,,,,
400,,,,,,,,
400,,,,,,,,
400,,,,,,,,
400,,,,,,,,
400,,,,,,,,
400,,,,,,,,
400,,,,,,,,
400,,,,,,,,
400,,,,,,,,
400,,,,,,,,
400,,,,,,,,
400,,,,,,,,
400,,,,,,,,
400,,,,,,,,
400,,,,,,,,
400,,,,,,,,
400,,,,,,,,
400,,,,,,,,
400,,,,,,,,
400,,,,,,,,
400,,,,,,,,
400,,,,,,,,
400,,,,,,,,
400,,,,,,,,
400,,,,,,,,
400,,,,,,,,
400,,,,,,,,
400,,,,,,,,
400,,,,,,,,
400,,,,,,,,
400,,,,,,,,
400,,,,,,,,
400,,,,,,,,
400,,,,,,,,
400,,,,,,,,
400,,,,,,,,
400,,,,,,,,
400,,,,,,,,
400,,,,,,,,
400,,,,,,,,
400,,,,,,,,
400,,,,,,,,
400,,,,,,,,
400,,,,,,,,
400,,,,,,,,
400,,,,,,,,
400,,,,,,,,
400,,,,,,,,
400,,,,,,,,
400,,,,,,,,
400,,,,,,,,
400,,,,,,,,
400,,,,,,,,
400,,,,,,,,
400,,,,,,,,
400,,,,,,,,
400,,,,,,,,
400,,,,,,,,
400,,,,,,,,
400,,,,,,,,
400,,,,,,,,
400,,,,,,,,
400,,,,,,,,
400,,,,,,,,
400,,,,,,,,
400,,,,,,,,
400,,,,,,,,
400,,,,,,,,
400,,,,,,,,
400,,,,,,,,
400,,,,,,,,
400,,,,,,,,
400,,,,,,,,
400,,,,,,,,
400,,,,,,,,
400,,,,,,,,
400,,,,,,,,
400,,,,,,,,
400,,,,,,,,
400,,,,,,,,
400,,,,,,,,
400,,,,,,,,
400,,,,,,,,
400,,,,,,,,
400,,,,,,,,
400,,,,,,,,
400,,,,,,,,
400,,,,,,,,
400,,,,,,,,
400,,,,,,,,
400,,,,,,,,
400,,,,,,,,
400,,,,,,,,
400,,,,,,,,
400,,,,,,,,
400,,,,,,,,
400,,,,,,,,
400,,,,,,,,
400,,,,,,,,
400,,,,,,,,
400,,,,,,,,
400,,,,,,,,
400,,,,,,,,
400,,,,,,,,
400,,,,,,,,
400,,,,,,,,
400,,,,,,,,
400,,,,,,,,
400,,,,,,,,
400,,,,,,,,
400,,,,,,,,
400,,,,,,,,
400,,,,,,,,
400,,,,,,,,
400,,,,,,,,
400,,,,,,,,
400,,,,,,,,
400,,,,,,,,
400,,,,,,,,
400,,,,,,,,
400,,,,,,,,
400,,,,,,,,
400,,,,,,,,
400,,,,,,,,
400,,,,,,,,
400,,,,,,,,
400,,,,,,,,
400,,,,,,,,
400,,,,,,,,
400,,,,,,,,
400,,,,,,,,
400,,,,,,,,
400,,,,,,,,
400,,,,,,,,
400,,,,,,,,
400,,,,,,,,
400,,,,,,,,
400,,,,,,,,
400,,,,,,,,
400,,,,,,,,
400,,,,,,,,
400,,,,,,,,
400,,,,,,,,
400,,,,,,,,
400,,,,,,,,
400,,,,,,,,
400,,,,,,,,
400,,,,,,,,
400,,,,,,,,
400,,,,,,,,
400,,,,,,,,
400,,,,,,,,
400,,,,,,,,
400,,,,,,,,
400,,,,,,,,
400,,,,,,,,
400,,,,,,,,
400,,,,,,,,
400,,,,,,,,
400,,,,,,,,
400,,,,,,,,
400,,,,,,,,
400,,,,,,,,
400,,,,,,,,
400,,,,,,,,
400,,,,,,,,
400,,,,,,,,
400,,,,,,,,
400,,,,,,,,
400,,,,,,,,
400,,,,,,,,
400,,,,,,,,
400,,,,,,,,
400,,,,,,,,
400,,,,,,,,
400,,,,,,,,
400,,,,,,,,
400,,,,,,,,
400,,,,,,,,
400,,,,,,,,
400,,,,,,,,
400,,,,,,,,
400,,,,,,,,
400,,,,,,,,
400,,,,,,,,
400,,,,,,,,
400,,,,,,,,
400,,,,,,,,
400,,,,,,,,
400,,,,,,,,
400,,,,,,,,
400,,,,,,,,
400,,,,,,,,
400,,,,,,,,
400,,,,,,,,
400,,,,,,,,
400,,,,,,,,
400,,,,,,,,
400,,,,,,,,
400,,,,,,,,
400,,,,,,,,
400,,,,,,,,
400,,,,,,,,
400,,,,,,,,
400,,,,,,,,
400,,,,,,,,
400,,,,,,,,
400,,,,,,,,
400,,,,,,,,
400,,,,,,,,
400,,,,,,,,
400,,,,,,,,
400,,,,,,,,
400,,,,,,,,
400,,,,,,,,
400,,,,,,,,
400,,,,,,,,
400,,,,,,,,
400,,,,,,,,
400,,,,,,,,
400,,,,,,,,
400,,,,,,,,
400,,,,,,,,
400,,,,,,,,
400,,,,,,,,
400,,,,,,,,
400,,,,,,,,
400,,,,,,,,
400,,,,,,,,
400,,,,,,,,
400,,,,,,,,
400,,,,,,,,
400,,,,,,,,
400,,,,,,,,
400,,,,,,,,
400,,,,,,,,
400,,,,,,,,
400,,,,,,,,
400,,,,,,,,
400,,,,,,,,
400,,,,,,,,
400,,,,,,,,
400,,,,,,,,
400,,,,,,,,
400,,,,,,,,
400,,,,,,,,
400,,,,,,,,
400,,,,,,,,
400,,,,,,,,
400,,,,,,,,
400,,,,,,,,
400,,,,,,,,
400,,,,,,,,
400,,,,,,,,
400,,,,,,,,
400,,,,,,,,
400,,,,,,,,
400,,,,,,,,
400,,,,,,,,
400,,,,,,,,
400,,,,,,,,
400,,,,,,,,
400,,,,,,,,
400,,,,,,,,
400,,,,,,,,
400,,,,,,,,
400,,,,,,,,
400,,,,,,,,
400,,,,,,,,
400,,,,,,,,
400,,,,,,,,
400,,,,,,,,
400,,,,,,,,
400,,,,,,,,
400,,,,,,,,
400,,,,,,,,
400,,,,,,,,
400,,,,,,,,
400,,,,,,,,
400,,,,,,,,
400,,,,,,,,
400,,,,,,,,
400,,,,,,,,
400,,,,,,,,
400,,,,,,,,
400,,,,,,,,
400,,,,,,,,
400,,,,,,,,
400,,,,,,,,
400,,,,,,,,
400,,,,,,,,
400,,,,,,,,
400,,,,,,,,
400,,,,,,,,
400,,,,,,,,
400,,,,,,,,
400,,,,,,,,
400,,,,,,,,
400,,,,,,,,
400,,,,,,,,
400,,,,,,,,
400,,,,,,,,
400,,,,,,,,
400,,,,,,,,
400,,,,,,,,
400,,,,,,,,
400,,,,,,,,
400,,,,,,,,
400,,,,,,,,
400,,,,,,,,
400,,,,,,,,
400,,,,,,,,
400,,,,,,,,
400,,,,,,,,
400,,,,,,,,
400,,,,,,,,
400,,,,,,,,
400,,,,,,,,
400,,,,,,,,
400,,,,,,,,
400,,,,,,,,
400,,,,,,,,
400,,,,,,,,
400,,,,,,,,
400,,,,,,,,
400,,,,,,,,
400,,,,,,,,
400,,,,,,,,
400,,,,,,,,
400,,,,,,,,
400,,,,,,,,
400,,,,,,,,
400,,,,,,,,
400,,,,,,,,
400,,,,,,,,
400,,,,,,,,
400,,,,,,,,
400,,,,,,,,
400,,,,,,,,
400,,,,,,,,
400,,,,,,,,
400,,,,,,,,
400,,,,,,,,
400,,,,,,,,
400,,,,,,,,
400,,,,,,,,
400,,,,,,,,
400,,,,,,,,
400,,,,,,,,
400,,,,,,,,
400,,,,,,,,
400,,,,,,,,
400,,,,,,,,
400,,,,,,,,
400,,,,,,,,
400,,,,,,,,
400,,,,,,,,
400,,,,,,,,
400,,,,,,,,
400,,,,,,,,
400,,,,,,,,
400,,,,,,,,
400,,,,,,,,
400,,,,,,,,
400,,,,,,,,
400,,,,,,,,
400,,,,,,,,
400,,,,,,,,
400,,,,,,,,
400,,,,,,,,
400,,,,,,,,
400,,,,,,,,
400,,,,,,,,
400,,,,,,,,
400,,,,,,,,
400,,,,,,,,
400,,,,,,,,
400,,,,,,,,
400,,,,,,,,
400,,,,,,,,
400,,,,,,,,
400,,,,,,,,
400,,,,,,,,
400,,,,,,,,
400,,,,,,,,
400,,,,,,,,
400,,,,,,,,
400,,,,,,,,
400,,,,,,,,
400,,,,,,,,
400,,,,,,,,
400,,,,,,,,
400,,,,,,,,
400,,,,,,,,
400,,,,,,,,
400,,,,,,,,
400,,,,,,,,
400,,,,,,,,
400,,,,,,,,
400,,,,,,,,
400,,,,,,,,
400,,,,,,,,
400,,,,,,,,
400,,,,,,,,
400,,,,,,,,
400,,,,,,,,
400,,,,,,,,
400,,,,,,,,
400,,,,,,,,
400,,,,,,,,
400,,,,,,,,
400,,,,,,,,
400,,,,,,,,
400,,,,,,,,
400,,,,,,,,
400,,,,,,,,
400,,,,,,,,
400,,,,,,,,
400,,,,,,,,
400,,,,,,,,
400,,,,,,,,
400,,,,,,,,
400,,,,,,,,
400,,,,,,,,
400,,,,,,,,
400,,,,,,,,
400,,,,,,,,
400,,,,,,,,
400,,,,,,,,
400,,,,,,,,
400,,,,,,,,
400,,,,,,,,
400,,,,,,,,
400,,,,,,,,
400,,,,,,,,
400,,,,,,,,
400,,,,,,,,
400,,,,,,,,
400,,,,,,,,
400,,,,,,,,
400,,,,,,,,
400,,,,,,,,
400,,,,,,,,
400,,,,,,,,
400,,,,,,,,
400,,,,,,,,
400,,,,,,,,
400,,,,,,,,
400,,,,,,,,
400,,,,,,,,
400,,,,,,,,
400,,,,,,,,
400,,,,,,,,
400,,,,,,,,
400,,,,,,,,
400,,,,,,,,
400,,,,,,,,
400,,,,,,,,
400,,,,,,,,
400,,,,,,,,
400,,,,,,,,
400,,,,,,,,
400,,,,,,,,
400,,,,,,,,
400,,,,,,,,
400,,,,,,,,
400,,,,,,,,
400,,,,,,,,
400,,,,,,,,
400,,,,,,,,
400,,,,,,,,
400,,,,,,,,
400,,,,,,,,
400,,,,,,,,
400,,,,,,,,
400,,,,,,,,
400,,,,,,,,
400,,,,,,,,
400,,,,,,,,
400,,,,,,,,
400,,,,,,,,
400,,,,,,,,
400,,,,,,,,
400,,,,,,,,
400,,,,,,,,
400,,,,,,,,
400,,,,,,,,
400,,,,,,,,
400,,,,,,,,
400,,,,,,,,
400,,,,,,,,
400,,,,,,,,
400,,,,,,,,
400,,,,,,,,
400,,,,,,,,
400,,,,,,,,
400,,,,,,,,
400,,,,,,,,
400,,,,,,,,
400,,,,,,,,
400,,,,,,,,
400,,,,,,,,
400,,,,,,,,
400,,,,,,,,
400,,,,,,,,
400,,,,,,,,
400,,,,,,,,
400,,,,,,,,
400,,,,,,,,
400,,,,,,,,
400,,,,,,,,
400,,,,,,,,
400,,,,,,,,
400,,,,,,,,
400,,,,,,,,
400,,,,,,,,
400,,,,,,,,
400,,,,,,,,
400,,,,,,,,
400,,,,,,,,
400,,,,,,,,
400,,,,,,,,
400,,,,,,,,
400,,,,,,,,
400,,,,,,,,
400,,,,,,,,
400,,,,,,,,
400,,,,,,,,
400,,,,,,,,
400,,,,,,,,
400,,,,,,,,
400,,,,,,,,
400,,,,,,,,
400,,,,,,,,
400,,,,,,,,
400,,,,,,,,
400,,,,,,,,
400,,,,,,,,
400,,,,,,,,
400,,,,,,,,
400,,,,,,,,
400,,,,,,,,
400,,,,,,,,
400,,,,,,,,
400,,,,,,,,
400,,,,,,,,
400,,,,,,,,
400,,,,,,,,
400,,,,,,,,
400,,,,,,,,
400,,,,,,,,
400,,,,,,,,
400,,,,,,,,
400,,,,,,,,
400,,,,,,,,
400,,,,,,,,
400,,,,,,,,
400,,,,,,,,
400,,,,,,,,
400,,,,,,,,
400,,,,,,,,
400,,,,,,,,
400,,,,,,,,
400,,,,,,,,
400,,,,,,,,
400,,,,,,,,
400,,,,,,,,
400,,,,,,,,
400,,,,,,,,
400,,,,,,,,
400,,,,,,,,
400,,,,,,,,
400,,,,,,,,
400,,,,,,,,
400,,,,,,,,
400,,,,,,,,
400,,,,,,,,
400,,,,,,,,
400,,,,,,,,
400,,,,,,,,
400,,,,,,,,
400,,,,,,,,
400,,,,,,,,
400,,,,,,,,
400,,,,,,,,
400,,,,,,,,
400,,,,,,,,
400,,,,,,,,
400,,,,,,,,
400,,,,,,,,
400,,,,,,,,
400,,,,,,,,
400,,,,,,,,
400,,,,,,,,
400,,,,,,,,
400,,,,,,,,
400,,,,,,,,
400,,,,,,,,
400,,,,,,,,
400,,,,,,,,
400,,,,,,,,
400,,,,,,,,
400,,,,,,,,
400,,,,,,,,
400,,,,,,,,
400,,,,,,,,
400,,,,,,,,
400,,,,,,,,
400,,,,,,,,
400,,,,,,,,
400,,,,,,,,
400,,,,,,,,
400,,,,,,,,
400,,,,,,,,
400,,,,,,,,
400,,,,,,,,
400,,,,,,,,
400,,,,,,,,
400,,,,,,,,
400,,,,,,,,
400,,,,,,,,
400,,,,,,,,
400,,,,,,,,
400,,,,,,,,
400,,,,,,,,
400,,,,,,,,
400,,,,,,,,
400,,,,,,,,
400,,,,,,,,
400,,,,,,,,
400,,,,,,,,
400,,,,,,,,
400,,,,,,,,
400,,,,,,,,
400,,,,,,,,
400,,,,,,,,
400,,,,,,,,
400,,,,,,,,
400,,,,,,,,
400,,,,,,,,
400,,,,,,,,
400,,,,,,,,
400,,,,,,,,
400,,,,,,,,
400,,,,,,,,
400,,,,,,,,
400,,,,,,,,
400,,,,,,,,
400,,,,,,,,
400,,,,,,,,
400,,,,,,,,
400,,,,,,,,
400,,,,,,,,
400,,,,,,,,
400,,,,,,,,
400,,,,,,,,
400,,,,,,,,
400,,,,,,,,
400,,,,,,,,
400,,,,,,,,
400,,,,,,,,
400,,,,,,,,
400,,,,,,,,
400,,,,,,,,
400,,,,,,,,
400,,,,,,,,
400,,,,,,,,
400,,,,,,,,
400,,,,,,,,
400,,,,,,,,
400,,,,,,,,
400,,,,,,,,
400,,,,,,,,
400,,,,,,,,
400,,,,,,,,
400,,,,,,,,
400,,,,,,,,
400,,,,,,,,
400,,,,,,,,
400,,,,,,,,
400,,,,,,,,
400,,,,,,,,
400,,,,,,,,
400,,,,,,,,
400,,,,,,,,
400,,,,,,,,
400,,,,,,,,
400,,,,,,,,
400,,,,,,,,
400,,,,,,,,
400,,,,,,,,
400,,,,,,,,
400,,,,,,,,
400,,,,,,,,
400,,,,,,,,
400,,,,,,,,
400,,,,,,,,
400,,,,,,,,
400,,,,,,,,
400,,,,,,,,
400,,,,,,,,
400,,,,,,,,
400,,,,,,,,
400,,,,,,,,
400,,,,,,,,
400,,,,,,,,
400,,,,,,,,
400,,,,,,,,
400,,,,,,,,
400,,,,,,,,
400,,,,,,,,
400,,,,,,,,
400,,,,,,,,
400,,,,,,,,
400,,,,,,,,
400,,,,,,,,
400,,,,,,,,
400,,,,,,,,
400,,,,,,,,
400,,,,,,,,
400,,,,,,,,
400,,,,,,,,
400,,,,,,,,
400,,,,,,,,
400,,,,,,,,
400,,,,,,,,
400,,,,,,,,
400,,,,,,,,
400,,,,,,,,
400,,,,,,,,
400,,,,,,,,
400,,,,,,,,
400,,,,,,,,
400,,,,,,,,
400,,,,,,,,
400,,,,,,,,
400,,,,,,,,
400,,,,,,,,
400,,,,,,,,
400,,,,,,,,
400,,,,,,,,
400,,,,,,,,
400,,,,,,,,
400,,,,,,,,
400,,,,,,,,
400,,,,,,,,
400,,,,,,,,
400,,,,,,,,
400,,,,,,,,
400,,,,,,,,
400,,,,,,,,
400,,,,,,,,
400,,,,,,,,
400,,,,,,,,
400,,,,,,,,
400,,,,,,,,
400,,,,,,,,
400,,,,,,,,
400,,,,,,,,
400,,,,,,,,
400,,,,,,,,
400,,,,,,,,
400,,,,,,,,
400,,,,,,,,
400,,,,,,,,
400,,,,,,,,
400,,,,,,,,
400,,,,,,,,
400,,,,,,,,
400,,,,,,,,
400,,,,,,,,
400,,,,,,,,
400,,,,,,,,
400,,,,,,,,
400,,,,,,,,
400,,,,,,,,
400,,,,,,,,
400,,,,,,,,
400,,,,,,,,
400,,,,,,,,
400,,,,,,,,
400,,,,,,,,
400,,,,,,,,
400,,,,,,,,
400,,,,,,,,
400,,,,,,,,
400,,,,,,,,
400,,,,,,,,
400,,,,,,,,
400,,,,,,,,
400,,,,,,,,
400,,,,,,,,
400,,,,,,,,
400,,,,,,,,
400,,,,,,,,
400,,,,,,,,
400,,,,,,,,
400,,,,,,,,
400,,,,,,,,
400,,,,,,,,
400,,,,,,,,
400,,,,,,,,
400,,,,,,,,
400,,,,,,,,
400,,,,,,,,
400,,,,,,,,
400,,,,,,,,
400,,,,,,,,
400,,,,,,,,
400,,,,,,,,
400,,,,,,,,
400,,,,,,,,
400,,,,,,,,
400,,,,,,,,
400,,,,,,,,
400,,,,,,,,
400,,,,,,,,
400,,,,,,,,
400,,,,,,,,
400,,,,,,,,
400,,,,,,,,
400,,,,,,,,
400,,,,,,,,
400,,,,,,,,
400,,,,,,,,
400,,,,,,,,
400,,,,,,,,
400,,,,,,,,
400,,,,,,,,
400,,,,,,,,
400,,,,,,,,
400,,,,,,,,
400,,,,,,,,
400,,,,,,,,
400,,,,,,,,
400,,,,,,,,
400,,,,,,,,
400,,,,,,,,
400,,,,,,,,
400,,,,,,,,
400,,,,,,,,
400,,,,,,,,
400,,,,,,,,
400,,,,,,,,
400,,,,,,,,
400,,,,,,,,
400,,,,,,,,
400,,,,,,,,
400,,,,,,,,
400,,,,,,,,
400,,,,,,,,
400,,,,,,,,
400,,,,,,,,
400,,,,,,,,
400,,,,,,,,
400,,,,,,,,
400,,,,,,,,
400,,,,,,,,
400,,,,,,,,
400,,,,,,,,
400,,,,,,,,
400,,,,,,,,
400,,,,,,,,
400,,,,,,,,
400,,,,,,,,
400,,,,,,,,
400,,,,,,,,
400,,,,,,,,
400,,,,,,,,
400,,,,,,,,
400,,,,,,,,
400,,,,,,,,
400,,,,,,,,
400,,,,,,,,
400,,,,,,,,
400,,,,,,,,
400,,,,,,,,
400,,,,,,,,
400,,,,,,,,
400,,,,,,,,
400,,,,,,,,
400,,,,,,,,
400,,,,,,,,
400,,,,,,,,
400,,,,,,,,
400,,,,,,,,
400,,,,,,,,
400,,,,,,,,
400,,,,,,,,
400,,,,,,,,
400,,,,,,,,
400,,,,,,,,
400,,,,,,,,
400,,,,,,,,
400,,,,,,,,
400,,,,,,,,
400,,,,,,,,
400,,,,,,,,
400,,,,,,,,
400,,,,,,,,
400,,,,,,,,
400,,,,,,,,
400,,,,,,,,
400,,,,,,,,
400,,,,,,,,
400,,,,,,,,
400,,,,,,,,
400,,,,,,,,
400,,,,,,,,
400,,,,,,,,
400,,,,,,,,
400,,,,,,,,
400,,,,,,,,
400,,,,,,,,
400,,,,,,,,
400,,,,,,,,
400,,,,,,,,
400,,,,,,,,
400,,,,,,,,
400,,,,,,,,
400,,,,,,,,
400,,,,,,,,
400,,,,,,,,
400,,,,,,,,
400,,,,,,,,
400,,,,,,,,
400,,,,,,,,
400,,,,,,,,
400,,,,,,,,
400,,,,,,,,
400,,,,,,,,
400,,,,,,,,
400,,,,,,,,
400,,,,,,,,
400,,,,,,,,
400,,,,,,,,
400,,,,,,,,
400,,,,,,,,
400,,,,,,,,
400,,,,,,,,
400,,,,,,,,
400,,,,,,,,
400,,,,,,,,
400,,,,,,,,
400,,,,,,,,
400,,,,,,,,
400,,,,,,,,
400,,,,,,,,
400,,,,,,,,
400,,,,,,,,
400,,,,,,,,
400,,,,,,,,
400,,,,,,,,
400,,,,,,,,
400,,,,,,,,
400,,,,,,,,
400,,,,,,,,
400,,,,,,,,
400,,,,,,,,
400,,,,,,,,
400,,,,,,,,
400,,,,,,,,
400,,,,,,,,
400,,,,,,,,
400,,,,,,,,
400,,,,,,,,
400,,,,,,,,
400,,,,,,,,
400,,,,,,,,
400,,,,,,,,
400,,,,,,,,
400,,,,,,,,
400,,,,,,,,
400,,,,,,,,
400,,,,,,,,
400,,,,,,,,
400,,,,,,,,
400,,,,,,,,
400,,,,,,,,
400,,,,,,,,
400,,,,,,,,
400,,,,,,,,
400,,,,,,,,
400,,,,,,,,
400,,,,,,,,
400,,,,,,,,
400,,,,,,,,
400,,,,,,,,
400,,,,,,,,
400,,,,,,,,
400,,,,,,,,
400,,,,,,,,
400,,,,,,,,
400,,,,,,,,
400,,,,,,,,
400,,,,,,,,
400,,,,,,,,
400,,,,,,,,
400,,,,,,,,
400,,,,,,,,
400,,,,,,,,
400,,,,,,,,
400,,,,,,,,
400,,,,,,,,
400,,,,,,,,
400,,,,,,,,
400,,,,,,,,
400,,,,,,,,
400,,,,,,,,
400,,,,,,,,
400,,,,,,,,
400,,,,,,,,
400,,,,,,,,
400,,,,,,,,
400,,,,,,,,
400,,,,,,,,
400,,,,,,,,
400,,,,,,,,
400,,,,,,,,
400,,,,,,,,
400,,,,,,,,
400,,,,,,,,
400,,,,,,,,
400,,,,,,,,
400,,,,,,,,
400,,,,,,,,
400,,,,,,,,
400,,,,,,,,
400,,,,,,,,
400,,,,,,,,
400,,,,,,,,
400,,,,,,,,
400,,,,,,,,
400,,,,,,,,
400,,,,,,,,
400,,,,,,,,
400,,,,,,,,
400,,,,,,,,
400,,,,,,,,
400,,,,,,,,
400,,,,,,,,
400,,,,,,,,
400,,,,,,,,
400,,,,,,,,
400,,,,,,,,
400,,,,,,,,
400,,,,,,,,
400,,,,,,,,
400,,,,,,,,
400,,,,,,,,
400,,,,,,,,
400,,,,,,,,
400,,,,,,,,
400,,,,,,,,
400,,,,,,,,
400,,,,,,,,
400,,,,,,,,
400,,,,,,,,
400,,,,,,,,
400,,,,,,,,
400,,,,,,,,
400,,,,,,,,
400,,,,,,,,
400,,,,,,,,
400,,,,,,,,
400,,,,,,,,
400,,,,,,,,
400,,,,,,,,
400,,,,,,,,
400,,,,,,,,
400,,,,,,,,
400,,,,,,,,
400,,,,,,,,
400,,,,,,,,
400,,,,,,,,
400,,,,,,,,
400,,,,,,,,
400,,,,,,,,
400,,,,,,,,
400,,,,,,,,
400,,,,,,,,
400,,,,,,,,
400,,,,,,,,
400,,,,,,,,
400,,,,,,,,
400,,,,,,,,
400,,,,,,,,
400,,,,,,,,
400,,,,,,,,
400,,,,,,,,
400,,,,,,,,
400,,,,,,,,
400,,,,,,,,
400,,,,,,,,
400,,,,,,,,
400,,,,,,,,
400,,,,,,,,
400,,,,,,,,
400,,,,,,,,
400,,,,,,,,
400,,,,,,,,
400,,,,,,,,
400,,,,,,,,
400,,,,,,,,
400,,,,,,,,
400,,,,,,,,
400,,,,,,,,
400,,,,,,,,
400,,,,,,,,
400,,,,,,,,
400,,,,,,,,
400,,,,,,,,
400,,,,,,,,
400,,,,,,,,
400,,,,,,,,
400,,,,,,,,
400,,,,,,,,
400,,,,,,,,
400,,,,,,,,
400,,,,,,,,
400,,,,,,,,
400,,,,,,,,
400,,,,,,,,
400,,,,,,,,
400,,,,,,,,
400,,,,,,,,
400,,,,,,,,
400,,,,,,,,
400,,,,,,,,
400,,,,,,,,
400,,,,,,,,
400,,,,,,,,
400,,,,,,,,
400,,,,,,,,
400,,,,,,,,
400,,,,,,,,
400,,,,,,,,
400,,,,,,,,
400,,,,,,,,
400,,,,,,,,
400,,,,,,,,
400,,,,,,,,
400,,,,,,,,
400,,,,,,,,
400,,,,,,,,
400,,,,,,,,
400,,,,,,,,
400,,,,,,,,
400,,,,,,,,
400,,,,,,,,
400,,,,,,,,
400,,,,,,,,
400,,,,,,,,
400,,,,,,,,
400,,,,,,,,
400,,,,,,,,
400,,,,,,,,
400,,,,,,,,
400,,,,,,,,
400,,,,,,,,
400,,,,,,,,
400,,,,,,,,
400,,,,,,,,
400,,,,,,,,
400,,,,,,,,
400,,,,,,,,
400,,,,,,,,
400,,,,,,,,
400,,,,,,,,
400,,,,,,,,
400,,,,,,,,
400,,,,,,,,
400,,,,,,,,
400,,,,,,,,
400,,,,,,,,
400,,,,,,,,
400,,,,,,,,
400,,,,,,,,
400,,,,,,,,
400,,,,,,,,
400,,,,,,,,
400,,,,,,,,
400,,,,,,,,
400,,,,,,,,
400,,,,,,,,
400,,,,,,,,
400,,,,,,,,
400,,,,,,,,
400,,,,,,,,
400,,,,,,,,
400,,,,,,,,
400,,,,,,,,
400,,,,,,,,
400,,,,,,,,
400,,,,,,,,
400,,,,,,,,
400,,,,,,,,
400,,,,,,,,
400,,,,,,,,
400,,,,,,,,
400,,,,,,,,
400,,,,,,,,
400,,,,,,,,
400,,,,,,,,
400,,,,,,,,
400,,,,,,,,
400,,,,,,,,
400,,,,,,,,
400,,,,,,,,
400,,,,,,,,
400,,,,,,,,
400,,,,,,,,
400,,,,,,,,
400,,,,,,,,
400,,,,,,,,
400,,,,,,,,
400,,,,,,,,
400,,,,,,,,
400,,,,,,,,
400,,,,,,,,
400,,,,,,,,
400,,,,,,,,
400,,,,,,,,
400,,,,,,,,
400,,,,,,,,
400,,,,,,,,
400,,,,,,,,
400,,,,,,,,
400,,,,,,,,
400,,,,,,,,
400,,,,,,,,
400,,,,,,,,
400,,,,,,,,
400,,,,,,,,
400,,,,,,,,
400,,,,,,,,
400,,,,,,,,
400,,,,,,,,
400,,,,,,,,
400,,,,,,,,
400,,,,,,,,
400,,,,,,,,
400,,,,,,,,
400,,,,,,,,
400,,,,,,,,
400,,,,,,,,
400,,,,,,,,
400,,,,,,,,
400,,,,,,,,
400,,,,,,,,
400,,,,,,,,
400,,,,,,,,
400,,,,,,,,
400,,,,,,,,
400,,,,,,,,
400,,,,,,,,
400,,,,,,,,
400,,,,,,,,
400,,,,,,,,
400,,,,,,,,
400,,,,,,,,
400,,,,,,,,
400,,,,,,,,
400,,,,,,,,
400,,,,,,,,
400,,,,,,,,
400,,,,,,,,
400,,,,,,,,
400,,,,,,,,
400,,,,,,,,
400,,,,,,,,
400,,,,,,,,
400,,,,,,,,
400,,,,,,,,
400,,,,,,,,
400,,,,,,,,
400,,,,,,,,
400,,,,,,,,
400,,,,,,,,
400,,,,,,,,
400,,,,,,,,
400,,,,,,,,
400,,,,,,,,
400,,,,,,,,
400,,,,,,,,
400,,,,,,,,
400,,,,,,,,
400,,,,,,,,
400,,,,,,,,
400,,,,,,,,
400,,,,,,,,
400,,,,,,,,
400,,,,,,,,
400,,,,,,,,
400,,,,,,,,
400,,,,,,,,
400,,,,,,,,
400,,,,,,,,
400,,,,,,,,
400,,,,,,,,
400,,,,,,,,
400,,,,,,,,
400,,,,,,,,
400,,,,,,,,
400,,,,,,,,
400,,,,,,,,
400,,,,,,,,
400,,,,,,,,
400,,,,,,,,
400,,,,,,,,
400,,,,,,,,
400,,,,,,,,
400,,,,,,,,
400,,,,,,,,
400,,,,,,,,
400,,,,,,,,
400,,,,,,,,
400,,,,,,,,
400,,,,,,,,
400,,,,,,,,
400,,,,,,,,
400,,,,,,,,
400,,,,,,,,
400,,,,,,,,
400,,,,,,,,
400,,,,,,,,
400,,,,,,,,
400,,,,,,,,
400,,,,,,,,
400,,,,,,,,
400,,,,,,,,
400,,,,,,,,
400,,,,,,,,
400,,,,,,,,
400,,,,,,,,
400,,,,,,,,
400,,,,,,,,
400,,,,,,,,
400,,,,,,,,
400,,,,,,,,
400,,,,,,,,
400,,,,,,,,
400,,,,,,,,
400,,,,,,,,
400,,,,,,,,
400,,,,,,,,
400,,,,,,,,
400,,,,,,,,
400,,,,,,,,
400,,,,,,,,
400,,,,,,,,
400,,,,,,,,
400,,,,,,,,
400,,,,,,,,
400,,,,,,,,
400,,,,,,,,
400,,,,,,,,
400,,,,,,,,
400,,,,,,,,
400,,,,,,,,
400,,,,,,,,
400,,,,,,,,
400,,,,,,,,
400,,,,,,,,
400,,,,,,,,
400,,,,,,,,
400,,,,,,,,
400,,,,,,,,
400,,,,,,,,
400,,,,,,,,
400,,,,,,,,
400,,,,,,,,
400,,,,,,,,
400,,,,,,,,
400,,,,,,,,
400,,,,,,,,
400,,,,,,,,
400,,,,,,,,
400,,,,,,,,
400,,,,,,,,
400,,,,,,,,
400,,,,,,,,
400,,,,,,,,
400,,,,,,,,
400,,,,,,,,
400,,,,,,,,
400,,,,,,,,
400,,,,,,,,
400,,,,,,,,
400,,,,,,,,
400,,,,,,,,
400,,,,,,,,
400,,,,,,,,
400,,,,,,,,
400,,,,,,,,
400,,,,,,,,
400,,,,,,,,
400,,,,,,,,
400,,,,,,,,
400,,,,,,,,
400,,,,,,,,
400,,,,,,,,
400,,,,,,,,
400,,,,,,,,
400,,,,,,,,
400,,,,,,,,
400,,,,,,,,
400,,,,,,,,
400,,,,,,,,
400,,,,,,,,
400,,,,,,,,
400,,,,,,,,
400,,,,,,,,
400,,,,,,,,
400,,,,,,,,
400,,,,,,,,
400,,,,,,,,
400,,,,,,,,
400,,,,,,,,
400,,,,,,,,
400,,,,,,,,
400,,,,,,,,
400,,,,,,,,
400,,,,,,,,
400,,,,,,,,
400,,,,,,,,
400,,,,,,,,
400,,,,,,,,
400,,,,,,,,
400,,,,,,,,
400,,,,,,,,
400,,,,,,,,
400,,,,,,,,
400,,,,,,,,
400,,,,,,,,
400,,,,,,,,
400,,,,,,,,
400,,,,,,,,
400,,,,,,,,
400,,,,,,,,
400,,,,,,,,
400,,,,,,,,
400,,,,,,,,
400,,,,,,,,
400,,,,,,,,
400,,,,,,,,
400,,,,,,,,
400,,,,,,,,
400,,,,,,,,
400,,,,,,,,
400,,,,,,,,
400,,,,,,,,
400,,,,,,,,
400,,,,,,,,
400,,,,,,,,
400,,,,,,,,
400,,,,,,,,
400,,,,,,,,
400,,,,,,,,
400,,,,,,,,
400,,,,,,,,
400,,,,,,,,
400,,,,,,,,
400,,,,,,,,
400,,,,,,,,
400,,,,,,,,
400,,,,,,,,
400,,,,,,,,
400,,,,,,,,
400,,,,,,,,
400,,,,,,,,
400,,,,,,,,
400,,,,,,,,
400,,,,,,,,
400,,,,,,,,
400,,,,,,,,
400,,,,,,,,
400,,,,,,,,
400,,,,,,,,
400,,,,,,,,
400,,,,,,,,
400,,,,,,,,
400,,,,,,,,
400,,,,,,,,
400,,,,,,,,
400,,,,,,,,
400,,,,,,,,
400,,,,,,,,
400,,,,,,,,
400,,,,,,,,
400,,,,,,,,
400,,,,,,,,
400,,,,,,,,
400,,,,,,,,
400,,,,,,,,
400,,,,,,,,
400,,,,,,,,
400,,,,,,,,
400,,,,,,,,
400,,,,,,,,
400,,,,,,,,
400,,,,,,,,
400,,,,,,,,
400,,,,,,,,
400,,,,,,,,
400,,,,,,,,
400,,,,,,,,
400,,,,,,,,
400,,,,,,,,
400,,,,,,,,
400,,,,,,,,
400,,,,,,,,
400,,,,,,,,
400,,,,,,,,
400,,,,,,,,
400,,,,,,,,
400,,,,,,,,
400,,,,,,,,
400,,,,,,,,
400,,,,,,,,
400,,,,,,,,
400,,,,,,,,
400,,,,,,,,
400,,,,,,,,
400,,,,,,,,
400,,,,,,,,
400,,,,,,,,
400,,,,,,,,
400,,,,,,,,
400,,,,,,,,
400,,,,,,,,
400,,,,,,,,
400,,,,,,,,
400,,,,,,,,
400,,,,,,,,
400,,,,,,,,
400,,,,,,,,
400,,,,,,,,
400,,,,,,,,
400,,,,,,,,
400,,,,,,,,
400,,,,,,,,
400,,,,,,,,
400,,,,,,,,
400,,,,,,,,
400,,,,,,,,
400,,,,,,,,
400,,,,,,,,
400,,,,,,,,
400,,,,,,,,
400,,,,,,,,
400,,,,,,,,
400,,,,,,,,
400,,,,,,,,
400,,,,,,,,
400,,,,,,,,
400,,,,,,,,
400,,,,,,,,
400,,,,,,,,
400,,,,,,,,
400,,,,,,,,
400,,,,,,,,
400,,,,,,,,
400,,,,,,,,
400,,,,,,,,
400,,,,,,,,
400,,,,,,,,
400,,,,,,,,
400,,,,,,,,
400,,,,,,,,
400,,,,,,,,
400,,,,,,,,
400,,,,,,,,
400,,,,,,,,
400,,,,,,,,
400,,,,,,,,
400,,,,,,,,
400,,,,,,,,
400,,,,,,,,
400,,,,,,,,
400,,,,,,,,
400,,,,,,,,
400,,,,,,,,
400,,,,,,,,
400,,,,,,,,
400,,,,,,,,
400,,,,,,,,
400,,,,,,,,
400,,,,,,,,
400,,,,,,,,
400,,,,,,,,
400,,,,,,,,
400,,,,,,,,
400,,,,,,,,
400,,,,,,,,
400,,,,,,,,
400,,,,,,,,
400,,,,,,,,
400,,,,,,,,
400,,,,,,,,
400,,,,,,,,
400,,,,,,,,
400,,,,,,,,
400,,,,,,,,
400,,,,,,,,
400,,,,,,,,
400,,,,,,,,
400,,,,,,,,
400,,,,,,,,
400,,,,,,,,
400,,,,,,,,
400,,,,,,,,
400,,,,,,,,
400,,,,,,,,
400,,,,,,,,
400,,,,,,,,
400,,,,,,,,
400,,,,,,,,
400,,,,,,,,
400,,,,,,,,
400,,,,,,,,
400,,,,,,,,
400,,,,,,,,
400,,,,,,,,
400,,,,,,,,
400,,,,,,,,
400,,,,,,,,
400,,,,,,,,
400,,,,,,,,
400,,,,,,,,
400,,,,,,,,
400,,,,,,,,
400,,,,,,,,
400,,,,,,,,
400,,,,,,,,
400,,,,,,,,
400,,,,,,,,
400,,,,,,,,
400,,,,,,,,
400,,,,,,,,
400,,,,,,,,
400,,,,,,,,
400,,,,,,,,
400,,,,,,,,
400,,,,,,,,
400,,,,,,,,
400,,,,,,,,
400,,,,,,,,
400,,,,,,,,
400,,,,,,,,
400,,,,,,,,
400,,,,,,,,
400,,,,,,,,
400,,,,,,,,
400,,,,,,,,
400,,,,,,,,
400,,,,,,,,
400,,,,,,,,
400,,,,,,,,
400,,,,,,,,
400,,,,,,,,
400,,,,,,,,
400,,,,,,,,
400,,,,,,,,
400,,,,,,,,
400,,,,,,,,
400,,,,,,,,
400,,,,,,,,
400,,,,,,,,
400,,,,,,,,
400,,,,,,,,
400,,,,,,,,
400,,,,,,,,
400,,,,,,,,
400,,,,,,,,
400,,,,,,,,
400,,,,,,,,
400,,,,,,,,
400,,,,,,,,
400,,,,,,,,
400,,,,,,,,
400,,,,,,,,
400,,,,,,,,
400,,,,,,,,
400,,,,,,,,
400,,,,,,,,
400,,,,,,,,
400,,,,,,,,
400,,,,,,,,
400,,,,,,,,
400,,,,,,,,
400,,,,,,,,
400,,,,,,,,
400,,,,,,,,
400,,,,,,,,
400,,,,,,,,
400,,,,,,,,
400,,,,,,,,
400,,,,,,,,
400,,,,,,,,
400,,,,,,,,
400,,,,,,,,
400,,,,,,,,
400,,,,,,,,
400,,,,,,,,
400,,,,,,,,
400,,,,,,,,
400,,,,,,,,
400,,,,,,,,
400,,,,,,,,
400,,,,,,,,
400,,,,,,,,
400,,,,,,,,
400,,,,,,,,
400,,,,,,,,
400,,,,,,,,
400,,,,,,,,
400,,,,,,,,
400,,,,,,,,
400,,,,,,,,
400,,,,,,,,
400,,,,,,,,
400,,,,,,,,
400,,,,,,,,
400,,,,,,,,
400,,,,,,,,
400,,,,,,,,
400,,,,,,,,
400,,,,,,,,
400,,,,,,,,
400,,,,,,,,
400,,,,,,,,
400,,,,,,,,
400,,,,,,,,
400,,,,,,,,
400,,,,,,,,
400,,,,,,,,
400,,,,,,,,
400,,,,,,,,
400,,,,,,,,
400,,,,,,,,
400,,,,,,,,
400,,,,,,,,
400,,,,,,,,
400,,,,,,,,
400,,,,,,,,
400,,,,,,,,
400,,,,,,,,
400,,,,,,,,
400,,,,,,,,
400,,,,,,,,
400,,,,,,,,
400,,,,,,,,
400,,,,,,,,
400,,,,,,,,
400,,,,,,,,
400,,,,,,,,
400,,,,,,,,
400,,,,,,,,
400,,,,,,,,
400,,,,,,,,
400,,,,,,,,
400,,,,,,,,
400,,,,,,,,
400,,,,,,,,
400,,,,,,,,
400,,,,,,,,
400,,,,,,,,
400,,,,,,,,
400,,,,,,,,
400,,,,,,,,
400,,,,,,,,
400,,,,,,,,
400,,,,,,,,
400,,,,,,,,
400,,,,,,,,
400,,,,,,,,
400,,,,,,,,
400,,,,,,,,
400,,,,,,,,
400,,,,,,,,
400,,,,,,,,
400,,,,,,,,
400,,,,,,,,
400,,,,,,,,
400,,,,,,,,
400,,,,,,,,
400,,,,,,,,
400,,,,,,,,
400,,,,,,,,
400,,,,,,,,
400,,,,,,,,
400,,,,,,,,
400,,,,,,,,
400,,,,,,,,
400,,,,,,,,
400,,,,,,,,
400,,,,,,,,
400,,,,,,,,
400,,,,,,,,
400,,,,,,,,
400,,,,,,,,
400,,,,,,,,
400,,,,,,,,
400,,,,,,,,
400,,,,,,,,
400,,,,,,,,
400,,,,,,,,
400,,,,,,,,
400,,,,,,,,
400,,,,,,,,
400,,,,,,,,
400,,,,,,,,
400,,,,,,,,
400,,,,,,,,
400,,,,,,,,
400,,,,,,,,
400,,,,,,,,
400,,,,,,,,
400,,,,,,,,
400,,,,,,,,
400,,,,,,,,
400,,,,,,,,
400,,,,,,,,
400,,,,,,,,
400,,,,,,,,
400,,,,,,,,
400,,,,,,,,
400,,,,,,,,
400,,,,,,,,
400,,,,,,,,
400,,,,,,,,
400,,,,,,,,
400,,,,,,,,
400,,,,,,,,
400,,,,,,,,
400,,,,,,,,
400,,,,,,,,
400,,,,,,,,
400,,,,,,,,
400,,,,,,,,
400,,,,,,,,
400,,,,,,,,
400,,,,,,,,
400,,,,,,,,
400,,,,,,,,
400,,,,,,,,
400,,,,,,,,
400,,,,,,,,
400,,,,,,,,
400,,,,,,,,
400,,,,,,,,
400,,,,,,,,
400,,,,,,,,
400,,,,,,,,
400,,,,,,,,
400,,,,,,,,
400,,,,,,,,
400,,,,,,,,
400,,,,,,,,
400,,,,,,,,
400,,,,,,,,
400,,,,,,,,
400,,,,,,,,
400,,,,,,,,
400,,,,,,,,
400,,,,,,,,
400,,,,,,,,
400,,,,,,,,
400,,,,,,,,
400,,,,,,,,
400,,,,,,,,
400,,,,,,,,
400,,,,,,,,
400,,,,,,,,
400,,,,,,,,
400,,,,,,,,
400,,,,,,,,
400,,,,,,,,
400,,,,,,,,
400,,,,,,,,
400,,,,,,,,
400,,,,,,,,
400,,,,,,,,
400,,,,,,,,
400,,,,,,,,
400,,,,,,,,
400,,,,,,,,
400,,,,,,,,
400,,,,,,,,
400,,,,,,,,
400,,,,,,,,
400,,,,,,,,
400,,,,,,,,
400,,,,,,,,
400,,,,,,,,
400,,,,,,,,
400,,,,,,,,
400,,,,,,,,
400,,,,,,,,
400,,,,,,,,
400,,,,,,,,
400,,,,,,,,
400,,,,,,,,
400,,,,,,,,
400,,,,,,,,
400,,,,,,,,
400,,,,,,,,
400,,,,,,,,
400,,,,,,,,
400,,,,,,,,
400,,,,,,,,
400,,,,,,,,
400,,,,,,,,
400,,,,,,,,
400,,,,,,,,
400,,,,,,,,
400,,,,,,,,
400,,,,,,,,
400,,,,,,,,
400,,,,,,,,
400,,,,,,,,
400,,,,,,,,
400,,,,,,,,
400,,,,,,,,
400,,,,,,,,
400,,,,,,,,
400,,,,,,,,
400,,,,,,,,
400,,,,,,,,
400,,,,,,,,
400,,,,,,,,
400,,,,,,,,
400,,,,,,,,
400,,,,,,,,
400,,,,,,,,
400,,,,,,,,
400,,,,,,,,
400,,,,,,,,
400,,,,,,,,
400,,,,,,,,
400,,,,,,,,
400,,,,,,,,
400,,,,,,,,
400,,,,,,,,
400,,,,,,,,
400,,,,,,,,
400,,,,,,,,
400,,,,,,,,
400,,,,,,,,
400,,,,,,,,
400,,,,,,,,
400,,,,,,,,
400,,,,,,,,
400,,,,,,,,
400,,,,,,,,
400,,,,,,,,
400,,,,,,,,
400,,,,,,,,
400,,,,,,,,
400,,,,,,,,
400,,,,,,,,
400,,,,,,,,
400,,,,,,,,
400,,,,,,,,
400,,,,,,,,
400,,,,,,,,
400,,,,,,,,
400,,,,,,,,
400,,,,,,,,
400,,,,,,,,
400,,,,,,,,
400,,,,,,,,
400,,,,,,,,
400,,,,,,,,
400,,,,,,,,
400,,,,,,,,
400,,,,,,,,
400,,,,,,,,
400,,,,,,,,
400,,,,,,,,
400,,,,,,,,
400,,,,,,,,
400,,,,,,,,
400,,,,,,,,
400,,,,,,,,
400,,,,,,,,
400,,,,,,,,
400,,,,,,,,
400,,,,,,,,
400,,,,,,,,
400,,,,,,,,
400,,,,,,,,
400,,,,,,,,
400,,,,,,,,
400,,,,,,,,
400,,,,,,,,
400,,,,,,,,
400,,,,,,,,
400,,,,,,,,
400,,,,,,,,
400,,,,,,,,
400,,,,,,,,
400,,,,,,,,
400,,,,,,,,
400,,,,,,,,
400,,,,,,,,
400,,,,,,,,
400,,,,,,,,
400,,,,,,,,
400,,,,,,,,
400,,,,,,,,
400,,,,,,,,
400,,,,,,,,
400,,,,,,,,
400,,,,,,,,
400,,,,,,,,
400,,,,,,,,
400,,,,,,,,
400,,,,,,,,
400,,,,,,,,
400,,,,,,,,
400,,,,,,,,
400,,,,,,,,
400,,,,,,,,
400,,,,,,,,
400,,,,,,,,
400,,,,,,,,
400,,,,,,,,
400,,,,,,,,
400,,,,,,,,
400,,,,,,,,
400,,,,,,,,
400,,,,,,,,
400,,,,,,,,
400,,,,,,,,
400,,,,,,,,
400,,,,,,,,
400,,,,,,,,
400,,,,,,,,
400,,,,,,,,
400,,,,,,,,
400,,,,,,,,
400,,,,,,,,
400,,,,,,,,
400,,,,,,,,
400,,,,,,,,
400,,,,,,,,
400,,,,,,,,
400,,,,,,,,
400,,,,,,,,
400,,,,,,,,
400,,,,,,,,
400,,,,,,,,
400,,,,,,,,
400,,,,,,,,
400,,,,,,,,
400,,,,,,,,
400,,,,,,,,
400,,,,,,,,
400,,,,,,,,
400,,,,,,,,
400,,,,,,,,
400,,,,,,,,
400,,,,,,,,
400,,,,,,,,
400,,,,,,,,
400,,,,,,,,
400,,,,,,,,
400,,,,,,,,
400,,,,,,,,
400,,,,,,,,
400,,,,,,,,
400,,,,,,,,
400,,,,,,,,
400,,,,,,,,
400,,,,,,,,
400,,,,,,,,
400,,,,,,,,
400,,,,,,,,
400,,,,,,,,
400,,,,,,,,
400,,,,,,,,
400,,,,,,,,
400,,,,,,,,
400,,,,,,,,
400,,,,,,,,
400,,,,,,,,
400,,,,,,,,
400,,,,,,,,
400,,,,,,,,
400,,,,,,,,
400,,,,,,,,
400,,,,,,,,
400,,,,,,,,
400,,,,,,,,
400,,,,,,,,
400,,,,,,,,
400,,,,,,,,
400,,,,,,,,
400,,,,,,,,
400,,,,,,,,
400,,,,,,,,
400,,,,,,,,
400,,,,,,,,
400,,,,,,,,
400,,,,,,,,
400,,,,,,,,
400,,,,,,,,
400,,,,,,,,
400,,,,,,,,
400,,,,,,,,
400,,,,,,,,
400,,,,,,,,
400,,,,,,,,
400,,,,,,,,
400,,,,,,,,
400,,,,,,,,
400,,,,,,,,
400,,,,,,,,
400,,,,,,,,
400,,,,,,,,
400,,,,,,,,
400,,,,,,,,
400,,,,,,,,
400,,,,,,,,
400,,,,,,,,
400,,,,,,,,
400,,,,,,,,
400,,,,,,,,
400,,,,,,,,
400,,,,,,,,
400,,,,,,,,
400,,,,,,,,
400,,,,,,,,
400,,,,,,,,
400,,,,,,,,
400,,,,,,,,
400,,,,,,,,
400,,,,,,,,
400,,,,,,,,
400,,,,,,,,
400,,,,,,,,
400,,,,,,,,
400,,,,,,,,
400,,,,,,,,
400,,,,,,,,
400,,,,,,,,
400,,,,,,,,
400,,,,,,,,
400,,,,,,,,
400,,,,,,,,
400,,,,,,,,
400,,,,,,,,
400,,,,,,,,
400,,,,,,,,
400,,,,,,,,
400,,,,,,,,
400,,,,,,,,
400,,,,,,,,
400,,,,,,,,
400,,,,,,,,
400,,,,,,,,
400,,,,,,,,
400,,,,,,,,
400,,,,,,,,
400,,,,,,,,
400,,,,,,,,
400,,,,,,,,
400,,,,,,,,
400,,,,,,,,
400,,,,,,,,
400,,,,,,,,
400,,,,,,,,
400,,,,,,,,
400,,,,,,,,
400,,,,,,,,
400,,,,,,,,
400,,,,,,,,
400,,,,,,,,
400,,,,,,,,
400,,,,,,,,
400,,,,,,,,
400,,,,,,,,
400,,,,,,,,
400,,,,,,,,
400,,,,,,,,
400,,,,,,,,
400,,,,,,,,
400,,,,,,,,
400,,,,,,,,
400,,,,,,,,
400,,,,,,,,
400,,,,,,,,
400,,,,,,,,
400,,,,,,,,
400,,,,,,,,
400,,,,,,,,
400,,,,,,,,
400,,,,,,,,
400,,,,,,,,
400,,,,,,,,
400,,,,,,,,
400,,,,,,,,
400,,,,,,,,
400,,,,,,,,
400,,,,,,,,
400,,,,,,,,
400,,,,,,,,
400,,,,,,,,
400,,,,,,,,
400,,,,,,,,
400,,,,,,,,
400,,,,,,,,
400,,,,,,,,
400,,,,,,,,
400,,,,,,,,
400,,,,,,,,
400,,,,,,,,
400,,,,,,,,
400,,,,,,,,
400,,,,,,,,
400,,,,,,,,
400,,,,,,,,
400,,,,,,,,
400,,,,,,,,
400,,,,,,,,
400,,,,,,,,
400,,,,,,,,
400,,,,,,,,
400,,,,,,,,
400,,,,,,,,
400,,,,,,,,
400,,,,,,,,
400,,,,,,,,
400,,,,,,,,
400,,,,,,,,
400,,,,,,,,
400,,,,,,,,
400,,,,,,,,
400,,,,,,,,
400,,,,,,,,
400,,,,,,,,
400,,,,,,,,
400,,,,,,,,
400,,,,,,,,
400,,,,,,,,
400,,,,,,,,
400,,,,,,,,
400,,,,,,,,
400,,,,,,,,
400,,,,,,,,
400,,,,,,,,
400,,,,,,,,
400,,,,,,,,
400,,,,,,,,
400,,,,,,,,
400,,,,,,,,
400,,,,,,,,
400,,,,,,,,
400,,,,,,,,
400,,,,,,,,
400,,,,,,,,
400,,,,,,,,
400,,,,,,,,
400,,,,,,,,
400,,,,,,,,
400,,,,,,,,
400,,,,,,,,
400,,,,,,,,
400,,,,,,,,
400,,,,,,,,
400,,,,,,,,
400,,,,,,,,
400,,,,,,,,
400,,,,,,,,
400,,,,,,,,
400,,,,,,,,
400,,,,,,,,
400,,,,,,,,
400,,,,,,,,
400,,,,,,,,
400,,,,,,,,
400,,,,,,,,
400,,,,,,,,
400,,,,,,,,
400,,,,,,,,
400,,,,,,,,
400,,,,,,,,
400,,,,,,,,
400,,,,,,,,
400,,,,,,,,
400,,,,,,,,
400,,,,,,,,
400,,,,,,,,
400,,,,,,,,
400,,,,,,,,
400,,,,,,,,
400,,,,,,,,
400,,,,,,,,
400,,,,,,,,
400,,,,,,,,
400,,,,,,,,
400,,,,,,,,
400,,,,,,,,
400,,,,,,,,
400,,,,,,,,
400,,,,,,,,
400,,,,,,,,
400,,,,,,,,
400,,,,,,,,
400,,,,,,,,
400,,,,,,,,
400,,,,,,,,
400,,,,,,,,
400,,,,,,,,
400,,,,,,,,
400,,,,,,,,
400,,,,,,,,
400,,,,,,,,
400,,,,,,,,
400,,,,,,,,
400,,,,,,,,
400,,,,,,,,
400,,,,,,,,
400,,,,,,,,
400,,,,,,,,
400,,,,,,,,
400,,,,,,,,
400,,,,,,,,
400,,,,,,,,
400,,,,,,,,
400,,,,,,,,
400,,,,,,,,
400,,,,,,,,
400,,,,,,,,
400,,,,,,,,
400,,,,,,,,
400,,,,,,,,
400,,,,,,,,
400,,,,,,,,
400,,,,,,,,
400,,,,,,,,
400,,,,,,,,
400,,,,,,,,
400,,,,,,,,
400,,,,,,,,
400,,,,,,,,
400,,,,,,,,
400,,,,,,,,
400,,,,,,,,
400,,,,,,,,
400,,,,,,,,
400,,,,,,,,
400,,,,,,,,
400,,,,,,,,
400,,,,,,,,
400,,,,,,,,
400,,,,,,,,
400,,,,,,,,
400,,,,,,,,
400,,,,,,,,
400,,,,,,,,
400,,,,,,,,
400,,,,,,,,
400,,,,,,,,
400,,,,,,,,
400,,,,,,,,
400,,,,,,,,
400,,,,,,,,
400,,,,,,,,
400,,,,,,,,
400,,,,,,,,
400,,,,,,,,
400,,,,,,,,
400,,,,,,,,
400,,,,,,,,
400,,,,,,,,
400,,,,,,,,
400,,,,,,,,
400,,,,,,,,
400,,,,,,,,
400,,,,,,,,
400,,,,,,,,
400,,,,,,,,
400,,,,,,,,
400,,,,,,,,
400,,,,,,,,
400,,,,,,,,
400,,,,,,,,
400,,,,,,,,
400,,,,,,,,
400,,,,,,,,
400,,,,,,,,
400,,,,,,,,
400,,,,,,,,
400,,,,,,,,
400,,,,,,,,
400,,,,,,,,
400,,,,,,,,
400,,,,,,,,
400,,,,,,,,
400,,,,,,,,
400,,,,,,,,
400,,,,,,,,
400,,,,,,,,
400,,,,,,,,
400,,,,,,,,
400,,,,,,,,
400,,,,,,,,
400,,,,,,,,
400,,,,,,,,
400,,,,,,,,
400,,,,,,,,
400,,,,,,,,
400,,,,,,,,
400,,,,,,,,
400,,,,,,,,
400,,,,,,,,
400,,,,,,,,
400,,,,,,,,
400,,,,,,,,
400,,,,,,,,
400,,,,,,,,
400,,,,,,,,
400,,,,,,,,
400,,,,,,,,
400,,,,,,,,
400,,,,,,,,
400,,,,,,,,
400,,,,,,,,
400,,,,,,,,
400,,,,,,,,
400,,,,,,,,
400,,,,,,,,
400,,,,,,,,
400,,,,,,,,
400,,,,,,,,
400,,,,,,,,
400,,,,,,,,
400,,,,,,,,
400,,,,,,,,
400,,,,,,,,
400,,,,,,,,
400,,,,,,,,
400,,,,,,,,
400,,,,,,,,
400,,,,,,,,
400,,,,,,,,
400,,,,,,,,
400,,,,,,,,
400,,,,,,,,
400,,,,,,,,
400,,,,,,,,
400,,,,,,,,
400,,,,,,,,
400,,,,,,,,
400,,,,,,,,
400,,,,,,,,
400,,,,,,,,
400,,,,,,,,
400,,,,,,,,
400,,,,,,,,
400,,,,,,,,
400,,,,,,,,
400,,,,,,,,
400,,,,,,,,
400,,,,,,,,
400,,,,,,,,
400,,,,,,,,
400,,,,,,,,
400,,,,,,,,
400,,,,,,,,
400,,,,,,,,
400,,,,,,,,
400,,,,,,,,
400,,,,,,,,
400,,,,,,,,
400,,,,,,,,
400,,,,,,,,
400,,,,,,,,
400,,,,,,,,
400,,,,,,,,
400,,,,,,,,
400,,,,,,,,
400,,,,,,,,
400,,,,,,,,
400,,,,,,,,
400,,,,,,,,
400,,,,,,,,
400,,,,,,,,
400,,,,,,,,
400,,,,,,,,
400,,,,,,,,
400,,,,,,,,
400,,,,,,,,
400,,,,,,,,
400,,,,,,,,
400,,,,,,,,
400,,,,,,,,
400,,,,,,,,
400,,,,,,,,
400,,,,,,,,
400,,,,,,,,
400,,,,,,,,
400,,,,,,,,
400,,,,,,,,
400,,,,,,,,
400,,,,,,,,
400,,,,,,,,
400,,,,,,,,
400,,,,,,,,
400,,,,,,,,
400,,,,,,,,
400,,,,,,,,
400,,,,,,,,
400,,,,,,,,
400,,,,,,,,
400,,,,,,,,
400,,,,,,,,
400,,,,,,,,
400,,,,,,,,
400,,,,,,,,
400,,,,,,,,
400,,,,,,,,
400,,,,,,,,
400,,,,,,,,
400,,,,,,,,
400,,,,,,,,
400,,,,,,,,
400,,,,,,,,
400,,,,,,,,
400,,,,,,,,
400,,,,,,,,
400,,,,,,,,
400,,,,,,,,
400,,,,,,,,
400,,,,,,,,
400,,,,,,,,
400,,,,,,,,
400,,,,,,,,
400,,,,,,,,
400,,,,,,,,
400,,,,,,,,
400,,,,,,,,
400,,,,,,,,
400,,,,,,,,
400,,,,,,,,
400,,,,,,,,
400,,,,,,,,
400,,,,,,,,
400,,,,,,,,
400,,,,,,,,
400,,,,,,,,
400,,,,,,,,
400,,,,,,,,
400,,,,,,,,
400,,,,,,,,
400,,,,,,,,
400,,,,,,,,
400,,,,,,,,
400,,,,,,,,
400,,,,,,,,
400,,,,,,,,
400,,,,,,,,
400,,,,,,,,
400,,,,,,,,
400,,,,,,,,
400,,,,,,,,
400,,,,,,,,
400,,,,,,,,
400,,,,,,,,
400,,,,,,,,
400,,,,,,,,
400,,,,,,,,
400,,,,,,,,
400,,,,,,,,
400,,,,,,,,
400,,,,,,,,
400,,,,,,,,
400,,,,,,,,
400,,,,,,,,
400,,,,,,,,
400,,,,,,,,
400,,,,,,,,
400,,,,,,,,
400,,,,,,,,
400,,,,,,,,
400,,,,,,,,
400,,,,,,,,
400,,,,,,,,
400,,,,,,,,
400,,,,,,,,
400,,,,,,,,
400,,,,,,,,
400,,,,,,,,
400,,,,,,,,
400,,,,,,,,
400,,,,,,,,
400,,,,,,,,
400,,,,,,,,
400,,,,,,,,
400,,,,,,,,
400,,,,,,,,
400,,,,,,,,
400,,,,,,,,
400,,,,,,,,
400,,,,,,,,
400,,,,,,,,
400,,,,,,,,
400,,,,,,,,
400,,,,,,,,
400,,,,,,,,
400,,,,,,,,
400,,,,,,,,
400,,,,,,,,
400,,,,,,,,
400,,,,,,,,
400,,,,,,,,
400,,,,,,,,
400,,,,,,,,
400,,,,,,,,
400,,,,,,,,
400,,,,,,,,
400,,,,,,,,
400,,,,,,,,
400,,,,,,,,
400,,,,,,,,
400,,,,,,,,
400,,,,,,,,
400,,,,,,,,
400,,,,,,,,
400,,,,,,,,
400,,,,,,,,
400,,,,,,,,
400,,,,,,,,
400,,,,,,,,
400,,,,,,,,
400,,,,,,,,
400,,,,,,,,
400,,,,,,,,
400,,,,,,,,
400,,,,,,,,
400,,,,,,,,
400,,,,,,,,
400,,,,,,,,
400,,,,,,,,
400,,,,,,,,
400,,,,,,,,
400,,,,,,,,
400,,,,,,,,
400,,,,,,,,
400,,,,,,,,
400,,,,,,,,
400,,,,,,,,
400,,,,,,,,
400,,,,,,,,
400,,,,,,,,
400,,,,,,,,
400,,,,,,,,
400,,,,,,,,
400,,,,,,,,
400,,,,,,,,
400,,,,,,,,
400,,,,,,,,
400,,,,,,,,
400,,,,,,,,
400,,,,,,,,
400,,,,,,,,
400,,,,,,,,
400,,,,,,,,
400,,,,,,,,
400,,,,,,,,
400,,,,,,,,
400,,,,,,,,
400,,,,,,,,
400,,,,,,,,
400,,,,,,,,
400,,,,,,,,
400,,,,,,,,
400,,,,,,,,
400,,,,,,,,
400,,,,,,,,
400,,,,,,,,
400,,,,,,,,
400,,,,,,,,
400,,,,,,,,
400,,,,,,,,
400,,,,,,,,
400,,,,,,,,
400,,,,,,,,
400,,,,,,,,
400,,,,,,,,
400,,,,,,,,
400,,,,,,,,
400,,,,,,,,
400,,,,,,,,
400,,,,,,,,
400,,,,,,,,
400,,,,,,,,
400,,,,,,,,
400,,,,,,,,
400,,,,,,,,
400,,,,,,,,
400,,,,,,,,
400,,,,,,,,
400,,,,,,,,
400,,,,,,,,
400,,,,,,,,
400,,,,,,,,
400,,,,,,,,
400,,,,,,,,
400,,,,,,,,
400,,,,,,,,
400,,,,,,,,
400,,,,,,,,
400,,,,,,,,
400,,,,,,,,
400,,,,,,,,
400,,,,,,,,
400,,,,,,,,
400,,,,,,,,
400,,,,,,,,
400,,,,,,,,
400,,,,,,,,
400,,,,,,,,
400,,,,,,,,
400,,,,,,,,
400,,,,,,,,
400,,,,,,,,
400,,,,,,,,
400,,,,,,,,
400,,,,,,,,
400,,,,,,,,
400,,,,,,,,
400,,,,,,,,
400,,,,,,,,
400,,,,,,,,
400,,,,,,,,
400,,,,,,,,
400,,,,,,,,
400,,,,,,,,
400,,,,,,,,
400,,,,,,,,
400,,,,,,,,
400,,,,,,,,
400,,,,,,,,
400,,,,,,,,
400,,,,,,,,
400,,,,,,,,
400,,,,,,,,
400,,,,,,,,
400,,,,,,,,
400,,,,,,,,
400,,,,,,,,
400,,,,,,,,
400,,,,,,,,
400,,,,,,,,
400,,,,,,,,
400,,,,,,,,
400,,,,,,,,
400,,,,,,,,
400,,,,,,,,
400,,,,,,,,
400,,,,,,,,
400,,,,,,,,
400,,,,,,,,
400,,,,,,,,
400,,,,,,,,
400,,,,,,,,
400,,,,,,,,
400,,,,,,,,
400,,,,,,,,
400,,,,,,,,
400,,,,,,,,
400,,,,,,,,
400,,,,,,,,
400,,,,,,,,
400,,,,,,,,
400,,,,,,,,
400,,,,,,,,
400,,,,,,,,
400,,,,,,,,
400,,,,,,,,
400,,,,,,,,
400,,,,,,,,
400,,,,,,,,
400,,,,,,,,
400,,,,,,,,
400,,,,,,,,
400,,,,,,,,
400,,,,,,,,
400,,,,,,,,
400,,,,,,,,
400,,,,,,,,
400,,,,,,,,
400,,,,,,,,
400,,,,,,,,
400,,,,,,,,
400,,,,,,,,
400,,,,,,,,
400,,,,,,,,
400,,,,,,,,
400,,,,,,,,
400,,,,,,,,
400,,,,,,,,
400,,,,,,,,
400,,,,,,,,
400,,,,,,,,
400,,,,,,,,
400,,,,,,,,
400,,,,,,,,
400,,,,,,,,
400,,,,,,,,
400,,,,,,,,
400,,,,,,,,
400,,,,,,,,
400,,,,,,,,
400,,,,,,,,
400,,,,,,,,
400,,,,,,,,
400,,,,,,,,
400,,,,,,,,
400,,,,,,,,
400,,,,,,,,
400,,,,,,,,
400,,,,,,,,
400,,,,,,,,
400,,,,,,,,
400,,,,,,,,
400,,,,,,,,
400,,,,,,,,
400,,,,,,,,
400,,,,,,,,
400,,,,,,,,
400,,,,,,,,
400,,,,,,,,
400,,,,,,,,
400,,,,,,,,
400,,,,,,,,
400,,,,,,,,
400,,,,,,,,
400,,,,,,,,
400,,,,,,,,
400,,,,,,,,
400,,,,,,,,
400,,,,,,,,
400,,,,,,,,
400,,,,,,,,
400,,,,,,,,
400,,,,,,,,
400,,,,,,,,
400,,,,,,,,
400,,,,,,,,
400,,,,,,,,
400,,,,,,,,
400,,,,,,,,
400,,,,,,,,
400,,,,,,,,
400,,,,,,,,
400,,,,,,,,
400,,,,,,,,
400,,,,,,,,
400,,,,,,,,
400,,,,,,,,
400,,,,,,,,
400,,,,,,,,
400,,,,,,,,
400,,,,,,,,
400,,,,,,,,
400,,,,,,,,
400,,,,,,,,
400,,,,,,,,
400,,,,,,,,
400,,,,,,,,
400,,,,,,,,
400,,,,,,,,
400,,,,,,,,
400,,,,,,,,
400,,,,,,,,
400,,,,,,,,
400,,,,,,,,
400,,,,,,,,
400,,,,,,,,
400,,,,,,,,
400,,,,,,,,
400,,,,,,,,
400,,,,,,,,
400,,,,,,,,
400,,,,,,,,
400,,,,,,,,
400,,,,,,,,
400,,,,,,,,
400,,,,,,,,
400,,,,,,,,
400,,,,,,,,
400,,,,,,,,
400,,,,,,,,
400,,,,,,,,
400,,,,,,,,
400,,,,,,,,
400,,,,,,,,
400,,,,,,,,
400,,,,,,,,
400,,,,,,,,
400,,,,,,,,
400,,,,,,,,
400,,,,,,,,
400,,,,,,,,
400,,,,,,,,
400,,,,,,,,
400,,,,,,,,
400,,,,,,,,
400,,,,,,,,
400,,,,,,,,
400,,,,,,,,
400,,,,,,,,
400,,,,,,,,
400,,,,,,,,
400,,,,,,,,
400,,,,,,,,
400,,,,,,,,
400,,,,,,,,
400,,,,,,,,
400,,,,,,,,
400,,,,,,,,
400,,,,,,,,
400,,,,,,,,
400,,,,,,,,
400,,,,,,,,
400,,,,,,,,
400,,,,,,,,
400,,,,,,,,
400,,,,,,,,
400,,,,,,,,
400,,,,,,,,
400,,,,,,,,
400,,,,,,,,
400,,,,,,,,
400,,,,,,,,
400,,,,,,,,
400,,,,,,,,
400,,,,,,,,
400,,,,,,,,
400,,,,,,,,
400,,,,,,,,
400,,,,,,,,
400,,,,,,,,
400,,,,,,,,
400,,,,,,,,
400,,,,,,,,
400,,,,,,,,
400,,,,,,,,
400,,,,,,,,
400,,,,,,,,
400,,,,,,,,
400,,,,,,,,
400,,,,,,,,
400,,,,,,,,
400,,,,,,,,
400,,,,,,,,
400,,,,,,,,
400,,,,,,,,
400,,,,,,,,
400,,,,,,,,
400,,,,,,,,
400,,,,,,,,
400,,,,,,,,
400,,,,,,,,
400,,,,,,,,
400,,,,,,,,
400,,,,,,,,
400,,,,,,,,
400,,,,,,,,
400,,,,,,,,
400,,,,,,,,
400,,,,,,,,
400,,,,,,,,
400,,,,,,,,
400,,,,,,,,
400,,,,,,,,
400,,,,,,,,
400,,,,,,,,
400,,,,,,,,
400,,,,,,,,
400,,,,,,,,
400,,,,,,,,
400,,,,,,,,
400,,,,,,,,
400,,,,,,,,
400,,,,,,,,
400,,,,,,,,
400,,,,,,,,
400,,,,,,,,
400,,,,,,,,
400,,,,,,,,
400,,,,,,,,
400,,,,,,,,
400,,,,,,,,
400,,,,,,,,
400,,,,,,,,
400,,,,,,,,
400,,,,,,,,
400,,,,,,,,
400,,,,,,,,
400,,,,,,,,
400,,,,,,,,
400,,,,,,,,
400,,,,,,,,
400,,,,,,,,
400,,,,,,,,
400,,,,,,,,
400,,,,,,,,
400,,,,,,,,
400,,,,,,,,
400,,,,,,,,
400,,,,,,,,
400,,,,,,,,
400,,,,,,,,
400,,,,,,,,
400,,,,,,,,
400,,,,,,,,
400,,,,,,,,
400,,,,,,,,
400,,,,,,,,
400,,,,,,,,
400,,,,,,,,
400,,,,,,,,
400,,,,,,,,
400,,,,,,,,
400,,,,,,,,
400,,,,,,,,
400,,,,,,,,
400,,,,,,,,
400,,,,,,,,
400,,,,,,,,
400,,,,,,,,
400,,,,,,,,
400,,,,,,,,
400,,,,,,,,
400,,,,,,,,
400,,,,,,,,
400,,,,,,,,
400,,,,,,,,
400,,,,,,,,
400,,,,,,,,
400,,,,,,,,
400,,,,,,,,
400,,,,,,,,
400,,,,,,,,
400,,,,,,,,
400,,,,,,,,
400,,,,,,,,
400,,,,,,,,
400,,,,,,,,
400,,,,,,,,
400,,,,,,,,
400,,,,,,,,
400,,,,,,,,
400,,,,,,,,
400,,,,,,,,
400,,,,,,,,
400,,,,,,,,
400,,,,,,,,
400,,,,,,,,
400,,,,,,,,
400,,,,,,,,
400,,,,,,,,
400,,,,,,,,
400,,,,,,,,
400,,,,,,,,
400,,,,,,,,
400,,,,,,,,
400,,,,,,,,
400,,,,,,,,
400,,,,,,,,
400,,,,,,,,
400,,,,,,,,
400,,,,,,,,
400,,,,,,,,
400,,,,,,,,
400,,,,,,,,
400,,,,,,,,
400,,,,,,,,
400,,,,,,,,
400,,,,,,,,
400,,,,,,,,
400,,,,,,,,
400,,,,,,,,
400,,,,,,,,
400,,,,,,,,
400,,,,,,,,
400,,,,,,,,
400,,,,,,,,
400,,,,,,,,
400,,,,,,,,
400,,,,,,,,
400,,,,,,,,
400,,,,,,,,
400,,,,,,,,
400,,,,,,,,
400,,,,,,,,
400,,,,,,,,
400,,,,,,,,
400,,,,,,,,
400,,,,,,,,
400,,,,,,,,
400,,,,,,,,
400,,,,,,,,
400,,,,,,,,
400,,,,,,,,
400,,,,,,,,
400,,,,,,,,
400,,,,,,,,
400,,,,,,,,
400,,,,,,,,
400,,,,,,,,
400,,,,,,,,
400,,,,,,,,
400,,,,,,,,
400,,,,,,,,
400,,,,,,,,
400,,,,,,,,
400,,,,,,,,
400,,,,,,,,
400,,,,,,,,
400,,,,,,,,
400,,,,,,,,
400,,,,,,,,
400,,,,,,,,
400,,,,,,,,
400,,,,,,,,
400,,,,,,,,
400,,,,,,,,
400,,,,,,,,
400,,,,,,,,
400,,,,,,,,
400,,,,,,,,
400,,,,,,,,
400,,,,,,,,
400,,,,,,,,
400,,,,,,,,
400,,,,,,,,
400,,,,,,,,
400,,,,,,,,
400,,,,,,,,
400,,,,,,,,
400,,,,,,,,
400,,,,,,,,
400,,,,,,,,
400,,,,,,,,
400,,,,,,,,
400,,,,,,,,
400,,,,,,,,
400,,,,,,,,
400,,,,,,,,
400,,,,,,,,
400,,,,,,,,
400,,,,,,,,
400,,,,,,,,
400,,,,,,,,
400,,,,,,,,
400,,,,,,,,
400,,,,,,,,
400,,,,,,,,
400,,,,,,,,
400,,,,,,,,
400,,,,,,,,
400,,,,,,,,
400,,,,,,,,
400,,,,,,,,
400,,,,,,,,
400,,,,,,,,
400,,,,,,,,
400,,,,,,,,
400,,,,,,,,
400,,,,,,,,
400,,,,,,,,
400,,,,,,,,
400,,,,,,,,
400,,,,,,,,
400,,,,,,,,
400,,,,,,,,
400,,,,,,,,
400,,,,,,,,
400,,,,,,,,
400,,,,,,,,
400,,,,,,,,
400,,,,,,,,
400,,,,,,,,
400,,,,,,,,
400,,,,,,,,
400,,,,,,,,
400,,,,,,,,
400,,,,,,,,
400,,,,,,,,
400,,,,,,,,
400,,,,,,,,
400,,,,,,,,
400,,,,,,,,
400,,,,,,,,
400,,,,,,,,
400,,,,,,,,
400,,,,,,,,
400,,,,,,,,
400,,,,,,,,
400,,,,,,,,
400,,,,,,,,
400,,,,,,,,
400,,,,,,,,
400,,,,,,,,
400,,,,,,,,
400,,,,,,,,
400,,,,,,,,
400,,,,,,,,
400,,,,,,,,
400,,,,,,,,
400,,,,,,,,
400,,,,,,,,
400,,,,,,,,
400,,,,,,,,
400,,,,,,,,
400,,,,,,,,
400,,,,,,,,
400,,,,,,,,
400,,,,,,,,
400,,,,,,,,
400,,,,,,,,
400,,,,,,,,
400,,,,,,,,
400,,,,,,,,
400,,,,,,,,
400,,,,,,,,
400,,,,,,,,
400,,,,,,,,
400,,,,,,,,
400,,,,,,,,
400,,,,,,,,
400,,,,,,,,
400,,,,,,,,
400,,,,,,,,
400,,,,,,,,
400,,,,,,,,
400,,,,,,,,
400,,,,,,,,
400,,,,,,,,
400,,,,,,,,
400,,,,,,,,
400,,,,,,,,
400,,,,,,,,
400,,,,,,,,
400,,,,,,,,
400,,,,,,,,
400,,,,,,,,
400,,,,,,,,
400,,,,,,,,
400,,,,,,,,
400,,,,,,,,
400,,,,,,,,
400,,,,,,,,
400,,,,,,,,
400,,,,,,,,
400,,,,,,,,
400,,,,,,,,
400,,,,,,,,
400,,,,,,,,
400,,,,,,,,
400,,,,,,,,
400,,,,,,,,
400,,,,,,,,
400,,,,,,,,
400,,,,,,,,
400,,,,,,,,
400,,,,,,,,
400,,,,,,,,
400,,,,,,,,
400,,,,,,,,
400,,,,,,,,
400,,,,,,,,
400,,,,,,,,
400,,,,,,,,
400,,,,,,,,
400,,,,,,,,
400,,,,,,,,
400,,,,,,,,
400,,,,,,,,
400,,,,,,,,
400,,,,,,,,
400,,,,,,,,
400,,,,,,,,
400,,,,,,,,
400,,,,,,,,
400,,,,,,,,
400,,,,,,,,
400,,,,,,,,
400,,,,,,,,
400,,,,,,,,
400,,,,,,,,
400,,,,,,,,
400,,,,,,,,
400,,,,,,,,
400,,,,,,,,
400,,,,,,,,
400,,,,,,,,
400,,,,,,,,
400,,,,,,,,
400,,,,,,,,
400,,,,,,,,
400,,,,,,,,
400,,,,,,,,
400,,,,,,,,
400,,,,,,,,
400,,,,,,,,
400,,,,,,,,
400,,,,,,,,
400,,,,,,,,
400,,,,,,,,
400,,,,,,,,
400,,,,,,,,
400,,,,,,,,
400,,,,,,,,
400,,,,,,,,
400,,,,,,,,
400,,,,,,,,
400,,,,,,,,
400,,,,,,,,
400,,,,,,,,
400,,,,,,,,
400,,,,,,,,
400,,,,,,,,
400,,,,,,,,
400,,,,,,,,
400,,,,,,,,
400,,,,,,,,
400,,,,,,,,
400,,,,,,,,
400,,,,,,,,
400,,,,,,,,
400,,,,,,,,
400,,,,,,,,
400,,,,,,,,
400,,,,,,,,
400,,,,,,,,
400,,,,,,,,
400,,,,,,,,
400,,,,,,,,
400,,,,,,,,
400,,,,,,,,
400,,,,,,,,
400,,,,,,,,
400,,,,,,,,
400,,,,,,,,
400,,,,,,,,
400,,,,,,,,
400,,,,,,,,
400,,,,,,,,
400,,,,,,,,
400,,,,,,,,
400,,,,,,,,
400,,,,,,,,
400,,,,,,,,
400,,,,,,,,
400,,,,,,,,
400,,,,,,,,
400,,,,,,,,
400,,,,,,,,
400,,,,,,,,
400,,,,,,,,
400,,,,,,,,
400,,,,,,,,
400,,,,,,,,
400,,,,,,,,
400,,,,,,,,
400,,,,,,,,
400,,,,,,,,
400,,,,,,,,
400,,,,,,,,
400,,,,,,,,
400,,,,,,,,
400,,,,,,,,
400,,,,,,,,
400,,,,,,,,
400,,,,,,,,
400,,,,,,,,
400,,,,,,,,
400,,,,,,,,
400,,,,,,,,
400,,,,,,,,
400,,,,,,,,
400,,,,,,,,
400,,,,,,,,
400,,,,,,,,
400,,,,,,,,
400,,,,,,,,
400,,,,,,,,
400,,,,,,,,
400,,,,,,,,
400,,,,,,,,
400,,,,,,,,
400,,,,,,,,
400,,,,,,,,
400,,,,,,,,
400,,,,,,,,
400,,,,,,,,
400,,,,,,,,
400,,,,,,,,
400,,,,,,,,
400,,,,,,,,
400,,,,,,,,
400,,,,,,,,
400,,,,,,,,
400,,,,,,,,
400,,,,,,,,
400,,,,,,,,
400,,,,,,,,
400,,,,,,,,
400,,,,,,,,
400,,,,,,,,
400,,,,,,,,
400,,,,,,,,
400,,,,,,,,
400,,,,,,,,
400,,,,,,,,
400,,,,,,,,
400,,,,,,,,
400,,,,,,,,
400,,,,,,,,
400,,,,,,,,
400,,,,,,,,
400,,,,,,,,
400,,,,,,,,
400,,,,,,,,
400,,,,,,,,
400,,,,,,,,
400,,,,,,,,
400,,,,,,,,
400,,,,,,,,
400,,,,,,,,
400,,,,,,,,
400,,,,,,,,
400,,,,,,,,
400,,,,,,,,
400,,,,,,,,
400,,,,,,,,
400,,,,,,,,
400,,,,,,,,
400,,,,,,,,
400,,,,,,,,
400,,,,,,,,
400,,,,,,,,
400,,,,,,,,
400,,,,,,,,
400,,,,,,,,
400,,,,,,,,
400,,,,,,,,
400,,,,,,,,
400,,,,,,,,
400,,,,,,,,
400,,,,,,,,
400,,,,,,,,
400,,,,,,,,
400,,,,,,,,
400,,,,,,,,
400,,,,,,,,
400,,,,,,,,
400,,,,,,,,
400,,,,,,,,
400,,,,,,,,
400,,,,,,,,
400,,,,,,,,
400,,,,,,,,
400,,,,,,,,
400,,,,,,,,
400,,,,,,,,
400,,,,,,,,
400,,,,,,,,
400,,,,,,,,
400,,,,,,,,
400,,,,,,,,
400,,,,,,,,
400,,,,,,,,
400,,,,,,,,
400,,,,,,,,
400,,,,,,,,
400,,,,,,,,
400,,,,,,,,
400,,,,,,,,
400,,,,,,,,
400,,,,,,,,
400,,,,,,,,
400,,,,,,,,
400,,,,,,,,
400,,,,,,,,
400,,,,,,,,
400,,,,,,,,
400,,,,,,,,
400,,,,,,,,
400,,,,,,,,
400,,,,,,,,
400,,,,,,,,
400,,,,,,,,
400,,,,,,,,
400,,,,,,,,
400,,,,,,,,
400,,,,,,,,
400,,,,,,,,
400,,,,,,,,
400,,,,,,,,
400,,,,,,,,
400,,,,,,,,
400,,,,,,,,
400,,,,,,,,
400,,,,,,,,
400,,,,,,,,
400,,,,,,,,
400,,,,,,,,
400,,,,,,,,
400,,,,,,,,
400,,,,,,,,
400,,,,,,,,
400,,,,,,,,
400,,,,,,,,
400,,,,,,,,
400,,,,,,,,
400,,,,,,,,
400,,,,,,,,
400,,,,,,,,
400,,,,,,,,
400,,,,,,,,
400,,,,,,,,
400,,,,,,,,
400,,,,,,,,
400,,,,,,,,
400,,,,,,,,
400,,,,,,,,
400,,,,,,,,
400,,,,,,,,
400,,,,,,,,
400,,,,,,,,
400,,,,,,,,
400,,,,,,,,
400,,,,,,,,
400,,,,,,,,
400,,,,,,,,
400,,,,,,,,
400,,,,,,,,
400,,,,,,,,
400,,,,,,,,
400,,,,,,,,
400,,,,,,,,
400,,,,,,,,
400,,,,,,,,
400,,,,,,,,
400,,,,,,,,
400,,,,,,,,
400,,,,,,,,
400,,,,,,,,
400,,,,,,,,
400,,,,,,,,
400,,,,,,,,
400,,,,,,,,
400,,,,,,,,
400,,,,,,,,
400,,,,,,,,
400,,,,,,,,
400,,,,,,,,
400,,,,,,,,
400,,,,,,,,
400,,,,,,,,
400,,,,,,,,
400,,,,,,,,
400,,,,,,,,
400,,,,,,,,
400,,,,,,,,
400,,,,,,,,
400,,,,,,,,
400,,,,,,,,
400,,,,,,,,
400,,,,,,,,
400,,,,,,,,
400,,,,,,,,
400,,,,,,,,
400,,,,,,,,
400,,,,,,,,
400,,,,,,,,
400,,,,,,,,
400,,,,,,,,
400,,,,,,,,
400,,,,,,,,
400,,,,,,,,
400,,,,,,,,
400,,,,,,,,
400,,,,,,,,
400,,,,,,,,
400,,,,,,,,
400,,,,,,,,
400,,,,,,,,
400,,,,,,,,
400,,,,,,,,
400,,,,,,,,
400,,,,,,,,
400,,,,,,,,
400,,,,,,,,
400,,,,,,,,
400,,,,,,,,
400,,,,,,,,
400,,,,,,,,
400,,,,,,,,
400,,,,,,,,
400,,,,,,,,
400,,,,,,,,
400,,,,,,,,
400,,,,,,,,
400,,,,,,,,
400,,,,,,,,
400,,,,,,,,
400,,,,,,,,
400,,,,,,,,
400,,,,,,,,
400,,,,,,,,
400,,,,,,,,
400,,,,,,,,
400,,,,,,,,
400,,,,,,,,
400,,,,,,,,
400,,,,,,,,
400,,,,,,,,
400,,,,,,,,
400,,,,,,,,
400,,,,,,,,
400,,,,,,,,
400,,,,,,,,
400,,,,,,,,
400,,,,,,,,
400,,,,,,,,
400,,,,,,,,
400,,,,,,,,
400,,,,,,,,
400,,,,,,,,
400,,,,,,,,
400,,,,,,,,
400,,,,,,,,
400,,,,,,,,
400,,,,,,,,
400,,,,,,,,
400,,,,,,,,
400,,,,,,,,
400,,,,,,,,
400,,,,,,,,
400,,,,,,,,
400,,,,,,,,
400,,,,,,,,
400,,,,,,,,
400,,,,,,,,
400,,,,,,,,
400,,,,,,,,
400,,,,,,,,
400,,,,,,,,
400,,,,,,,,
400,,,,,,,,
400,,,,,,,,
400,,,,,,,,
400,,,,,,,,
400,,,,,,,,
400,,,,,,,,
400,,,,,,,,
400,,,,,,,,
400,,,,,,,,
400,,,,,,,,
400,,,,,,,,
400,,,,,,,,
400,,,,,,,,
400,,,,,,,,
400,,,,,,,,
400,,,,,,,,
400,,,,,,,,
400,,,,,,,,
400,,,,,,,,
400,,,,,,,,
400,,,,,,,,
400,,,,,,,,
400,,,,,,,,
400,,,,,,,,
400,,,,,,,,
400,,,,,,,,
400,,,,,,,,
400,,,,,,,,
400,,,,,,,,
400,,,,,,,,
400,,,,,,,,
400,,,,,,,,
400,,,,,,,,
400,,,,,,,,
400,,,,,,,,
400,,,,,,,,
400,,,,,,,,
400,,,,,,,,
400,,,,,,,,
400,,,,,,,,
400,,,,,,,,
400,,,,,,,,
400,,,,,,,,
400,,,,,,,,
400,,,,,,,,
400,,,,,,,,
400,,,,,,,,
400,,,,,,,,
400,,,,,,,,
400,,,,,,,,
400,,,,,,,,
400,,,,,,,,
400,,,,,,,,
400,,,,,,,,
400,,,,,,,,
400,,,,,,,,
400,,,,,,,,
400,,,,,,,,
400,,,,,,,,
400,,,,,,,,
400,,,,,,,,
400,,,,,,,,
400,,,,,,,,
400,,,,,,,,
400,,,,,,,,
400,,,,,,,,
400,,,,,,,,
400,,,,,,,,
400,,,,,,,,
400,,,,,,,,
400,,,,,,,,
400,,,,,,,,
400,,,,,,,,
400,,,,,,,,
400,,,,,,,,
400,,,,,,,,
400,,,,,,,,
400,,,,,,,,
400,,,,,,,,
400,,,,,,,,
400,,,,,,,,
400,,,,,,,,
400,,,,,,,,
400,,,,,,,,
400,,,,,,,,
400,,,,,,,,
400,,,,,,,,
400,,,,,,,,
400,,,,,,,,
400,,,,,,,,
400,,,,,,,,
400,,,,,,,,
400,,,,,,,,
400,,,,,,,,
400,,,,,,,,
400,,,,,,,,
400,,,,,,,,
400,,,,,,,,
400,,,,,,,,
400,,,,,,,,
400,,,,,,,,
400,,,,,,,,
400,,,,,,,,
400,,,,,,,,
400,,,,,,,,
400,,,,,,,,
400,,,,,,,,
400,,,,,,,,
400,,,,,,,,
400,,,,,,,,
400,,,,,,,,
400,,,,,,,,
400,,,,,,,,
400,,,,,,,,
400,,,,,,,,
400,,,,,,,,
400,,,,,,,,
400,,,,,,,,
400,,,,,,,,
400,,,,,,,,
400,,,,,,,,
400,,,,,,,,
400,,,,,,,,
400,,,,,,,,
400,,,,,,,,
400,,,,,,,,
400,,,,,,,,
400,,,,,,,,
400,,,,,,,,
400,,,,,,,,
400,,,,,,,,
400,,,,,,,,
400,,,,,,,,
400,,,,,,,,
400,,,,,,,,
400,,,,,,,,
400,,,,,,,,
400,,,,,,,,
400,,,,,,,,
400,,,,,,,,
400,,,,,,,,
400,,,,,,,,
400,,,,,,,,
400,,,,,,,,
400,,,,,,,,
400,,,,,,,,
400,,,,,,,,
400,,,,,,,,
400,,,,,,,,
400,,,,,,,,
400,,,,,,,,
400,,,,,,,,
400,,,,,,,,
400,,,,,,,,
400,,,,,,,,
400,,,,,,,,
400,,,,,,,,
400,,,,,,,,
400,,,,,,,,
400,,,,,,,,
400,,,,,,,,
400,,,,,,,,
400,,,,,,,,
400,,,,,,,,
400,,,,,,,,
400,,,,,,,,
400,,,,,,,,
400,,,,,,,,
400,,,,,,,,
400,,,,,,,,
400,,,,,,,,
400,,,,,,,,
400,,,,,,,,
400,,,,,,,,
400,,,,,,,,
400,,,,,,,,
400,,,,,,,,
400,,,,,,,,
400,,,,,,,,
400,,,,,,,,
400,,,,,,,,
400,,,,,,,,
400,,,,,,,,
400,,,,,,,,
400,,,,,,,,
400,,,,,,,,
400,,,,,,,,
400,,,,,,,,
400,,,,,,,,
400,,,,,,,,
400,,,,,,,,
400,,,,,,,,
400,,,,,,,,
400,,,,,,,,
400,,,,,,,,
400,,,,,,,,
400,,,,,,,,
400,,,,,,,,
400,,,,,,,,
400,,,,,,,,
400,,,,,,,,
400,,,,,,,,
400,,,,,,,,
400,,,,,,,,
400,,,,,,,,
400,,,,,,,,
400,,,,,,,,
400,,,,,,,,
400,,,,,,,,
400,,,,,,,,
400,,,,,,,,
400,,,,,,,,
400,,,,,,,,
400,,,,,,,,
400,,,,,,,,
400,,,,,,,,
400,,,,,,,,
400,,,,,,,,
400,,,,,,,,
400,,,,,,,,
400,,,,,,,,
400,,,,,,,,
400,,,,,,,,
400,,,,,,,,
400,,,,,,,,
400,,,,,,,,
400,,,,,,,,
400,,,,,,,,
400,,,,,,,,
400,,,,,,,,
400,,,,,,,,
400,,,,,,,,
400,,,,,,,,
400,,,,,,,,
400,,,,,,,,
400,,,,,,,,
400,,,,,,,,
400,,,,,,,,
400,,,,,,,,
400,,,,,,,,
400,,,,,,,,
400,,,,,,,,
400,,,,,,,,
400,,,,,,,,
400,,,,,,,,
400,,,,,,,,
400,,,,,,,,
400,,,,,,,,
400,,,,,,,,
400,,,,,,,,
400,,,,,,,,
400,,,,,,,,
400,,,,,,,,
400,,,,,,,,
400,,,,,,,,
400,,,,,,,,
400,,,,,,,,
400,,,,,,,,
400,,,,,,,,
400,,,,,,,,
400,,,,,,,,
400,,,,,,,,
400,,,,,,,,
400,,,,,,,,
400,,,,,,,,
400,,,,,,,,
400,,,,,,,,
400,,,,,,,,
400,,,,,,,,
400,,,,,,,,
400,,,,,,,,
400,,,,,,,,
400,,,,,,,,
400,,,,,,,,
400,,,,,,,,
400,,,,,,,,
400,,,,,,,,
400,,,,,,,,
400,,,,,,,,
400,,,,,,,,
400,,,,,,,,
400,,,,,,,,
400,,,,,,,,
400,,,,,,,,
400,,,,,,,,
400,,,,,,,,
400,,,,,,,,
400,,,,,,,,
400,,,,,,,,
400,,,,,,,,
400,,,,,,,,
400,,,,,,,,
400,,,,,,,,
400,,,,,,,,
400,,,,,,,,
400,,,,,,,,
400,,,,,,,,
400,,,,,,,,
400,,,,,,,,
400,,,,,,,,
400,,,,,,,,
400,,,,,,,,
400,,,,,,,,
400,,,,,,,,
400,,,,,,,,
400,,,,,,,,
400,,,,,,,,
400,,,,,,,,
400,,,,,,,,
400,,,,,,,,
400,,,,,,,,
400,,,,,,,,
400,,,,,,,,
400,,,,,,,,
400,,,,,,,,
400,,,,,,,,
400,,,,,,,,
400,,,,,,,,
400,,,,,,,,
400,,,,,,,,
400,,,,,,,,
400,,,,,,,,
400,,,,,,,,
400,,,,,,,,
400,,,,,,,,
400,,,,,,,,
400,,,,,,,,
400,,,,,,,,
400,,,,,,,,
400,,,,,,,,
400,,,,,,,,
400,,,,,,,,
400,,,,,,,,
400,,,,,,,,
400,,,,,,,,
400,,,,,,,,
400,,,,,,,,
400,,,,,,,,
400,,,,,,,,
400,,,,,,,,
400,,,,,,,,
400,,,,,,,,
400,,,,,,,,
400,,,,,,,,
400,,,,,,,,
400,,,,,,,,
400,,,,,,,,
400,,,,,,,,
400,,,,,,,,
400,,,,,,,,
400,,,,,,,,
400,,,,,,,,
400,,,,,,,,
400,,,,,,,,
400,,,,,,,,
400,,,,,,,,
400,,,,,,,,
400,,,,,,,,
400,,,,,,,,
400,,,,,,,,
400,,,,,,,,
400,,,,,,,,
400,,,,,,,,
400,,,,,,,,
400,,,,,,,,
400,,,,,,,,
400,,,,,,,,
400,,,,,,,,
400,,,,,,,,
400,,,,,,,,
400,,,,,,,,
400,,,,,,,,
400,,,,,,,,
400,,,,,,,,
400,,,,,,,,
400,,,,,,,,
400,,,,,,,,
400,,,,,,,,
400,,,,,,,,
400,,,,,,,,
400,,,,,,,,
400,,,,,,,,
400,,,,,,,,
400,,,,,,,,
400,,,,,,,,
400,,,,,,,,
400,,,,,,,,
400,,,,,,,,
400,,,,,,,,
400,,,,,,,,
400,,,,,,,,
400,,,,,,,,
400,,,,,,,,
400,,,,,,,,
400,,,,,,,,
400,,,,,,,,
400,,,,,,,,
400,,,,,,,,
400,,,,,,,,
400,,,,,,,,
400,,,,,,,,
400,,,,,,,,
400,,,,,,,,
400,,,,,,,,
400,,,,,,,,
400,,,,,,,,
400,,,,,,,,
400,,,,,,,,
400,,,,,,,,
400,,,,,,,,
400,,,,,,,,
400,,,,,,,,
400,,,,,,,,
400,,,,,,,,
400,,,,,,,,
400,,,,,,,,
400,,,,,,,,
400,,,,,,,,
400,,,,,,,,
400,,,,,,,,
400,,,,,,,,
400,,,,,,,,
400,,,,,,,,
400,,,,,,,,
400,,,,,,,,
400,,,,,,,,
400,,,,,,,,
400,,,,,,,,
400,,,,,,,,
400,,,,,,,,
400,,,,,,,,
400,,,,,,,,
400,,,,,,,,
400,,,,,,,,
400,,,,,,,,
400,,,,,,,,
400,,,,,,,,
400,,,,,,,,
400,,,,,,,,
400,,,,,,,,
400,,,,,,,,
400,,,,,,,,
400,,,,,,,,
400,,,,,,,,
400,,,,,,,,
400,,,,,,,,
400,,,,,,,,
400,,,,,,,,
400,,,,,,,,
400,,,,,,,,
400,,,,,,,,
400,,,,,,,,
400,,,,,,,,
400,,,,,,,,
400,,,,,,,,
400,,,,,,,,
400,,,,,,,,
400,,,,,,,,
400,,,,,,,,
400,,,,,,,,
400,,,,,,,,
400,,,,,,,,
400,,,,,,,,
400,,,,,,,,
400,,,,,,,,
400,,,,,,,,
400,,,,,,,,
400,,,,,,,,
400,,,,,,,,
400,,,,,,,,
400,,,,,,,,
400,,,,,,,,
400,,,,,,,,
400,,,,,,,,
400,,,,,,,,
400,,,,,,,,
400,,,,,,,,
400,,,,,,,,
400,,,,,,,,
400,,,,,,,,
400,,,,,,,,
400,,,,,,,,
400,,,,,,,,
400,,,,,,,,
400,,,,,,,,
400,,,,,,,,
400,,,,,,,,
400,,,,,,,,
400,,,,,,,,
400,,,,,,,,
400,,,,,,,,
400,,,,,,,,
400,,,,,,,,
400,,,,,,,,
400,,,,,,,,
400,,,,,,,,
400,,,,,,,,
400,,,,,,,,
400,,,,,,,,
400,,,,,,,,
400,,,,,,,,
400,,,,,,,,
400,,,,,,,,
400,,,,,,,,
400,,,,,,,,
400,,,,,,,,
400,,,,,,,,
400,,,,,,,,
400,,,,,,,,
400,,,,,,,,
400,,,,,,,,
400,,,,,,,,
400,,,,,,,,
400,,,,,,,,
400,,,,,,,,
400,,,,,,,,
400,,,,,,,,
400,,,,,,,,
400,,,,,,,,
400,,,,,,,,
400,,,,,,,,
400,,,,,,,,
400,,,,,,,,
400,,,,,,,,
400,,,,,,,,
400,,,,,,,,
400,,,,,,,,
400,,,,,,,,
400,,,,,,,,
400,,,,,,,,
400,,,,,,,,
400,,,,,,,,
400,,,,,,,,
400,,,,,,,,
400,,,,,,,,
400,,,,,,,,
400,,,,,,,,
400,,,,,,,,
400,,,,,,,,
400,,,,,,,,
400,,,,,,,,
400,,,,,,,,
400,,,,,,,,
400,,,,,,,,
400,,,,,,,,
400,,,,,,,,
400,,,,,,,,
400,,,,,,,,
400,,,,,,,,
400,,,,,,,,
400,,,,,,,,
400,,,,,,,,
400,,,,,,,,
400,,,,,,,,
400,,,,,,,,
400,,,,,,,,
400,,,,,,,,
400,,,,,,,,
400,,,,,,,,
400,,,,,,,,
400,,,,,,,,
400,,,,,,,,
400,,,,,,,,
400,,,,,,,,
400,,,,,,,,
400,,,,,,,,
400,,,,,,,,
400,,,,,,,,
400,,,,,,,,
400,,,,,,,,
400,,,,,,,,
400,,,,,,,,
400,,,,,,,,
400,,,,,,,,
400,,,,,,,,
400,,,,,,,,
400,,,,,,,,
400,,,,,,,,
400,,,,,,,,
400,,,,,,,,
400,,,,,,,,
400,,,,,,,,
400,,,,,,,,
400,,,,,,,,
400,,,,,,,,
400,,,,,,,,
400,,,,,,,,
400,,,,,,,,
400,,,,,,,,
400,,,,,,,,
400,,,,,,,,
400,,,,,,,,
400,,,,,,,,
400,,,,,,,,
400,,,,,,,,
400,,,,,,,,
400,,,,,,,,
400,,,,,,,,
400,,,,,,,,
400,,,,,,,,
400,,,,,,,,
400,,,,,,,,
400,,,,,,,,
400,,,,,,,,
400,,,,,,,,
400,,,,,,,,
400,,,,,,,,
400,,,,,,,,
400,,,,,,,,
400,,,,,,,,
400,,,,,,,,
400,,,,,,,,
400,,,,,,,,
400,,,,,,,,
400,,,,,,,,
400,,,,,,,,
400,,,,,,,,
400,,,,,,,,
400,,,,,,,,
400,,,,,,,,
400,,,,,,,,
400,,,,,,,,
400,,,,,,,,
400,,,,,,,,
400,,,,,,,,
400,,,,,,,,
400,,,,,,,,
400,,,,,,,,
400,,,,,,,,
400,,,,,,,,
400,,,,,,,,
400,,,,,,,,
400,,,,,,,,
400,,,,,,,,
400,,,,,,,,
400,,,,,,,,
400,,,,,,,,
400,,,,,,,,
400,,,,,,,,
400,,,,,,,,
400,,,,,,,,
400,,,,,,,,
400,,,,,,,,
400,,,,,,,,
400,,,,,,,,
400,,,,,,,,
400,,,,,,,,
400,,,,,,,,
400,,,,,,,,
400,,,,,,,,
400,,,,,,,,
400,,,,,,,,
400,,,,,,,,
400,,,,,,,,
400,,,,,,,,
400,,,,,,,,
400,,,,,,,,
400,,,,,,,,
400,,,,,,,,
400,,,,,,,,
400,,,,,,,,
400,,,,,,,,
400,,,,,,,,
400,,,,,,,,
400,,,,,,,,
400,,,,,,,,
400,,,,,,,,
400,,,,,,,,
400,,,,,,,,
400,,,,,,,,
400,,,,,,,,
400,,,,,,,,
400,,,,,,,,
400,,,,,,,,
400,,,,,,,,
400,,,,,,,,
400,,,,,,,,
400,,,,,,,,
400,,,,,,,,
400,,,,,,,,
400,,,,,,,,
400,,,,,,,,
400,,,,,,,,
400,,,,,,,,
400,,,,,,,,
400,,,,,,,,
400,,,,,,,,
400,,,,,,,,
400,,,,,,,,
400,,,,,,,,
400,,,,,,,,
400,,,,,,,,
400,,,,,,,,
400,,,,,,,,
400,,,,,,,,
400,,,,,,,,
400,,,,,,,,
400,,,,,,,,
400,,,,,,,,
400,,,,,,,,
400,,,,,,,,
400,,,,,,,,
400,,,,,,,,
400,,,,,,,,
400,,,,,,,,
400,,,,,,,,
400,,,,,,,,
400,,,,,,,,
400,,,,,,,,
400,,,,,,,,
400,,,,,,,,
400,,,,,,,,
400,,,,,,,,
400,,,,,,,,
400,,,,,,,,
400,,,,,,,,
400,,,,,,,,
400,,,,,,,,
400,,,,,,,,
400,,,,,,,,
400,,,,,,,,
400,,,,,,,,
400,,,,,,,,
400,,,,,,,,
400,,,,,,,,
400,,,,,,,,
400,,,,,,,,
400,,,,,,,,
400,,,,,,,,
400,,,,,,,,
400,,,,,,,,
400,,,,,,,,
400,,,,,,,,
400,,,,,,,,
400,,,,,,,,
400,,,,,,,,
400,,,,,,,,
400,,,,,,,,
400,,,,,,,,
400,,,,,,,,
400,,,,,,,,
400,,,,,,,,
400,,,,,,,,
400,,,,,,,,
400,,,,,,,,
400,,,,,,,,
400,,,,,,,,
400,,,,,,,,
400,,,,,,,,
400,,,,,,,,
400,,,,,,,,
400,,,,,,,,
400,,,,,,,,
400,,,,,,,,
400,,,,,,,,
400,,,,,,,,
400,,,,,,,,
400,,,,,,,,
400,,,,,,,,
400,,,,,,,,
400,,,,,,,,
400,,,,,,,,
400,,,,,,,,
400,,,,,,,,
400,,,,,,,,
400,,,,,,,,
400,,,,,,,,
400,,,,,,,,
400,,,,,,,,
400,,,,,,,,
400,,,,,,,,
400,,,,,,,,
400,,,,,,,,
400,,,,,,,,
400,,,,,,,,
400,,,,,,,,
400,,,,,,,,
400,,,,,,,,
400,,,,,,,,
400,,,,,,,,
400,,,,,,,,
400,,,,,,,,
400,,,,,,,,
400,,,,,,,,
400,,,,,,,,
400,,,,,,,,
400,,,,,,,,
400,,,,,,,,
400,,,,,,,,
400,,,,,,,,
400,,,,,,,,
400,,,,,,,,
400,,,,,,,,
400,,,,,,,,
400,,,,,,,,
400,,,,,,,,
400,,,,,,,,
400,,,,,,,,
400,,,,,,,,
400,,,,,,,,
400,,,,,,,,
400,,,,,,,,
400,,,,,,,,
400,,,,,,,,
400,,,,,,,,
400,,,,,,,,
400,,,,,,,,
400,,,,,,,,
400,,,,,,,,
400,,,,,,,,
400,,,,,,,,
400,,,,,,,,
400,,,,,,,,
400,,,,,,,,
400,,,,,,,,
400,,,,,,,,
400,,,,,,,,
400,,,,,,,,
400,,,,,,,,
400,,,,,,,,
400,,,,,,,,
400,,,,,,,,
400,,,,,,,,
400,,,,,,,,
400,,,,,,,,
400,,,,,,,,
400,,,,,,,,
400,,,,,,,,
400,,,,,,,,
400,,,,,,,,
400,,,,,,,,
400,,,,,,,,
400,,,,,,,,
400,,,,,,,,
400,,,,,,,,
400,,,,,,,,
400,,,,,,,,
400,,,,,,,,
400,,,,,,,,
400,,,,,,,,
400,,,,,,,,
400,,,,,,,,
400,,,,,,,,
400,,,,,,,,
400,,,,,,,,
400,,,,,,,,
400,,,,,,,,
400,,,,,,,,
400,,,,,,,,
400,,,,,,,,
400,,,,,,,,
400,,,,,,,,
400,,,,,,,,
400,,,,,,,,
400,,,,,,,,
400,,,,,,,,
400,,,,,,,,
400,,,,,,,,
400,,,,,,,,
400,,,,,,,,
400,,,,,,,,
400,,,,,,,,
400,,,,,,,,
400,,,,,,,,
400,,,,,,,,
400,,,,,,,,
400,,,,,,,,
400,,,,,,,,
400,,,,,,,,
400,,,,,,,,
400,,,,,,,,
400,,,,,,,,
400,,,,,,,,
400,,,,,,,,
400,,,,,,,,
400,,,,,,,,
400,,,,,,,,
400,,,,,,,,
400,,,,,,,,
400,,,,,,,,
400,,,,,,,,
400,,,,,,,,
400,,,,,,,,
400,,,,,,,,
400,,,,,,,,
400,,,,,,,,
400,,,,,,,,
400,,,,,,,,
400,,,,,,,,
400,,,,,,,,
400,,,,,,,,
400,,,,,,,,
400,,,,,,,,
400,,,,,,,,
400,,,,,,,,
400,,,,,,,,
400,,,,,,,,
400,,,,,,,,
400,,,,,,,,
400,,,,,,,,
400,,,,,,,,
400,,,,,,,,
400,,,,,,,,
400,,,,,,,,
400,,,,,,,,
400,,,,,,,,
400,,,,,,,,
400,,,,,,,,
400,,,,,,,,
400,,,,,,,,
400,,,,,,,,
400,,,,,,,,
400,,,,,,,,
400,,,,,,,,
400,,,,,,,,
400,,,,,,,,
400,,,,,,,,
400,,,,,,,,
400,,,,,,,,
400,,,,,,,,
400,,,,,,,,
400,,,,,,,,
400,,,,,,,,
400,,,,,,,,
400,,,,,,,,
400,,,,,,,,
400,,,,,,,,
400,,,,,,,,
400,,,,,,,,
400,,,,,,,,
400,,,,,,,,
400,,,,,,,,
400,,,,,,,,
400,,,,,,,,
400,,,,,,,,
400,,,,,,,,
400,,,,,,,,
400,,,,,,,,
400,,,,,,,,
400,,,,,,,,
400,,,,,,,,
400,,,,,,,,
400,,,,,,,,
400,,,,,,,,
400,,,,,,,,
400,,,,,,,,
400,,,,,,,,
400,,,,,,,,
400,,,,,,,,
400,,,,,,,,
400,,,,,,,,
400,,,,,,,,
400,,,,,,,,
400,,,,,,,,
400,,,,,,,,
400,,,,,,,,
400,,,,,,,,
400,,,,,,,,
400,,,,,,,,
400,,,,,,,,
400,,,,,,,,
400,,,,,,,,
400,,,,,,,,
400,,,,,,,,
400,,,,,,,,
400,,,,,,,,
400,,,,,,,,
400,,,,,,,,
400,,,,,,,,
400,,,,,,,,
400,,,,,,,,
400,,,,,,,,
400,,,,,,,,
400,,,,,,,,
400,,,,,,,,
400,,,,,,,,
400,,,,,,,,
400,,,,,,,,
400,,,,,,,,
400,,,,,,,,
400,,,,,,,,
400,,,,,,,,
400,,,,,,,,
400,,,,,,,,
400,,,,,,,,
400,,,,,,,,
400,,,,,,,,
400,,,,,,,,
400,,,,,,,,
400,,,,,,,,
400,,,,,,,,
400,,,,,,,,
400,,,,,,,,
400,,,,,,,,
400,,,,,,,,
400,,,,,,,,
400,,,,,,,,
400,,,,,,,,
400,,,,,,,,
400,,,,,,,,
400,,,,,,,,
400,,,,,,,,
400,,,,,,,,
400,,,,,,,,
400,,,,,,,,
400,,,,,,,,
400,,,,,,,,
400,,,,,,,,
400,,,,,,,,
400,,,,,,,,
400,,,,,,,,
400,,,,,,,,
400,,,,,,,,
400,,,,,,,,
400,,,,,,,,
400,,,,,,,,
400,,,,,,,,
400,,,,,,,,
400,,,,,,,,
400,,,,,,,,
400,,,,,,,,
400,,,,,,,,
400,,,,,,,,
400,,,,,,,,
400,,,,,,,,
400,,,,,,,,
400,,,,,,,,
400,,,,,,,,
400,,,,,,,,
400,,,,,,,,
400,,,,,,,,
400,,,,,,,,
400,,,,,,,,
400,,,,,,,,
400,,,,,,,,
400,,,,,,,,
400,,,,,,,,
400,,,,,,,,
400,,,,,,,,
400,,,,,,,,
400,,,,,,,,
400,,,,,,,,
400,,,,,,,,
400,,,,,,,,
400,,,,,,,,
400,,,,,,,,
400,,,,,,,,
400,,,,,,,,
400,,,,,,,,
400,,,,,,,,
400,,,,,,,,
400,,,,,,,,
400,,,,,,,,
400,,,,,,,,
400,,,,,,,,
400,,,,,,,,
400,,,,,,,,
400,,,,,,,,
400,,,,,,,,
400,,,,,,,,
400,,,,,,,,
400,,,,,,,,
400,,,,,,,,
400,,,,,,,,
400,,,,,,,,
400,,,,,,,,
400,,,,,,,,
400,,,,,,,,
400,,,,,,,,
400,,,,,,,,
400,,,,,,,,
400,,,,,,,,
400,,,,,,,,
400,,,,,,,,
400,,,,,,,,
400,,,,,,,,
400,,,,,,,,
400,,,,,,,,
400,,,,,,,,
400,,,,,,,,
400,,,,,,,,
400,,,,,,,,
400,,,,,,,,
400,,,,,,,,
400,,,,,,,,
400,,,,,,,,
400,,,,,,,,
400,,,,,,,,
400,,,,,,,,
400,,,,,,,,
400,,,,,,,,
400,,,,,,,,
400,,,,,,,,
400,,,,,,,,
400,,,,,,,,
400,,,,,,,,
400,,,,,,,,
400,,,,,,,,
400,,,,,,,,
400,,,,,,,,
400,,,,,,,,
400,,,,,,,,
400,,,,,,,,
400,,,,,,,,
400,,,,,,,,
400,,,,,,,,
400,,,,,,,,
400,,,,,,,,
400,,,,,,,,
400,,,,,,,,
400,,,,,,,,
400,,,,,,,,
400,,,,,,,,
400,,,,,,,,
400,,,,,,,,
400,,,,,,,,
400,,,,,,,,
400,,,,,,,,
400,,,,,,,,
400,,,,,,,,
400,,,,,,,,
400,,,,,,,,
400,,,,,,,,
400,,,,,,,,
400,,,,,,,,
400,,,,,,,,
400,,,,,,,,
400,,,,,,,,
400,,,,,,,,
400,,,,,,,,
400,,,,,,,,
400,,,,,,,,
400,,,,,,,,
400,,,,,,,,
400,,,,,,,,
400,,,,,,,,
400,,,,,,,,
400,,,,,,,,
400,,,,,,,,
400,,,,,,,,
400,,,,,,,,
400,,,,,,,,
400,,,,,,,,
400,,,,,,,,
400,,,,,,,,
400,,,,,,,,
400,,,,,,,,
400,,,,,,,,
400,,,,,,,,
400,,,,,,,,
400,,,,,,,,
400,,,,,,,,
400,,,,,,,,
400,,,,,,,,
400,,,,,,,,
400,,,,,,,,
400,,,,,,,,
400,,,,,,,,
400,,,,,,,,
400,,,,,,,,
400,,,,,,,,
400,,,,,,,,
400,,,,,,,,
400,,,,,,,,
400,,,,,,,,
400,,,,,,,,
400,,,,,,,,
400,,,,,,,,
400,,,,,,,,
400,,,,,,,,
400,,,,,,,,
400,,,,,,,,
400,,,,,,,,
400,,,,,,,,
400,,,,,,,,
400,,,,,,,,
400,,,,,,,,
400,,,,,,,,
400,,,,,,,,
400,,,,,,,,
400,,,,,,,,
400,,,,,,,,
400,,,,,,,,
400,,,,,,,,
400,,,,,,,,
400,,,,,,,,
400,,,,,,,,
400,,,,,,,,
400,,,,,,,,
400,,,,,,,,
400,,,,,,,,
400,,,,,,,,
400,,,,,,,,
400,,,,,,,,
400,,,,,,,,
400,,,,,,,,
400,,,,,,,,
400,,,,,,,,
400,,,,,,,,
400,,,,,,,,
400,,,,,,,,
400,,,,,,,,
400,,,,,,,,
400,,,,,,,,
400,,,,,,,,
400,,,,,,,,
400,,,,,,,,
400,,,,,,,,
400,,,,,,,,
400,,,,,,,,
400,,,,,,,,
400,,,,,,,,
400,,,,,,,,
400,,,,,,,,
400,,,,,,,,
400,,,,,,,,
400,,,,,,,,
400,,,,,,,,
400,,,,,,,,
400,,,,,,,,
400,,,,,,,,
400,,,,,,,,
400,,,,,,,,
400,,,,,,,,
400,,,,,,,,
400,,,,,,,,
400,,,,,,,,
400,,,,,,,,
400,,,,,,,,
400,,,,,,,,
400,,,,,,,,
400,,,,,,,,
400,,,,,,,,
400,,,,,,,,
400,,,,,,,,
400,,,,,,,,
400,,,,,,,,
400,,,,,,,,
400,,,,,,,,
400,,,,,,,,
400,,,,,,,,
400,,,,,,,,
400,,,,,,,,
400,,,,,,,,
400,,,,,,,,
400,,,,,,,,
400,,,,,,,,
400,,,,,,,,
400,,,,,,,,
400,,,,,,,,
400,,,,,,,,
400,,,,,,,,
400,,,,,,,,
400,,,,,,,,
400,,,,,,,,
400,,,,,,,,
400,,,,,,,,
400,,,,,,,,
400,,,,,,,,
400,,,,,,,,
400,,,,,,,,
400,,,,,,,,
400,,,,,,,,
400,,,,,,,,
400,,,,,,,,
400,,,,,,,,
400,,,,,,,,
400,,,,,,,,
400,,,,,,,,
400,,,,,,,,
400,,,,,,,,
400,,,,,,,,
400,,,,,,,,
400,,,,,,,,
400,,,,,,,,
400,,,,,,,,
400,,,,,,,,
400,,,,,,,,
400,,,,,,,,
400,,,,,,,,
400,,,,,,,,
400,,,,,,,,
400,,,,,,,,
400,,,,,,,,
400,,,,,,,,
400,,,,,,,,
400,,,,,,,,
400,,,,,,,,
400,,,,,,,,
400,,,,,,,,
400,,,,,,,,
400,,,,,,,,
400,,,,,,,,
400,,,,,,,,
400,,,,,,,,
400,,,,,,,,
400,,,,,,,,
400,,,,,,,,
400,,,,,,,,
400,,,,,,,,
400,,,,,,,,
400,,,,,,,,
400,,,,,,,,
400,,,,,,,,
400,,,,,,,,
400,,,,,,,,
400,,,,,,,,
400,,,,,,,,
400,,,,,,,,
400,,,,,,,,
400,,,,,,,,
400,,,,,,,,
400,,,,,,,,
400,,,,,,,,
400,,,,,,,,
400,,,,,,,,
400,,,,,,,,
400,,,,,,,,
400,,,,,,,,
400,,,,,,,,
400,,,,,,,,
400,,,,,,,,
400,,,,,,,,
400,,,,,,,,
400,,,,,,,,
400,,,,,,,,
400,,,,,,,,
400,,,,,,,,
400,,,,,,,,
400,,,,,,,,
400,,,,,,,,
400,,,,,,,,
400,,,,,,,,
400,,,,,,,,
400,,,,,,,,
400,,,,,,,,
400,,,,,,,,
400,,,,,,,,
400,,,,,,,,
400,,,,,,,,
400,,,,,,,,
400,,,,,,,,
400,,,,,,,,
400,,,,,,,,
400,,,,,,,,
400,,,,,,,,
400,,,,,,,,
400,,,,,,,,
400,,,,,,,,
400,,,,,,,,
400,,,,,,,,
400,,,,,,,,
400,,,,,,,,
400,,,,,,,,
400,,,,,,,,
400,,,,,,,,
400,,,,,,,,
400,,,,,,,,
400,,,,,,,,
400,,,,,,,,
400,,,,,,,,
400,,,,,,,,
400,,,,,,,,
400,,,,,,,,
400,,,,,,,,
400,,,,,,,,
400,,,,,,,,
400,,,,,,,,
400,,,,,,,,
400,,,,,,,,
400,,,,,,,,
400,,,,,,,,
400,,,,,,,,
400,,,,,,,,
400,,,,,,,,
400,,,,,,,,
400,,,,,,,,
400,,,,,,,,
400,,,,,,,,
400,,,,,,,,
400,,,,,,,,
400,,,,,,,,
400,,,,,,,,
400,,,,,,,,
400,,,,,,,,
400,,,,,,,,
400,,,,,,,,
400,,,,,,,,
400,,,,,,,,
400,,,,,,,,
400,,,,,,,,
400,,,,,,,,
400,,,,,,,,
400,,,,,,,,
400,,,,,,,,
400,,,,,,,,
400,,,,,,,,
400,,,,,,,,
400,,,,,,,,
400,,,,,,,,
400,,,,,,,,
400,,,,,,,,
400,,,,,,,,
400,,,,,,,,
400,,,,,,,,
400,,,,,,,,
400,,,,,,,,
400,,,,,,,,
400,,,,,,,,
400,,,,,,,,
400,,,,,,,,
400,,,,,,,,
400,,,,,,,,
400,,,,,,,,
400,,,,,,,,
400,,,,,,,,
400,,,,,,,,
400,,,,,,,,
400,,,,,,,,
400,,,,,,,,
400,,,,,,,,
400,,,,,,,,
400,,,,,,,,
400,,,,,,,,
400,,,,,,,,
400,,,,,,,,
400,,,,,,,,
400,,,,,,,,
400,,,,,,,,
400,,,,,,,,
400,,,,,,,,
400,,,,,,,,
400,,,,,,,,
400,,,,,,,,
400,,,,,,,,
400,,,,,,,,
400,,,,,,,,
400,,,,,,,,
400,,,,,,,,
400,,,,,,,,
400,,,,,,,,
400,,,,,,,,
400,,,,,,,,
400,,,,,,,,
400,,,,,,,,
400,,,,,,,,
400,,,,,,,,
400,,,,,,,,
400,,,,,,,,
400,,,,,,,,
400,,,,,,,,
400,,,,,,,,
400,,,,,,,,
400,,,,,,,,
400,,,,,,,,
400,,,,,,,,
400,,,,,,,,
400,,,,,,,,
400,,,,,,,,
400,,,,,,,,
400,,,,,,,,
400,,,,,,,,
400,,,,,,,,
400,,,,,,,,
400,,,,,,,,
400,,,,,,,,
400,,,,,,,,
400,,,,,,,,
400,,,,,,,,
400,,,,,,,,
400,,,,,,,,
400,,,,,,,,
400,,,,,,,,
400,,,,,,,,
400,,,,,,,,
400,,,,,,,,
400,,,,,,,,
400,,,,,,,,
400,,,,,,,,
400,,,,,,,,
400,,,,,,,,
400,,,,,,,,
400,,,,,,,,
400,,,,,,,,
400,,,,,,,,
400,,,,,,,,
400,,,,,,,,
400,,,,,,,,
400,,,,,,,,
400,,,,,,,,
400,,,,,,,,
400,,,,,,,,
400,,,,,,,,
400,,,,,,,,
400,,,,,,,,
400,,,,,,,,
400,,,,,,,,
400,,,,,,,,
400,,,,,,,,
400,,,,,,,,
400,,,,,,,,
400,,,,,,,,
400,,,,,,,,
400,,,,,,,,
400,,,,,,,,
400,,,,,,,,
400,,,,,,,,
400,,,,,,,,
400,,,,,,,,
400,,,,,,,,
400,,,,,,,,
400,,,,,,,,
400,,,,,,,,
400,,,,,,,,
400,,,,,,,,
400,,,,,,,,
400,,,,,,,,
400,,,,,,,,
400,,,,,,,,
400,,,,,,,,
400,,,,,,,,
400,,,,,,,,
400,,,,,,,,
400,,,,,,,,
400,,,,,,,,
400,,,,,,,,
400,,,,,,,,
400,,,,,,,,
400,,,,,,,,
400,,,,,,,,
400,,,,,,,,
400,,,,,,,,
400,,,,,,,,
400,,,,,,,,
400,,,,,,,,
400,,,,,,,,
400,,,,,,,,
400,,,,,,,,
400,,,,,,,,
400,,,,,,,,
400,,,,,,,,
400,,,,,,,,
400,,,,,,,,
400,,,,,,,,
400,,,,,,,,
400,,,,,,,,
400,,,,,,,,
400,,,,,,,,
400,,,,,,,,
400,,,,,,,,
400,,,,,,,,
400,,,,,,,,
400,,,,,,,,
400,,,,,,,,
400,,,,,,,,
400,,,,,,,,
400,,,,,,,,
400,,,,,,,,
400,,,,,,,,
400,,,,,,,,
400,,,,,,,,
400,,,,,,,,
400,,,,,,,,
400,,,,,,,,
400,,,,,,,,
400,,,,,,,,
400,,,,,,,,
400,,,,,,,,
400,,,,,,,,
400,,,,,,,,
400,,,,,,,,
400,,,,,,,,
400,,,,,,,,
400,,,,,,,,
400,,,,,,,,
400,,,,,,,,
400,,,,,,,,
400,,,,,,,,
400,,,,,,,,
400,,,,,,,,
400,,,,,,,,
400,,,,,,,,
400,,,,,,,,
400,,,,,,,,
400,,,,,,,,
400,,,,,,,,
400,,,,,,,,
400,,,,,,,,
400,,,,,,,,
400,,,,,,,,
400,,,,,,,,
400,,,,,,,,
400,,,,,,,,
400,,,,,,,,
400,,,,,,,,
400,,,,,,,,
400,,,,,,,,
400,,,,,,,,
400,,,,,,,,
400,,,,,,,,
400,,,,,,,,
400,,,,,,,,
400,,,,,,,,
400,,,,,,,,
400,,,,,,,,
400,,,,,,,,
400,,,,,,,,
400,,,,,,,,
400,,,,,,,,
400,,,,,,,,
400,,,,,,,,
400,,,,,,,,
400,,,,,,,,
400,,,,,,,,
400,,,,,,,,
400,,,,,,,,
400,,,,,,,,
400,,,,,,,,
400,,,,,,,,
400,,,,,,,,
400,,,,,,,,
400,,,,,,,,
400,,,,,,,,
400,,,,,,,,
400,,,,,,,,
400,,,,,,,,
400,,,,,,,,
400,,,,,,,,
400,,,,,,,,
400,,,,,,,,
400,,,,,,,,
400,,,,,,,,
400,,,,,,,,
400,,,,,,,,
400,,,,,,,,
400,,,,,,,,
400,,,,,,,,
400,,,,,,,,
400,,,,,,,,
400,,,,,,,,
400,,,,,,,,
400,,,,,,,,
400,,,,,,,,
400,,,,,,,,
400,,,,,,,,
400,,,,,,,,
400,,,,,,,,
400,,,,,,,,
400,,,,,,,,
400,,,,,,,,
400,,,,,,,,
400,,,,,,,,
400,,,,,,,,
400,,,,,,,,
400,,,,,,,,
400,,,,,,,,
400,,,,,,,,
400,,,,,,,,
400,,,,,,,,
400,,,,,,,,
400,,,,,,,,
400,,,,,,,,
400,,,,,,,,
400,,,,,,,,
400,,,,,,,,
400,,,,,,,,
400,,,,,,,,
400,,,,,,,,
400,,,,,,,,
400,,,,,,,,
400,,,,,,,,
400,,,,,,,,
400,,,,,,,,
400,,,,,,,,
400,,,,,,,,
400,,,,,,,,
400,,,,,,,,
400,,,,,,,,
400,,,,,,,,
400,,,,,,,,
400,,,,,,,,
400,,,,,,,,
400,,,,,,,,
400,,,,,,,,
400,,,,,,,,
400,,,,,,,,
400,,,,,,,,
400,,,,,,,,
400,,,,,,,,
400,,,,,,,,
400,,,,,,,,
400,,,,,,,,
400,,,,,,,,
400,,,,,,,,
400,,,,,,,,
400,,,,,,,,
400,,,,,,,,
400,,,,,,,,
400,,,,,,,,
400,,,,,,,,
400,,,,,,,,
400,,,,,,,,
400,,,,,,,,
400,,,,,,,,
400,,,,,,,,
400,,,,,,,,
400,,,,,,,,
400,,,,,,,,
400,,,,,,,,
400,,,,,,,,
400,,,,,,,,
400,,,,,,,,
400,,,,,,,,
400,,,,,,,,
400,,,,,,,,
400,,,,,,,,
400,,,,,,,,
400,,,,,,,,
400,,,,,,,,
400,,,,,,,,
400,,,,,,,,
400,,,,,,,,
400,,,,,,,,
400,,,,,,,,
400,,,,,,,,
400,,,,,,,,
400,,,,,,,,
400,,,,,,,,
400,,,,,,,,
400,,,,,,,,
400,,,,,,,,
400,,,,,,,,
400,,,,,,,,
400,,,,,,,,
400,,,,,,,,
400,,,,,,,,
400,,,,,,,,
400,,,,,,,,
400,,,,,,,,
400,,,,,,,,
400,,,,,,,,
400,,,,,,,,
400,,,,,,,,
400,,,,,,,,
400,,,,,,,,
400,,,,,,,,
400,,,,,,,,
400,,,,,,,,
400,,,,,,,,
400,,,,,,,,
400,,,,,,,,
400,,,,,,,,
400,,,,,,,,
400,,,,,,,,
400,,,,,,,,
400,,,,,,,,
400,,,,,,,,
400,,,,,,,,
400,,,,,,,,
400,,,,,,,,
400,,,,,,,,
400,,,,,,,,
400,,,,,,,,
400,,,,,,,,
400,,,,,,,,
400,,,,,,,,
400,,,,,,,,
400,,,,,,,,
400,,,,,,,,
400,,,,,,,,
400,,,,,,,,
400,,,,,,,,
400,,,,,,,,
400,,,,,,,,
400,,,,,,,,
400,,,,,,,,
400,,,,,,,,
400,,,,,,,,
400,,,,,,,,
400,,,,,,,,
400,,,,,,,,
400,,,,,,,,
400,,,,,,,,
400,,,,,,,,
400,,,,,,,,
400,,,,,,,,
400,,,,,,,,
400,,,,,,,,
400,,,,,,,,
400,,,,,,,,
400,,,,,,,,
400,,,,,,,,
400,,,,,,,,
400,,,,,,,,
400,,,,,,,,
400,,,,,,,,
400,,,,,,,,
400,,,,,,,,
400,,,,,,,,
400,,,,,,,,
400,,,,,,,,
400,,,,,,,,
400,,,,,,,,
400,,,,,,,,
400,,,,,,,,
400,,,,,,,,
400,,,,,,,,
400,,,,,,,,
400,,,,,,,,
400,,,,,,,,
400,,,,,,,,
400,,,,,,,,
400,,,,,,,,
400,,,,,,,,
400,,,,,,,,
400,,,,,,,,
400,,,,,,,,
400,,,,,,,,
400,,,,,,,,
400,,,,,,,,
400,,,,,,,,
400,,,,,,,,
400,,,,,,,,
400,,,,,,,,
400,,,,,,,,
400,,,,,,,,
400,,,,,,,,
400,,,,,,,,
400,,,,,,,,
400,,,,,,,,
400,,,,,,,,
400,,,,,,,,
400,,,,,,,,
400,,,,,,,,
400,,,,,,,,
400,,,,,,,,
400,,,,,,,,
400,,,,,,,,
400,,,,,,,,
400,,,,,,,,
400,,,,,,,,
400,,,,,,,,
400,,,,,,,,
400,,,,,,,,
400,,,,,,,,
400,,,,,,,,
400,,,,,,,,
400,,,,,,,,
400,,,,,,,,
400,,,,,,,,
400,,,,,,,,
400,,,,,,,,
400,,,,,,,,
400,,,,,,,,
400,,,,,,,,
400,,,,,,,,
400,,,,,,,,
400,,,,,,,,
400,,,,,,,,
400,,,,,,,,
400,,,,,,,,
400,,,,,,,,
400,,,,,,,,
400,,,,,,,,
400,,,,,,,,
400,,,,,,,,
400,,,,,,,,
400,,,,,,,,
400,,,,,,,,
400,,,,,,,,
400,,,,,,,,
400,,,,,,,,
400,,,,,,,,
400,,,,,,,,
400,,,,,,,,
400,,,,,,,,
400,,,,,,,,
400,,,,,,,,
400,,,,,,,,
400,,,,,,,,
400,,,,,,,,
400,,,,,,,,
400,,,,,,,,
400,,,,,,,,
400,,,,,,,,
400,,,,,,,,
400,,,,,,,,
400,,,,,,,,
400,,,,,,,,
400,,,,,,,,
400,,,,,,,,
400,,,,,,,,
400,,,,,,,,
400,,,,,,,,
400,,,,,,,,
400,,,,,,,,
400,,,,,,,,
400,,,,,,,,
400,,,,,,,,
400,,,,,,,,
400,,,,,,,,
400,,,,,,,,
400,,,,,,,,
400,,,,,,,,
400,,,,,,,,
400,,,,,,,,
400,,,,,,,,
400,,,,,,,,
400,,,,,,,,
400,,,,,,,,
400,,,,,,,,
400,,,,,,,,
400,,,,,,,,
400,,,,,,,,
400,,,,,,,,
400,,,,,,,,
400,,,,,,,,
400,,,,,,,,
400,,,,,,,,
400,,,,,,,,
400,,,,,,,,
400,,,,,,,,
400,,,,,,,,
400,,,,,,,,
400,,,,,,,,
400,,,,,,,,
400,,,,,,,,
400,,,,,,,,
400,,,,,,,,
400,,,,,,,,
400,,,,,,,,
400,,,,,,,,
400,,,,,,,,
400,,,,,,,,
400,,,,,,,,
400,,,,,,,,
400,,,,,,,,
400,,,,,,,,
400,,,,,,,,
400,,,,,,,,
400,,,,,,,,
400,,,,,,,,
400,,,,,,,,
400,,,,,,,,
400,,,,,,,,
400,,,,,,,,
400,,,,,,,,
400,,,,,,,,
400,,,,,,,,
400,,,,,,,,
400,,,,,,,,
400,,,,,,,,
400,,,,,,,,
400,,,,,,,,
400,,,,,,,,
400,,,,,,,,
400,,,,,,,,
400,,,,,,,,
400,,,,,,,,
400,,,,,,,,
400,,,,,,,,
400,,,,,,,,
400,,,,,,,,
400,,,,,,,,
400,,,,,,,,
400,,,,,,,,
400,,,,,,,,
400,,,,,,,,
400,,,,,,,,
400,,,,,,,,
400,,,,,,,,
400,,,,,,,,
400,,,,,,,,
400,,,,,,,,
400,,,,,,,,
400,,,,,,,,
400,,,,,,,,
400,,,,,,,,
400,,,,,,,,
400,,,,,,,,
400,,,,,,,,
400,,,,,,,,
400,,,,,,,,
400,,,,,,,,
400,,,,,,,,
400,,,,,,,,
400,,,,,,,,
400,,,,,,,,
400,,,,,,,,
400,,,,,,,,
400,,,,,,,,
400,,,,,,,,
400,,,,,,,,
400,,,,,,,,
400,,,,,,,,
400,,,,,,,,
400,,,,,,,,
400,,,,,,,,
400,,,,,,,,
400,,,,,,,,
400,,,,,,,,
400,,,,,,,,
400,,,,,,,,
400,,,,,,,,
400,,,,,,,,
400,,,,,,,,
400,,,,,,,,
400,,,,,,,,
400,,,,,,,,
400,,,,,,,,
400,,,,,,,,
400,,,,,,,,
400,,,,,,,,
400,,,,,,,,
400,,,,,,,,
400,,,,,,,,
400,,,,,,,,
400,,,,,,,,
400,,,,,,,,
400,,,,,,,,
400,,,,,,,,
400,,,,,,,,
400,,,,,,,,
400,,,,,,,,
400,,,,,,,,
400,,,,,,,,
400,,,,,,,,
400,,,,,,,,
400,,,,,,,,
400,,,,,,,,
400,,,,,,,,
400,,,,,,,,
400,,,,,,,,
400,,,,,,,,
400,,,,,,,,
400,,,,,,,,
400,,,,,,,,
400,,,,,,,,
400,,,,,,,,
400,,,,,,,,
400,,,,,,,,
400,,,,,,,,
400,,,,,,,,
400,,,,,,,,
400,,,,,,,,
400,,,,,,,,
400,,,,,,,,
400,,,,,,,,
400,,,,,,,,
400,,,,,,,,
400,,,,,,,,
400,,,,,,,,
400,,,,,,,,
400,,,,,,,,
400,,,,,,,,
400,,,,,,,,
400,,,,,,,,
400,,,,,,,,
400,,,,,,,,
400,,,,,,,,
400,,,,,,,,
400,,,,,,,,
400,,,,,,,,
400,,,,,,,,
400,,,,,,,,
400,,,,,,,,
400,,,,,,,,
400,,,,,,,,
400,,,,,,,,
400,,,,,,,,
400,,,,,,,,
400,,,,,,,,
400,,,,,,,,
400,,,,,,,,
400,,,,,,,,
400,,,,,,,,
400,,,,,,,,
400,,,,,,,,
400,,,,,,,,
400,,,,,,,,
400,,,,,,,,
400,,,,,,,,
400,,,,,,,,
400,,,,,,,,
400,,,,,,,,
400,,,,,,,,
400,,,,,,,,
400,,,,,,,,
400,,,,,,,,
400,,,,,,,,
400,,,,,,,,
400,,,,,,,,
400,,,,,,,,
400,,,,,,,,
400,,,,,,,,
400,,,,,,,,
400,,,,,,,,
400,,,,,,,,
400,,,,,,,,
400,,,,,,,,
400,,,,,,,,
400,,,,,,,,
400,,,,,,,,
400,,,,,,,,
400,,,,,,,,
400,,,,,,,,
400,,,,,,,,
400,,,,,,,,
400,,,,,,,,
400,,,,,,,,
400,,,,,,,,
400,,,,,,,,
400,,,,,,,,
400,,,,,,,,
400,,,,,,,,
400,,,,,,,,
400,,,,,,,,
400,,,,,,,,
400,,,,,,,,
400,,,,,,,,
400,,,,,,,,
400,,,,,,,,
400,,,,,,,,
400,,,,,,,,
400,,,,,,,,
400,,,,,,,,
400,,,,,,,,
400,,,,,,,,
400,,,,,,,,
400,,,,,,,,
400,,,,,,,,
400,,,,,,,,
400,,,,,,,,
400,,,,,,,,
400,,,,,,,,
400,,,,,,,,
400,,,,,,,,
400,,,,,,,,
400,,,,,,,,
400,,,,,,,,
400,,,,,,,,
400,,,,,,,,
400,,,,,,,,
400,,,,,,,,
400,,,,,,,,
400,,,,,,,,
400,,,,,,,,
400,,,,,,,,
400,,,,,,,,
400,,,,,,,,
400,,,,,,,,
400,,,,,,,,
400,,,,,,,,
400,,,,,,,,
400,,,,,,,,
400,,,,,,,,
400,,,,,,,,
400,,,,,,,,
400,,,,,,,,
400,,,,,,,,
400,,,,,,,,
400,,,,,,,,
400,,,,,,,,
400,,,,,,,,
400,,,,,,,,
400,,,,,,,,
400,,,,,,,,
400,,,,,,,,
400,,,,,,,,
400,,,,,,,,
400,,,,,,,,
400,,,,,,,,
400,,,,,,,,
400,,,,,,,,
400,,,,,,,,
400,,,,,,,,
400,,,,,,,,
400,,,,,,,,
400,,,,,,,,
400,,,,,,,,
400,,,,,,,,
400,,,,,,,,
400,,,,,,,,
400,,,,,,,,
400,,,,,,,,
400,,,,,,,,
400,,,,,,,,
400,,,,,,,,
400,,,,,,,,
400,,,,,,,,
400,,,,,,,,
400,,,,,,,,
400,,,,,,,,
400,,,,,,,,
400,,,,,,,,
400,,,,,,,,
400,,,,,,,,
400,,,,,,,,
400,,,,,,,,
400,,,,,,,,
400,,,,,,,,
400,,,,,,,,
400,,,,,,,,
400,,,,,,,,
400,,,,,,,,
400,,,,,,,,
400,,,,,,,,
400,,,,,,,,
400,,,,,,,,
400,,,,,,,,
400,,,,,,,,
400,,,,,,,,
400,,,,,,,,
400,,,,,,,,
400,,,,,,,,
400,,,,,,,,
400,,,,,,,,
400,,,,,,,,
400,,,,,,,,
400,,,,,,,,
400,,,,,,,,
400,,,,,,,,
400,,,,,,,,
400,,,,,,,,
400,,,,,,,,
400,,,,,,,,
400,,,,,,,,
400,,,,,,,,
400,,,,,,,,
400,,,,,,,,
400,,,,,,,,
400,,,,,,,,
400,,,,,,,,
400,,,,,,,,
400,,,,,,,,
400,,,,,,,,
400,,,,,,,,
400,,,,,,,,
400,,,,,,,,
400,,,,,,,,
400,,,,,,,,
400,,,,,,,,
400,,,,,,,,
400,,,,,,,,
400,,,,,,,,
400,,,,,,,,
400,,,,,,,,
400,,,,,,,,
400,,,,,,,,
400,,,,,,,,
400,,,,,,,,
400,,,,,,,,
400,,,,,,,,
400,,,,,,,,
400,,,,,,,,
400,,,,,,,,
400,,,,,,,,
400,,,,,,,,
400,,,,,,,,
400,,,,,,,,
400,,,,,,,,
400,,,,,,,,
400,,,,,,,,
400,,,,,,,,
400,,,,,,,,
400,,,,,,,,
400,,,,,,,,
400,,,,,,,,
400,,,,,,,,
400,,,,,,,,
400,,,,,,,,
400,,,,,,,,
400,,,,,,,,
400,,,,,,,,
400,,,,,,,,
400,,,,,,,,
400,,,,,,,,
400,,,,,,,,
400,,,,,,,,
400,,,,,,,,
400,,,,,,,,
400,,,,,,,,
400,,,,,,,,
400,,,,,,,,
400,,,,,,,,
400,,,,,,,,
400,,,,,,,,
400,,,,,,,,
400,,,,,,,,
400,,,,,,,,
400,,,,,,,,
400,,,,,,,,
400,,,,,,,,
400,,,,,,,,
400,,,,,,,,
400,,,,,,,,
400,,,,,,,,
400,,,,,,,,
400,,,,,,,,
400,,,,,,,,
400,,,,,,,,
400,,,,,,,,
400,,,,,,,,
400,,,,,,,,
400,,,,,,,,
400,,,,,,,,
400,,,,,,,,
400,,,,,,,,
400,,,,,,,,
400,,,,,,,,
400,,,,,,,,
400,,,,,,,,
400,,,,,,,,
400,,,,,,,,
400,,,,,,,,
400,,,,,,,,
400,,,,,,,,
400,,,,,,,,
400,,,,,,,,
400,,,,,,,,
400,,,,,,,,
400,,,,,,,,
400,,,,,,,,
400,,,,,,,,
400,,,,,,,,
400,,,,,,,,
400,,,,,,,,
400,,,,,,,,
400,,,,,,,,
400,,,,,,,,
400,,,,,,,,
400,,,,,,,,
400,,,,,,,,
400,,,,,,,,
400,,,,,,,,
400,,,,,,,,
400,,,,,,,,
400,,,,,,,,
400,,,,,,,,
400,,,,,,,,
400,,,,,,,,
400,,,,,,,,
400,,,,,,,,
400,,,,,,,,
400,,,,,,,,
400,,,,,,,,
400,,,,,,,,
400,,,,,,,,
400,,,,,,,,
400,,,,,,,,
400,,,,,,,,
400,,,,,,,,
400,,,,,,,,
400,,,,,,,,
400,,,,,,,,
400,,,,,,,,
400,,,,,,,,
400,,,,,,,,
400,,,,,,,,
400,,,,,,,,
400,,,,,,,,
400,,,,,,,,
400,,,,,,,,
400,,,,,,,,
400,,,,,,,,
400,,,,,,,,
400,,,,,,,,
400,,,,,,,,
400,,,,,,,,
400,,,,,,,,
400,,,,,,,,
400,,,,,,,,
400,,,,,,,,
400,,,,,,,,
400,,,,,,,,
400,,,,,,,,
400,,,,,,,,
400,,,,,,,,
400,,,,,,,,
400,,,,,,,,
400,,,,,,,,
400,,,,,,,,
400,,,,,,,,
400,,,,,,,,
400,,,,,,,,
400,,,,,,,,
400,,,,,,,,
400,,,,,,,,
400,,,,,,,,
400,,,,,,,,
400,,,,,,,,
400,,,,,,,,
400,,,,,,,,
400,,,,,,,,
400,,,,,,,,
400,,,,,,,,
400,,,,,,,,
400,,,,,,,,
400,,,,,,,,
400,,,,,,,,
400,,,,,,,,
400,,,,,,,,
400,,,,,,,,
400,,,,,,,,
400,,,,,,,,
400,,,,,,,,
400,,,,,,,,
400,,,,,,,,
400,,,,,,,,
400,,,,,,,,
400,,,,,,,,
400,,,,,,,,
400,,,,,,,,
400,,,,,,,,
400,,,,,,,,
400,,,,,,,,
400,,,,,,,,
400,,,,,,,,
400,,,,,,,,
400,,,,,,,,
400,,,,,,,,
400,,,,,,,,
400,,,,,,,,
400,,,,,,,,
400,,,,,,,,
400,,,,,,,,
400,,,,,,,,
400,,,,,,,,
400,,,,,,,,
400,,,,,,,,
400,,,,,,,,
400,,,,,,,,
400,,,,,,,,
400,,,,,,,,
400,,,,,,,,
400,,,,,,,,
400,,,,,,,,
400,,,,,,,,
400,,,,,,,,
400,,,,,,,,
400,,,,,,,,
400,,,,,,,,
400,,,,,,,,
400,,,,,,,,
400,,,,,,,,
400,,,,,,,,
400,,,,,,,,
400,,,,,,,,
400,,,,,,,,
400,,,,,,,,
400,,,,,,,,
400,,,,,,,,
400,,,,,,,,
400,,,,,,,,
400,,,,,,,,
400,,,,,,,,
400,,,,,,,,
400,,,,,,,,
400,,,,,,,,
400,,,,,,,,
400,,,,,,,,
400,,,,,,,,
400,,,,,,,,
400,,,,,,,,
400,,,,,,,,
400,,,,,,,,
400,,,,,,,,
400,,,,,,,,
400,,,,,,,,
400,,,,,,,,
400,,,,,,,,
400,,,,,,,,
400,,,,,,,,
400,,,,,,,,
400,,,,,,,,
400,,,,,,,,
400,,,,,,,,
400,,,,,,,,
400,,,,,,,,
400,,,,,,,,
400,,,,,,,,
400,,,,,,,,
400,,,,,,,,
400,,,,,,,,
400,,,,,,,,
400,,,,,,,,
400,,,,,,,,
400,,,,,,,,
400,,,,,,,,
400,,,,,,,,
400,,,,,,,,
400,,,,,,,,
400,,,,,,,,
400,,,,,,,,
400,,,,,,,,
400,,,,,,,,
400,,,,,,,,
400,,,,,,,,
400,,,,,,,,
400,,,,,,,,
400,,,,,,,,
400,,,,,,,,
400,,,,,,,,
400,,,,,,,,
400,,,,,,,,
400,,,,,,,,
400,,,,,,,,
400,,,,,,,,
400,,,,,,,,
400,,,,,,,,
400,,,,,,,,
400,,,,,,,,
400,,,,,,,,
400,,,,,,,,
400,,,,,,,,
400,,,,,,,,
400,,,,,,,,
400,,,,,,,,
400,,,,,,,,
400,,,,,,,,
400,,,,,,,,
400,,,,,,,,
400,,,,,,,,
400,,,,,,,,
400,,,,,,,,
400,,,,,,,,
400,,,,,,,,
400,,,,,,,,
400,,,,,,,,
400,,,,,,,,
400,,,,,,,,
400,,,,,,,,
400,,,,,,,,
400,,,,,,,,
400,,,,,,,,
400,,,,,,,,
400,,,,,,,,
400,,,,,,,,
400,,,,,,,,
400,,,,,,,,
400,,,,,,,,
400,,,,,,,,
400,,,,,,,,
400,,,,,,,,
400,,,,,,,,
400,,,,,,,,
400,,,,,,,,
400,,,,,,,,
400,,,,,,,,
400,,,,,,,,
400,,,,,,,,
400,,,,,,,,
400,,,,,,,,
400,,,,,,,,
400,,,,,,,,
400,,,,,,,,
400,,,,,,,,
400,,,,,,,,
400,,,,,,,,
400,,,,,,,,
400,,,,,,,,
400,,,,,,,,
400,,,,,,,,
400,,,,,,,,
400,,,,,,,,
400,,,,,,,,
400,,,,,,,,
400,,,,,,,,
400,,,,,,,,
400,,,,,,,,
400,,,,,,,,
400,,,,,,,,
400,,,,,,,,
400,,,,,,,,
400,,,,,,,,
400,,,,,,,,
400,,,,,,,,
400,,,,,,,,
400,,,,,,,,
400,,,,,,,,
400,,,,,,,,
400,,,,,,,,
400,,,,,,,,
400,,,,,,,,
400,,,,,,,,
400,,,,,,,,
400,,,,,,,,
400,,,,,,,,
400,,,,,,,,
400,,,,,,,,
400,,,,,,,,
400,,,,,,,,
400,,,,,,,,
400,,,,,,,,
400,,,,,,,,
400,,,,,,,,
400,,,,,,,,
400,,,,,,,,
400,,,,,,,,
400,,,,,,,,
400,,,,,,,,
400,,,,,,,,
400,,,,,,,,
400,,,,,,,,
400,,,,,,,,
400,,,,,,,,
400,,,,,,,,
400,,,,,,,,
400,,,,,,,,
400,,,,,,,,
400,,,,,,,,
400,,,,,,,,
400,,,,,,,,
400,,,,,,,,
400,,,,,,,,
400,,,,,,,,
400,,,,,,,,
400,,,,,,,,
400,,,,,,,,
400,,,,,,,,
400,,,,,,,,
400,,,,,,,,
400,,,,,,,,
400,,,,,,,,
400,,,,,,,,
400,,,,,,,,
400,,,,,,,,
400,,,,,,,,
400,,,,,,,,
400,,,,,,,,
400,,,,,,,,
400,,,,,,,,
400,,,,,,,,
400,,,,,,,,
400,,,,,,,,
400,,,,,,,,
400,,,,,,,,
400,,,,,,,,
400,,,,,,,,
400,,,,,,,,
400,,,,,,,,
400,,,,,,,,
400,,,,,,,,
400,,,,,,,,
400,,,,,,,,
400,,,,,,,,
400,,,,,,,,
400,,,,,,,,
400,,,,,,,,
400,,,,,,,,
400,,,,,,,,
400,,,,,,,,
400,,,,,,,,
400,,,,,,,,
400,,,,,,,,
400,,,,,,,,
400,,,,,,,,
400,,,,,,,,
400,,,,,,,,
400,,,,,,,,
400,,,,,,,,
400,,,,,,,,
400,,,,,,,,
400,,,,,,,,
400,,,,,,,,
400,,,,,,,,
400,,,,,,,,
400,,,,,,,,
400,,,,,,,,
400,,,,,,,,
400,,,,,,,,
400,,,,,,,,
400,,,,,,,,
400,,,,,,,,
400,,,,,,,,
400,,,,,,,,
400,,,,,,,,
400,,,,,,,,
400,,,,,,,,
400,,,,,,,,
400,,,,,,,,
400,,,,,,,,
400,,,,,,,,
400,,,,,,,,
400,,,,,,,,
400,,,,,,,,
400,,,,,,,,
400,,,,,,,,
400,,,,,,,,
400,,,,,,,,
400,,,,,,,,
400,,,,,,,,
400,,,,,,,,
400,,,,,,,,
400,,,,,,,,
400,,,,,,,,
400,,,,,,,,
400,,,,,,,,
400,,,,,,,,
400,,,,,,,,
400,,,,,,,,
400,,,,,,,,
400,,,,,,,,
400,,,,,,,,
400,,,,,,,,
400,,,,,,,,
400,,,,,,,,
400,,,,,,,,
400,,,,,,,,
400,,,,,,,,
400,,,,,,,,
400,,,,,,,,
400,,,,,,,,
400,,,,,,,,
400,,,,,,,,
400,,,,,,,,
400,,,,,,,,
400,,,,,,,,
400,,,,,,,,
400,,,,,,,,
400,,,,,,,,
400,,,,,,,,
400,,,,,,,,
400,,,,,,,,
400,,,,,,,,
400,,,,,,,,
400,,,,,,,,
400,,,,,,,,
400,,,,,,,,
400,,,,,,,,
400,,,,,,,,
400,,,,,,,,
400,,,,,,,,
400,,,,,,,,
400,,,,,,,,
400,,,,,,,,
400,,,,,,,,
400,,,,,,,,
400,,,,,,,,
400,,,,,,,,
400,,,,,,,,
400,,,,,,,,
400,,,,,,,,
400,,,,,,,,
400,,,,,,,,
400,,,,,,,,
400,,,,,,,,
400,,,,,,,,
400,,,,,,,,
400,,,,,,,,
400,,,,,,,,
400,,,,,,,,
400,,,,,,,,
400,,,,,,,,
400,,,,,,,,
400,,,,,,,,
400,,,,,,,,
400,,,,,,,,
400,,,,,,,,
400,,,,,,,,
400,,,,,,,,
400,,,,,,,,
400,,,,,,,,
400,,,,,,,,
400,,,,,,,,
400,,,,,,,,
400,,,,,,,,
400,,,,,,,,
400,,,,,,,,
400,,,,,,,,
400,,,,,,,,
400,,,,,,,,
400,,,,,,,,
400,,,,,,,,
400,,,,,,,,
400,,,,,,,,
400,,,,,,,,
400,,,,,,,,
400,,,,,,,,
400,,,,,,,,
400,,,,,,,,
400,,,,,,,,
400,,,,,,,,
400,,,,,,,,
400,,,,,,,,
400,,,,,,,,
400,,,,,,,,
400,,,,,,,,
400,,,,,,,,
400,,,,,,,,
400,,,,,,,,
400,,,,,,,,
400,,,,,,,,
400,,,,,,,,
400,,,,,,,,
400,,,,,,,,
400,,,,,,,,
400,,,,,,,,
400,,,,,,,,
400,,,,,,,,
400,,,,,,,,
400,,,,,,,,
400,,,,,,,,
400,,,,,,,,
400,,,,,,,,
400,,,,,,,,
400,,,,,,,,
400,,,,,,,,
400,,,,,,,,
400,,,,,,,,
400,,,,,,,,
400,,,,,,,,
400,,,,,,,,
400,,,,,,,,
400,,,,,,,,
400,,,,,,,,
400,,,,,,,,
400,,,,,,,,
400,,,,,,,,
400,,,,,,,,
400,,,,,,,,
400,,,,,,,,
400,,,,,,,,
400,,,,,,,,
400,,,,,,,,
400,,,,,,,,
400,,,,,,,,
400,,,,,,,,
400,,,,,,,,
400,,,,,,,,
400,,,,,,,,
400,,,,,,,,
400,,,,,,,,
400,,,,,,,,
400,,,,,,,,
400,,,,,,,,
400,,,,,,,,
400,,,,,,,,
400,,,,,,,,
400,,,,,,,,
400,,,,,,,,
400,,,,,,,,
400,,,,,,,,
400,,,,,,,,
400,,,,,,,,
400,,,,,,,,
400,,,,,,,,
400,,,,,,,,
400,,,,,,,,
400,,,,,,,,
400,,,,,,,,
400,,,,,,,,
400,,,,,,,,
400,,,,,,,,
400,,,,,,,,
400,,,,,,,,
400,,,,,,,,
400,,,,,,,,
400,,,,,,,,
400,,,,,,,,
400,,,,,,,,
400,,,,,,,,
400,,,,,,,,
400,,,,,,,,
400,,,,,,,,
400,,,,,,,,
400,,,,,,,,
400,,,,,,,,
400,,,,,,,,
400,,,,,,,,
400,,,,,,,,
400,,,,,,,,
400,,,,,,,,
400,,,,,,,,
400,,,,,,,,
400,,,,,,,,
400,,,,,,,,
400,,,,,,,,
400,,,,,,,,
400,,,,,,,,
400,,,,,,,,
400,,,,,,,,
400,,,,,,,,
400,,,,,,,,
400,,,,,,,,
400,,,,,,,,
400,,,,,,,,
400,,,,,,,,
400,,,,,,,,
400,,,,,,,,
400,,,,,,,,
400,,,,,,,,
400,,,,,,,,
400,,,,,,,,
400,,,,,,,,
400,,,,,,,,
400,,,,,,,,
400,,,,,,,,
400,,,,,,,,
400,,,,,,,,
400,,,,,,,,
400,,,,,,,,
400,,,,,,,,
400,,,,,,,,
400,,,,,,,,
400,,,,,,,,
400,,,,,,,,
400,,,,,,,,
400,,,,,,,,
400,,,,,,,,
400,,,,,,,,
400,,,,,,,,
400,,,,,,,,
400,,,,,,,,
400,,,,,,,,
400,,,,,,,,
400,,,,,,,,
400,,,,,,,,
400,,,,,,,,
400,,,,,,,,
400,,,,,,,,
400,,,,,,,,
400,,,,,,,,
400,,,,,,,,
400,,,,,,,,
400,,,,,,,,
400,,,,,,,,
400,,,,,,,,
400,,,,,,,,
400,,,,,,,,
400,,,,,,,,
400,,,,,,,,
400,,,,,,,,
400,,,,,,,,
400,,,,,,,,
400,,,,,,,,
400,,,,,,,,
400,,,,,,,,
400,,,,,,,,
400,,,,,,,,
400,,,,,,,,
400,,,,,,,,
400,,,,,,,,
400,,,,,,,,
400,,,,,,,,
400,,,,,,,,
400,,,,,,,,
400,,,,,,,,
400,,,,,,,,
400,,,,,,,,
400,,,,,,,,
400,,,,,,,,
400,,,,,,,,
400,,,,,,,,
400,,,,,,,,
400,,,,,,,,
400,,,,,,,,
400,,,,,,,,
400,,,,,,,,
400,,,,,,,,
400,,,,,,,,
400,,,,,,,,
400,,,,,,,,
400,,,,,,,,
400,,,,,,,,
400,,,,,,,,
400,,,,,,,,
400,,,,,,,,
400,,,,,,,,
400,,,,,,,,
400,,,,,,,,
400,,,,,,,,
400,,,,,,,,
400,,,,,,,,
400,,,,,,,,
400,,,,,,,,
400,,,,,,,,
400,,,,,,,,
400,,,,,,,,
400,,,,,,,,
400,,,,,,,,
400,,,,,,,,
400,,,,,,,,
400,,,,,,,,
400,,,,,,,,
400,,,,,,,,
400,,,,,,,,
400,,,,,,,,
400,,,,,,,,
400,,,,,,,,
400,,,,,,,,
400,,,,,,,,
400,,,,,,,,
400,,,,,,,,
400,,,,,,,,
400,,,,,,,,
400,,,,,,,,
400,,,,,,,,
400,,,,,,,,
400,,,,,,,,
400,,,,,,,,
400,,,,,,,,
400,,,,,,,,
400,,,,,,,,
400,,,,,,,,
400,,,,,,,,
400,,,,,,,,
400,,,,,,,,
400,,,,,,,,
400,,,,,,,,
400,,,,,,,,
400,,,,,,,,
400,,,,,,,,
400,,,,,,,,
400,,,,,,,,
400,,,,,,,,
400,,,,,,,,
400,,,,,,,,
400,,,,,,,,
400,,,,,,,,
400,,,,,,,,
400,,,,,,,,
400,,,,,,,,
400,,,,,,,,
400,,,,,,,,
400,,,,,,,,
400,,,,,,,,
400,,,,,,,,
400,,,,,,,,
400,,,,,,,,
400,,,,,,,,
400,,,,,,,,
400,,,,,,,,
400,,,,,,,,
400,,,,,,,,
400,,,,,,,,
400,,,,,,,,
400,,,,,,,,
400,,,,,,,,
400,,,,,,,,
400,,,,,,,,
400,,,,,,,,
400,,,,,,,,
400,,,,,,,,
400,,,,,,,,
400,,,,,,,,
400,,,,,,,,
400,,,,,,,,
400,,,,,,,,
400,,,,,,,,
400,,,,,,,,
400,,,,,,,,
400,,,,,,,,
400,,,,,,,,
400,,,,,,,,
400,,,,,,,,
400,,,,,,,,
400,,,,,,,,
400,,,,,,,,
400,,,,,,,,
400,,,,,,,,
400,,,,,,,,
400,,,,,,,,
400,,,,,,,,
400,,,,,,,,
400,,,,,,,,
400,,,,,,,,
400,,,,,,,,
400,,,,,,,,
400,,,,,,,,
400,,,,,,,,
400,,,,,,,,
400,,,,,,,,
400,,,,,,,,
400,,,,,,,,
400,,,,,,,,
400,,,,,,,,
400,,,,,,,,
400,,,,,,,,
400,,,,,,,,
400,,,,,,,,
400,,,,,,,,
400,,,,,,,,
400,,,,,,,,
400,,,,,,,,
400,,,,,,,,
400,,,,,,,,
400,,,,,,,,
400,,,,,,,,
400,,,,,,,,
400,,,,,,,,
400,,,,,,,,
400,,,,,,,,
400,,,,,,,,
400,,,,,,,,
400,,,,,,,,
400,,,,,,,,
400,,,,,,,,
400,,,,,,,,
400,,,,,,,,
400,,,,,,,,
400,,,,,,,,
400,,,,,,,,
400,,,,,,,,
400,,,,,,,,
400,,,,,,,,
400,,,,,,,,
400,,,,,,,,
400,,,,,,,,
400,,,,,,,,
400,,,,,,,,
400,,,,,,,,
400,,,,,,,,
400,,,,,,,,
400,,,,,,,,
400,,,,,,,,
400,,,,,,,,
400,,,,,,,,
400,,,,,,,,
400,,,,,,,,
400,,,,,,,,
400,,,,,,,,
400,,,,,,,,
400,,,,,,,,
400,,,,,,,,
400,,,,,,,,
400,,,,,,,,
400,,,,,,,,
400,,,,,,,,
400,,,,,,,,
400,,,,,,,,
400,,,,,,,,
400,,,,,,,,
400,,,,,,,,
400,,,,,,,,
400,,,,,,,,
400,,,,,,,,
400,,,,,,,,
400,,,,,,,,
400,,,,,,,,
400,,,,,,,,
400,,,,,,,,
400,,,,,,,,
400,,,,,,,,
400,,,,,,,,
400,,,,,,,,
400,,,,,,,,
400,,,,,,,,
400,,,,,,,,
400,,,,,,,,
400,,,,,,,,
400,,,,,,,,
400,,,,,,,,
400,,,,,,,,
400,,,,,,,,
400,,,,,,,,
400,,,,,,,,
400,,,,,,,,
400,,,,,,,,
400,,,,,,,,
400,,,,,,,,
400,,,,,,,,
400,,,,,,,,
400,,,,,,,,
400,,,,,,,,
400,,,,,,,,
400,,,,,,,,
400,,,,,,,,
400,,,,,,,,
400,,,,,,,,
400,,,,,,,,
400,,,,,,,,
400,,,,,,,,
400,,,,,,,,
400,,,,,,,,
400,,,,,,,,
400,,,,,,,,
400,,,,,,,,
400,,,,,,,,
400,,,,,,,,
400,,,,,,,,
400,,,,,,,,
400,,,,,,,,
400,,,,,,,,
400,,,,,,,,
400,,,,,,,,
400,,,,,,,,
400,,,,,,,,
400,,,,,,,,
400,,,,,,,,
400,,,,,,,,
400,,,,,,,,
400,,,,,,,,
400,,,,,,,,
400,,,,,,,,
400,,,,,,,,
400,,,,,,,,
400,,,,,,,,
400,,,,,,,,
400,,,,,,,,
400,,,,,,,,
400,,,,,,,,
400,,,,,,,,
400,,,,,,,,
400,,,,,,,,
400,,,,,,,,
400,,,,,,,,
400,,,,,,,,
400,,,,,,,,
400,,,,,,,,
400,,,,,,,,
400,,,,,,,,
400,,,,,,,,
400,,,,,,,,
400,,,,,,,,
400,,,,,,,,
400,,,,,,,,
400,,,,,,,,
400,,,,,,,,
400,,,,,,,,
400,,,,,,,,
400,,,,,,,,
400,,,,,,,,
400,,,,,,,,
400,,,,,,,,
400,,,,,,,,
400,,,,,,,,
400,,,,,,,,
400,,,,,,,,
400,,,,,,,,
400,,,,,,,,
400,,,,,,,,
400,,,,,,,,
400,,,,,,,,
400,,,,,,,,
400,,,,,,,,
400,,,,,,,,
400,,,,,,,,
400,,,,,,,,
400,,,,,,,,
400,,,,,,,,
400,,,,,,,,
400,,,,,,,,
400,,,,,,,,
400,,,,,,,,
400,,,,,,,,
400,,,,,,,,
400,,,,,,,,
400,,,,,,,,
400,,,,,,,,
400,,,,,,,,
400,,,,,,,,
400,,,,,,,,
400,,,,,,,,
400,,,,,,,,
400,,,,,,,,
400,,,,,,,,
400,,,,,,,,
400,,,,,,,,
400,,,,,,,,
400,,,,,,,,
400,,,,,,,,
400,,,,,,,,
400,,,,,,,,
400,,,,,,,,
400,,,,,,,,
400,,,,,,,,
400,,,,,,,,
400,,,,,,,,
400,,,,,,,,
400,,,,,,,,
400,,,,,,,,
400,,,,,,,,
400,,,,,,,,
400,,,,,,,,
400,,,,,,,,
400,,,,,,,,
400,,,,,,,,
400,,,,,,,,
400,,,,,,,,
400,,,,,,,,
400,,,,,,,,
400,,,,,,,,
400,,,,,,,,
400,,,,,,,,
400,,,,,,,,
400,,,,,,,,
400,,,,,,,,
400,,,,,,,,
400,,,,,,,,
400,,,,,,,,
400,,,,,,,,
400,,,,,,,,
400,,,,,,,,
400,,,,,,,,
400,,,,,,,,
400,,,,,,,,
400,,,,,,,,
400,,,,,,,,
400,,,,,,,,
400,,,,,,,,
400,,,,,,,,
400,,,,,,,,
400,,,,,,,,
400,,,,,,,,
400,,,,,,,,
400,,,,,,,,
400,,,,,,,,
400,,,,,,,,
400,,,,,,,,
400,,,,,,,,
400,,,,,,,,
400,,,,,,,,
400,,,,,,,,
400,,,,,,,,
400,,,,,,,,
400,,,,,,,,
400,,,,,,,,
400,,,,,,,,
400,,,,,,,,
400,,,,,,,,
400,,,,,,,,
400,,,,,,,,
400,,,,,,,,
400,,,,,,,,
400,,,,,,,,
400,,,,,,,,
400,,,,,,,,
400,,,,,,,,
400,,,,,,,,
400,,,,,,,,
400,,,,,,,,
400,,,,,,,,
400,,,,,,,,
400,,,,,,,,
400,,,,,,,,
400,,,,,,,,
400,,,,,,,,
400,,,,,,,,
400,,,,,,,,
400,,,,,,,,
400,,,,,,,,
400,,,,,,,,
400,,,,,,,,
400,,,,,,,,
400,,,,,,,,
400,,,,,,,,
400,,,,,,,,
400,,,,,,,,
400,,,,,,,,
400,,,,,,,,
400,,,,,,,,
400,,,,,,,,
400,,,,,,,,
400,,,,,,,,
400,,,,,,,,
400,,,,,,,,
400,,,,,,,,
400,,,,,,,,
400,,,,,,,,
400,,,,,,,,
400,,,,,,,,
400,,,,,,,,
400,,,,,,,,
400,,,,,,,,
400,,,,,,,,
400,,,,,,,,
400,,,,,,,,
400,,,,,,,,
400,,,,,,,,
400,,,,,,,,
400,,,,,,,,
400,,,,,,,,
400,,,,,,,,
400,,,,,,,,
400,,,,,,,,
400,,,,,,,,
400,,,,,,,,
400,,,,,,,,
400,,,,,,,,
400,,,,,,,,
400,,,,,,,,
400,,,,,,,,
400,,,,,,,,
400,,,,,,,,
400,,,,,,,,
400,,,,,,,,
400,,,,,,,,
400,,,,,,,,
400,,,,,,,,
400,,,,,,,,
400,,,,,,,,
400,,,,,,,,
400,,,,,,,,
400,,,,,,,,
400,,,,,,,,
400,,,,,,,,
400,,,,,,,,
400,,,,,,,,
400,,,,,,,,
400,,,,,,,,
400,,,,,,,,
400,,,,,,,,
400,,,,,,,,
400,,,,,,,,
400,,,,,,,,
400,,,,,,,,
400,,,,,,,,
400,,,,,,,,
400,,,,,,,,
400,,,,,,,,
400,,,,,,,,
400,,,,,,,,
400,,,,,,,,
400,,,,,,,,
400,,,,,,,,
400,,,,,,,,
400,,,,,,,,
400,,,,,,,,
400,,,,,,,,
400,,,,,,,,
400,,,,,,,,
400,,,,,,,,
400,,,,,,,,
400,,,,,,,,
400,,,,,,,,
400,,,,,,,,
400,,,,,,,,
400,,,,,,,,
400,,,,,,,,
400,,,,,,,,
400,,,,,,,,
400,,,,,,,,
400,,,,,,,,
400,,,,,,,,
400,,,,,,,,
400,,,,,,,,
400,,,,,,,,
400,,,,,,,,
400,,,,,,,,
400,,,,,,,,
400,,,,,,,,
400,,,,,,,,
400,,,,,,,,
400,,,,,,,,
400,,,,,,,,
400,,,,,,,,
400,,,,,,,,
400,,,,,,,,
400,,,,,,,,
400,,,,,,,,
400,,,,,,,,
400,,,,,,,,
400,,,,,,,,
400,,,,,,,,
400,,,,,,,,
400,,,,,,,,
400,,,,,,,,
400,,,,,,,,
400,,,,,,,,
400,,,,,,,,
400,,,,,,,,
400,,,,,,,,
400,,,,,,,,
400,,,,,,,,
400,,,,,,,,
400,,,,,,,,
400,,,,,,,,
400,,,,,,,,
400,,,,,,,,
400,,,,,,,,
400,,,,,,,,
400,,,,,,,,
400,,,,,,,,
400,,,,,,,,
400,,,,,,,,
400,,,,,,,,
400,,,,,,,,
400,,,,,,,,
400,,,,,,,,
400,,,,,,,,
400,,,,,,,,
400,,,,,,,,
400,,,,,,,,
400,,,,,,,,
400,,,,,,,,
400,,,,,,,,
400,,,,,,,,
400,,,,,,,,
400,,,,,,,,
400,,,,,,,,
400,,,,,,,,
400,,,,,,,,
400,,,,,,,,
400,,,,,,,,
400,,,,,,,,
400,,,,,,,,
400,,,,,,,,
400,,,,,,,,
400,,,,,,,,
400,,,,,,,,
400,,,,,,,,
400,,,,,,,,
400,,,,,,,,
400,,,,,,,,
400,,,,,,,,
400,,,,,,,,
400,,,,,,,,
400,,,,,,,,
400,,,,,,,,
400,,,,,,,,
400,,,,,,,,
400,,,,,,,,
400,,,,,,,,
400,,,,,,,,
400,,,,,,,,
400,,,,,,,,
400,,,,,,,,
400,,,,,,,,
400,,,,,,,,
400,,,,,,,,
400,,,,,,,,
400,,,,,,,,
400,,,,,,,,
400,,,,,,,,
400,,,,,,,,
400,,,,,,,,
400,,,,,,,,
400,,,,,,,,
400,,,,,,,,
400,,,,,,,,
400,,,,,,,,
400,,,,,,,,
400,,,,,,,,
400,,,,,,,,
400,,,,,,,,
400,,,,,,,,
400,,,,,,,,
400,,,,,,,,
400,,,,,,,,
400,,,,,,,,
400,,,,,,,,
400,,,,,,,,
400,,,,,,,,
400,,,,,,,,
400,,,,,,,,
400,,,,,,,,
400,,,,,,,,
400,,,,,,,,
400,,,,,,,,
400,,,,,,,,
400,,,,,,,,
400,,,,,,,,
400,,,,,,,,
400,,,,,,,,
400,,,,,,,,
400,,,,,,,,
400,,,,,,,,
400,,,,,,,,
400,,,,,,,,
400,,,,,,,,
400,,,,,,,,
400,,,,,,,,
400,,,,,,,,
400,,,,,,,,
400,,,,,,,,
400,,,,,,,,
400,,,,,,,,
400,,,,,,,,
400,,,,,,,,
400,,,,,,,,
400,,,,,,,,
400,,,,,,,,
400,,,,,,,,
400,,,,,,,,
400,,,,,,,,
400,,,,,,,,
400,,,,,,,,
400,,,,,,,,
400,,,,,,,,
400,,,,,,,,
400,,,,,,,,
400,,,,,,,,
400,,,,,,,,
400,,,,,,,,
400,,,,,,,,
400,,,,,,,,
400,,,,,,,,
400,,,,,,,,
400,,,,,,,,
400,,,,,,,,
400,,,,,,,,
400,,,,,,,,
400,,,,,,,,
400,,,,,,,,
400,,,,,,,,
400,,,,,,,,
400,,,,,,,,
400,,,,,,,,
400,,,,,,,,
400,,,,,,,,
400,,,,,,,,
400,,,,,,,,
400,,,,,,,,
400,,,,,,,,
400,,,,,,,,
400,,,,,,,,
400,,,,,,,,
400,,,,,,,,
400,,,,,,,,
400,,,,,,,,
400,,,,,,,,
400,,,,,,,,
400,,,,,,,,
400,,,,,,,,
400,,,,,,,,
400,,,,,,,,
400,,,,,,,,
400,,,,,,,,
400,,,,,,,,
400,,,,,,,,
400,,,,,,,,
400,,,,,,,,
400,,,,,,,,
400,,,,,,,,
400,,,,,,,,
400,,,,,,,,
400,,,,,,,,
400,,,,,,,,
400,,,,,,,,
400,,,,,,,,
400,,,,,,,,
400,,,,,,,,
400,,,,,,,,
400,,,,,,,,
400,,,,,,,,
400,,,,,,,,
400,,,,,,,,
400,,,,,,,,
400,,,,,,,,
400,,,,,,,,
400,,,,,,,,
400,,,,,,,,
400,,,,,,,,
400,,,,,,,,
400,,,,,,,,
400,,,,,,,,
400,,,,,,,,
400,,,,,,,,
400,,,,,,,,
400,,,,,,,,
400,,,,,,,,
400,,,,,,,,
400,,,,,,,,
400,,,,,,,,
400,,,,,,,,
400,,,,,,,,
400,,,,,,,,
400,,,,,,,,
400,,,,,,,,
400,,,,,,,,
400,,,,,,,,
400,,,,,,,,
400,,,,,,,,
400,,,,,,,,
400,,,,,,,,
400,,,,,,,,
400,,,,,,,,
400,,,,,,,,
400,,,,,,,,
400,,,,,,,,
400,,,,,,,,
400,,,,,,,,
400,,,,,,,,
400,,,,,,,,
400,,,,,,,,
400,,,,,,,,
400,,,,,,,,
400,,,,,,,,
400,,,,,,,,
400,,,,,,,,
400,,,,,,,,
400,,,,,,,,
400,,,,,,,,
400,,,,,,,,
400,,,,,,,,
400,,,,,,,,
400,,,,,,,,
400,,,,,,,,
400,,,,,,,,
400,,,,,,,,
400,,,,,,,,
400,,,,,,,,
400,,,,,,,,
400,,,,,,,,
400,,,,,,,,
400,,,,,,,,
400,,,,,,,,
400,,,,,,,,
400,,,,,,,,
400,,,,,,,,
400,,,,,,,,
400,,,,,,,,
400,,,,,,,,
400,,,,,,,,
400,,,,,,,,
400,,,,,,,,
400,,,,,,,,
400,,,,,,,,
400,,,,,,,,
400,,,,,,,,
400,,,,,,,,
400,,,,,,,,
400,,,,,,,,
400,,,,,,,,
400,,,,,,,,
400,,,,,,,,
400,,,,,,,,
400,,,,,,,,
400,,,,,,,,
400,,,,,,,,
400,,,,,,,,
400,,,,,,,,
400,,,,,,,,
400,,,,,,,,
400,,,,,,,,
400,,,,,,,,
400,,,,,,,,
400,,,,,,,,
400,,,,,,,,
400,,,,,,,,
400,,,,,,,,
400,,,,,,,,
400,,,,,,,,
400,,,,,,,,
400,,,,,,,,
400,,,,,,,,
400,,,,,,,,
400,,,,,,,,
400,,,,,,,,
400,,,,,,,,
400,,,,,,,,
400,,,,,,,,
400,,,,,,,,
400,,,,,,,,
400,,,,,,,,
400,,,,,,,,
400,,,,,,,,
400,,,,,,,,
400,,,,,,,,
400,,,,,,,,
400,,,,,,,,
400,,,,,,,,
400,,,,,,,,
400,,,,,,,,
400,,,,,,,,
400,,,,,,,,
400,,,,,,,,
400,,,,,,,,
400,,,,,,,,
400,,,,,,,,
400,,,,,,,,
400,,,,,,,,
400,,,,,,,,
400,,,,,,,,
400,,,,,,,,
400,,,,,,,,
400,,,,,,,,
400,,,,,,,,
400,,,,,,,,
400,,,,,,,,
400,,,,,,,,
400,,,,,,,,
400,,,,,,,,
400,,,,,,,,
400,,,,,,,,
400,,,,,,,,
400,,,,,,,,
400,,,,,,,,
400,,,,,,,,
400,,,,,,,,
400,,,,,,,,
400,,,,,,,,
400,,,,,,,,
400,,,,,,,,
400,,,,,,,,
400,,,,,,,,
400,,,,,,,,
400,,,,,,,,
400,,,,,,,,
400,,,,,,,,
400,,,,,,,,
400,,,,,,,,
400,,,,,,,,
400,,,,,,,,
400,,,,,,,,
400,,,,,,,,
400,,,,,,,,
400,,,,,,,,
400,,,,,,,,
400,,,,,,,,
400,,,,,,,,
400,,,,,,,,
400,,,,,,,,
400,,,,,,,,
400,,,,,,,,
400,,,,,,,,
400,,,,,,,,
400,,,,,,,,
400,,,,,,,,
400,,,,,,,,
400,,,,,,,,
400,,,,,,,,
400,,,,,,,,
400,,,,,,,,
400,,,,,,,,
400,,,,,,,,
400,,,,,,,,
400,,,,,,,,
400,,,,,,,,
400,,,,,,,,
400,,,,,,,,
400,,,,,,,,
400,,,,,,,,
400,,,,,,,,
400,,,,,,,,
400,,,,,,,,
400,,,,,,,,
400,,,,,,,,
400,,,,,,,,
400,,,,,,,,
400,,,,,,,,
400,,,,,,,,
400,,,,,,,,
400,,,,,,,,
400,,,,,,,,
400,,,,,,,,
400,,,,,,,,
400,,,,,,,,
400,,,,,,,,
400,,,,,,,,
400,,,,,,,,
400,,,,,,,,
400,,,,,,,,
400,,,,,,,,
400,,,,,,,,
400,,,,,,,,
400,,,,,,,,
400,,,,,,,,
400,,,,,,,,
400,,,,,,,,
400,,,,,,,,
400,,,,,,,,
400,,,,,,,,
400,,,,,,,,
400,,,,,,,,
400,,,,,,,,
400,,,,,,,,
400,,,,,,,,
400,,,,,,,,
400,,,,,,,,
400,,,,,,,,
400,,,,,,,,
400,,,,,,,,
400,,,,,,,,
400,,,,,,,,
400,,,,,,,,
400,,,,,,,,
400,,,,,,,,
400,,,,,,,,
400,,,,,,,,
400,,,,,,,,
400,,,,,,,,
400,,,,,,,,
400,,,,,,,,
400,,,,,,,,
400,,,,,,,,
400,,,,,,,,
400,,,,,,,,
400,,,,,,,,
400,,,,,,,,
400,,,,,,,,
400,,,,,,,,
400,,,,,,,,
400,,,,,,,,
400,,,,,,,,
400,,,,,,,,
400,,,,,,,,
400,,,,,,,,
400,,,,,,,,
400,,,,,,,,
400,,,,,,,,
400,,,,,,,,
400,,,,,,,,
400,,,,,,,,
400,,,,,,,,
400,,,,,,,,
400,,,,,,,,
400,,,,,,,,
400,,,,,,,,
400,,,,,,,,
400,,,,,,,,
400,,,,,,,,
400,,,,,,,,
400,,,,,,,,
400,,,,,,,,
400,,,,,,,,
400,,,,,,,,
400,,,,,,,,
400,,,,,,,,
400,,,,,,,,
400,,,,,,,,
400,,,,,,,,
400,,,,,,,,
400,,,,,,,,
400,,,,,,,,
400,,,,,,,,
400,,,,,,,,
400,,,,,,,,
400,,,,,,,,
400,,,,,,,,
400,,,,,,,,
400,,,,,,,,
400,,,,,,,,
400,,,,,,,,
400,,,,,,,,
400,,,,,,,,
400,,,,,,,,
400,,,,,,,,
400,,,,,,,,
400,,,,,,,,
400,,,,,,,,
400,,,,,,,,
400,,,,,,,,
400,,,,,,,,
400,,,,,,,,
400,,,,,,,,
400,,,,,,,,
400,,,,,,,,
400,,,,,,,,
400,,,,,,,,
400,,,,,,,,
400,,,,,,,,
400,,,,,,,,
400,,,,,,,,
400,,,,,,,,
400,,,,,,,,
400,,,,,,,,
400,,,,,,,,
400,,,,,,,,
400,,,,,,,,
400,,,,,,,,
400,,,,,,,,
400,,,,,,,,
400,,,,,,,,
400,,,,,,,,
400,,,,,,,,
400,,,,,,,,
400,,,,,,,,
400,,,,,,,,
400,,,,,,,,
400,,,,,,,,
400,,,,,,,,
400,,,,,,,,
400,,,,,,,,
400,,,,,,,,
400,,,,,,,,
400,,,,,,,,
400,,,,,,,,
400,,,,,,,,
400,,,,,,,,
400,,,,,,,,
400,,,,,,,,
400,,,,,,,,
400,,,,,,,,
400,,,,,,,,
400,,,,,,,,
400,,,,,,,,
400,,,,,,,,
400,,,,,,,,
400,,,,,,,,
400,,,,,,,,
400,,,,,,,,
400,,,,,,,,
400,,,,,,,,
400,,,,,,,,
400,,,,,,,,
400,,,,,,,,
400,,,,,,,,
400,,,,,,,,
400,,,,,,,,
400,,,,,,,,
400,,,,,,,,
400,,,,,,,,
400,,,,,,,,
400,,,,,,,,
400,,,,,,,,
400,,,,,,,,
400,,,,,,,,
400,,,,,,,,
400,,,,,,,,
400,,,,,,,,
400,,,,,,,,
400,,,,,,,,
400,,,,,,,,
400,,,,,,,,
400,,,,,,,,
400,,,,,,,,
400,,,,,,,,
400,,,,,,,,
400,,,,,,,,
400,,,,,,,,
400,,,,,,,,
400,,,,,,,,
400,,,,,,,,
400,,,,,,,,
400,,,,,,,,
400,,,,,,,,
400,,,,,,,,
400,,,,,,,,
400,,,,,,,,
400,,,,,,,,
400,,,,,,,,
400,,,,,,,,
400,,,,,,,,
400,,,,,,,,
400,,,,,,,,
400,,,,,,,,
400,,,,,,,,
400,,,,,,,,
400,,,,,,,,
400,,,,,,,,
400,,,,,,,,
400,,,,,,,,
400,,,,,,,,
400,,,,,,,,
400,,,,,,,,
400,,,,,,,,
400,,,,,,,,
400,,,,,,,,
400,,,,,,,,
400,,,,,,,,
400,,,,,,,,
400,,,,,,,,
400,,,,,,,,
400,,,,,,,,
400,,,,,,,,
400,,,,,,,,
400,,,,,,,,
400,,,,,,,,
400,,,,,,,,
400,,,,,,,,
400,,,,,,,,
400,,,,,,,,
400,,,,,,,,
400,,,,,,,,
400,,,,,,,,
400,,,,,,,,
400,,,,,,,,
400,,,,,,,,
400,,,,,,,,
400,,,,,,,,
400,,,,,,,,
400,,,,,,,,
400,,,,,,,,
400,,,,,,,,
400,,,,,,,,
400,,,,,,,,
400,,,,,,,,
400,,,,,,,,
400,,,,,,,,
400,,,,,,,,
400,,,,,,,,
400,,,,,,,,
400,,,,,,,,
400,,,,,,,,
400,,,,,,,,
400,,,,,,,,
400,,,,,,,,
400,,,,,,,,
400,,,,,,,,
400,,,,,,,,
400,,,,,,,,
400,,,,,,,,
400,,,,,,,,
400,,,,,,,,
400,,,,,,,,
400,,,,,,,,
400,,,,,,,,
400,,,,,,,,
400,,,,,,,,
400,,,,,,,,
400,,,,,,,,
400,,,,,,,,
400,,,,,,,,
400,,,,,,,,
400,,,,,,,,
400,,,,,,,,
400,,,,,,,,
400,,,,,,,,
400,,,,,,,,
400,,,,,,,,
400,,,,,,,,
400,,,,,,,,
400,,,,,,,,
400,,,,,,,,
400,,,,,,,,
400,,,,,,,,
400,,,,,,,,
400,,,,,,,,
400,,,,,,,,
400,,,,,,,,
400,,,,,,,,
400,,,,,,,,
400,,,,,,,,
400,,,,,,,,
400,,,,,,,,
400,,,,,,,,
400,,,,,,,,
400,,,,,,,,
400,,,,,,,,
400,,,,,,,,
400,,,,,,,,
400,,,,,,,,
400,,,,,,,,
400,,,,,,,,
400,,,,,,,,
400,,,,,,,,
400,,,,,,,,
400,,,,,,,,
400,,,,,,,,
400,,,,,,,,
400,,,,,,,,
400,,,,,,,,
400,,,,,,,,
400,,,,,,,,
400,,,,,,,,
400,,,,,,,,
400,,,,,,,,
400,,,,,,,,
400,,,,,,,,
400,,,,,,,,
400,,,,,,,,
400,,,,,,,,
400,,,,,,,,
400,,,,,,,,
400,,,,,,,,
400,,,,,,,,
400,,,,,,,,
400,,,,,,,,
400,,,,,,,,
400,,,,,,,,
400,,,,,,,,
400,,,,,,,,
400,,,,,,,,
400,,,,,,,,
400,,,,,,,,
400,,,,,,,,
400,,,,,,,,
400,,,,,,,,
400,,,,,,,,
400,,,,,,,,
400,,,,,,,,
400,,,,,,,,
400,,,,,,,,
400,,,,,,,,
400,,,,,,,,
400,,,,,,,,
400,,,,,,,,
400,,,,,,,,
400,,,,,,,,
400,,,,,,,,
400,,,,,,,,
400,,,,,,,,
400,,,,,,,,
400,,,,,,,,
400,,,,,,,,
400,,,,,,,,
400,,,,,,,,
400,,,,,,,,
400,,,,,,,,
400,,,,,,,,
400,,,,,,,,
400,,,,,,,,
400,,,,,,,,
400,,,,,,,,
400,,,,,,,,
400,,,,,,,,
400,,,,,,,,
400,,,,,,,,
400,,,,,,,,
400,,,,,,,,
400,,,,,,,,
400,,,,,,,,
400,,,,,,,,
400,,,,,,,,
400,,,,,,,,
400,,,,,,,,
400,,,,,,,,
400,,,,,,,,
400,,,,,,,,
400,,,,,,,,
400,,,,,,,,
400,,,,,,,,
400,,,,,,,,
400,,,,,,,,
400,,,,,,,,
400,,,,,,,,
400,,,,,,,,
400,,,,,,,,
400,,,,,,,,
400,,,,,,,,
400,,,,,,,,
400,,,,,,,,
400,,,,,,,,
400,,,,,,,,
400,,,,,,,,
400,,,,,,,,
400,,,,,,,,
400,,,,,,,,
400,,,,,,,,
400,,,,,,,,
400,,,,,,,,
400,,,,,,,,
400,,,,,,,,
400,,,,,,,,
400,,,,,,,,
400,,,,,,,,
400,,,,,,,,
400,,,,,,,,
400,,,,,,,,
400,,,,,,,,
400,,,,,,,,
400,,,,,,,,
400,,,,,,,,
400,,,,,,,,
400,,,,,,,,
400,,,,,,,,
400,,,,,,,,
400,,,,,,,,
400,,,,,,,,
400,,,,,,,,
400,,,,,,,,
400,,,,,,,,
400,,,,,,,,
400,,,,,,,,
400,,,,,,,,
400,,,,,,,,
400,,,,,,,,
400,,,,,,,,
400,,,,,,,,
400,,,,,,,,
400,,,,,,,,
400,,,,,,,,
400,,,,,,,,
400,,,,,,,,
400,,,,,,,,
400,,,,,,,,
400,,,,,,,,
400,,,,,,,,
400,,,,,,,,
400,,,,,,,,
400,,,,,,,,
400,,,,,,,,
400,,,,,,,,
400,,,,,,,,
400,,,,,,,,
400,,,,,,,,
400,,,,,,,,
400,,,,,,,,
400,,,,,,,,
400,,,,,,,,
400,,,,,,,,
400,,,,,,,,
400,,,,,,,,
400,,,,,,,,
400,,,,,,,,
400,,,,,,,,
400,,,,,,,,
400,,,,,,,,
400,,,,,,,,
400,,,,,,,,
400,,,,,,,,
400,,,,,,,,
400,,,,,,,,
400,,,,,,,,
400,,,,,,,,
400,,,,,,,,
400,,,,,,,,
400,,,,,,,,
400,,,,,,,,
400,,,,,,,,
400,,,,,,,,
400,,,,,,,,
400,,,,,,,,
400,,,,,,,,
400,,,,,,,,
400,,,,,,,,
400,,,,,,,,
400,,,,,,,,
400,,,,,,,,
400,,,,,,,,
400,,,,,,,,
400,,,,,,,,
400,,,,,,,,
400,,,,,,,,
400,,,,,,,,
400,,,,,,,,
400,,,,,,,,
400,,,,,,,,
400,,,,,,,,
400,,,,,,,,
400,,,,,,,,
400,,,,,,,,
400,,,,,,,,
400,,,,,,,,
400,,,,,,,,
400,,,,,,,,
400,,,,,,,,
400,,,,,,,,
400,,,,,,,,
400,,,,,,,,
400,,,,,,,,
400,,,,,,,,
400,,,,,,,,
400,,,,,,,,
400,,,,,,,,
400,,,,,,,,
400,,,,,,,,
400,,,,,,,,
400,,,,,,,,
400,,,,,,,,
400,,,,,,,,
400,,,,,,,,
400,,,,,,,,
400,,,,,,,,
400,,,,,,,,
400,,,,,,,,
400,,,,,,,,
400,,,,,,,,
400,,,,,,,,
400,,,,,,,,
400,,,,,,,,
400,,,,,,,,
400,,,,,,,,
400,,,,,,,,
400,,,,,,,,
400,,,,,,,,
400,,,,,,,,
400,,,,,,,,
400,,,,,,,,
400,,,,,,,,
400,,,,,,,,
400,,,,,,,,
400,,,,,,,,
400,,,,,,,,
400,,,,,,,,
400,,,,,,,,
400,,,,,,,,
400,,,,,,,,
400,,,,,,,,
400,,,,,,,,
400,,,,,,,,
400,,,,,,,,
400,,,,,,,,
400,,,,,,,,
400,,,,,,,,
400,,,,,,,,
400,,,,,,,,
400,,,,,,,,
400,,,,,,,,
400,,,,,,,,
400,,,,,,,,
400,,,,,,,,
400,,,,,,,,
400,,,,,,,,
400,,,,,,,,
400,,,,,,,,
400,,,,,,,,
400,,,,,,,,
400,,,,,,,,
400,,,,,,,,
400,,,,,,,,
400,,,,,,,,
400,,,,,,,,
400,,,,,,,,
400,,,,,,,,
400,,,,,,,,
400,,,,,,,,
400,,,,,,,,
400,,,,,,,,
400,,,,,,,,
400,,,,,,,,
400,,,,,,,,
400,,,,,,,,
400,,,,,,,,
400,,,,,,,,
400,,,,,,,,
400,,,,,,,,
400,,,,,,,,
400,,,,,,,,
400,,,,,,,,
400,,,,,,,,
400,,,,,,,,
400,,,,,,,,
400,,,,,,,,
400,,,,,,,,
400,,,,,,,,
400,,,,,,,,
400,,,,,,,,
400,,,,,,,,
400,,,,,,,,
400,,,,,,,,
400,,,,,,,,
400,,,,,,,,
400,,,,,,,,
400,,,,,,,,
400,,,,,,,,
400,,,,,,,,
400,,,,,,,,
400,,,,,,,,
400,,,,,,,,
400,,,,,,,,
400,,,,,,,,
400,,,,,,,,
400,,,,,,,,
400,,,,,,,,
400,,,,,,,,
400,,,,,,,,
400,,,,,,,,
400,,,,,,,,
400,,,,,,,,
400,,,,,,,,
400,,,,,,,,
400,,,,,,,,
400,,,,,,,,
400,,,,,,,,
400,,,,,,,,
400,,,,,,,,
400,,,,,,,,
400,,,,,,,,
400,,,,,,,,
400,,,,,,,,
400,,,,,,,,
400,,,,,,,,
400,,,,,,,,
400,,,,,,,,
400,,,,,,,,
400,,,,,,,,
400,,,,,,,,
400,,,,,,,,
400,,,,,,,,
400,,,,,,,,
400,,,,,,,,
400,,,,,,,,
400,,,,,,,,
400,,,,,,,,
400,,,,,,,,
400,,,,,,,,
400,,,,,,,,
400,,,,,,,,
400,,,,,,,,
400,,,,,,,,
400,,,,,,,,
400,,,,,,,,
400,,,,,,,,
400,,,,,,,,
400,,,,,,,,
400,,,,,,,,
400,,,,,,,,
400,,,,,,,,
400,,,,,,,,
400,,,,,,,,
400,,,,,,,,
400,,,,,,,,
400,,,,,,,,
400,,,,,,,,
400,,,,,,,,
400,,,,,,,,
400,,,,,,,,
400,,,,,,,,
400,,,,,,,,
400,,,,,,,,
400,,,,,,,,
400,,,,,,,,
400,,,,,,,,
400,,,,,,,,
400,,,,,,,,
400,,,,,,,,
400,,,,,,,,
400,,,,,,,,
400,,,,,,,,
400,,,,,,,,
400,,,,,,,,
400,,,,,,,,
400,,,,,,,,
400,,,,,,,,
400,,,,,,,,
400,,,,,,,,
400,,,,,,,,
400,,,,,,,,
400,,,,,,,,
400,,,,,,,,
400,,,,,,,,
400,,,,,,,,
400,,,,,,,,
400,,,,,,,,
400,,,,,,,,
400,,,,,,,,
400,,,,,,,,
400,,,,,,,,
400,,,,,,,,
400,,,,,,,,
400,,,,,,,,
400,,,,,,,,
400,,,,,,,,
400,,,,,,,,
400,,,,,,,,
400,,,,,,,,
400,,,,,,,,
400,,,,,,,,
400,,,,,,,,
400,,,,,,,,
400,,,,,,,,
400,,,,,,,,
400,,,,,,,,
400,,,,,,,,
400,,,,,,,,
400,,,,,,,,
400,,,,,,,,
400,,,,,,,,
400,,,,,,,,
400,,,,,,,,
400,,,,,,,,
400,,,,,,,,
400,,,,,,,,
400,,,,,,,,
400,,,,,,,,
400,,,,,,,,
400,,,,,,,,
400,,,,,,,,
400,,,,,,,,
400,,,,,,,,
400,,,,,,,,
400,,,,,,,,
400,,,,,,,,
400,,,,,,,,
400,,,,,,,,
400,,,,,,,,
400,,,,,,,,
400,,,,,,,,
400,,,,,,,,
400,,,,,,,,
400,,,,,,,,
400,,,,,,,,
400,,,,,,,,
400,,,,,,,,
400,,,,,,,,
400,,,,,,,,
400,,,,,,,,
400,,,,,,,,
400,,,,,,,,
400,,,,,,,,
400,,,,,,,,
400,,,,,,,,
400,,,,,,,,
400,,,,,,,,
400,,,,,,,,
400,,,,,,,,
400,,,,,,,,
400,,,,,,,,
400,,,,,,,,
400,,,,,,,,
400,,,,,,,,
400,,,,,,,,
400,,,,,,,,
400,,,,,,,,
400,,,,,,,,
400,,,,,,,,
400,,,,,,,,
400,,,,,,,,
400,,,,,,,,
400,,,,,,,,
400,,,,,,,,
400,,,,,,,,
400,,,,,,,,
400,,,,,,,,
400,,,,,,,,
400,,,,,,,,
400,,,,,,,,
400,,,,,,,,
400,,,,,,,,
400,,,,,,,,
400,,,,,,,,
400,,,,,,,,
400,,,,,,,,
400,,,,,,,,
400,,,,,,,,
400,,,,,,,,
400,,,,,,,,
400,,,,,,,,
400,,,,,,,,
400,,,,,,,,
400,,,,,,,,
400,,,,,,,,
400,,,,,,,,
400,,,,,,,,
400,,,,,,,,
400,,,,,,,,
400,,,,,,,,
400,,,,,,,,
400,,,,,,,,
400,,,,,,,,
400,,,,,,,,
400,,,,,,,,
400,,,,,,,,
400,,,,,,,,
400,,,,,,,,
400,,,,,,,,
400,,,,,,,,
400,,,,,,,,
400,,,,,,,,
400,,,,,,,,
400,,,,,,,,
400,,,,,,,,
400,,,,,,,,
400,,,,,,,,
400,,,,,,,,
400,,,,,,,,
400,,,,,,,,
400,,,,,,,,
400,,,,,,,,
400,,,,,,,,
400,,,,,,,,
400,,,,,,,,
400,,,,,,,,
400,,,,,,,,
400,,,,,,,,
400,,,,,,,,
400,,,,,,,,
400,,,,,,,,
400,,,,,,,,
400,,,,,,,,
400,,,,,,,,
400,,,,,,,,
400,,,,,,,,
400,,,,,,,,
400,,,,,,,,
400,,,,,,,,
400,,,,,,,,
400,,,,,,,,
400,,,,,,,,
400,,,,,,,,
400,,,,,,,,
400,,,,,,,,
400,,,,,,,,
400,,,,,,,,
400,,,,,,,,
400,,,,,,,,
400,,,,,,,,
400,,,,,,,,
400,,,,,,,,
400,,,,,,,,
400,,,,,,,,
400,,,,,,,,
400,,,,,,,,
400,,,,,,,,
400,,,,,,,,
400,,,,,,,,
400,,,,,,,,
400,,,,,,,,
400,,,,,,,,
400,,,,,,,,
400,,,,,,,,
400,,,,,,,,
400,,,,,,,,
400,,,,,,,,
400,,,,,,,,
400,,,,,,,,
400,,,,,,,,
400,,,,,,,,
400,,,,,,,,
400,,,,,,,,
400,,,,,,,,
400,,,,,,,,
400,,,,,,,,
400,,,,,,,,
400,,,,,,,,
400,,,,,,,,
400,,,,,,,,
400,,,,,,,,
400,,,,,,,,
400,,,,,,,,
400,,,,,,,,
400,,,,,,,,
400,,,,,,,,
400,,,,,,,,
400,,,,,,,,
400,,,,,,,,
400,,,,,,,,
400,,,,,,,,
400,,,,,,,,
400,,,,,,,,
400,,,,,,,,
400,,,,,,,,
400,,,,,,,,
400,,,,,,,,
400,,,,,,,,
400,,,,,,,,
400,,,,,,,,
400,,,,,,,,
400,,,,,,,,
400,,,,,,,,
400,,,,,,,,
400,,,,,,,,
400,,,,,,,,
400,,,,,,,,
400,,,,,,,,
400,,,,,,,,
400,,,,,,,,
400,,,,,,,,
400,,,,,,,,
400,,,,,,,,
400,,,,,,,,
400,,,,,,,,
400,,,,,,,,
400,,,,,,,,
400,,,,,,,,
400,,,,,,,,
400,,,,,,,,
400,,,,,,,,
400,,,,,,,,
400,,,,,,,,
400,,,,,,,,
400,,,,,,,,
400,,,,,,,,
400,,,,,,,,
400,,,,,,,,
400,,,,,,,,
400,,,,,,,,
400,,,,,,,,
400,,,,,,,,
400,,,,,,,,
400,,,,,,,,
400,,,,,,,,
400,,,,,,,,
400,,,,,,,,
400,,,,,,,,
400,,,,,,,,
400,,,,,,,,
400,,,,,,,,
400,,,,,,,,
400,,,,,,,,
400,,,,,,,,
400,,,,,,,,
400,,,,,,,,
400,,,,,,,,
400,,,,,,,,
400,,,,,,,,
400,,,,,,,,
400,,,,,,,,
400,,,,,,,,
400,,,,,,,,
400,,,,,,,,
400,,,,,,,,
400,,,,,,,,
400,,,,,,,,
400,,,,,,,,
400,,,,,,,,
400,,,,,,,,
400,,,,,,,,
400,,,,,,,,
400,,,,,,,,
400,,,,,,,,
400,,,,,,,,
400,,,,,,,,
400,,,,,,,,
400,,,,,,,,
400,,,,,,,,
400,,,,,,,,
400,,,,,,,,
400,,,,,,,,
400,,,,,,,,
400,,,,,,,,
400,,,,,,,,
400,,,,,,,,
400,,,,,,,,
400,,,,,,,,
400,,,,,,,,
400,,,,,,,,
400,,,,,,,,
400,,,,,,,,
400,,,,,,,,
400,,,,,,,,
400,,,,,,,,
400,,,,,,,,
400,,,,,,,,
400,,,,,,,,
400,,,,,,,,
400,,,,,,,,
400,,,,,,,,
400,,,,,,,,
400,,,,,,,,
400,,,,,,,,
400,,,,,,,,
400,,,,,,,,
400,,,,,,,,
400,,,,,,,,
400,,,,,,,,
400,,,,,,,,
400,,,,,,,,
400,,,,,,,,
400,,,,,,,,
400,,,,,,,,
400,,,,,,,,
400,,,,,,,,
400,,,,,,,,
400,,,,,,,,
400,,,,,,,,
400,,,,,,,,
400,,,,,,,,
400,,,,,,,,
400,,,,,,,,
400,,,,,,,,
400,,,,,,,,
400,,,,,,,,
400,,,,,,,,
400,,,,,,,,
400,,,,,,,,
400,,,,,,,,
400,,,,,,,,
400,,,,,,,,
400,,,,,,,,
400,,,,,,,,
400,,,,,,,,
400,,,,,,,,
400,,,,,,,,
400,,,,,,,,
400,,,,,,,,
400,,,,,,,,
400,,,,,,,,
400,,,,,,,,
400,,,,,,,,
400,,,,,,,,
400,,,,,,,,
400,,,,,,,,
400,,,,,,,,
400,,,,,,,,
400,,,,,,,,
400,,,,,,,,
400,,,,,,,,
400,,,,,,,,
400,,,,,,,,
400,,,,,,,,
400,,,,,,,,
400,,,,,,,,
400,,,,,,,,
400,,,,,,,,
400,,,,,,,,
400,,,,,,,,
400,,,,,,,,
400,,,,,,,,
400,,,,,,,,
400,,,,,,,,
400,,,,,,,,
400,,,,,,,,
400,,,,,,,,
400,,,,,,,,
400,,,,,,,,
400,,,,,,,,
400,,,,,,,,
400,,,,,,,,
400,,,,,,,,
400,,,,,,,,
400,,,,,,,,
400,,,,,,,,
400,,,,,,,,
400,,,,,,,,
400,,,,,,,,
400,,,,,,,,
400,,,,,,,,
400,,,,,,,,
400,,,,,,,,
400,,,,,,,,
400,,,,,,,,
400,,,,,,,,
400,,,,,,,,
400,,,,,,,,
400,,,,,,,,
400,,,,,,,,
400,,,,,,,,
400,,,,,,,,
400,,,,,,,,
400,,,,,,,,
400,,,,,,,,
400,,,,,,,,
400,,,,,,,,
400,,,,,,,,
400,,,,,,,,
400,,,,,,,,
400,,,,,,,,
400,,,,,,,,
400,,,,,,,,
400,,,,,,,,
400,,,,,,,,
400,,,,,,,,
400,,,,,,,,
400,,,,,,,,
400,,,,,,,,
400,,,,,,,,
400,,,,,,,,
400,,,,,,,,
400,,,,,,,,
400,,,,,,,,
400,,,,,,,,
400,,,,,,,,
400,,,,,,,,
400,,,,,,,,
400,,,,,,,,
400,,,,,,,,
400,,,,,,,,
400,,,,,,,,
400,,,,,,,,
400,,,,,,,,
400,,,,,,,,
400,,,,,,,,
400,,,,,,,,
400,,,,,,,,
400,,,,,,,,
400,,,,,,,,
400,,,,,,,,
400,,,,,,,,
400,,,,,,,,
400,,,,,,,,
400,,,,,,,,
400,,,,,,,,
400,,,,,,,,
400,,,,,,,,
400,,,,,,,,
400,,,,,,,,
400,,,,,,,,
400,,,,,,,,
400,,,,,,,,
400,,,,,,,,
400,,,,,,,,
400,,,,,,,,
400,,,,,,,,
400,,,,,,,,
400,,,,,,,,
400,,,,,,,,
400,,,,,,,,
400,,,,,,,,
400,,,,,,,,
400,,,,,,,,
400,,,,,,,,
400,,,,,,,,
400,,,,,,,,
400,,,,,,,,
400,,,,,,,,
400,,,,,,,,
400,,,,,,,,
400,,,,,,,,
400,,,,,,,,
400,,,,,,,,
400,,,,,,,,
400,,,,,,,,
400,,,,,,,,
400,,,,,,,,
400,,,,,,,,
400,,,,,,,,
400,,,,,,,,
400,,,,,,,,
400,,,,,,,,
400,,,,,,,,
400,,,,,,,,
400,,,,,,,,
400,,,,,,,,
400,,,,,,,,
400,,,,,,,,
400,,,,,,,,
400,,,,,,,,
400,,,,,,,,
400,,,,,,,,
400,,,,,,,,
400,,,,,,,,
400,,,,,,,,
400,,,,,,,,
400,,,,,,,,
400,,,,,,,,
400,,,,,,,,
400,,,,,,,,
400,,,,,,,,
400,,,,,,,,
400,,,,,,,,
400,,,,,,,,
400,,,,,,,,
400,,,,,,,,
400,,,,,,,,
400,,,,,,,,
400,,,,,,,,
400,,,,,,,,
400,,,,,,,,
400,,,,,,,,
400,,,,,,,,
400,,,,,,,,
400,,,,,,,,
400,,,,,,,,
400,,,,,,,,
400,,,,,,,,
400,,,,,,,,
400,,,,,,,,
400,,,,,,,,
400,,,,,,,,
400,,,,,,,,
400,,,,,,,,
400,,,,,,,,
400,,,,,,,,
400,,,,,,,,
400,,,,,,,,
400,,,,,,,,
400,,,,,,,,
400,,,,,,,,
400,,,,,,,,
400,,,,,,,,
400,,,,,,,,
400,,,,,,,,
400,,,,,,,,
400,,,,,,,,
400,,,,,,,,
400,,,,,,,,
400,,,,,,,,
400,,,,,,,,
400,,,,,,,,
400,,,,,,,,
400,,,,,,,,
400,,,,,,,,
400,,,,,,,,
400,,,,,,,,
400,,,,,,,,
400,,,,,,,,
400,,,,,,,,
400,,,,,,,,
400,,,,,,,,
400,,,,,,,,
400,,,,,,,,
400,,,,,,,,
400,,,,,,,,
400,,,,,,,,
400,,,,,,,,
400,,,,,,,,
400,,,,,,,,
400,,,,,,,,
400,,,,,,,,
400,,,,,,,,
400,,,,,,,,
400,,,,,,,,
400,,,,,,,,
400,,,,,,,,
400,,,,,,,,
400,,,,,,,,
400,,,,,,,,
400,,,,,,,,
400,,,,,,,,
400,,,,,,,,
400,,,,,,,,
400,,,,,,,,
400,,,,,,,,
400,,,,,,,,
400,,,,,,,,
400,,,,,,,,
400,,,,,,,,
400,,,,,,,,
400,,,,,,,,
400,,,,,,,,
400,,,,,,,,
400,,,,,,,,
400,,,,,,,,
400,,,,,,,,
400,,,,,,,,
400,,,,,,,,
400,,,,,,,,
400,,,,,,,,
400,,,,,,,,
400,,,,,,,,
400,,,,,,,,
400,,,,,,,,
400,,,,,,,,
400,,,,,,,,
400,,,,,,,,
400,,,,,,,,
400,,,,,,,,
400,,,,,,,,
400,,,,,,,,
400,,,,,,,,
400,,,,,,,,
400,,,,,,,,
400,,,,,,,,
400,,,,,,,,
400,,,,,,,,
400,,,,,,,,
400,,,,,,,,
400,,,,,,,,
400,,,,,,,,
400,,,,,,,,
400,,,,,,,,
400,,,,,,,,
400,,,,,,,,
400,,,,,,,,
400,,,,,,,,
400,,,,,,,,
400,,,,,,,,
400,,,,,,,,
400,,,,,,,,
400,,,,,,,,
400,,,,,,,,
400,,,,,,,,
400,,,,,,,,
400,,,,,,,,
400,,,,,,,,
400,,,,,,,,
400,,,,,,,,
400,,,,,,,,
400,,,,,,,,
400,,,,,,,,
400,,,,,,,,
400,,,,,,,,
400,,,,,,,,
400,,,,,,,,
400,,,,,,,,
400,,,,,,,,
400,,,,,,,,
400,,,,,,,,
400,,,,,,,,
400,,,,,,,,
400,,,,,,,,
400,,,,,,,,
400,,,,,,,,
400,,,,,,,,
400,,,,,,,,
400,,,,,,,,
400,,,,,,,,
400,,,,,,,,
400,,,,,,,,
400,,,,,,,,
400,,,,,,,,
400,,,,,,,,
400,,,,,,,,
400,,,,,,,,
400,,,,,,,,
400,,,,,,,,
400,,,,,,,,
400,,,,,,,,
400,,,,,,,,
400,,,,,,,,
400,,,,,,,,
400,,,,,,,,
400,,,,,,,,
400,,,,,,,,
400,,,,,,,,
400,,,,,,,,
400,,,,,,,,
400,,,,,,,,
400,,,,,,,,
400,,,,,,,,
400,,,,,,,,
400,,,,,,,,
400,,,,,,,,
400,,,,,,,,
400,,,,,,,,
400,,,,,,,,
400,,,,,,,,
400,,,,,,,,
400,,,,,,,,
400,,,,,,,,
400,,,,,,,,
400,,,,,,,,
400,,,,,,,,
400,,,,,,,,
400,,,,,,,,
400,,,,,,,,
400,,,,,,,,
400,,,,,,,,
400,,,,,,,,
400,,,,,,,,
400,,,,,,,,
400,,,,,,,,
400,,,,,,,,
400,,,,,,,,
400,,,,,,,,
400,,,,,,,,
400,,,,,,,,
400,,,,,,,,
400,,,,,,,,
400,,,,,,,,
400,,,,,,,,
400,,,,,,,,
400,,,,,,,,
400,,,,,,,,
400,,,,,,,,
400,,,,,,,,
400,,,,,,,,
400,,,,,,,,
400,,,,,,,,
400,,,,,,,,
400,,,,,,,,
400,,,,,,,,
400,,,,,,,,
400,,,,,,,,
400,,,,,,,,
400,,,,,,,,
400,,,,,,,,
400,,,,,,,,
400,,,,,,,,
400,,,,,,,,
400,,,,,,,,
400,,,,,,,,
400,,,,,,,,
400,,,,,,,,
400,,,,,,,,
400,,,,,,,,
400,,,,,,,,
400,,,,,,,,
400,,,,,,,,
400,,,,,,,,
400,,,,,,,,
400,,,,,,,,
400,,,,,,,,
400,,,,,,,,
400,,,,,,,,
400,,,,,,,,
400,,,,,,,,
400,,,,,,,,
400,,,,,,,,
400,,,,,,,,
400,,,,,,,,
400,,,,,,,,
400,,,,,,,,
400,,,,,,,,
400,,,,,,,,
400,,,,,,,,
400,,,,,,,,
400,,,,,,,,
400,,,,,,,,
400,,,,,,,,
400,,,,,,,,
400,,,,,,,,
400,,,,,,,,
400,,,,,,,,
400,,,,,,,,
400,,,,,,,,
400,,,,,,,,
400,,,,,,,,
400,,,,,,,,
400,,,,,,,,
400,,,,,,,,
400,,,,,,,,
400,,,,,,,,
400,,,,,,,,
400,,,,,,,,
400,,,,,,,,
400,,,,,,,,
400,,,,,,,,
400,,,,,,,,
400,,,,,,,,
400,,,,,,,,
400,,,,,,,,
400,,,,,,,,
400,,,,,,,,
400,,,,,,,,
400,,,,,,,,
400,,,,,,,,
400,,,,,,,,
400,,,,,,,,
400,,,,,,,,
400,,,,,,,,
400,,,,,,,,
400,,,,,,,,
400,,,,,,,,
400,,,,,,,,
400,,,,,,,,
400,,,,,,,,
400,,,,,,,,
400,,,,,,,,
400,,,,,,,,
400,,,,,,,,
400,,,,,,,,
400,,,,,,,,
400,,,,,,,,
400,,,,,,,,
400,,,,,,,,
400,,,,,,,,
400,,,,,,,,
400,,,,,,,,
400,,,,,,,,
400,,,,,,,,
400,,,,,,,,
400,,,,,,,,
400,,,,,,,,
400,,,,,,,,
400,,,,,,,,
400,,,,,,,,
400,,,,,,,,
400,,,,,,,,
400,,,,,,,,
400,,,,,,,,
400,,,,,,,,
400,,,,,,,,
400,,,,,,,,
400,,,,,,,,
400,,,,,,,,
400,,,,,,,,
400,,,,,,,,
400,,,,,,,,
400,,,,,,,,
400,,,,,,,,
400,,,,,,,,
400,,,,,,,,
400,,,,,,,,
400,,,,,,,,
400,,,,,,,,
400,,,,,,,,
400,,,,,,,,
400,,,,,,,,
400,,,,,,,,
400,,,,,,,,
400,,,,,,,,
400,,,,,,,,
400,,,,,,,,
400,,,,,,,,
400,,,,,,,,
400,,,,,,,,
400,,,,,,,,
400,,,,,,,,
400,,,,,,,,
400,,,,,,,,
400,,,,,,,,
400,,,,,,,,
400,,,,,,,,
400,,,,,,,,
400,,,,,,,,
400,,,,,,,,
400,,,,,,,,
400,,,,,,,,
400,,,,,,,,
400,,,,,,,,
400,,,,,,,,
400,,,,,,,,
400,,,,,,,,
400,,,,,,,,
400,,,,,,,,
400,,,,,,,,
400,,,,,,,,
400,,,,,,,,
400,,,,,,,,
400,,,,,,,,
400,,,,,,,,
400,,,,,,,,
400,,,,,,,,
400,,,,,,,,
400,,,,,,,,
400,,,,,,,,
400,,,,,,,,
400,,,,,,,,
400,,,,,,,,
400,,,,,,,,
400,,,,,,,,
400,,,,,,,,
400,,,,,,,,
400,,,,,,,,
400,,,,,,,,
400,,,,,,,,
400,,,,,,,,
400,,,,,,,,
400,,,,,,,,
400,,,,,,,,
400,,,,,,,,
400,,,,,,,,
400,,,,,,,,
400,,,,,,,,
400,,,,,,,,
400,,,,,,,,
400,,,,,,,,
400,,,,,,,,
400,,,,,,,,
400,,,,,,,,
400,,,,,,,,
400,,,,,,,,
400,,,,,,,,
400,,,,,,,,
400,,,,,,,,
400,,,,,,,,
400,,,,,,,,
400,,,,,,,,
400,,,,,,,,
400,,,,,,,,
400,,,,,,,,
400,,,,,,,,
400,,,,,,,,
400,,,,,,,,
400,,,,,,,,
400,,,,,,,,
400,,,,,,,,
400,,,,,,,,
400,,,,,,,,
400,,,,,,,,
400,,,,,,,,
400,,,,,,,,
400,,,,,,,,
400,,,,,,,,
400,,,,,,,,
400,,,,,,,,
400,,,,,,,,
400,,,,,,,,
400,,,,,,,,
400,,,,,,,,
400,,,,,,,,
400,,,,,,,,
400,,,,,,,,
400,,,,,,,,
400,,,,,,,,
400,,,,,,,,
400,,,,,,,,
400,,,,,,,,
400,,,,,,,,
400,,,,,,,,
400,,,,,,,,
400,,,,,,,,
400,,,,,,,,
400,,,,,,,,
400,,,,,,,,
400,,,,,,,,
400,,,,,,,,
400,,,,,,,,
400,,,,,,,,
400,,,,,,,,
400,,,,,,,,
400,,,,,,,,
400,,,,,,,,
400,,,,,,,,
400,,,,,,,,
400,,,,,,,,
400,,,,,,,,
400,,,,,,,,
400,,,,,,,,
400,,,,,,,,
400,,,,,,,,
400,,,,,,,,
400,,,,,,,,
400,,,,,,,,
400,,,,,,,,
400,,,,,,,,
400,,,,,,,,
400,,,,,,,,
400,,,,,,,,
400,,,,,,,,
400,,,,,,,,
400,,,,,,,,
400,,,,,,,,
400,,,,,,,,
400,,,,,,,,
400,,,,,,,,
400,,,,,,,,
400,,,,,,,,
400,,,,,,,,
400,,,,,,,,
400,,,,,,,,
400,,,,,,,,
400,,,,,,,,
400,,,,,,,,
400,,,,,,,,
400,,,,,,,,
400,,,,,,,,
400,,,,,,,,
400,,,,,,,,
400,,,,,,,,
400,,,,,,,,
400,,,,,,,,
400,,,,,,,,
400,,,,,,,,
400,,,,,,,,
400,,,,,,,,
400,,,,,,,,
400,,,,,,,,
400,,,,,,,,
400,,,,,,,,
400,,,,,,,,
400,,,,,,,,
400,,,,,,,,
400,,,,,,,,
400,,,,,,,,
400,,,,,,,,
400,,,,,,,,
400,,,,,,,,
400,,,,,,,,
400,,,,,,,,
400,,,,,,,,
400,,,,,,,,
400,,,,,,,,
400,,,,,,,,
400,,,,,,,,
400,,,,,,,,
400,,,,,,,,
400,,,,,,,,
400,,,,,,,,
400,,,,,,,,
400,,,,,,,,
400,,,,,,,,
400,,,,,,,,
400,,,,,,,,
400,,,,,,,,
400,,,,,,,,
400,,,,,,,,
400,,,,,,,,
400,,,,,,,,
400,,,,,,,,
400,,,,,,,,
400,,,,,,,,
400,,,,,,,,
400,,,,,,,,
400,,,,,,,,
400,,,,,,,,
400,,,,,,,,
400,,,,,,,,
400,,,,,,,,
400,,,,,,,,
400,,,,,,,,
400,,,,,,,,
400,,,,,,,,
400,,,,,,,,
400,,,,,,,,
400,,,,,,,,
400,,,,,,,,
400,,,,,,,,
400,,,,,,,,
400,,,,,,,,
400,,,,,,,,
400,,,,,,,,
400,,,,,,,,
400,,,,,,,,
400,,,,,,,,
400,,,,,,,,
400,,,,,,,,
400,,,,,,,,
400,,,,,,,,
400,,,,,,,,
400,,,,,,,,
400,,,,,,,,
400,,,,,,,,
400,,,,,,,,
400,,,,,,,,
400,,,,,,,,
400,,,,,,,,
400,,,,,,,,
400,,,,,,,,
400,,,,,,,,
400,,,,,,,,
400,,,,,,,,
400,,,,,,,,
400,,,,,,,,
400,,,,,,,,
400,,,,,,,,
400,,,,,,,,
400,,,,,,,,
400,,,,,,,,
400,,,,,,,,
400,,,,,,,,
400,,,,,,,,
400,,,,,,,,
400,,,,,,,,
400,,,,,,,,
400,,,,,,,,
400,,,,,,,,
400,,,,,,,,
400,,,,,,,,
400,,,,,,,,
400,,,,,,,,
400,,,,,,,,
400,,,,,,,,
400,,,,,,,,
400,,,,,,,,
400,,,,,,,,
400,,,,,,,,
400,,,,,,,,
400,,,,,,,,
400,,,,,,,,
400,,,,,,,,
400,,,,,,,,
400,,,,,,,,
400,,,,,,,,
400,,,,,,,,
400,,,,,,,,
400,,,,,,,,
400,,,,,,,,
400,,,,,,,,
400,,,,,,,,
400,,,,,,,,
400,,,,,,,,
400,,,,,,,,
400,,,,,,,,
400,,,,,,,,
400,,,,,,,,
400,,,,,,,,
400,,,,,,,,
400,,,,,,,,
400,,,,,,,,
400,,,,,,,,
400,,,,,,,,
400,,,,,,,,
400,,,,,,,,
400,,,,,,,,
400,,,,,,,,
400,,,,,,,,
400,,,,,,,,
400,,,,,,,,
400,,,,,,,,
400,,,,,,,,
400,,,,,,,,
400,,,,,,,,
400,,,,,,,,
400,,,,,,,,
400,,,,,,,,
400,,,,,,,,
400,,,,,,,,
400,,,,,,,,
400,,,,,,,,
400,,,,,,,,
400,,,,,,,,
400,,,,,,,,
400,,,,,,,,
400,,,,,,,,
400,,,,,,,,
400,,,,,,,,
400,,,,,,,,
400,,,,,,,,
400,,,,,,,,
400,,,,,,,,
400,,,,,,,,
400,,,,,,,,
400,,,,,,,,
400,,,,,,,,
400,,,,,,,,
400,,,,,,,,
400,,,,,,,,
400,,,,,,,,
400,,,,,,,,
400,,,,,,,,
400,,,,,,,,
400,,,,,,,,
400,,,,,,,,
400,,,,,,,,
400,,,,,,,,
400,,,,,,,,
400,,,,,,,,
400,,,,,,,,
400,,,,,,,,
400,,,,,,,,
400,,,,,,,,
400,,,,,,,,
400,,,,,,,,
400,,,,,,,,
400,,,,,,,,
400,,,,,,,,
400,,,,,,,,
400,,,,,,,,
400,,,,,,,,
400,,,,,,,,
400,,,,,,,,
400,,,,,,,,
400,,,,,,,,
400,,,,,,,,
400,,,,,,,,
400,,,,,,,,
400,,,,,,,,
400,,,,,,,,
400,,,,,,,,
400,,,,,,,,
400,,,,,,,,
400,,,,,,,,
400,,,,,,,,
400,,,,,,,,
400,,,,,,,,
400,,,,,,,,
400,,,,,,,,
400,,,,,,,,
400,,,,,,,,
400,,,,,,,,
400,,,,,,,,
400,,,,,,,,
400,,,,,,,,
400,,,,,,,,
400,,,,,,,,
400,,,,,,,,
400,,,,,,,,
400,,,,,,,,
400,,,,,,,,
400,,,,,,,,
400,,,,,,,,
400,,,,,,,,
400,,,,,,,,
400,,,,,,,,
400,,,,,,,,
400,,,,,,,,
400,,,,,,,,
400,,,,,,,,
400,,,,,,,,
400,,,,,,,,
400,,,,,,,,
400,,,,,,,,
400,,,,,,,,
400,,,,,,,,
400,,,,,,,,
400,,,,,,,,
400,,,,,,,,
400,,,,,,,,
400,,,,,,,,
400,,,,,,,,
400,,,,,,,,
400,,,,,,,,
400,,,,,,,,
400,,,,,,,,
400,,,,,,,,
400,,,,,,,,
400,,,,,,,,
400,,,,,,,,
400,,,,,,,,
400,,,,,,,,
400,,,,,,,,
400,,,,,,,,
400,,,,,,,,
400,,,,,,,,
400,,,,,,,,
400,,,,,,,,
400,,,,,,,,
400,,,,,,,,
400,,,,,,,,
400,,,,,,,,
400,,,,,,,,
400,,,,,,,,
400,,,,,,,,
400,,,,,,,,
400,,,,,,,,
400,,,,,,,,
400,,,,,,,,
400,,,,,,,,
400,,,,,,,,
400,,,,,,,,
400,,,,,,,,
400,,,,,,,,
400,,,,,,,,
400,,,,,,,,
400,,,,,,,,
400,,,,,,,,
400,,,,,,,,
400,,,,,,,,
400,,,,,,,,
400,,,,,,,,
400,,,,,,,,
400,,,,,,,,
400,,,,,,,,
400,,,,,,,,
400,,,,,,,,
400,,,,,,,,
400,,,,,,,,
400,,,,,,,,
400,,,,,,,,
400,,,,,,,,
400,,,,,,,,
400,,,,,,,,
400,,,,,,,,
400,,,,,,,,
400,,,,,,,,
400,,,,,,,,
400,,,,,,,,
400,,,,,,,,
400,,,,,,,,
400,,,,,,,,
400,,,,,,,,
400,,,,,,,,
400,,,,,,,,
400,,,,,,,,
400,,,,,,,,
400,,,,,,,,
400,,,,,,,,
400,,,,,,,,
400,,,,,,,,
400,,,,,,,,
400,,,,,,,,
400,,,,,,,,
400,,,,,,,,
400,,,,,,,,
400,,,,,,,,
400,,,,,,,,
400,,,,,,,,
400,,,,,,,,
400,,,,,,,,
400,,,,,,,,
400,,,,,,,,
400,,,,,,,,
400,,,,,,,,
400,,,,,,,,
400,,,,,,,,
400,,,,,,,,
400,,,,,,,,
400,,,,,,,,
400,,,,,,,,
400,,,,,,,,
400,,,,,,,,
400,,,,,,,,
400,,,,,,,,
400,,,,,,,,
400,,,,,,,,
400,,,,,,,,
400,,,,,,,,
400,,,,,,,,
400,,,,,,,,
400,,,,,,,,
400,,,,,,,,
400,,,,,,,,
400,,,,,,,,
400,,,,,,,,
400,,,,,,,,
400,,,,,,,,
400,,,,,,,,
400,,,,,,,,
400,,,,,,,,
400,,,,,,,,
400,,,,,,,,
400,,,,,,,,
400,,,,,,,,
400,,,,,,,,
400,,,,,,,,
400,,,,,,,,
400,,,,,,,,
400,,,,,,,,
400,,,,,,,,
400,,,,,,,,
400,,,,,,,,
400,,,,,,,,
400,,,,,,,,
400,,,,,,,,
400,,,,,,,,
400,,,,,,,,
400,,,,,,,,
400,,,,,,,,
400,,,,,,,,
400,,,,,,,,
400,,,,,,,,
400,,,,,,,,
400,,,,,,,,
400,,,,,,,,
400,,,,,,,,
400,,,,,,,,
400,,,,,,,,
400,,,,,,,,
400,,,,,,,,
400,,,,,,,,
400,,,,,,,,
400,,,,,,,,
400,,,,,,,,
400,,,,,,,,
400,,,,,,,,
400,,,,,,,,
400,,,,,,,,
400,,,,,,,,
400,,,,,,,,
400,,,,,,,,
400,,,,,,,,
400,,,,,,,,
400,,,,,,,,
400,,,,,,,,
400,,,,,,,,
400,,,,,,,,
400,,,,,,,,
400,,,,,,,,
400,,,,,,,,
400,,,,,,,,
400,,,,,,,,
400,,,,,,,,
400,,,,,,,,
400,,,,,,,,
400,,,,,,,,
400,,,,,,,,
400,,,,,,,,
400,,,,,,,,
400,,,,,,,,
400,,,,,,,,
400,,,,,,,,
400,,,,,,,,
400,,,,,,,,
400,,,,,,,,
400,,,,,,,,
400,,,,,,,,
400,,,,,,,,
400,,,,,,,,
400,,,,,,,,
400,,,,,,,,
400,,,,,,,,
400,,,,,,,,
400,,,,,,,,
400,,,,,,,,
400,,,,,,,,
400,,,,,,,,
400,,,,,,,,
400,,,,,,,,
400,,,,,,,,
400,,,,,,,,
400,,,,,,,,
400,,,,,,,,
400,,,,,,,,
400,,,,,,,,
400,,,,,,,,
400,,,,,,,,
400,,,,,,,,
400,,,,,,,,
400,,,,,,,,
400,,,,,,,,
400,,,,,,,,
400,,,,,,,,
400,,,,,,,,
400,,,,,,,,
400,,,,,,,,
400,,,,,,,,
400,,,,,,,,
400,,,,,,,,
400,,,,,,,,
400,,,,,,,,
400,,,,,,,,
400,,,,,,,,
400,,,,,,,,
400,,,,,,,,
400,,,,,,,,
400,,,,,,,,
400,,,,,,,,
400,,,,,,,,
400,,,,,,,,
400,,,,,,,,
400,,,,,,,,
400,,,,,,,,
400,,,,,,,,
400,,,,,,,,
400,,,,,,,,
400,,,,,,,,
400,,,,,,,,
400,,,,,,,,
400,,,,,,,,
400,,,,,,,,
400,,,,,,,,
400,,,,,,,,
400,,,,,,,,
400,,,,,,,,
400,,,,,,,,
400,,,,,,,,
400,,,,,,,,
400,,,,,,,,
400,,,,,,,,
400,,,,,,,,
400,,,,,,,,
400,,,,,,,,
400,,,,,,,,
400,,,,,,,,
400,,,,,,,,
400,,,,,,,,
400,,,,,,,,
400,,,,,,,,
400,,,,,,,,
400,,,,,,,,
400,,,,,,,,
400,,,,,,,,
400,,,,,,,,
400,,,,,,,,
400,,,,,,,,
400,,,,,,,,
400,,,,,,,,
400,,,,,,,,
400,,,,,,,,
400,,,,,,,,
400,,,,,,,,
400,,,,,,,,
400,,,,,,,,
400,,,,,,,,
400,,,,,,,,
400,,,,,,,,
400,,,,,,,,
400,,,,,,,,
400,,,,,,,,
400,,,,,,,,
400,,,,,,,,
400,,,,,,,,
400,,,,,,,,
400,,,,,,,,
400,,,,,,,,
400,,,,,,,,
400,,,,,,,,
400,,,,,,,,
400,,,,,,,,
400,,,,,,,,
400,,,,,,,,
400,,,,,,,,
400,,,,,,,,
400,,,,,,,,
400,,,,,,,,
400,,,,,,,,
400,,,,,,,,
400,,,,,,,,
400,,,,,,,,
400,,,,,,,,
400,,,,,,,,
400,,,,,,,,
400,,,,,,,,
400,,,,,,,,
400,,,,,,,,
400,,,,,,,,
400,,,,,,,,
400,,,,,,,,
400,,,,,,,,
400,,,,,,,,
400,,,,,,,,
400,,,,,,,,
400,,,,,,,,
400,,,,,,,,
400,,,,,,,,
400,,,,,,,,
400,,,,,,,,
400,,,,,,,,
400,,,,,,,,
400,,,,,,,,
400,,,,,,,,
400,,,,,,,,
400,,,,,,,,
400,,,,,,,,
400,,,,,,,,
400,,,,,,,,
400,,,,,,,,
400,,,,,,,,
400,,,,,,,,
400,,,,,,,,
400,,,,,,,,
400,,,,,,,,
400,,,,,,,,
400,,,,,,,,
400,,,,,,,,
400,,,,,,,,
400,,,,,,,,
400,,,,,,,,
400,,,,,,,,
400,,,,,,,,
400,,,,,,,,
400,,,,,,,,
400,,,,,,,,
400,,,,,,,,
400,,,,,,,,
400,,,,,,,,
400,,,,,,,,
400,,,,,,,,
400,,,,,,,,
400,,,,,,,,
400,,,,,,,,
400,,,,,,,,
400,,,,,,,,
400,,,,,,,,
400,,,,,,,,
400,,,,,,,,
400,,,,,,,,
400,,,,,,,,
400,,,,,,,,
400,,,,,,,,
400,,,,,,,,
400,,,,,,,,
400,,,,,,,,
400,,,,,,,,
400,,,,,,,,
400,,,,,,,,
400,,,,,,,,
400,,,,,,,,
400,,,,,,,,
400,,,,,,,,
400,,,,,,,,
400,,,,,,,,
400,,,,,,,,
400,,,,,,,,
400,,,,,,,,
400,,,,,,,,
400,,,,,,,,
400,,,,,,,,
400,,,,,,,,
400,,,,,,,,
400,,,,,,,,
400,,,,,,,,
400,,,,,,,,
400,,,,,,,,
400,,,,,,,,
400,,,,,,,,
400,,,,,,,,
400,,,,,,,,
400,,,,,,,,
400,,,,,,,,
400,,,,,,,,
400,,,,,,,,
400,,,,,,,,
400,,,,,,,,
400,,,,,,,,
400,,,,,,,,
400,,,,,,,,
400,,,,,,,,
400,,,,,,,,
400,,,,,,,,
400,,,,,,,,
400,,,,,,,,
400,,,,,,,,
400,,,,,,,,
400,,,,,,,,
400,,,,,,,,
400,,,,,,,,
400,,,,,,,,
400,,,,,,,,
400,,,,,,,,
400,,,,,,,,
400,,,,,,,,
400,,,,,,,,
400,,,,,,,,
400,,,,,,,,
400,,,,,,,,
400,,,,,,,,
400,,,,,,,,
400,,,,,,,,
400,,,,,,,,
400,,,,,,,,
400,,,,,,,,
400,,,,,,,,
400,,,,,,,,
400,,,,,,,,
400,,,,,,,,
400,,,,,,,,
400,,,,,,,,
400,,,,,,,,
400,,,,,,,,
400,,,,,,,,
400,,,,,,,,
400,,,,,,,,
400,,,,,,,,
400,,,,,,,,
400,,,,,,,,
400,,,,,,,,
400,,,,,,,,
400,,,,,,,,
400,,,,,,,,
400,,,,,,,,
400,,,,,,,,
400,,,,,,,,
400,,,,,,,,
400,,,,,,,,
400,,,,,,,,
400,,,,,,,,
400,,,,,,,,
400,,,,,,,,
400,,,,,,,,
400,,,,,,,,
400,,,,,,,,
400,,,,,,,,
400,,,,,,,,
400,,,,,,,,
400,,,,,,,,
400,,,,,,,,
400,,,,,,,,
400,,,,,,,,
400,,,,,,,,
400,,,,,,,,
400,,,,,,,,
400,,,,,,,,
400,,,,,,,,
400,,,,,,,,
400,,,,,,,,
400,,,,,,,,
400,,,,,,,,
400,,,,,,,,
400,,,,,,,,
400,,,,,,,,
400,,,,,,,,
400,,,,,,,,
400,,,,,,,,
400,,,,,,,,
400,,,,,,,,
400,,,,,,,,
400,,,,,,,,
400,,,,,,,,
400,,,,,,,,
400,,,,,,,,
400,,,,,,,,
400,,,,,,,,
400,,,,,,,,
400,,,,,,,,
400,,,,,,,,
400,,,,,,,,
400,,,,,,,,
400,,,,,,,,
400,,,,,,,,
400,,,,,,,,
400,,,,,,,,
400,,,,,,,,
400,,,,,,,,
400,,,,,,,,
400,,,,,,,,
400,,,,,,,,
400,,,,,,,,
400,,,,,,,,
400,,,,,,,,
400,,,,,,,,
400,,,,,,,,
400,,,,,,,,
400,,,,,,,,
400,,,,,,,,
400,,,,,,,,
400,,,,,,,,
400,,,,,,,,
400,,,,,,,,
400,,,,,,,,
400,,,,,,,,
400,,,,,,,,
400,,,,,,,,
400,,,,,,,,
400,,,,,,,,
400,,,,,,,,
400,,,,,,,,
400,,,,,,,,
400,,,,,,,,
400,,,,,,,,
400,,,,,,,,
400,,,,,,,,
400,,,,,,,,
400,,,,,,,,
400,,,,,,,,
400,,,,,,,,
400,,,,,,,,
400,,,,,,,,
400,,,,,,,,
400,,,,,,,,
400,,,,,,,,
400,,,,,,,,
400,,,,,,,,
400,,,,,,,,
400,,,,,,,,
400,,,,,,,,
400,,,,,,,,
400,,,,,,,,
400,,,,,,,,
400,,,,,,,,
400,,,,,,,,
400,,,,,,,,
400,,,,,,,,
400,,,,,,,,
400,,,,,,,,
400,,,,,,,,
400,,,,,,,,
400,,,,,,,,
400,,,,,,,,
400,,,,,,,,
400,,,,,,,,
400,,,,,,,,
400,,,,,,,,
400,,,,,,,,
400,,,,,,,,
400,,,,,,,,
400,,,,,,,,
400,,,,,,,,
400,,,,,,,,
400,,,,,,,,
400,,,,,,,,
400,,,,,,,,
400,,,,,,,,
400,,,,,,,,
400,,,,,,,,
400,,,,,,,,
400,,,,,,,,
400,,,,,,,,
400,,,,,,,,
400,,,,,,,,
400,,,,,,,,
400,,,,,,,,
400,,,,,,,,
400,,,,,,,,
400,,,,,,,,
400,,,,,,,,
400,,,,,,,,
400,,,,,,,,
400,,,,,,,,
400,,,,,,,,
400,,,,,,,,
400,,,,,,,,
400,,,,,,,,
400,,,,,,,,
400,,,,,,,,
400,,,,,,,,
400,,,,,,,,
400,,,,,,,,
400,,,,,,,,
400,,,,,,,,
400,,,,,,,,
400,,,,,,,,
400,,,,,,,,
400,,,,,,,,
400,,,,,,,,
400,,,,,,,,
400,,,,,,,,
400,,,,,,,,
400,,,,,,,,
400,,,,,,,,
400,,,,,,,,
400,,,,,,,,
400,,,,,,,,
400,,,,,,,,
400,,,,,,,,
400,,,,,,,,
400,,,,,,,,
400,,,,,,,,
400,,,,,,,,
400,,,,,,,,
400,,,,,,,,
400,,,,,,,,
400,,,,,,,,
400,,,,,,,,
400,,,,,,,,
400,,,,,,,,
400,,,,,,,,
400,,,,,,,,
400,,,,,,,,
400,,,,,,,,
400,,,,,,,,
400,,,,,,,,
400,,,,,,,,
400,,,,,,,,
400,,,,,,,,
400,,,,,,,,
400,,,,,,,,
400,,,,,,,,
400,,,,,,,,
400,,,,,,,,
400,,,,,,,,
400,,,,,,,,
400,,,,,,,,
400,,,,,,,,
400,,,,,,,,
400,,,,,,,,
400,,,,,,,,
400,,,,,,,,
400,,,,,,,,
400,,,,,,,,
400,,,,,,,,
400,,,,,,,,
400,,,,,,,,
400,,,,,,,,
400,,,,,,,,
400,,,,,,,,
400,,,,,,,,
400,,,,,,,,
400,,,,,,,,
400,,,,,,,,
400,,,,,,,,
400,,,,,,,,
400,,,,,,,,
400,,,,,,,,
400,,,,,,,,
400,,,,,,,,
400,,,,,,,,
400,,,,,,,,
400,,,,,,,,
400,,,,,,,,
400,,,,,,,,
400,,,,,,,,
400,,,,,,,,
400,,,,,,,,
400,,,,,,,,
400,,,,,,,,
400,,,,,,,,
400,,,,,,,,
400,,,,,,,,
400,,,,,,,,
400,,,,,,,,
400,,,,,,,,
400,,,,,,,,
400,,,,,,,,
400,,,,,,,,
400,,,,,,,,
400,,,,,,,,
400,,,,,,,,
400,,,,,,,,
400,,,,,,,,
400,,,,,,,,
400,,,,,,,,
400,,,,,,,,
400,,,,,,,,
400,,,,,,,,
400,,,,,,,,
400,,,,,,,,
400,,,,,,,,
400,,,,,,,,
400,,,,,,,,
400,,,,,,,,
400,,,,,,,,
400,,,,,,,,
400,,,,,,,,
400,,,,,,,,
400,,,,,,,,
400,,,,,,,,
400,,,,,,,,
400,,,,,,,,
400,,,,,,,,
400,,,,,,,,
400,,,,,,,,
400,,,,,,,,
400,,,,,,,,
400,,,,,,,,
400,,,,,,,,
400,,,,,,,,
400,,,,,,,,
400,,,,,,,,
400,,,,,,,,
400,,,,,,,,
400,,,,,,,,
400,,,,,,,,
400,,,,,,,,
400,,,,,,,,
400,,,,,,,,
400,,,,,,,,
400,,,,,,,,
400,,,,,,,,
400,,,,,,,,
400,,,,,,,,
400,,,,,,,,
400,,,,,,,,
400,,,,,,,,
400,,,,,,,,
400,,,,,,,,
400,,,,,,,,
400,,,,,,,,
400,,,,,,,,
400,,,,,,,,
400,,,,,,,,
400,,,,,,,,
400,,,,,,,,
400,,,,,,,,
400,,,,,,,,
400,,,,,,,,
400,,,,,,,,
400,,,,,,,,
400,,,,,,,,
400,,,,,,,,
400,,,,,,,,
400,,,,,,,,
400,,,,,,,,
400,,,,,,,,
400,,,,,,,,
400,,,,,,,,
400,,,,,,,,
400,,,,,,,,
400,,,,,,,,
400,,,,,,,,
400,,,,,,,,
400,,,,,,,,
400,,,,,,,,
400,,,,,,,,
400,,,,,,,,
400,,,,,,,,
400,,,,,,,,
400,,,,,,,,
400,,,,,,,,
400,,,,,,,,
400,,,,,,,,
400,,,,,,,,
400,,,,,,,,
400,,,,,,,,
400,,,,,,,,
400,,,,,,,,
400,,,,,,,,
400,,,,,,,,
400,,,,,,,,
400,,,,,,,,
400,,,,,,,,
400,,,,,,,,
400,,,,,,,,
400,,,,,,,,
400,,,,,,,,
400,,,,,,,,
400,,,,,,,,
400,,,,,,,,
400,,,,,,,,
400,,,,,,,,
400,,,,,,,,
400,,,,,,,,
400,,,,,,,,
400,,,,,,,,
400,,,,,,,,
400,,,,,,,,
400,,,,,,,,
400,,,,,,,,
400,,,,,,,,
400,,,,,,,,
400,,,,,,,,
400,,,,,,,,
400,,,,,,,,
400,,,,,,,,
400,,,,,,,,
400,,,,,,,,
400,,,,,,,,
400,,,,,,,,
400,,,,,,,,
400,,,,,,,,
400,,,,,,,,
400,,,,,,,,
400,,,,,,,,
400,,,,,,,,
400,,,,,,,,
400,,,,,,,,
400,,,,,,,,
400,,,,,,,,
400,,,,,,,,
400,,,,,,,,
400,,,,,,,,
400,,,,,,,,
400,,,,,,,,
400,,,,,,,,
400,,,,,,,,
400,,,,,,,,
400,,,,,,,,
400,,,,,,,,
400,,,,,,,,
400,,,,,,,,
400,,,,,,,,
400,,,,,,,,
400,,,,,,,,
400,,,,,,,,
400,,,,,,,,
400,,,,,,,,
400,,,,,,,,
400,,,,,,,,
400,,,,,,,,
400,,,,,,,,
400,,,,,,,,
400,,,,,,,,
400,,,,,,,,
400,,,,,,,,
400,,,,,,,,
400,,,,,,,,
400,,,,,,,,
400,,,,,,,,
400,,,,,,,,
400,,,,,,,,
400,,,,,,,,
400,,,,,,,,
400,,,,,,,,
400,,,,,,,,
400,,,,,,,,
400,,,,,,,,
400,,,,,,,,
400,,,,,,,,
400,,,,,,,,
400,,,,,,,,
400,,,,,,,,
400,,,,,,,,
400,,,,,,,,
400,,,,,,,,
400,,,,,,,,
400,,,,,,,,
400,,,,,,,,
400,,,,,,,,
400,,,,,,,,
400,,,,,,,,
400,,,,,,,,
400,,,,,,,,
400,,,,,,,,
400,,,,,,,,
400,,,,,,,,
400,,,,,,,,
400,,,,,,,,
400,,,,,,,,
400,,,,,,,,
400,,,,,,,,
400,,,,,,,,
400,,,,,,,,
400,,,,,,,,
400,,,,,,,,
400,,,,,,,,
400,,,,,,,,
400,,,,,,,,
400,,,,,,,,
400,,,,,,,,
400,,,,,,,,
400,,,,,,,,
400,,,,,,,,
400,,,,,,,,
400,,,,,,,,
400,,,,,,,,
400,,,,,,,,
400,,,,,,,,
400,,,,,,,,
400,,,,,,,,
400,,,,,,,,
400,,,,,,,,
400,,,,,,,,
400,,,,,,,,
400,,,,,,,,
400,,,,,,,,
400,,,,,,,,
400,,,,,,,,
400,,,,,,,,
400,,,,,,,,
400,,,,,,,,
400,,,,,,,,
400,,,,,,,,
400,,,,,,,,
400,,,,,,,,
400,,,,,,,,
400,,,,,,,,
400,,,,,,,,
400,,,,,,,,
400,,,,,,,,
400,,,,,,,,
400,,,,,,,,
400,,,,,,,,
400,,,,,,,,
400,,,,,,,,
400,,,,,,,,
400,,,,,,,,
400,,,,,,,,
400,,,,,,,,
400,,,,,,,,
400,,,,,,,,
400,,,,,,,,
400,,,,,,,,
400,,,,,,,,
400,,,,,,,,
400,,,,,,,,
400,,,,,,,,
400,,,,,,,,
400,,,,,,,,
400,,,,,,,,
400,,,,,,,,
400,,,,,,,,
400,,,,,,,,
400,,,,,,,,
400,,,,,,,,
400,,,,,,,,
400,,,,,,,,
400,,,,,,,,
400,,,,,,,,
400,,,,,,,,
400,,,,,,,,
400,,,,,,,,
400,,,,,,,,
400,,,,,,,,
400,,,,,,,,
400,,,,,,,,
400,,,,,,,,
400,,,,,,,,
400,,,,,,,,
400,,,,,,,,
400,,,,,,,,
400,,,,,,,,
400,,,,,,,,
400,,,,,,,,
400,,,,,,,,
400,,,,,,,,
400,,,,,,,,
400,,,,,,,,
400,,,,,,,,
400,,,,,,,,
400,,,,,,,,
400,,,,,,,,
400,,,,,,,,
400,,,,,,,,
400,,,,,,,,
400,,,,,,,,
400,,,,,,,,
400,,,,,,,,
400,,,,,,,,
400,,,,,,,,
400,,,,,,,,
400,,,,,,,,
400,,,,,,,,
400,,,,,,,,
400,,,,,,,,
400,,,,,,,,
400,,,,,,,,
400,,,,,,,,
400,,,,,,,,
400,,,,,,,,
400,,,,,,,,
400,,,,,,,,
400,,,,,,,,
400,,,,,,,,
400,,,,,,,,
400,,,,,,,,
400,,,,,,,,
400,,,,,,,,
400,,,,,,,,
400,,,,,,,,
400,,,,,,,,
400,,,,,,,,
400,,,,,,,,
400,,,,,,,,
400,,,,,,,,
400,,,,,,,,
400,,,,,,,,
400,,,,,,,,
400,,,,,,,,
400,,,,,,,,
400,,,,,,,,
400,,,,,,,,
400,,,,,,,,
400,,,,,,,,
400,,,,,,,,
400,,,,,,,,
400,,,,,,,,
400,,,,,,,,
400,,,,,,,,
400,,,,,,,,
400,,,,,,,,
400,,,,,,,,
400,,,,,,,,
400,,,,,,,,
400,,,,,,,,
400,,,,,,,,
400,,,,,,,,
400,,,,,,,,
400,,,,,,,,
400,,,,,,,,
400,,,,,,,,
400,,,,,,,,
400,,,,,,,,
400,,,,,,,,
400,,,,,,,,
400,,,,,,,,
400,,,,,,,,
400,,,,,,,,
400,,,,,,,,
400,,,,,,,,
400,,,,,,,,
400,,,,,,,,
400,,,,,,,,
400,,,,,,,,
400,,,,,,,,
400,,,,,,,,
400,,,,,,,,
400,,,,,,,,
400,,,,,,,,
400,,,,,,,,
400,,,,,,,,
400,,,,,,,,
400,,,,,,,,
400,,,,,,,,
400,,,,,,,,
400,,,,,,,,
400,,,,,,,,
400,,,,,,,,
400,,,,,,,,
400,,,,,,,,
400,,,,,,,,
400,,,,,,,,
400,,,,,,,,
400,,,,,,,,
400,,,,,,,,
400,,,,,,,,
400,,,,,,,,
400,,,,,,,,
400,,,,,,,,
400,,,,,,,,
400,,,,,,,,
400,,,,,,,,
400,,,,,,,,
400,,,,,,,,
400,,,,,,,,
400,,,,,,,,
400,,,,,,,,
400,,,,,,,,
400,,,,,,,,
400,,,,,,,,
400,,,,,,,,
400,,,,,,,,
400,,,,,,,,
400,,,,,,,,
400,,,,,,,,
400,,,,,,,,
400,,,,,,,,
400,,,,,,,,
400,,,,,,,,
400,,,,,,,,
400,,,,,,,,
400,,,,,,,,
400,,,,,,,,
400,,,,,,,,
400,,,,,,,,
400,,,,,,,,
400,,,,,,,,
400,,,,,,,,
400,,,,,,,,
400,,,,,,,,
400,,,,,,,,
400,,,,,,,,
400,,,,,,,,
400,,,,,,,,
400,,,,,,,,
400,,,,,,,,
400,,,,,,,,
400,,,,,,,,
400,,,,,,,,
400,,,,,,,,
400,,,,,,,,
400,,,,,,,,
400,,,,,,,,
400,,,,,,,,
400,,,,,,,,
400,,,,,,,,
400,,,,,,,,
400,,,,,,,,
400,,,,,,,,
400,,,,,,,,
400,,,,,,,,
400,,,,,,,,
400,,,,,,,,
400,,,,,,,,
400,,,,,,,,
400,,,,,,,,
400,,,,,,,,
400,,,,,,,,
400,,,,,,,,
400,,,,,,,,
400,,,,,,,,
400,,,,,,,,
400,,,,,,,,
400,,,,,,,,
400,,,,,,,,
400,,,,,,,,
400,,,,,,,,
400,,,,,,,,
400,,,,,,,,
400,,,,,,,,
400,,,,,,,,
400,,,,,,,,
400,,,,,,,,
400,,,,,,,,
400,,,,,,,,
400,,,,,,,,
400,,,,,,,,
400,,,,,,,,
400,,,,,,,,
400,,,,,,,,
400,,,,,,,,
400,,,,,,,,
400,,,,,,,,
400,,,,,,,,
400,,,,,,,,
400,,,,,,,,
400,,,,,,,,
400,,,,,,,,
400,,,,,,,,
400,,,,,,,,
400,,,,,,,,
400,,,,,,,,
400,,,,,,,,
400,,,,,,,,
400,,,,,,,,
400,,,,,,,,
400,,,,,,,,
400,,,,,,,,
400,,,,,,,,
400,,,,,,,,
400,,,,,,,,
400,,,,,,,,
400,,,,,,,,
400,,,,,,,,
400,,,,,,,,
400,,,,,,,,
400,,,,,,,,
400,,,,,,,,
400,,,,,,,,
400,,,,,,,,
400,,,,,,,,
400,,,,,,,,
400,,,,,,,,
400,,,,,,,,
400,,,,,,,,
400,,,,,,,,
400,,,,,,,,
400,,,,,,,,
400,,,,,,,,
400,,,,,,,,
400,,,,,,,,
400,,,,,,,,
400,,,,,,,,
400,,,,,,,,
400,,,,,,,,
400,,,,,,,,
400,,,,,,,,
400,,,,,,,,
400,,,,,,,,
400,,,,,,,,
400,,,,,,,,
400,,,,,,,,
400,,,,,,,,
400,,,,,,,,
400,,,,,,,,
400,,,,,,,,
400,,,,,,,,
400,,,,,,,,
400,,,,,,,,
400,,,,,,,,
400,,,,,,,,
400,,,,,,,,
400,,,,,,,,
400,,,,,,,,
400,,,,,,,,
400,,,,,,,,
400,,,,,,,,
400,,,,,,,,
400,,,,,,,,
400,,,,,,,,
400,,,,,,,,
400,,,,,,,,
400,,,,,,,,
400,,,,,,,,
400,,,,,,,,
400,,,,,,,,
400,,,,,,,,
400,,,,,,,,
400,,,,,,,,
400,,,,,,,,
400,,,,,,,,
400,,,,,,,,
400,,,,,,,,
400,,,,,,,,
400,,,,,,,,
400,,,,,,,,
400,,,,,,,,
400,,,,,,,,
400,,,,,,,,
400,,,,,,,,
400,,,,,,,,
400,,,,,,,,
400,,,,,,,,
400,,,,,,,,
400,,,,,,,,
400,,,,,,,,
400,,,,,,,,
400,,,,,,,,
400,,,,,,,,
400,,,,,,,,
400,,,,,,,,
400,,,,,,,,
400,,,,,,,,
400,,,,,,,,
400,,,,,,,,
400,,,,,,,,
400,,,,,,,,
400,,,,,,,,
400,,,,,,,,
400,,,,,,,,
400,,,,,,,,
400,,,,,,,,
400,,,,,,,,
400,,,,,,,,
400,,,,,,,,
400,,,,,,,,
400,,,,,,,,
400,,,,,,,,
400,,,,,,,,
400,,,,,,,,
400,,,,,,,,
400,,,,,,,,
400,,,,,,,,
400,,,,,,,,
400,,,,,,,,
400,,,,,,,,
400,,,,,,,,
400,,,,,,,,
400,,,,,,,,
400,,,,,,,,
400,,,,,,,,
400,,,,,,,,
400,,,,,,,,
400,,,,,,,,
400,,,,,,,,
400,,,,,,,,
400,,,,,,,,
400,,,,,,,,
400,,,,,,,,
400,,,,,,,,
400,,,,,,,,
400,,,,,,,,
400,,,,,,,,
400,,,,,,,,
400,,,,,,,,
400,,,,,,,,
400,,,,,,,,
400,,,,,,,,
400,,,,,,,,
400,,,,,,,,
400,,,,,,,,
400,,,,,,,,
400,,,,,,,,
400,,,,,,,,
400,,,,,,,,
400,,,,,,,,
400,,,,,,,,
400,,,,,,,,
400,,,,,,,,
400,,,,,,,,
400,,,,,,,,
400,,,,,,,,
400,,,,,,,,
400,,,,,,,,
400,,,,,,,,
400,,,,,,,,
400,,,,,,,,
400,,,,,,,,
400,,,,,,,,
400,,,,,,,,
400,,,,,,,,
400,,,,,,,,
400,,,,,,,,
400,,,,,,,,
400,,,,,,,,
400,,,,,,,,
400,,,,,,,,
400,,,,,,,,
400,,,,,,,,
400,,,,,,,,
400,,,,,,,,
400,,,,,,,,
400,,,,,,,,
400,,,,,,,,
400,,,,,,,,
400,,,,,,,,
400,,,,,,,,
400,,,,,,,,
400,,,,,,,,
400,,,,,,,,
400,,,,,,,,
400,,,,,,,,
400,,,,,,,,
400,,,,,,,,
400,,,,,,,,
400,,,,,,,,
400,,,,,,,,
400,,,,,,,,
400,,,,,,,,
400,,,,,,,,
400,,,,,,,,
400,,,,,,,,
400,,,,,,,,
400,,,,,,,,
400,,,,,,,,
400,,,,,,,,
400,,,,,,,,
400,,,,,,,,
400,,,,,,,,
400,,,,,,,,
400,,,,,,,,
400,,,,,,,,
400,,,,,,,,
400,,,,,,,,
400,,,,,,,,
400,,,,,,,,
400,,,,,,,,
400,,,,,,,,
400,,,,,,,,
400,,,,,,,,
400,,,,,,,,
400,,,,,,,,
400,,,,,,,,
400,,,,,,,,
400,,,,,,,,
400,,,,,,,,
400,,,,,,,,
400,,,,,,,,
400,,,,,,,,
400,,,,,,,,
400,,,,,,,,
400,,,,,,,,
400,,,,,,,,
400,,,,,,,,
400,,,,,,,,
400,,,,,,,,
400,,,,,,,,
400,,,,,,,,
400,,,,,,,,
400,,,,,,,,
400,,,,,,,,
400,,,,,,,,
400,,,,,,,,
400,,,,,,,,
400,,,,,,,,
400,,,,,,,,
400,,,,,,,,
400,,,,,,,,
400,,,,,,,,
400,,,,,,,,
400,,,,,,,,
400,,,,,,,,
400,,,,,,,,
400,,,,,,,,
400,,,,,,,,
400,,,,,,,,
400,,,,,,,,
400,,,,,,,,
400,,,,,,,,
400,,,,,,,,
400,,,,,,,,
400,,,,,,,,
400,,,,,,,,
400,,,,,,,,
400,,,,,,,,
400,,,,,,,,
400,,,,,,,,
400,,,,,,,,
400,,,,,,,,
400,,,,,,,,
400,,,,,,,,
400,,,,,,,,
400,,,,,,,,
400,,,,,,,,
400,,,,,,,,
400,,,,,,,,
400,,,,,,,,
400,,,,,,,,
400,,,,,,,,
400,,,,,,,,
400,,,,,,,,
400,,,,,,,,
400,,,,,,,,
400,,,,,,,,
400,,,,,,,,
400,,,,,,,,
400,,,,,,,,
400,,,,,,,,
400,,,,,,,,
400,,,,,,,,
400,,,,,,,,
400,,,,,,,,
400,,,,,,,,
400,,,,,,,,
400,,,,,,,,
400,,,,,,,,
400,,,,,,,,
400,,,,,,,,
400,,,,,,,,
400,,,,,,,,
400,,,,,,,,
400,,,,,,,,
400,,,,,,,,
400,,,,,,,,
400,,,,,,,,
400,,,,,,,,
400,,,,,,,,
400,,,,,,,,
400,,,,,,,,
400,,,,,,,,
400,,,,,,,,
400,,,,,,,,
400,,,,,,,,
400,,,,,,,,
400,,,,,,,,
400,,,,,,,,
400,,,,,,,,
400,,,,,,,,
400,,,,,,,,
400,,,,,,,,
400,,,,,,,,
400,,,,,,,,
400,,,,,,,,
400,,,,,,,,
400,,,,,,,,
400,,,,,,,,
400,,,,,,,,
400,,,,,,,,
400,,,,,,,,
400,,,,,,,,
400,,,,,,,,
400,,,,,,,,
400,,,,,,,,
400,,,,,,,,
400,,,,,,,,
400,,,,,,,,
400,,,,,,,,
400,,,,,,,,
400,,,,,,,,
400,,,,,,,,
400,,,,,,,,
400,,,,,,,,
400,,,,,,,,
400,,,,,,,,
400,,,,,,,,
400,,,,,,,,
400,,,,,,,,
400,,,,,,,,
400,,,,,,,,
400,,,,,,,,
400,,,,,,,,
400,,,,,,,,
400,,,,,,,,
400,,,,,,,,
400,,,,,,,,
400,,,,,,,,
400,,,,,,,,
400,,,,,,,,
400,,,,,,,,
400,,,,,,,,
400,,,,,,,,
400,,,,,,,,
400,,,,,,,,
400,,,,,,,,
400,,,,,,,,
400,,,,,,,,
400,,,,,,,,
400,,,,,,,,
400,,,,,,,,
400,,,,,,,,
400,,,,,,,,
400,,,,,,,,
400,,,,,,,,
400,,,,,,,,
400,,,,,,,,
400,,,,,,,,
400,,,,,,,,
400,,,,,,,,
400,,,,,,,,
400,,,,,,,,
400,,,,,,,,
400,,,,,,,,
400,,,,,,,,
400,,,,,,,,
400,,,,,,,,
400,,,,,,,,
400,,,,,,,,
400,,,,,,,,
400,,,,,,,,
400,,,,,,,,
400,,,,,,,,
400,,,,,,,,
400,,,,,,,,
400,,,,,,,,
400,,,,,,,,
400,,,,,,,,
400,,,,,,,,
400,,,,,,,,
400,,,,,,,,
400,,,,,,,,
400,,,,,,,,
400,,,,,,,,
400,,,,,,,,
400,,,,,,,,
400,,,,,,,,
400,,,,,,,,
400,,,,,,,,
400,,,,,,,,
400,,,,,,,,
400,,,,,,,,
400,,,,,,,,
400,,,,,,,,
400,,,,,,,,
400,,,,,,,,
400,,,,,,,,
400,,,,,,,,
400,,,,,,,,
400,,,,,,,,
400,,,,,,,,
400,,,,,,,,
400,,,,,,,,
400,,,,,,,,
400,,,,,,,,
400,,,,,,,,
400,,,,,,,,
400,,,,,,,,
400,,,,,,,,
400,,,,,,,,
400,,,,,,,,
400,,,,,,,,
400,,,,,,,,
400,,,,,,,,
400,,,,,,,,
400,,,,,,,,
400,,,,,,,,
400,,,,,,,,
400,,,,,,,,
400,,,,,,,,
400,,,,,,,,
400,,,,,,,,
400,,,,,,,,
400,,,,,,,,
400,,,,,,,,
400,,,,,,,,
400,,,,,,,,
400,,,,,,,,
400,,,,,,,,
400,,,,,,,,
400,,,,,,,,
400,,,,,,,,
400,,,,,,,,
400,,,,,,,,
400,,,,,,,,
400,,,,,,,,
400,,,,,,,,
400,,,,,,,,
400,,,,,,,,
400,,,,,,,,
400,,,,,,,,
400,,,,,,,,
400,,,,,,,,
400,,,,,,,,
400,,,,,,,,
400,,,,,,,,
400,,,,,,,,
400,,,,,,,,
400,,,,,,,,
400,,,,,,,,
400,,,,,,,,
400,,,,,,,,
400,,,,,,,,
400,,,,,,,,
400,,,,,,,,
400,,,,,,,,
400,,,,,,,,
400,,,,,,,,
400,,,,,,,,
400,,,,,,,,
400,,,,,,,,
400,,,,,,,,
400,,,,,,,,
400,,,,,,,,
400,,,,,,,,
400,,,,,,,,
400,,,,,,,,
400,,,,,,,,
400,,,,,,,,
400,,,,,,,,
400,,,,,,,,
400,,,,,,,,
400,,,,,,,,
400,,,,,,,,
400,,,,,,,,
400,,,,,,,,
400,,,,,,,,
400,,,,,,,,
400,,,,,,,,
400,,,,,,,,
400,,,,,,,,
400,,,,,,,,
400,,,,,,,,
400,,,,,,,,
400,,,,,,,,
400,,,,,,,,
400,,,,,,,,
400,,,,,,,,
400,,,,,,,,
400,,,,,,,,
400,,,,,,,,
400,,,,,,,,
400,,,,,,,,
400,,,,,,,,
400,,,,,,,,
400,,,,,,,,
400,,,,,,,,
400,,,,,,,,
400,,,,,,,,
400,,,,,,,,
400,,,,,,,,
400,,,,,,,,
400,,,,,,,,
400,,,,,,,,
400,,,,,,,,
400,,,,,,,,
400,,,,,,,,
400,,,,,,,,
400,,,,,,,,
400,,,,,,,,
400,,,,,,,,
400,,,,,,,,
400,,,,,,,,
400,,,,,,,,
400,,,,,,,,
400,,,,,,,,
400,,,,,,,,
400,,,,,,,,
400,,,,,,,,
400,,,,,,,,
400,,,,,,,,
400,,,,,,,,
400,,,,,,,,
400,,,,,,,,
400,,,,,,,,
400,,,,,,,,
400,,,,,,,,
400,,,,,,,,
400,,,,,,,,
400,,,,,,,,
400,,,,,,,,
400,,,,,,,,
400,,,,,,,,
400,,,,,,,,
400,,,,,,,,
400,,,,,,,,
400,,,,,,,,
400,,,,,,,,
400,,,,,,,,
400,,,,,,,,
400,,,,,,,,
400,,,,,,,,
400,,,,,,,,
400,,,,,,,,
400,,,,,,,,
400,,,,,,,,
400,,,,,,,,
400,,,,,,,,
400,,,,,,,,
400,,,,,,,,
400,,,,,,,,
400,,,,,,,,
400,,,,,,,,
400,,,,,,,,
400,,,,,,,,
400,,,,,,,,
400,,,,,,,,
400,,,,,,,,
400,,,,,,,,
400,,,,,,,,
400,,,,,,,,
400,,,,,,,,
400,,,,,,,,
400,,,,,,,,
400,,,,,,,,
400,,,,,,,,
400,,,,,,,,
400,,,,,,,,
400,,,,,,,,
400,,,,,,,,
400,,,,,,,,
400,,,,,,,,
400,,,,,,,,
400,,,,,,,,
400,,,,,,,,
400,,,,,,,,
400,,,,,,,,
400,,,,,,,,
400,,,,,,,,
400,,,,,,,,
400,,,,,,,,
400,,,,,,,,
400,,,,,,,,
400,,,,,,,,
400,,,,,,,,
400,,,,,,,,
400,,,,,,,,
400,,,,,,,,
400,,,,,,,,
400,,,,,,,,
400,,,,,,,,
400,,,,,,,,
400,,,,,,,,
400,,,,,,,,
400,,,,,,,,
400,,,,,,,,
400,,,,,,,,
400,,,,,,,,
400,,,,,,,,
400,,,,,,,,
400,,,,,,,,
400,,,,,,,,
400,,,,,,,,
400,,,,,,,,
400,,,,,,,,
400,,,,,,,,
400,,,,,,,,
400,,,,,,,,
400,,,,,,,,
400,,,,,,,,
400,,,,,,,,
400,,,,,,,,
400,,,,,,,,
400,,,,,,,,
400,,,,,,,,
400,,,,,,,,
400,,,,,,,,
400,,,,,,,,
400,,,,,,,,
400,,,,,,,,
400,,,,,,,,
400,,,,,,,,
400,,,,,,,,
400,,,,,,,,
400,,,,,,,,
400,,,,,,,,
400,,,,,,,,
400,,,,,,,,
400,,,,,,,,
400,,,,,,,,
400,,,,,,,,
400,,,,,,,,
400,,,,,,,,
400,,,,,,,,
400,,,,,,,,
400,,,,,,,,
400,,,,,,,,
400,,,,,,,,
400,,,,,,,,
400,,,,,,,,
400,,,,,,,,
400,,,,,,,,
400,,,,,,,,
400,,,,,,,,
400,,,,,,,,
400,,,,,,,,
400,,,,,,,,
400,,,,,,,,
400,,,,,,,,
400,,,,,,,,
400,,,,,,,,
400,,,,,,,,
400,,,,,,,,
400,,,,,,,,
400,,,,,,,,
400,,,,,,,,
400,,,,,,,,
400,,,,,,,,
400,,,,,,,,
400,,,,,,,,
400,,,,,,,,
400,,,,,,,,
400,,,,,,,,
400,,,,,,,,
400,,,,,,,,
400,,,,,,,,
400,,,,,,,,
400,,,,,,,,
400,,,,,,,,
400,,,,,,,,
400,,,,,,,,
400,,,,,,,,
400,,,,,,,,
400,,,,,,,,
400,,,,,,,,
400,,,,,,,,
400,,,,,,,,
400,,,,,,,,
400,,,,,,,,
400,,,,,,,,
400,,,,,,,,
400,,,,,,,,
400,,,,,,,,
400,,,,,,,,
400,,,,,,,,
400,,,,,,,,
400,,,,,,,,
400,,,,,,,,
400,,,,,,,,
400,,,,,,,,
400,,,,,,,,
400,,,,,,,,
400,,,,,,,,
400,,,,,,,,
400,,,,,,,,
400,,,,,,,,
400,,,,,,,,
400,,,,,,,,
400,,,,,,,,
400,,,,,,,,
400,,,,,,,,
400,,,,,,,,
400,,,,,,,,
400,,,,,,,,
400,,,,,,,,
400,,,,,,,,
400,,,,,,,,
400,,,,,,,,
400,,,,,,,,
400,,,,,,,,
400,,,,,,,,
400,,,,,,,,
400,,,,,,,,
400,,,,,,,,
400,,,,,,,,
400,,,,,,,,
400,,,,,,,,
400,,,,,,,,
400,,,,,,,,
400,,,,,,,,
400,,,,,,,,
400,,,,,,,,
400,,,,,,,,
400,,,,,,,,
400,,,,,,,,
400,,,,,,,,
400,,,,,,,,
400,,,,,,,,
400,,,,,,,,
400,,,,,,,,
400,,,,,,,,
400,,,,,,,,
400,,,,,,,,
400,,,,,,,,
400,,,,,,,,
400,,,,,,,,
400,,,,,,,,
400,,,,,,,,
400,,,,,,,,
400,,,,,,,,
400,,,,,,,,
400,,,,,,,,
400,,,,,,,,
400,,,,,,,,
400,,,,,,,,
400,,,,,,,,
400,,,,,,,,
400,,,,,,,,
400,,,,,,,,
400,,,,,,,,
400,,,,,,,,
400,,,,,,,,
400,,,,,,,,
400,,,,,,,,
400,,,,,,,,
400,,,,,,,,
400,,,,,,,,
400,,,,,,,,
400,,,,,,,,
400,,,,,,,,
400,,,,,,,,
400,,,,,,,,
400,,,,,,,,
400,,,,,,,,
400,,,,,,,,
400,,,,,,,,
400,,,,,,,,
400,,,,,,,,
400,,,,,,,,
400,,,,,,,,
400,,,,,,,,
400,,,,,,,,
400,,,,,,,,
400,,,,,,,,
400,,,,,,,,
400,,,,,,,,
400,,,,,,,,
400,,,,,,,,
400,,,,,,,,
400,,,,,,,,
400,,,,,,,,
400,,,,,,,,
400,,,,,,,,
400,,,,,,,,
400,,,,,,,,
400,,,,,,,,
400,,,,,,,,
400,,,,,,,,
400,,,,,,,,
400,,,,,,,,
400,,,,,,,,
400,,,,,,,,
400,,,,,,,,
400,,,,,,,,
400,,,,,,,,
400,,,,,,,,
400,,,,,,,,
400,,,,,,,,
400,,,,,,,,
400,,,,,,,,
400,,,,,,,,
400,,,,,,,,
400,,,,,,,,
400,,,,,,,,
400,,,,,,,,
400,,,,,,,,
400,,,,,,,,
400,,,,,,,,
400,,,,,,,,
400,,,,,,,,
400,,,,,,,,
400,,,,,,,,
400,,,,,,,,
400,,,,,,,,
400,,,,,,,,
400,,,,,,,,
400,,,,,,,,
400,,,,,,,,
400,,,,,,,,
400,,,,,,,,
400,,,,,,,,
400,,,,,,,,
400,,,,,,,,
400,,,,,,,,
400,,,,,,,,
400,,,,,,,,
400,,,,,,,,
400,,,,,,,,
400,,,,,,,,
400,,,,,,,,
400,,,,,,,,
400,,,,,,,,
400,,,,,,,,
400,,,,,,,,
400,,,,,,,,
400,,,,,,,,
400,,,,,,,,
400,,,,,,,,
400,,,,,,,,
400,,,,,,,,
400,,,,,,,,
400,,,,,,,,
400,,,,,,,,
400,,,,,,,,
400,,,,,,,,
400,,,,,,,,
400,,,,,,,,
400,,,,,,,,
400,,,,,,,,
400,,,,,,,,
400,,,,,,,,
400,,,,,,,,
400,,,,,,,,
400,,,,,,,,
400,,,,,,,,
400,,,,,,,,
400,,,,,,,,
400,,,,,,,,
400,,,,,,,,
400,,,,,,,,
400,,,,,,,,
400,,,,,,,,
400,,,,,,,,
400,,,,,,,,
400,,,,,,,,
400,,,,,,,,
400,,,,,,,,
400,,,,,,,,
400,,,,,,,,
400,,,,,,,,
400,,,,,,,,
400,,,,,,,,
400,,,,,,,,
400,,,,,,,,
400,,,,,,,,
400,,,,,,,,
400,,,,,,,,
400,,,,,,,,
400,,,,,,,,
400,,,,,,,,
400,,,,,,,,
400,,,,,,,,
400,,,,,,,,
400,,,,,,,,
400,,,,,,,,
400,,,,,,,,
400,,,,,,,,
400,,,,,,,,
400,,,,,,,,
400,,,,,,,,
400,,,,,,,,
400,,,,,,,,
400,,,,,,,,
400,,,,,,,,
400,,,,,,,,
400,,,,,,,,
400,,,,,,,,
400,,,,,,,,
400,,,,,,,,
400,,,,,,,,
400,,,,,,,,
400,,,,,,,,
400,,,,,,,,
400,,,,,,,,
400,,,,,,,,
400,,,,,,,,
400,,,,,,,,
400,,,,,,,,
400,,,,,,,,
400,,,,,,,,
400,,,,,,,,
400,,,,,,,,
400,,,,,,,,
400,,,,,,,,
400,,,,,,,,
400,,,,,,,,
400,,,,,,,,
400,,,,,,,,
400,,,,,,,,
400,,,,,,,,
400,,,,,,,,
400,,,,,,,,
400,,,,,,,,
400,,,,,,,,
400,,,,,,,,
400,,,,,,,,
400,,,,,,,,
400,,,,,,,,
400,,,,,,,,
400,,,,,,,,
400,,,,,,,,
400,,,,,,,,
400,,,,,,,,
400,,,,,,,,
400,,,,,,,,
400,,,,,,,,
400,,,,,,,,
400,,,,,,,,
400,,,,,,,,
400,,,,,,,,
400,,,,,,,,
400,,,,,,,,
400,,,,,,,,
400,,,,,,,,
400,,,,,,,,
400,,,,,,,,
400,,,,,,,,
400,,,,,,,,
400,,,,,,,,
400,,,,,,,,
400,,,,,,,,
400,,,,,,,,
400,,,,,,,,
400,,,,,,,,
400,,,,,,,,
400,,,,,,,,
400,,,,,,,,
400,,,,,,,,
400,,,,,,,,
400,,,,,,,,
400,,,,,,,,
400,,,,,,,,
400,,,,,,,,
400,,,,,,,,
400,,,,,,,,
400,,,,,,,,
400,,,,,,,,
400,,,,,,,,
400,,,,,,,,
400,,,,,,,,
400,,,,,,,,
400,,,,,,,,
400,,,,,,,,
400,,,,,,,,
400,,,,,,,,
400,,,,,,,,
400,,,,,,,,
400,,,,,,,,
400,,,,,,,,
400,,,,,,,,
400,,,,,,,,
400,,,,,,,,
400,,,,,,,,
400,,,,,,,,
400,,,,,,,,
400,,,,,,,,
400,,,,,,,,
400,,,,,,,,
400,,,,,,,,
400,,,,,,,,
400,,,,,,,,
400,,,,,,,,
400,,,,,,,,
400,,,,,,,,
400,,,,,,,,
400,,,,,,,,
400,,,,,,,,
400,,,,,,,,
400,,,,,,,,
400,,,,,,,,
400,,,,,,,,
400,,,,,,,,
400,,,,,,,,
400,,,,,,,,
400,,,,,,,,
400,,,,,,,,
400,,,,,,,,
400,,,,,,,,
400,,,,,,,,
400,,,,,,,,
400,,,,,,,,
400,,,,,,,,
400,,,,,,,,
400,,,,,,,,
400,,,,,,,,
400,,,,,,,,
400,,,,,,,,
400,,,,,,,,
400,,,,,,,,
400,,,,,,,,
400,,,,,,,,
400,,,,,,,,
400,,,,,,,,
400,,,,,,,,
400,,,,,,,,
400,,,,,,,,
400,,,,,,,,
400,,,,,,,,
400,,,,,,,,
400,,,,,,,,
400,,,,,,,,
400,,,,,,,,
400,,,,,,,,
400,,,,,,,,
400,,,,,,,,
400,,,,,,,,
400,,,,,,,,
400,,,,,,,,
400,,,,,,,,
400,,,,,,,,
400,,,,,,,,
400,,,,,,,,
400,,,,,,,,
400,,,,,,,,
400,,,,,,,,
400,,,,,,,,
400,,,,,,,,
400,,,,,,,,
400,,,,,,,,
400,,,,,,,,
400,,,,,,,,
400,,,,,,,,
400,,,,,,,,
400,,,,,,,,
400,,,,,,,,
400,,,,,,,,
400,,,,,,,,
400,,,,,,,,
400,,,,,,,,
400,,,,,,,,
400,,,,,,,,
400,,,,,,,,
400,,,,,,,,
400,,,,,,,,
400,,,,,,,,
400,,,,,,,,
400,,,,,,,,
400,,,,,,,,
400,,,,,,,,
400,,,,,,,,
400,,,,,,,,
400,,,,,,,,
400,,,,,,,,
400,,,,,,,,
400,,,,,,,,
400,,,,,,,,
400,,,,,,,,
400,,,,,,,,
400,,,,,,,,
400,,,,,,,,
400,,,,,,,,
400,,,,,,,,
400,,,,,,,,
400,,,,,,,,
400,,,,,,,,
400,,,,,,,,
400,,,,,,,,
400,,,,,,,,
400,,,,,,,,
400,,,,,,,,
400,,,,,,,,
400,,,,,,,,
400,,,,,,,,
400,,,,,,,,
400,,,,,,,,
400,,,,,,,,
400,,,,,,,,
400,,,,,,,,
400,,,,,,,,
400,,,,,,,,
400,,,,,,,,
400,,,,,,,,
400,,,,,,,,
400,,,,,,,,
400,,,,,,,,
400,,,,,,,,
400,,,,,,,,
400,,,,,,,,
400,,,,,,,,
400,,,,,,,,
400,,,,,,,,
400,,,,,,,,
400,,,,,,,,
400,,,,,,,,
400,,,,,,,,
400,,,,,,,,
400,,,,,,,,
400,,,,,,,,
400,,,,,,,,
400,,,,,,,,
400,,,,,,,,
400,,,,,,,,
400,,,,,,,,
400,,,,,,,,
400,,,,,,,,
400,,,,,,,,
400,,,,,,,,
400,,,,,,,,
400,,,,,,,,
400,,,,,,,,
400,,,,,,,,
400,,,,,,,,
400,,,,,,,,
400,,,,,,,,
400,,,,,,,,
400,,,,,,,,
400,,,,,,,,
400,,,,,,,,
400,,,,,,,,
400,,,,,,,,
400,,,,,,,,
400,,,,,,,,
400,,,,,,,,
400,,,,,,,,
400,,,,,,,,
400,,,,,,,,
400,,,,,,,,
400,,,,,,,,
400,,,,,,,,
400,,,,,,,,
400,,,,,,,,
400,,,,,,,,
400,,,,,,,,
400,,,,,,,,
400,,,,,,,,
400,,,,,,,,
400,,,,,,,,
400,,,,,,,,
400,,,,,,,,
400,,,,,,,,
400,,,,,,,,
400,,,,,,,,
400,,,,,,,,
400,,,,,,,,
400,,,,,,,,
400,,,,,,,,
400,,,,,,,,
400,,,,,,,,
400,,,,,,,,
400,,,,,,,,
400,,,,,,,,
400,,,,,,,,
400,,,,,,,,
400,,,,,,,,
400,,,,,,,,
400,,,,,,,,
400,,,,,,,,
400,,,,,,,,
400,,,,,,,,
400,,,,,,,,
400,,,,,,,,
400,,,,,,,,
400,,,,,,,,
400,,,,,,,,
400,,,,,,,,
400,,,,,,,,
400,,,,,,,,
400,,,,,,,,
400,,,,,,,,
400,,,,,,,,
400,,,,,,,,
400,,,,,,,,
400,,,,,,,,
400,,,,,,,,
400,,,,,,,,
400,,,,,,,,
400,,,,,,,,
400,,,,,,,,
400,,,,,,,,
400,,,,,,,,
400,,,,,,,,
400,,,,,,,,
400,,,,,,,,
400,,,,,,,,
400,,,,,,,,
400,,,,,,,,
400,,,,,,,,
400,,,,,,,,
400,,,,,,,,
400,,,,,,,,
400,,,,,,,,
400,,,,,,,,
400,,,,,,,,
400,,,,,,,,
400,,,,,,,,
400,,,,,,,,
400,,,,,,,,
400,,,,,,,,
400,,,,,,,,
400,,,,,,,,
400,,,,,,,,
400,,,,,,,,
400,,,,,,,,
400,,,,,,,,
400,,,,,,,,
400,,,,,,,,
400,,,,,,,,
400,,,,,,,,
400,,,,,,,,
400,,,,,,,,
400,,,,,,,,
400,,,,,,,,
400,,,,,,,,
400,,,,,,,,
400,,,,,,,,
400,,,,,,,,
400,,,,,,,,
400,,,,,,,,
400,,,,,,,,
400,,,,,,,,
400,,,,,,,,
400,,,,,,,,
400,,,,,,,,
400,,,,,,,,
400,,,,,,,,
400,,,,,,,,
400,,,,,,,,
400,,,,,,,,
400,,,,,,,,
400,,,,,,,,
400,,,,,,,,
400,,,,,,,,
400,,,,,,,,
400,,,,,,,,
400,,,,,,,,
400,,,,,,,,
400,,,,,,,,
400,,,,,,,,
400,,,,,,,,
400,,,,,,,,
400,,,,,,,,
400,,,,,,,,
400,,,,,,,,
400,,,,,,,,
400,,,,,,,,
400,,,,,,,,
400,,,,,,,,
400,,,,,,,,
400,,,,,,,,
400,,,,,,,,
400,,,,,,,,
400,,,,,,,,
400,,,,,,,,
400,,,,,,,,
400,,,,,,,,
400,,,,,,,,
400,,,,,,,,
400,,,,,,,,
400,,,,,,,,
400,,,,,,,,
400,,,,,,,,
400,,,,,,,,
400,,,,,,,,
400,,,,,,,,
400,,,,,,,,
400,,,,,,,,
400,,,,,,,,
400,,,,,,,,
400,,,,,,,,
400,,,,,,,,
400,,,,,,,,
400,,,,,,,,
400,,,,,,,,
400,,,,,,,,
400,,,,,,,,
400,,,,,,,,
400,,,,,,,,
400,,,,,,,,
400,,,,,,,,
400,,,,,,,,
400,,,,,,,,
400,,,,,,,,
400,,,,,,,,
400,,,,,,,,
400,,,,,,,,
400,,,,,,,,
400,,,,,,,,
400,,,,,,,,
400,,,,,,,,
400,,,,,,,,
400,,,,,,,,
400,,,,,,,,
400,,,,,,,,
400,,,,,,,,
400,,,,,,,,
400,,,,,,,,
400,,,,,,,,
400,,,,,,,,
400,,,,,,,,
400,,,,,,,,
400,,,,,,,,
400,,,,,,,,
400,,,,,,,,
400,,,,,,,,
400,,,,,,,,
400,,,,,,,,
400,,,,,,,,
400,,,,,,,,
400,,,,,,,,
400,,,,,,,,
400,,,,,,,,
400,,,,,,,,
400,,,,,,,,
400,,,,,,,,
400,,,,,,,,
400,,,,,,,,
400,,,,,,,,
400,,,,,,,,
400,,,,,,,,
400,,,,,,,,
400,,,,,,,,
400,,,,,,,,
400,,,,,,,,
400,,,,,,,,
400,,,,,,,,
400,,,,,,,,
400,,,,,,,,
400,,,,,,,,
400,,,,,,,,
400,,,,,,,,
400,,,,,,,,
400,,,,,,,,
400,,,,,,,,
400,,,,,,,,
400,,,,,,,,
400,,,,,,,,
400,,,,,,,,
400,,,,,,,,
400,,,,,,,,
400,,,,,,,,
400,,,,,,,,
400,,,,,,,,
400,,,,,,,,
400,,,,,,,,
400,,,,,,,,
400,,,,,,,,
400,,,,,,,,
400,,,,,,,,
400,,,,,,,,
400,,,,,,,,
400,,,,,,,,
400,,,,,,,,
400,,,,,,,,
400,,,,,,,,
400,,,,,,,,
400,,,,,,,,
400,,,,,,,,
400,,,,,,,,
400,,,,,,,,
400,,,,,,,,
400,,,,,,,,
400,,,,,,,,
400,,,,,,,,
400,,,,,,,,
400,,,,,,,,
400,,,,,,,,
400,,,,,,,,
400,,,,,,,,
400,,,,,,,,
400,,,,,,,,
400,,,,,,,,
400,,,,,,,,
400,,,,,,,,
400,,,,,,,,
400,,,,,,,,
400,,,,,,,,
400,,,,,,,,
400,,,,,,,,
400,,,,,,,,
400,,,,,,,,
400,,,,,,,,
400,,,,,,,,
400,,,,,,,,
400,,,,,,,,
400,,,,,,,,
400,,,,,,,,
400,,,,,,,,
400,,,,,,,,
400,,,,,,,,
400,,,,,,,,
400,,,,,,,,
400,,,,,,,,
400,,,,,,,,
400,,,,,,,,
400,,,,,,,,
400,,,,,,,,
400,,,,,,,,
400,,,,,,,,
400,,,,,,,,
400,,,,,,,,
400,,,,,,,,
400,,,,,,,,
400,,,,,,,,
400,,,,,,,,
400,,,,,,,,
400,,,,,,,,
400,,,,,,,,
400,,,,,,,,
400,,,,,,,,
400,,,,,,,,
400,,,,,,,,
400,,,,,,,,
400,,,,,,,,
400,,,,,,,,
400,,,,,,,,
400,,,,,,,,
400,,,,,,,,
400,,,,,,,,
400,,,,,,,,
400,,,,,,,,
400,,,,,,,,
400,,,,,,,,
400,,,,,,,,
400,,,,,,,,
400,,,,,,,,
400,,,,,,,,
400,,,,,,,,
400,,,,,,,,
400,,,,,,,,
400,,,,,,,,
400,,,,,,,,
400,,,,,,,,
400,,,,,,,,
400,,,,,,,,
400,,,,,,,,
400,,,,,,,,
400,,,,,,,,
400,,,,,,,,
400,,,,,,,,
400,,,,,,,,
400,,,,,,,,
400,,,,,,,,
400,,,,,,,,
400,,,,,,,,
400,,,,,,,,
400,,,,,,,,
400,,,,,,,,
400,,,,,,,,
400,,,,,,,,
400,,,,,,,,
400,,,,,,,,
400,,,,,,,,
400,,,,,,,,
400,,,,,,,,
400,,,,,,,,
400,,,,,,,,
400,,,,,,,,
400,,,,,,,,
400,,,,,,,,
400,,,,,,,,
400,,,,,,,,
400,,,,,,,,
400,,,,,,,,
400,,,,,,,,
400,,,,,,,,
400,,,,,,,,
400,,,,,,,,
400,,,,,,,,
400,,,,,,,,
400,,,,,,,,
400,,,,,,,,
400,,,,,,,,
400,,,,,,,,
400,,,,,,,,
400,,,,,,,,
400,,,,,,,,
400,,,,,,,,
400,,,,,,,,
400,,,,,,,,
400,,,,,,,,
400,,,,,,,,
400,,,,,,,,
400,,,,,,,,
400,,,,,,,,
400,,,,,,,,
400,,,,,,,,
400,,,,,,,,
400,,,,,,,,
400,,,,,,,,
400,,,,,,,,
400,,,,,,,,
400,,,,,,,,
400,,,,,,,,
400,,,,,,,,
400,,,,,,,,
400,,,,,,,,
400,,,,,,,,
400,,,,,,,,
400,,,,,,,,
400,,,,,,,,
400,,,,,,,,
400,,,,,,,,
400,,,,,,,,
400,,,,,,,,
400,,,,,,,,
400,,,,,,,,
400,,,,,,,,
400,,,,,,,,
400,,,,,,,,
400,,,,,,,,
400,,,,,,,,
400,,,,,,,,
400,,,,,,,,
400,,,,,,,,
400,,,,,,,,
400,,,,,,,,
400,,,,,,,,
400,,,,,,,,
400,,,,,,,,
400,,,,,,,,
400,,,,,,,,
400,,,,,,,,
400,,,,,,,,
400,,,,,,,,
400,,,,,,,,
400,,,,,,,,
400,,,,,,,,
400,,,,,,,,
400,,,,,,,,
400,,,,,,,,
400,,,,,,,,
400,,,,,,,,
400,,,,,,,,
400,,,,,,,,
400,,,,,,,,
400,,,,,,,,
400,,,,,,,,
400,,,,,,,,
400,,,,,,,,
400,,,,,,,,
400,,,,,,,,
400,,,,,,,,
400,,,,,,,,
400,,,,,,,,
400,,,,,,,,
400,,,,,,,,
400,,,,,,,,
400,,,,,,,,
400,,,,,,,,
400,,,,,,,,
400,,,,,,,,
400,,,,,,,,
400,,,,,,,,
400,,,,,,,,
400,,,,,,,,
400,,,,,,,,
400,,,,,,,,
400,,,,,,,,
400,,,,,,,,
400,,,,,,,,
400,,,,,,,,
400,,,,,,,,
400,,,,,,,,
400,,,,,,,,
400,,,,,,,,
400,,,,,,,,
400,,,,,,,,
400,,,,,,,,
400,,,,,,,,
400,,,,,,,,
400,,,,,,,,
400,,,,,,,,
400,,,,,,,,
400,,,,,,,,
400,,,,,,,,
400,,,,,,,,
400,,,,,,,,
400,,,,,,,,
400,,,,,,,,
400,,,,,,,,
400,,,,,,,,
400,,,,,,,,
400,,,,,,,,
400,,,,,,,,
400,,,,,,,,
400,,,,,,,,
400,,,,,,,,
400,,,,,,,,
400,,,,,,,,
400,,,,,,,,
400,,,,,,,,
400,,,,,,,,
400,,,,,,,,
400,,,,,,,,
400,,,,,,,,
400,,,,,,,,
400,,,,,,,,
400,,,,,,,,
400,,,,,,,,
400,,,,,,,,
400,,,,,,,,
400,,,,,,,,
400,,,,,,,,
400,,,,,,,,
400,,,,,,,,
400,,,,,,,,
400,,,,,,,,
400,,,,,,,,
400,,,,,,,,
400,,,,,,,,
400,,,,,,,,
400,,,,,,,,
400,,,,,,,,
400,,,,,,,,
400,,,,,,,,
400,,,,,,,,
400,,,,,,,,
400,,,,,,,,
400,,,,,,,,
400,,,,,,,,
400,,,,,,,,
400,,,,,,,,
400,,,,,,,,
400,,,,,,,,
400,,,,,,,,
400,,,,,,,,
400,,,,,,,,
400,,,,,,,,
400,,,,,,,,
400,,,,,,,,
400,,,,,,,,
400,,,,,,,,
400,,,,,,,,
400,,,,,,,,
400,,,,,,,,
400,,,,,,,,
400,,,,,,,,
400,,,,,,,,
400,,,,,,,,
400,,,,,,,,
400,,,,,,,,
400,,,,,,,,
400,,,,,,,,
400,,,,,,,,
400,,,,,,,,
400,,,,,,,,
400,,,,,,,,
400,,,,,,,,
400,,,,,,,,
400,,,,,,,,
400,,,,,,,,
400,,,,,,,,
400,,,,,,,,
400,,,,,,,,
400,,,,,,,,
400,,,,,,,,
400,,,,,,,,
400,,,,,,,,
400,,,,,,,,
400,,,,,,,,
400,,,,,,,,
400,,,,,,,,
400,,,,,,,,
400,,,,,,,,
400,,,,,,,,
400,,,,,,,,
400,,,,,,,,
400,,,,,,,,
400,,,,,,,,
400,,,,,,,,
400,,,,,,,,
400,,,,,,,,
400,,,,,,,,
400,,,,,,,,
400,,,,,,,,
400,,,,,,,,
400,,,,,,,,
400,,,,,,,,
400,,,,,,,,
400,,,,,,,,
400,,,,,,,,
400,,,,,,,,
400,,,,,,,,
400,,,,,,,,
400,,,,,,,,
400,,,,,,,,
400,,,,,,,,
400,,,,,,,,
400,,,,,,,,
400,,,,,,,,
400,,,,,,,,
400,,,,,,,,
400,,,,,,,,
400,,,,,,,,
400,,,,,,,,
400,,,,,,,,
400,,,,,,,,
400,,,,,,,,
400,,,,,,,,
400,,,,,,,,
400,,,,,,,,
400,,,,,,,,
400,,,,,,,,
400,,,,,,,,
400,,,,,,,,
400,,,,,,,,
400,,,,,,,,
400,,,,,,,,
400,,,,,,,,
400,,,,,,,,
400,,,,,,,,
400,,,,,,,,
400,,,,,,,,
400,,,,,,,,
400,,,,,,,,
400,,,,,,,,
400,,,,,,,,
400,,,,,,,,
400,,,,,,,,
400,,,,,,,,
400,,,,,,,,
400,,,,,,,,
400,,,,,,,,
400,,,,,,,,
400,,,,,,,,
400,,,,,,,,
400,,,,,,,,
400,,,,,,,,
400,,,,,,,,
400,,,,,,,,
400,,,,,,,,
400,,,,,,,,
400,,,,,,,,
400,,,,,,,,
400,,,,,,,,
400,,,,,,,,
400,,,,,,,,
400,,,,,,,,
400,,,,,,,,
400,,,,,,,,
400,,,,,,,,
400,,,,,,,,
400,,,,,,,,
400,,,,,,,,
400,,,,,,,,
400,,,,,,,,
400,,,,,,,,
400,,,,,,,,
400,,,,,,,,
400,,,,,,,,
400,,,,,,,,
400,,,,,,,,
400,,,,,,,,
400,,,,,,,,
400,,,,,,,,
400,,,,,,,,
400,,,,,,,,
400,,,,,,,,
400,,,,,,,,
400,,,,,,,,
400,,,,,,,,
400,,,,,,,,
400,,,,,,,,
400,,,,,,,,
400,,,,,,,,
400,,,,,,,,
400,,,,,,,,
400,,,,,,,,
400,,,,,,,,
400,,,,,,,,
400,,,,,,,,
400,,,,,,,,
400,,,,,,,,
400,,,,,,,,
400,,,,,,,,
400,,,,,,,,
400,,,,,,,,
400,,,,,,,,
400,,,,,,,,
400,,,,,,,,
400,,,,,,,,
400,,,,,,,,
400,,,,,,,,
400,,,,,,,,
400,,,,,,,,
400,,,,,,,,
400,,,,,,,,
400,,,,,,,,
400,,,,,,,,
400,,,,,,,,
400,,,,,,,,
400,,,,,,,,
400,,,,,,,,
400,,,,,,,,
400,,,,,,,,
400,,,,,,,,
400,,,,,,,,
400,,,,,,,,
400,,,,,,,,
400,,,,,,,,
400,,,,,,,,
400,,,,,,,,
400,,,,,,,,
400,,,,,,,,
400,,,,,,,,
400,,,,,,,,
400,,,,,,,,
400,,,,,,,,
400,,,,,,,,
400,,,,,,,,
400,,,,,,,,
400,,,,,,,,
400,,,,,,,,
400,,,,,,,,
400,,,,,,,,
400,,,,,,,,
400,,,,,,,,
400,,,,,,,,
400,,,,,,,,
400,,,,,,,,
400,,,,,,,,
400,,,,,,,,
400,,,,,,,,
400,,,,,,,,
400,,,,,,,,
400,,,,,,,,
400,,,,,,,,
400,,,,,,,,
400,,,,,,,,
400,,,,,,,,
400,,,,,,,,
400,,,,,,,,
400,,,,,,,,
400,,,,,,,,
400,,,,,,,,
400,,,,,,,,
400,,,,,,,,
400,,,,,,,,
400,,,,,,,,
400,,,,,,,,
400,,,,,,,,
400,,,,,,,,
400,,,,,,,,
400,,,,,,,,
400,,,,,,,,
400,,,,,,,,
400,,,,,,,,
400,,,,,,,,
400,,,,,,,,
400,,,,,,,,
400,,,,,,,,
400,,,,,,,,
400,,,,,,,,
400,,,,,,,,
400,,,,,,,,
400,,,,,,,,
400,,,,,,,,
400,,,,,,,,
400,,,,,,,,
400,,,,,,,,
400,,,,,,,,
400,,,,,,,,
400,,,,,,,,
400,,,,,,,,
400,,,,,,,,
400,,,,,,,,
400,,,,,,,,
400,,,,,,,,
400,,,,,,,,
400,,,,,,,,
400,,,,,,,,
400,,,,,,,,
400,,,,,,,,
400,,,,,,,,
400,,,,,,,,
400,,,,,,,,
400,,,,,,,,
400,,,,,,,,
400,,,,,,,,
400,,,,,,,,
400,,,,,,,,
400,,,,,,,,
400,,,,,,,,
400,,,,,,,,
400,,,,,,,,
400,,,,,,,,
400,,,,,,,,
400,,,,,,,,
400,,,,,,,,
400,,,,,,,,
400,,,,,,,,
400,,,,,,,,
400,,,,,,,,
400,,,,,,,,
400,,,,,,,,
400,,,,,,,,
400,,,,,,,,
400,,,,,,,,
400,,,,,,,,
400,,,,,,,,
400,,,,,,,,
400,,,,,,,,
400,,,,,,,,
400,,,,,,,,
400,,,,,,,,
400,,,,,,,,
400,,,,,,,,
400,,,,,,,,
400,,,,,,,,
400,,,,,,,,
400,,,,,,,,
400,,,,,,,,
400,,,,,,,,
400,,,,,,,,
400,,,,,,,,
400,,,,,,,,
400,,,,,,,,
400,,,,,,,,
400,,,,,,,,
400,,,,,,,,
400,,,,,,,,
400,,,,,,,,
400,,,,,,,,
400,,,,,,,,
400,,,,,,,,
400,,,,,,,,
400,,,,,,,,
400,,,,,,,,
400,,,,,,,,
400,,,,,,,,
400,,,,,,,,
400,,,,,,,,
400,,,,,,,,
400,,,,,,,,
400,,,,,,,,
400,,,,,,,,
400,,,,,,,,
400,,,,,,,,
400,,,,,,,,
400,,,,,,,,
400,,,,,,,,
400,,,,,,,,
400,,,,,,,,
400,,,,,,,,
400,,,,,,,,
400,,,,,,,,
400,,,,,,,,
400,,,,,,,,
400,,,,,,,,
400,,,,,,,,
400,,,,,,,,
400,,,,,,,,
400,,,,,,,,
400,,,,,,,,
400,,,,,,,,
400,,,,,,,,
400,,,,,,,,
400,,,,,,,,
400,,,,,,,,
400,,,,,,,,
400,,,,,,,,
400,,,,,,,,
400,,,,,,,,
400,,,,,,,,
400,,,,,,,,
400,,,,,,,,
400,,,,,,,,
400,,,,,,,,
400,,,,,,,,
400,,,,,,,,
400,,,,,,,,
400,,,,,,,,
400,,,,,,,,
400,,,,,,,,
400,,,,,,,,
400,,,,,,,,
400,,,,,,,,
400,,,,,,,,
400,,,,,,,,
400,,,,,,,,
400,,,,,,,,
400,,,,,,,,
400,,,,,,,,
400,,,,,,,,
400,,,,,,,,
400,,,,,,,,
400,,,,,,,,
400,,,,,,,,
400,,,,,,,,
400,,,,,,,,
400,,,,,,,,
400,,,,,,,,
400,,,,,,,,
400,,,,,,,,
400,,,,,,,,
400,,,,,,,,
400,,,,,,,,
400,,,,,,,,
400,,,,,,,,
400,,,,,,,,
400,,,,,,,,
400,,,,,,,,
400,,,,,,,,
400,,,,,,,,
400,,,,,,,,
400,,,,,,,,
400,,,,,,,,
400,,,,,,,,
400,,,,,,,,
400,,,,,,,,
400,,,,,,,,
400,,,,,,,,
400,,,,,,,,
400,,,,,,,,
400,,,,,,,,
400,,,,,,,,
400,,,,,,,,
400,,,,,,,,
400,,,,,,,,
400,,,,,,,,
400,,,,,,,,
400,,,,,,,,
400,,,,,,,,
400,,,,,,,,
400,,,,,,,,
400,,,,,,,,
400,,,,,,,,
400,,,,,,,,
400,,,,,,,,
400,,,,,,,,
400,,,,,,,,
400,,,,,,,,
400,,,,,,,,
400,,,,,,,,
400,,,,,,,,
400,,,,,,,,
400,,,,,,,,
400,,,,,,,,
400,,,,,,,,
400,,,,,,,,
400,,,,,,,,
400,,,,,,,,
400,,,,,,,,
400,,,,,,,,
400,,,,,,,,
400,,,,,,,,
400,,,,,,,,
400,,,,,,,,
400,,,,,,,,
400,,,,,,,,
400,,,,,,,,
400,,,,,,,,
400,,,,,,,,
400,,,,,,,,
400,,,,,,,,
400,,,,,,,,
400,,,,,,,,
400,,,,,,,,
400,,,,,,,,
400,,,,,,,,
400,,,,,,,,
400,,,,,,,,
400,,,,,,,,
400,,,,,,,,
400,,,,,,,,
400,,,,,,,,
400,,,,,,,,
400,,,,,,,,
400,,,,,,,,
400,,,,,,,,
400,,,,,,,,
400,,,,,,,,
400,,,,,,,,
400,,,,,,,,
400,,,,,,,,
400,,,,,,,,
400,,,,,,,,
400,,,,,,,,
400,,,,,,,,
400,,,,,,,,
400,,,,,,,,
400,,,,,,,,
400,,,,,,,,
400,,,,,,,,
400,,,,,,,,
400,,,,,,,,
400,,,,,,,,
400,,,,,,,,
400,,,,,,,,
400,,,,,,,,
400,,,,,,,,
400,,,,,,,,
400,,,,,,,,
400,,,,,,,,
400,,,,,,,,
400,,,,,,,,
400,,,,,,,,
400,,,,,,,,
400,,,,,,,,
400,,,,,,,,
400,,,,,,,,
400,,,,,,,,
400,,,,,,,,
400,,,,,,,,
400,,,,,,,,
400,,,,,,,,
400,,,,,,,,
400,,,,,,,,
400,,,,,,,,
400,,,,,,,,
400,,,,,,,,
400,,,,,,,,
400,,,,,,,,
400,,,,,,,,
400,,,,,,,,
400,,,,,,,,
400,,,,,,,,
400,,,,,,,,
400,,,,,,,,
400,,,,,,,,
400,,,,,,,,
400,,,,,,,,
400,,,,,,,,
400,,,,,,,,
400,,,,,,,,
400,,,,,,,,
400,,,,,,,,
400,,,,,,,,
400,,,,,,,,
400,,,,,,,,
400,,,,,,,,
400,,,,,,,,
400,,,,,,,,
400,,,,,,,,
400,,,,,,,,
400,,,,,,,,
400,,,,,,,,
400,,,,,,,,
400,,,,,,,,
400,,,,,,,,
400,,,,,,,,
400,,,,,,,,
400,,,,,,,,
400,,,,,,,,
400,,,,,,,,
400,,,,,,,,
400,,,,,,,,
400,,,,,,,,
400,,,,,,,,
400,,,,,,,,
400,,,,,,,,
400,,,,,,,,
400,,,,,,,,
400,,,,,,,,
400,,,,,,,,
400,,,,,,,,
400,,,,,,,,
400,,,,,,,,
400,,,,,,,,
400,,,,,,,,
400,,,,,,,,
400,,,,,,,,
400,,,,,,,,
400,,,,,,,,
400,,,,,,,,
400,,,,,,,,
400,,,,,,,,
400,,,,,,,,
400,,,,,,,,
400,,,,,,,,
400,,,,,,,,
400,,,,,,,,
400,,,,,,,,
400,,,,,,,,
400,,,,,,,,
400,,,,,,,,
400,,,,,,,,
400,,,,,,,,
400,,,,,,,,
400,,,,,,,,
400,,,,,,,,
400,,,,,,,,
400,,,,,,,,
400,,,,,,,,
400,,,,,,,,
400,,,,,,,,
400,,,,,,,,
400,,,,,,,,
400,,,,,,,,
400,,,,,,,,
400,,,,,,,,
400,,,,,,,,
400,,,,,,,,
400,,,,,,,,
400,,,,,,,,
400,,,,,,,,
400,,,,,,,,
400,,,,,,,,
400,,,,,,,,
400,,,,,,,,
400,,,,,,,,
400,,,,,,,,
400,,,,,,,,
400,,,,,,,,
400,,,,,,,,
400,,,,,,,,
400,,,,,,,,
400,,,,,,,,
400,,,,,,,,
400,,,,,,,,
400,,,,,,,,
400,,,,,,,,
400,,,,,,,,
400,,,,,,,,
400,,,,,,,,
400,,,,,,,,
400,,,,,,,,
400,,,,,,,,
400,,,,,,,,
400,,,,,,,,
400,,,,,,,,
400,,,,,,,,
400,,,,,,,,
400,,,,,,,,
400,,,,,,,,
400,,,,,,,,
400,,,,,,,,
400,,,,,,,,
400,,,,,,,,
400,,,,,,,,
400,,,,,,,,
400,,,,,,,,
400,,,,,,,,
400,,,,,,,,
400,,,,,,,,
400,,,,,,,,
400,,,,,,,,
400,,,,,,,,
400,,,,,,,,
400,,,,,,,,
400,,,,,,,,
400,,,,,,,,
400,,,,,,,,
400,,,,,,,,
400,,,,,,,,
400,,,,,,,,
400,,,,,,,,
400,,,,,,,,
400,,,,,,,,
400,,,,,,,,
400,,,,,,,,
400,,,,,,,,
400,,,,,,,,
400,,,,,,,,
400,,,,,,,,
400,,,,,,,,
400,,,,,,,,
400,,,,,,,,
400,,,,,,,,
400,,,,,,,,
400,,,,,,,,
400,,,,,,,,
400,,,,,,,,
400,,,,,,,,
400,,,,,,,,
400,,,,,,,,
400,,,,,,,,
400,,,,,,,,
400,,,,,,,,
400,,,,,,,,
400,,,,,,,,
400,,,,,,,,
400,,,,,,,,
400,,,,,,,,
400,,,,,,,,
400,,,,,,,,
400,,,,,,,,
400,,,,,,,,
400,,,,,,,,
400,,,,,,,,
400,,,,,,,,
400,,,,,,,,
400,,,,,,,,
400,,,,,,,,
400,,,,,,,,
400,,,,,,,,
400,,,,,,,,
400,,,,,,,,
400,,,,,,,,
400,,,,,,,,
400,,,,,,,,
400,,,,,,,,
400,,,,,,,,
400,,,,,,,,
400,,,,,,,,
400,,,,,,,,
400,,,,,,,,
400,,,,,,,,
400,,,,,,,,
400,,,,,,,,
400,,,,,,,,
400,,,,,,,,
400,,,,,,,,
400,,,,,,,,
400,,,,,,,,
400,,,,,,,,
400,,,,,,,,
400,,,,,,,,
400,,,,,,,,
400,,,,,,,,
400,,,,,,,,
400,,,,,,,,
400,,,,,,,,
400,,,,,,,,
400,,,,,,,,
400,,,,,,,,
400,,,,,,,,
400,,,,,,,,
400,,,,,,,,
400,,,,,,,,
400,,,,,,,,
400,,,,,,,,
400,,,,,,,,
400,,,,,,,,
400,,,,,,,,
400,,,,,,,,
400,,,,,,,,
400,,,,,,,,
400,,,,,,,,
400,,,,,,,,
400,,,,,,,,
400,,,,,,,,
400,,,,,,,,
400,,,,,,,,
400,,,,,,,,
400,,,,,,,,
400,,,,,,,,
400,,,,,,,,
400,,,,,,,,
400,,,,,,,,
400,,,,,,,,
400,,,,,,,,
400,,,,,,,,
400,,,,,,,,
400,,,,,,,,
400,,,,,,,,
400,,,,,,,,
400,,,,,,,,
400,,,,,,,,
400,,,,,,,,
400,,,,,,,,
400,,,,,,,,
400,,,,,,,,
400,,,,,,,,
400,,,,,,,,
400,,,,,,,,
400,,,,,,,,
400,,,,,,,,
400,,,,,,,,
400,,,,,,,,
400,,,,,,,,
400,,,,,,,,
400,,,,,,,,
400,,,,,,,,
400,,,,,,,,
400,,,,,,,,
400,,,,,,,,
400,,,,,,,,
400,,,,,,,,
400,,,,,,,,
400,,,,,,,,
400,,,,,,,,
400,,,,,,,,
400,,,,,,,,
400,,,,,,,,
400,,,,,,,,
400,,,,,,,,
400,,,,,,,,
400,,,,,,,,
400,,,,,,,,
400,,,,,,,,
400,,,,,,,,
400,,,,,,,,
400,,,,,,,,
400,,,,,,,,
400,,,,,,,,
400,,,,,,,,
400,,,,,,,,
400,,,,,,,,
400,,,,,,,,
400,,,,,,,,
400,,,,,,,,
400,,,,,,,,
400,,,,,,,,
400,,,,,,,,
400,,,,,,,,
400,,,,,,,,
400,,,,,,,,
400,,,,,,,,
400,,,,,,,,
400,,,,,,,,
400,,,,,,,,
400,,,,,,,,
400,,,,,,,,
400,,,,,,,,
400,,,,,,,,
400,,,,,,,,
400,,,,,,,,
400,,,,,,,,
400,,,,,,,,
400,,,,,,,,
400,,,,,,,,
400,,,,,,,,
400,,,,,,,,
400,,,,,,,,
400,,,,,,,,
400,,,,,,,,
400,,,,,,,,
400,,,,,,,,
400,,,,,,,,
400,,,,,,,,
400,,,,,,,,
400,,,,,,,,
400,,,,,,,,
400,,,,,,,,
400,,,,,,,,
400,,,,,,,,
400,,,,,,,,
400,,,,,,,,
400,,,,,,,,
400,,,,,,,,
400,,,,,,,,
400,,,,,,,,
400,,,,,,,,
400,,,,,,,,
400,,,,,,,,
400,,,,,,,,
400,,,,,,,,
400,,,,,,,,
400,,,,,,,,
400,,,,,,,,
400,,,,,,,,
400,,,,,,,,
400,,,,,,,,
400,,,,,,,,
400,,,,,,,,
400,,,,,,,,
400,,,,,,,,
400,,,,,,,,
400,,,,,,,,
400,,,,,,,,
400,,,,,,,,
400,,,,,,,,
400,,,,,,,,
400,,,,,,,,
400,,,,,,,,
400,,,,,,,,
400,,,,,,,,
400,,,,,,,,
400,,,,,,,,
400,,,,,,,,
400,,,,,,,,
400,,,,,,,,
400,,,,,,,,
400,,,,,,,,
400,,,,,,,,
400,,,,,,,,
400,,,,,,,,
400,,,,,,,,
400,,,,,,,,
400,,,,,,,,
400,,,,,,,,
400,,,,,,,,
400,,,,,,,,
400,,,,,,,,
400,,,,,,,,
400,,,,,,,,
400,,,,,,,,
400,,,,,,,,
400,,,,,,,,
400,,,,,,,,
400,,,,,,,,
400,,,,,,,,
400,,,,,,,,
400,,,,,,,,
400,,,,,,,,
400,,,,,,,,
400,,,,,,,,
400,,,,,,,,
400,,,,,,,,
400,,,,,,,,
400,,,,,,,,
400,,,,,,,,
400,,,,,,,,
400,,,,,,,,
400,,,,,,,,
400,,,,,,,,
400,,,,,,,,
400,,,,,,,,
400,,,,,,,,
400,,,,,,,,
400,,,,,,,,
400,,,,,,,,
400,,,,,,,,
400,,,,,,,,
400,,,,,,,,
400,,,,,,,,
400,,,,,,,,
400,,,,,,,,
400,,,,,,,,
400,,,,,,,,
400,,,,,,,,
400,,,,,,,,
400,,,,,,,,
400,,,,,,,,
400,,,,,,,,
400,,,,,,,,
400,,,,,,,,
400,,,,,,,,
400,,,,,,,,
400,,,,,,,,
400,,,,,,,,
400,,,,,,,,
400,,,,,,,,
400,,,,,,,,
400,,,,,,,,
400,,,,,,,,
400,,,,,,,,
400,,,,,,,,
400,,,,,,,,
400,,,,,,,,
400,,,,,,,,
400,,,,,,,,
400,,,,,,,,
400,,,,,,,,
400,,,,,,,,
400,,,,,,,,
400,,,,,,,,
400,,,,,,,,
400,,,,,,,,
400,,,,,,,,
400,,,,,,,,
400,,,,,,,,
400,,,,,,,,
400,,,,,,,,
400,,,,,,,,
400,,,,,,,,
400,,,,,,,,
400,,,,,,,,
400,,,,,,,,
400,,,,,,,,
400,,,,,,,,
400,,,,,,,,
400,,,,,,,,
400,,,,,,,,
400,,,,,,,,
400,,,,,,,,
400,,,,,,,,
400,,,,,,,,
400,,,,,,,,
400,,,,,,,,
400,,,,,,,,
400,,,,,,,,
400,,,,,,,,
400,,,,,,,,
400,,,,,,,,
400,,,,,,,,
400,,,,,,,,
400,,,,,,,,
400,,,,,,,,
400,,,,,,,,
400,,,,,,,,
400,,,,,,,,
400,,,,,,,,
400,,,,,,,,
400,,,,,,,,
400,,,,,,,,
400,,,,,,,,
400,,,,,,,,
400,,,,,,,,
400,,,,,,,,
400,,,,,,,,
400,,,,,,,,
400,,,,,,,,
400,,,,,,,,
400,,,,,,,,
400,,,,,,,,
400,,,,,,,,
400,,,,,,,,
400,,,,,,,,
400,,,,,,,,
400,,,,,,,,
400,,,,,,,,
400,,,,,,,,
400,,,,,,,,
400,,,,,,,,
400,,,,,,,,
400,,,,,,,,
400,,,,,,,,
400,,,,,,,,
400,,,,,,,,
400,,,,,,,,
400,,,,,,,,
400,,,,,,,,
400,,,,,,,,
400,,,,,,,,
400,,,,,,,,
400,,,,,,,,
400,,,,,,,,
400,,,,,,,,
400,,,,,,,,
400,,,,,,,,
400,,,,,,,,
400,,,,,,,,
400,,,,,,,,
400,,,,,,,,
400,,,,,,,,
400,,,,,,,,
400,,,,,,,,
400,,,,,,,,
400,,,,,,,,
400,,,,,,,,
400,,,,,,,,
400,,,,,,,,
400,,,,,,,,
400,,,,,,,,
400,,,,,,,,
400,,,,,,,,
400,,,,,,,,
400,,,,,,,,
400,,,,,,,,
400,,,,,,,,
400,,,,,,,,
400,,,,,,,,
400,,,,,,,,
400,,,,,,,,
400,,,,,,,,
400,,,,,,,,
400,,,,,,,,
400,,,,,,,,
400,,,,,,,,
400,,,,,,,,
400,,,,,,,,
400,,,,,,,,
400,,,,,,,,
400,,,,,,,,
400,,,,,,,,
400,,,,,,,,
400,,,,,,,,
400,,,,,,,,
400,,,,,,,,
400,,,,,,,,
400,,,,,,,,
400,,,,,,,,
400,,,,,,,,
400,,,,,,,,
400,,,,,,,,
400,,,,,,,,
400,,,,,,,,
400,,,,,,,,
400,,,,,,,,
400,,,,,,,,
400,,,,,,,,
400,,,,,,,,
400,,,,,,,,
400,,,,,,,,
400,,,,,,,,
400,,,,,,,,
400,,,,,,,,
400,,,,,,,,
400,,,,,,,,
400,,,,,,,,
400,,,,,,,,
400,,,,,,,,
400,,,,,,,,
400,,,,,,,,
400,,,,,,,,
400,,,,,,,,
400,,,,,,,,
400,,,,,,,,
400,,,,,,,,
400,,,,,,,,
400,,,,,,,,
400,,,,,,,,
400,,,,,,,,
400,,,,,,,,
400,,,,,,,,
400,,,,,,,,
400,,,,,,,,
400,,,,,,,,
400,,,,,,,,
400,,,,,,,,
400,,,,,,,,
400,,,,,,,,
400,,,,,,,,
400,,,,,,,,
400,,,,,,,,
400,,,,,,,,
400,,,,,,,,
400,,,,,,,,
400,,,,,,,,
400,,,,,,,,
400,,,,,,,,
400,,,,,,,,
400,,,,,,,,
400,,,,,,,,
400,,,,,,,,
400,,,,,,,,
400,,,,,,,,
400,,,,,,,,
400,,,,,,,,
400,,,,,,,,
400,,,,,,,,
400,,,,,,,,
400,,,,,,,,
400,,,,,,,,
400,,,,,,,,
400,,,,,,,,
400,,,,,,,,
400,,,,,,,,
400,,,,,,,,
400,,,,,,,,
400,,,,,,,,
400,,,,,,,,
400,,,,,,,,
400,,,,,,,,
400,,,,,,,,
400,,,,,,,,
400,,,,,,,,
400,,,,,,,,
400,,,,,,,,
400,,,,,,,,
400,,,,,,,,
400,,,,,,,,
400,,,,,,,,
400,,,,,,,,
400,,,,,,,,
400,,,,,,,,
400,,,,,,,,
400,,,,,,,,
400,,,,,,,,
400,,,,,,,,
400,,,,,,,,
400,,,,,,,,
400,,,,,,,,
400,,,,,,,,
400,,,,,,,,
400,,,,,,,,
400,,,,,,,,
400,,,,,,,,
400,,,,,,,,
400,,,,,,,,
400,,,,,,,,
400,,,,,,,,
400,,,,,,,,
400,,,,,,,,
400,,,,,,,,
400,,,,,,,,
400,,,,,,,,
400,,,,,,,,
400,,,,,,,,
400,,,,,,,,
400,,,,,,,,
400,,,,,,,,
400,,,,,,,,
400,,,,,,,,
400,,,,,,,,
400,,,,,,,,
400,,,,,,,,
400,,,,,,,,
400,,,,,,,,
400,,,,,,,,
400,,,,,,,,
400,,,,,,,,
400,,,,,,,,
400,,,,,,,,
400,,,,,,,,
400,,,,,,,,
400,,,,,,,,
400,,,,,,,,
400,,,,,,,,
400,,,,,,,,
400,,,,,,,,
400,,,,,,,,
400,,,,,,,,
400,,,,,,,,
400,,,,,,,,
400,,,,,,,,
400,,,,,,,,
400,,,,,,,,
400,,,,,,,,
400,,,,,,,,
400,,,,,,,,
400,,,,,,,,
400,,,,,,,,
400,,,,,,,,
400,,,,,,,,
400,,,,,,,,
400,,,,,,,,
400,,,,,,,,
400,,,,,,,,
400,,,,,,,,
400,,,,,,,,
400,,,,,,,,
400,,,,,,,,
400,,,,,,,,
400,,,,,,,,
400,,,,,,,,
400,,,,,,,,
400,,,,,,,,
400,,,,,,,,
400,,,,,,,,
400,,,,,,,,
400,,,,,,,,
400,,,,,,,,
400,,,,,,,,
400,,,,,,,,
400,,,,,,,,
400,,,,,,,,
400,,,,,,,,
400,,,,,,,,
400,,,,,,,,
400,,,,,,,,
400,,,,,,,,
400,,,,,,,,
400,,,,,,,,
400,,,,,,,,
400,,,,,,,,
400,,,,,,,,
400,,,,,,,,
400,,,,,,,,
400,,,,,,,,
400,,,,,,,,
400,,,,,,,,
400,,,,,,,,
400,,,,,,,,
400,,,,,,,,
400,,,,,,,,
400,,,,,,,,
400,,,,,,,,
400,,,,,,,,
400,,,,,,,,
400,,,,,,,,
400,,,,,,,,
400,,,,,,,,
400,,,,,,,,
400,,,,,,,,
400,,,,,,,,
400,,,,,,,,
400,,,,,,,,
400,,,,,,,,
400,,,,,,,,
400,,,,,,,,
400,,,,,,,,
400,,,,,,,,
400,,,,,,,,
400,,,,,,,,
400,,,,,,,,
400,,,,,,,,
400,,,,,,,,
400,,,,,,,,
400,,,,,,,,
400,,,,,,,,
400,,,,,,,,
400,,,,,,,,
400,,,,,,,,
400,,,,,,,,
400,,,,,,,,
400,,,,,,,,
400,,,,,,,,
400,,,,,,,,
400,,,,,,,,
400,,,,,,,,
400,,,,,,,,
400,,,,,,,,
400,,,,,,,,
400,,,,,,,,
400,,,,,,,,
400,,,,,,,,
400,,,,,,,,
400,,,,,,,,
400,,,,,,,,
400,,,,,,,,
400,,,,,,,,
400,,,,,,,,
400,,,,,,,,
400,,,,,,,,
400,,,,,,,,
400,,,,,,,,
400,,,,,,,,
400,,,,,,,,
400,,,,,,,,
400,,,,,,,,
400,,,,,,,,
400,,,,,,,,
400,,,,,,,,
400,,,,,,,,
400,,,,,,,,
400,,,,,,,,
400,,,,,,,,
400,,,,,,,,
400,,,,,,,,
400,,,,,,,,
400,,,,,,,,
400,,,,,,,,
400,,,,,,,,
400,,,,,,,,
400,,,,,,,,
400,,,,,,,,
400,,,,,,,,
400,,,,,,,,
400,,,,,,,,
400,,,,,,,,
400,,,,,,,,
400,,,,,,,,
400,,,,,,,,
400,,,,,,,,
400,,,,,,,,
400,,,,,,,,
400,,,,,,,,
400,,,,,,,,
400,,,,,,,,
400,,,,,,,,
400,,,,,,,,
400,,,,,,,,
400,,,,,,,,
400,,,,,,,,
400,,,,,,,,
400,,,,,,,,
400,,,,,,,,
400,,,,,,,,
400,,,,,,,,
400,,,,,,,,
400,,,,,,,,
400,,,,,,,,
400,,,,,,,,
400,,,,,,,,
400,,,,,,,,
400,,,,,,,,
400,,,,,,,,
400,,,,,,,,
400,,,,,,,,
400,,,,,,,,
400,,,,,,,,
400,,,,,,,,
400,,,,,,,,
400,,,,,,,,
400,,,,,,,,
400,,,,,,,,
400,,,,,,,,
400,,,,,,,,
400,,,,,,,,
400,,,,,,,,
400,,,,,,,,
400,,,,,,,,
400,,,,,,,,
400,,,,,,,,
400,,,,,,,,
400,,,,,,,,
400,,,,,,,,
400,,,,,,,,
400,,,,,,,,
400,,,,,,,,
400,,,,,,,,
400,,,,,,,,
400,,,,,,,,
400,,,,,,,,
400,,,,,,,,
400,,,,,,,,
400,,,,,,,,
400,,,,,,,,
400,,,,,,,,
400,,,,,,,,
400,,,,,,,,
400,,,,,,,,
400,,,,,,,,
400,,,,,,,,
400,,,,,,,,
400,,,,,,,,
400,,,,,,,,
400,,,,,,,,
400,,,,,,,,
400,,,,,,,,
400,,,,,,,,
400,,,,,,,,
400,,,,,,,,
400,,,,,,,,
400,,,,,,,,
400,,,,,,,,
400,,,,,,,,
400,,,,,,,,
400,,,,,,,,
400,,,,,,,,
400,,,,,,,,
400,,,,,,,,
400,,,,,,,,
400,,,,,,,,
400,,,,,,,,
400,,,,,,,,
400,,,,,,,,
400,,,,,,,,
400,,,,,,,,
400,,,,,,,,
400,,,,,,,,
400,,,,,,,,
400,,,,,,,,
400,,,,,,,,
400,,,,,,,,
400,,,,,,,,
400,,,,,,,,
400,,,,,,,,
400,,,,,,,,
400,,,,,,,,
400,,,,,,,,
400,,,,,,,,
400,,,,,,,,
400,,,,,,,,
400,,,,,,,,
400,,,,,,,,
400,,,,,,,,
400,,,,,,,,
400,,,,,,,,
400,,,,,,,,
400,,,,,,,,
400,,,,,,,,
400,,,,,,,,
400,,,,,,,,
400,,,,,,,,
400,,,,,,,,
400,,,,,,,,
400,,,,,,,,
400,,,,,,,,
400,,,,,,,,
400,,,,,,,,
400,,,,,,,,
400,,,,,,,,
400,,,,,,,,
400,,,,,,,,
400,,,,,,,,
400,,,,,,,,
400,,,,,,,,
400,,,,,,,,
400,,,,,,,,
400,,,,,,,,
400,,,,,,,,
400,,,,,,,,
400,,,,,,,,
400,,,,,,,,
400,,,,,,,,
400,,,,,,,,
400,,,,,,,,
400,,,,,,,,
400,,,,,,,,
400,,,,,,,,
400,,,,,,,,
400,,,,,,,,
400,,,,,,,,
400,,,,,,,,
400,,,,,,,,
400,,,,,,,,
400,,,,,,,,
400,,,,,,,,
400,,,,,,,,
400,,,,,,,,
400,,,,,,,,
400,,,,,,,,
400,,,,,,,,
400,,,,,,,,
400,,,,,,,,
400,,,,,,,,
400,,,,,,,,
400,,,,,,,,
400,,,,,,,,
400,,,,,,,,
400,,,,,,,,
400,,,,,,,,
400,,,,,,,,
400,,,,,,,,
400,,,,,,,,
400,,,,,,,,
400,,,,,,,,
400,,,,,,,,
400,,,,,,,,
400,,,,,,,,
400,,,,,,,,
400,,,,,,,,
400,,,,,,,,
400,,,,,,,,
400,,,,,,,,
400,,,,,,,,
400,,,,,,,,
400,,,,,,,,
400,,,,,,,,
400,,,,,,,,
400,,,,,,,,
400,,,,,,,,
400,,,,,,,,
400,,,,,,,,
400,,,,,,,,
400,,,,,,,,
400,,,,,,,,
400,,,,,,,,
400,,,,,,,,
400,,,,,,,,
400,,,,,,,,
400,,,,,,,,
400,,,,,,,,
400,,,,,,,,
400,,,,,,,,
400,,,,,,,,
400,,,,,,,,
400,,,,,,,,
400,,,,,,,,
400,,,,,,,,
400,,,,,,,,
400,,,,,,,,
400,,,,,,,,
400,,,,,,,,
400,,,,,,,,
400,,,,,,,,
400,,,,,,,,
400,,,,,,,,
400,,,,,,,,
400,,,,,,,,
400,,,,,,,,
400,,,,,,,,
400,,,,,,,,
400,,,,,,,,
400,,,,,,,,
400,,,,,,,,
400,,,,,,,,
400,,,,,,,,
400,,,,,,,,
400,,,,,,,,
400,,,,,,,,
400,,,,,,,,
400,,,,,,,,
400,,,,,,,,
400,,,,,,,,
400,,,,,,,,
400,,,,,,,,
400,,,,,,,,
400,,,,,,,,
400,,,,,,,,
400,,,,,,,,
400,,,,,,,,
400,,,,,,,,
400,,,,,,,,
400,,,,,,,,
400,,,,,,,,
400,,,,,,,,
400,,,,,,,,
400,,,,,,,,
400,,,,,,,,
400,,,,,,,,
400,,,,,,,,
400,,,,,,,,
400,,,,,,,,
400,,,,,,,,
400,,,,,,,,
400,,,,,,,,
400,,,,,,,,
400,,,,,,,,
400,,,,,,,,
400,,,,,,,,
400,,,,,,,,
400,,,,,,,,
400,,,,,,,,
400,,,,,,,,
400,,,,,,,,
400,,,,,,,,
400,,,,,,,,
400,,,,,,,,
400,,,,,,,,
400,,,,,,,,
400,,,,,,,,
400,,,,,,,,
400,,,,,,,,
400,,,,,,,,
400,,,,,,,,
400,,,,,,,,
400,,,,,,,,
400,,,,,,,,
400,,,,,,,,
400,,,,,,,,
400,,,,,,,,
400,,,,,,,,
400,,,,,,,,
400,,,,,,,,
400,,,,,,,,
400,,,,,,,,
400,,,,,,,,
400,,,,,,,,
400,,,,,,,,
400,,,,,,,,
400,,,,,,,,
400,,,,,,,,
400,,,,,,,,
400,,,,,,,,
400,,,,,,,,
400,,,,,,,,
400,,,,,,,,
400,,,,,,,,
400,,,,,,,,
400,,,,,,,,
400,,,,,,,,
400,,,,,,,,
400,,,,,,,,
400,,,,,,,,
400,,,,,,,,
400,,,,,,,,
400,,,,,,,,
400,,,,,,,,
400,,,,,,,,
400,,,,,,,,
400,,,,,,,,
400,,,,,,,,
400,,,,,,,,
400,,,,,,,,
400,,,,,,,,
400,,,,,,,,
400,,,,,,,,
400,,,,,,,,
400,,,,,,,,
400,,,,,,,,
400,,,,,,,,
400,,,,,,,,
400,,,,,,,,
400,,,,,,,,
400,,,,,,,,
400,,,,,,,,
400,,,,,,,,
400,,,,,,,,
400,,,,,,,,
400,,,,,,,,
400,,,,,,,,
400,,,,,,,,
400,,,,,,,,
400,,,,,,,,
400,,,,,,,,
400,,,,,,,,
400,,,,,,,,
400,,,,,,,,
400,,,,,,,,
400,,,,,,,,
400,,,,,,,,
400,,,,,,,,
400,,,,,,,,
400,,,,,,,,
400,,,,,,,,
400,,,,,,,,
400,,,,,,,,
400,,,,,,,,
400,,,,,,,,
400,,,,,,,,
400,,,,,,,,
400,,,,,,,,
400,,,,,,,,
400,,,,,,,,
400,,,,,,,,
400,,,,,,,,
400,,,,,,,,
400,,,,,,,,
400,,,,,,,,
400,,,,,,,,
400,,,,,,,,
400,,,,,,,,
400,,,,,,,,
400,,,,,,,,
400,,,,,,,,
400,,,,,,,,
400,,,,,,,,
400,,,,,,,,
400,,,,,,,,
400,,,,,,,,
400,,,,,,,,
400,,,,,,,,
400,,,,,,,,
400,,,,,,,,
400,,,,,,,,
400,,,,,,,,
400,,,,,,,,
400,,,,,,,,
400,,,,,,,,
400,,,,,,,,
400,,,,,,,,
400,,,,,,,,
400,,,,,,,,
400,,,,,,,,
400,,,,,,,,
400,,,,,,,,
400,,,,,,,,
400,,,,,,,,
400,,,,,,,,
400,,,,,,,,
400,,,,,,,,
400,,,,,,,,
400,,,,,,,,
400,,,,,,,,
400,,,,,,,,
400,,,,,,,,
400,,,,,,,,
400,,,,,,,,
400,,,,,,,,
400,,,,,,,,
400,,,,,,,,
400,,,,,,,,
400,,,,,,,,
400,,,,,,,,
400,,,,,,,,
400,,,,,,,,
400,,,,,,,,
400,,,,,,,,
400,,,,,,,,
400,,,,,,,,
400,,,,,,,,
400,,,,,,,,
400,,,,,,,,
400,,,,,,,,
400,,,,,,,,
400,,,,,,,,
400,,,,,,,,
400,,,,,,,,
400,,,,,,,,
400,,,,,,,,
400,,,,,,,,
400,,,,,,,,
400,,,,,,,,
400,,,,,,,,
400,,,,,,,,
400,,,,,,,,
400,,,,,,,,
400,,,,,,,,
400,,,,,,,,
400,,,,,,,,
400,,,,,,,,
400,,,,,,,,
400,,,,,,,,
400,,,,,,,,
400,,,,,,,,
400,,,,,,,,
400,,,,,,,,
400,,,,,,,,
400,,,,,,,,
400,,,,,,,,
400,,,,,,,,
400,,,,,,,,
400,,,,,,,,
400,,,,,,,,
400,,,,,,,,
400,,,,,,,,
400,,,,,,,,
400,,,,,,,,
400,,,,,,,,
400,,,,,,,,
400,,,,,,,,
400,,,,,,,,
400,,,,,,,,
400,,,,,,,,
400,,,,,,,,
400,,,,,,,,
400,,,,,,,,
400,,,,,,,,
400,,,,,,,,
400,,,,,,,,
400,,,,,,,,
400,,,,,,,,
400,,,,,,,,
400,,,,,,,,
400,,,,,,,,
400,,,,,,,,
400,,,,,,,,
400,,,,,,,,
400,,,,,,,,
400,,,,,,,,
400,,,,,,,,
400,,,,,,,,
400,,,,,,,,
400,,,,,,,,
400,,,,,,,,
400,,,,,,,,
400,,,,,,,,
400,,,,,,,,
400,,,,,,,,
400,,,,,,,,
400,,,,,,,,
400,,,,,,,,
400,,,,,,,,
400,,,,,,,,
400,,,,,,,,
400,,,,,,,,
400,,,,,,,,
400,,,,,,,,
400,,,,,,,,
400,,,,,,,,
400,,,,,,,,
400,,,,,,,,
400,,,,,,,,
400,,,,,,,,
400,,,,,,,,
400,,,,,,,,
400,,,,,,,,
400,,,,,,,,
400,,,,,,,,
400,,,,,,,,
400,,,,,,,,
400,,,,,,,,
400,,,,,,,,
400,,,,,,,,
400,,,,,,,,
400,,,,,,,,
400,,,,,,,,
400,,,,,,,,
400,,,,,,,,
400,,,,,,,,
400,,,,,,,,
400,,,,,,,,
400,,,,,,,,
400,,,,,,,,
400,,,,,,,,
400,,,,,,,,
400,,,,,,,,
400,,,,,,,,
400,,,,,,,,
400,,,,,,,,
400,,,,,,,,
400,,,,,,,,
400,,,,,,,,
400,,,,,,,,
400,,,,,,,,
400,,,,,,,,
400,,,,,,,,
400,,,,,,,,
400,,,,,,,,
400,,,,,,,,
400,,,,,,,,
400,,,,,,,,
400,,,,,,,,
400,,,,,,,,
400,,,,,,,,
400,,,,,,,,
400,,,,,,,,
400,,,,,,,,
400,,,,,,,,
400,,,,,,,,
400,,,,,,,,
400,,,,,,,,
400,,,,,,,,
400,,,,,,,,
400,,,,,,,,
400,,,,,,,,
400,,,,,,,,
400,,,,,,,,
400,,,,,,,,
400,,,,,,,,
400,,,,,,,,
400,,,,,,,,
400,,,,,,,,
400,,,,,,,,
400,,,,,,,,
400,,,,,,,,
400,,,,,,,,
400,,,,,,,,
400,,,,,,,,
400,,,,,,,,
400,,,,,,,,
400,,,,,,,,
400,,,,,,,,
400,,,,,,,,
400,,,,,,,,
400,,,,,,,,
400,,,,,,,,
400,,,,,,,,
400,,,,,,,,
400,,,,,,,,
400,,,,,,,,
400,,,,,,,,
400,,,,,,,,
400,,,,,,,,
400,,,,,,,,
400,,,,,,,,
400,,,,,,,,
400,,,,,,,,
400,,,,,,,,
400,,,,,,,,
400,,,,,,,,
400,,,,,,,,
400,,,,,,,,
400,,,,,,,,
400,,,,,,,,
400,,,,,,,,
400,,,,,,,,
400,,,,,,,,
400,,,,,,,,
400,,,,,,,,
400,,,,,,,,
400,,,,,,,,
400,,,,,,,,
400,,,,,,,,
400,,,,,,,,
400,,,,,,,,
400,,,,,,,,
400,,,,,,,,
400,,,,,,,,
400,,,,,,,,
400,,,,,,,,
400,,,,,,,,
400,,,,,,,,
400,,,,,,,,
400,,,,,,,,
400,,,,,,,,
400,,,,,,,,
400,,,,,,,,
400,,,,,,,,
400,,,,,,,,
400,,,,,,,,
400,,,,,,,,
400,,,,,,,,
400,,,,,,,,
400,,,,,,,,
400,,,,,,,,
400,,,,,,,,
400,,,,,,,,
400,,,,,,,,
400,,,,,,,,
400,,,,,,,,
400,,,,,,,,
400,,,,,,,,
400,,,,,,,,
400,,,,,,,,
400,,,,,,,,
400,,,,,,,,
400,,,,,,,,
400,,,,,,,,
400,,,,,,,,
400,,,,,,,,
400,,,,,,,,
400,,,,,,,,
400,,,,,,,,
400,,,,,,,,
400,,,,,,,,
400,,,,,,,,
400,,,,,,,,
400,,,,,,,,
400,,,,,,,,
400,,,,,,,,
400,,,,,,,,
400,,,,,,,,
400,,,,,,,,
400,,,,,,,,
400,,,,,,,,
400,,,,,,,,
400,,,,,,,,
400,,,,,,,,
400,,,,,,,,
400,,,,,,,,
400,,,,,,,,
400,,,,,,,,
400,,,,,,,,
400,,,,,,,,
400,,,,,,,,
400,,,,,,,,
400,,,,,,,,
400,,,,,,,,
400,,,,,,,,
400,,,,,,,,
400,,,,,,,,
400,,,,,,,,
400,,,,,,,,
400,,,,,,,,
400,,,,,,,,
400,,,,,,,,
400,,,,,,,,
400,,,,,,,,
400,,,,,,,,
400,,,,,,,,
400,,,,,,,,
400,,,,,,,,
400,,,,,,,,
400,,,,,,,,
400,,,,,,,,
400,,,,,,,,
400,,,,,,,,
400,,,,,,,,
400,,,,,,,,
400,,,,,,,,
400,,,,,,,,
400,,,,,,,,
400,,,,,,,,
400,,,,,,,,
400,,,,,,,,
400,,,,,,,,
400,,,,,,,,
400,,,,,,,,
400,,,,,,,,
400,,,,,,,,
400,,,,,,,,
400,,,,,,,,
400,,,,,,,,
400,,,,,,,,
400,,,,,,,,
400,,,,,,,,
400,,,,,,,,
400,,,,,,,,
400,,,,,,,,
400,,,,,,,,
400,,,,,,,,
400,,,,,,,,
400,,,,,,,,
400,,,,,,,,
400,,,,,,,,
400,,,,,,,,
400,,,,,,,,
400,,,,,,,,
400,,,,,,,,
400,,,,,,,,
400,,,,,,,,
400,,,,,,,,
400,,,,,,,,
400,,,,,,,,
400,,,,,,,,
400,,,,,,,,
400,,,,,,,,
400,,,,,,,,
400,,,,,,,,
400,,,,,,,,
400,,,,,,,,
400,,,,,,,,
400,,,,,,,,
400,,,,,,,,
400,,,,,,,,
400,,,,,,,,
400,,,,,,,,
400,,,,,,,,
400,,,,,,,,
400,,,,,,,,
400,,,,,,,,
400,,,,,,,,
400,,,,,,,,
400,,,,,,,,
400,,,,,,,,
400,,,,,,,,
400,,,,,,,,
400,,,,,,,,
400,,,,,,,,
400,,,,,,,,
400,,,,,,,,
400,,,,,,,,
400,,,,,,,,
400,,,,,,,,
400,,,,,,,,
400,,,,,,,,
400,,,,,,,,
400,,,,,,,,
400,,,,,,,,
400,,,,,,,,
400,,,,,,,,
400,,,,,,,,
400,,,,,,,,
400,,,,,,,,
400,,,,,,,,
400,,,,,,,,
400,,,,,,,,
400,,,,,,,,
400,,,,,,,,
400,,,,,,,,
400,,,,,,,,
400,,,,,,,,
400,,,,,,,,
400,,,,,,,,
400,,,,,,,,
400,,,,,,,,
400,,,,,,,,
400,,,,,,,,
400,,,,,,,,
400,,,,,,,,
400,,,,,,,,
400,,,,,,,,
400,,,,,,,,
400,,,,,,,,
400,,,,,,,,
400,,,,,,,,
400,,,,,,,,
400,,,,,,,,
400,,,,,,,,
400,,,,,,,,
400,,,,,,,,
400,,,,,,,,
400,,,,,,,,
400,,,,,,,,
400,,,,,,,,
400,,,,,,,,
400,,,,,,,,
400,,,,,,,,
400,,,,,,,,
400,,,,,,,,
400,,,,,,,,
400,,,,,,,,
400,,,,,,,,
400,,,,,,,,
400,,,,,,,,
400,,,,,,,,
400,,,,,,,,
400,,,,,,,,
400,,,,,,,,
400,,,,,,,,
400,,,,,,,,
400,,,,,,,,
400,,,,,,,,
400,,,,,,,,
400,,,,,,,,
400,,,,,,,,
400,,,,,,,,
400,,,,,,,,
400,,,,,,,,
400,,,,,,,,
400,,,,,,,,
400,,,,,,,,
400,,,,,,,,
400,,,,,,,,
400,,,,,,,,
400,,,,,,,,
400,,,,,,,,
400,,,,,,,,
400,,,,,,,,
400,,,,,,,,
400,,,,,,,,
400,,,,,,,,
400,,,,,,,,
400,,,,,,,,
400,,,,,,,,
400,,,,,,,,
400,,,,,,,,
400,,,,,,,,
400,,,,,,,,
400,,,,,,,,
400,,,,,,,,
400,,,,,,,,
400,,,,,,,,
400,,,,,,,,
400,,,,,,,,
400,,,,,,,,
400,,,,,,,,
400,,,,,,,,
400,,,,,,,,
400,,,,,,,,
400,,,,,,,,
400,,,,,,,,
400,,,,,,,,
400,,,,,,,,
400,,,,,,,,
400,,,,,,,,
400,,,,,,,,
400,,,,,,,,
400,,,,,,,,
400,,,,,,,,
400,,,,,,,,
400,,,,,,,,
400,,,,,,,,
400,,,,,,,,
400,,,,,,,,
400,,,,,,,,
400,,,,,,,,
400,,,,,,,,
400,,,,,,,,
400,,,,,,,,
400,,,,,,,,
400,,,,,,,,
400,,,,,,,,
400,,,,,,,,
400,,,,,,,,
400,,,,,,,,
400,,,,,,,,
400,,,,,,,,
400,,,,,,,,
400,,,,,,,,
400,,,,,,,,
400,,,,,,,,
400,,,,,,,,
400,,,,,,,,
400,,,,,,,,
400,,,,,,,,
400,,,,,,,,
400,,,,,,,,
400,,,,,,,,
400,,,,,,,,
400,,,,,,,,
400,,,,,,,,
400,,,,,,,,
400,,,,,,,,
400,,,,,,,,
400,,,,,,,,
400,,,,,,,,
400,,,,,,,,
400,,,,,,,,
400,,,,,,,,
400,,,,,,,,
400,,,,,,,,
400,,,,,,,,
400,,,,,,,,
400,,,,,,,,
400,,,,,,,,
400,,,,,,,,
400,,,,,,,,
400,,,,,,,,
400,,,,,,,,
400,,,,,,,,
400,,,,,,,,
400,,,,,,,,
400,,,,,,,,
400,,,,,,,,
400,,,,,,,,
400,,,,,,,,
400,,,,,,,,
400,,,,,,,,
400,,,,,,,,
400,,,,,,,,
400,,,,,,,,
400,,,,,,,,
400,,,,,,,,
400,,,,,,,,
400,,,,,,,,
400,,,,,,,,
400,,,,,,,,
400,,,,,,,,
400,,,,,,,,
400,,,,,,,,
400,,,,,,,,
400,,,,,,,,
400,,,,,,,,
400,,,,,,,,
400,,,,,,,,
400,,,,,,,,
400,,,,,,,,
400,,,,,,,,
400,,,,,,,,
400,,,,,,,,
400,,,,,,,,
400,,,,,,,,
400,,,,,,,,
400,,,,,,,,
400,,,,,,,,
400,,,,,,,,
400,,,,,,,,
400,,,,,,,,
400,,,,,,,,
400,,,,,,,,
400,,,,,,,,
400,,,,,,,,
400,,,,,,,,
400,,,,,,,,
400,,,,,,,,
400,,,,,,,,
400,,,,,,,,
400,,,,,,,,
400,,,,,,,,
400,,,,,,,,
400,,,,,,,,
400,,,,,,,,
400,,,,,,,,
400,,,,,,,,
400,,,,,,,,
400,,,,,,,,
400,,,,,,,,
400,,,,,,,,
400,,,,,,,,
400,,,,,,,,
400,,,,,,,,
400,,,,,,,,
400,,,,,,,,
400,,,,,,,,
400,,,,,,,,
400,,,,,,,,
400,,,,,,,,
400,,,,,,,,
400,,,,,,,,
400,,,,,,,,
400,,,,,,,,
400,,,,,,,,
400,,,,,,,,
400,,,,,,,,
400,,,,,,,,
400,,,,,,,,
400,,,,,,,,
400,,,,,,,,
400,,,,,,,,
400,,,,,,,,
400,,,,,,,,
400,,,,,,,,
400,,,,,,,,
400,,,,,,,,
400,,,,,,,,
400,,,,,,,,
400,,,,,,,,
400,,,,,,,,
400,,,,,,,,
400,,,,,,,,
400,,,,,,,,
400,,,,,,,,
400,,,,,,,,
400,,,,,,,,
400,,,,,,,,
400,,,,,,,,
400,,,,,,,,
400,,,,,,,,
400,,,,,,,,
400,,,,,,,,
400,,,,,,,,
400,,,,,,,,
400,,,,,,,,
400,,,,,,,,
400,,,,,,,,
400,,,,,,,,
400,,,,,,,,
400,,,,,,,,
400,,,,,,,,
400,,,,,,,,
400,,,,,,,,
400,,,,,,,,
400,,,,,,,,
400,,,,,,,,
400,,,,,,,,
400,,,,,,,,
400,,,,,,,,
400,,,,,,,,
400,,,,,,,,
400,,,,,,,,
400,,,,,,,,
400,,,,,,,,
400,,,,,,,,
400,,,,,,,,
400,,,,,,,,
400,,,,,,,,
400,,,,,,,,
400,,,,,,,,
400,,,,,,,,
400,,,,,,,,
400,,,,,,,,
400,,,,,,,,
400,,,,,,,,
400,,,,,,,,
400,,,,,,,,
400,,,,,,,,
400,,,,,,,,
400,,,,,,,,
400,,,,,,,,
400,,,,,,,,
400,,,,,,,,
400,,,,,,,,
400,,,,,,,,
400,,,,,,,,
400,,,,,,,,
400,,,,,,,,
400,,,,,,,,
400,,,,,,,,
400,,,,,,,,
400,,,,,,,,
400,,,,,,,,
400,,,,,,,,
400,,,,,,,,
400,,,,,,,,
400,,,,,,,,
400,,,,,,,,
400,,,,,,,,
400,,,,,,,,
400,,,,,,,,
400,,,,,,,,
400,,,,,,,,
400,,,,,,,,
400,,,,,,,,
400,,,,,,,,
400,,,,,,,,
400,,,,,,,,
400,,,,,,,,
400,,,,,,,,
400,,,,,,,,
400,,,,,,,,
400,,,,,,,,
400,,,,,,,,
400,,,,,,,,
400,,,,,,,,
400,,,,,,,,
400,,,,,,,,
400,,,,,,,,
400,,,,,,,,
400,,,,,,,,
400,,,,,,,,
400,,,,,,,,
400,,,,,,,,
400,,,,,,,,
400,,,,,,,,
400,,,,,,,,
400,,,,,,,,
400,,,,,,,,
400,,,,,,,,
400,,,,,,,,
400,,,,,,,,
400,,,,,,,,
400,,,,,,,,
400,,,,,,,,
400,,,,,,,,
400,,,,,,,,
400,,,,,,,,
400,,,,,,,,
400,,,,,,,,
400,,,,,,,,
400,,,,,,,,
400,,,,,,,,
400,,,,,,,,
400,,,,,,,,
400,,,,,,,,
400,,,,,,,,
400,,,,,,,,
400,,,,,,,,
400,,,,,,,,
400,,,,,,,,
400,,,,,,,,
400,,,,,,,,
400,,,,,,,,
400,,,,,,,,
400,,,,,,,,
400,,,,,,,,
400,,,,,,,,
400,,,,,,,,
400,,,,,,,,
400,,,,,,,,
400,,,,,,,,
400,,,,,,,,
400,,,,,,,,
400,,,,,,,,
400,,,,,,,,
400,,,,,,,,
400,,,,,,,,
400,,,,,,,,
400,,,,,,,,
400,,,,,,,,
400,,,,,,,,
400,,,,,,,,
400,,,,,,,,
400,,,,,,,,
400,,,,,,,,
400,,,,,,,,
400,,,,,,,,
400,,,,,,,,
400,,,,,,,,
400,,,,,,,,
400,,,,,,,,
400,,,,,,,,
400,,,,,,,,
400,,,,,,,,
400,,,,,,,,
400,,,,,,,,
400,,,,,,,,
400,,,,,,,,
400,,,,,,,,
400,,,,,,,,
400,,,,,,,,
400,,,,,,,,
400,,,,,,,,
400,,,,,,,,
400,,,,,,,,
400,,,,,,,,
400,,,,,,,,
400,,,,,,,,
400,,,,,,,,
400,,,,,,,,
400,,,,,,,,
400,,,,,,,,
400,,,,,,,,
400,,,,,,,,
400,,,,,,,,
400,,,,,,,,
400,,,,,,,,
400,,,,,,,,
400,,,,,,,,
400,,,,,,,,
400,,,,,,,,
400,,,,,,,,
400,,,,,,,,
400,,,,,,,,
400,,,,,,,,
400,,,,,,,,
400,,,,,,,,
400,,,,,,,,
400,,,,,,,,
400,,,,,,,,
400,,,,,,,,
400,,,,,,,,
400,,,,,,,,
400,,,,,,,,
400,,,,,,,,
400,,,,,,,,
400,,,,,,,,
400,,,,,,,,
400,,,,,,,,
400,,,,,,,,
400,,,,,,,,
400,,,,,,,,
400,,,,,,,,
400,,,,,,,,
400,,,,,,,,
400,,,,,,,,
400,,,,,,,,
400,,,,,,,,
400,,,,,,,,
400,,,,,,,,
400,,,,,,,,
400,,,,,,,,
400,,,,,,,,
400,,,,,,,,
400,,,,,,,,
400,,,,,,,,
400,,,,,,,,
400,,,,,,,,
400,,,,,,,,
400,,,,,,,,
400,,,,,,,,
400,,,,,,,,
400,,,,,,,,
400,,,,,,,,
400,,,,,,,,
400,,,,,,,,
400,,,,,,,,
400,,,,,,,,
400,,,,,,,,
400,,,,,,,,
400,,,,,,,,
400,,,,,,,,
400,,,,,,,,
400,,,,,,,,
400,,,,,,,,
400,,,,,,,,
400,,,,,,,,
400,,,,,,,,
400,,,,,,,,
400,,,,,,,,
400,,,,,,,,
400,,,,,,,,
400,,,,,,,,
400,,,,,,,,
400,,,,,,,,
400,,,,,,,,
400,,,,,,,,
400,,,,,,,,
400,,,,,,,,
400,,,,,,,,
400,,,,,,,,
400,,,,,,,,
400,,,,,,,,
400,,,,,,,,
400,,,,,,,,
400,,,,,,,,
400,,,,,,,,
400,,,,,,,,
400,,,,,,,,
400,,,,,,,,
400,,,,,,,,
400,,,,,,,,
400,,,,,,,,
400,,,,,,,,
400,,,,,,,,
400,,,,,,,,
400,,,,,,,,
400,,,,,,,,
400,,,,,,,,
400,,,,,,,,
400,,,,,,,,
400,,,,,,,,
400,,,,,,,,
400,,,,,,,,
400,,,,,,,,
400,,,,,,,,
400,,,,,,,,
400,,,,,,,,
400,,,,,,,,
400,,,,,,,,
400,,,,,,,,
400,,,,,,,,
400,,,,,,,,
400,,,,,,,,
400,,,,,,,,
400,,,,,,,,
400,,,,,,,,
400,,,,,,,,
400,,,,,,,,
400,,,,,,,,
400,,,,,,,,
400,,,,,,,,
400,,,,,,,,
400,,,,,,,,
400,,,,,,,,
400,,,,,,,,
400,,,,,,,,
400,,,,,,,,
400,,,,,,,,
400,,,,,,,,
400,,,,,,,,
400,,,,,,,,
400,,,,,,,,
400,,,,,,,,
400,,,,,,,,
400,,,,,,,,
400,,,,,,,,
400,,,,,,,,
400,,,,,,,,
400,,,,,,,,
400,,,,,,,,
400,,,,,,,,
400,,,,,,,,
400,,,,,,,,
400,,,,,,,,
400,,,,,,,,
400,,,,,,,,
400,,,,,,,,
400,,,,,,,,
400,,,,,,,,
400,,,,,,,,
400,,,,,,,,
400,,,,,,,,
400,,,,,,,,
400,,,,,,,,
400,,,,,,,,
400,,,,,,,,
400,,,,,,,,
400,,,,,,,,
400,,,,,,,,
400,,,,,,,,
400,,,,,,,,
400,,,,,,,,
400,,,,,,,,
400,,,,,,,,
400,,,,,,,,
400,,,,,,,,
400,,,,,,,,
400,,,,,,,,
400,,,,,,,,
400,,,,,,,,
400,,,,,,,,
400,,,,,,,,
400,,,,,,,,
400,,,,,,,,
400,,,,,,,,
400,,,,,,,,
400,,,,,,,,
400,,,,,,,,
400,,,,,,,,
400,,,,,,,,
400,,,,,,,,
400,,,,,,,,
400,,,,,,,,
400,,,,,,,,
400,,,,,,,,
400,,,,,,,,
400,,,,,,,,
400,,,,,,,,
400,,,,,,,,
400,,,,,,,,
400,,,,,,,,
400,,,,,,,,
400,,,,,,,,
400,,,,,,,,
400,,,,,,,,
400,,,,,,,,
400,,,,,,,,
400,,,,,,,,
400,,,,,,,,
400,,,,,,,,
400,,,,,,,,
400,,,,,,,,
400,,,,,,,,
400,,,,,,,,
400,,,,,,,,
400,,,,,,,,
400,,,,,,,,
400,,,,,,,,
400,,,,,,,,
400,,,,,,,,
400,,,,,,,,
400,,,,,,,,
400,,,,,,,,
400,,,,,,,,
400,,,,,,,,
400,,,,,,,,
400,,,,,,,,
400,,,,,,,,
400,,,,,,,,
400,,,,,,,,
400,,,,,,,,
400,,,,,,,,
400,,,,,,,,
400,,,,,,,,
400,,,,,,,,
400,,,,,,,,
400,,,,,,,,
400,,,,,,,,
400,,,,,,,,
400,,,,,,,,
400,,,,,,,,
400,,,,,,,,
400,,,,,,,,
400,,,,,,,,
400,,,,,,,,
400,,,,,,,,
400,,,,,,,,
400,,,,,,,,
400,,,,,,,,
400,,,,,,,,
400,,,,,,,,
400,,,,,,,,
400,,,,,,,,
400,,,,,,,,
400,,,,,,,,
400,,,,,,,,
400,,,,,,,,
400,,,,,,,,
400,,,,,,,,
400,,,,,,,,
400,,,,,,,,
400,,,,,,,,
400,,,,,,,,
400,,,,,,,,
400,,,,,,,,
400,,,,,,,,
400,,,,,,,,
400,,,,,,,,
400,,,,,,,,
400,,,,,,,,
400,,,,,,,,
400,,,,,,,,
400,,,,,,,,
400,,,,,,,,
400,,,,,,,,
400,,,,,,,,
400,,,,,,,,
400,,,,,,,,
400,,,,,,,,
400,,,,,,,,
400,,,,,,,,
400,,,,,,,,
400,,,,,,,,
400,,,,,,,,
400,,,,,,,,
400,,,,,,,,
400,,,,,,,,
400,,,,,,,,
400,,,,,,,,
400,,,,,,,,
400,,,,,,,,
400,,,,,,,,
400,,,,,,,,
400,,,,,,,,
400,,,,,,,,
400,,,,,,,,
400,,,,,,,,
400,,,,,,,,
400,,,,,,,,
400,,,,,,,,
400,,,,,,,,
400,,,,,,,,
400,,,,,,,,
400,,,,,,,,
400,,,,,,,,
400,,,,,,,,
400,,,,,,,,
400,,,,,,,,
400,,,,,,,,
400,,,,,,,,
400,,,,,,,,
400,,,,,,,,
400,,,,,,,,
400,,,,,,,,
400,,,,,,,,
400,,,,,,,,
400,,,,,,,,
400,,,,,,,,
400,,,,,,,,
400,,,,,,,,
400,,,,,,,,
400,,,,,,,,
400,,,,,,,,
400,,,,,,,,
400,,,,,,,,
400,,,,,,,,
400,,,,,,,,
400,,,,,,,,
400,,,,,,,,
400,,,,,,,,
400,,,,,,,,
400,,,,,,,,
400,,,,,,,,
400,,,,,,,,
400,,,,,,,,
400,,,,,,,,
400,,,,,,,,
400,,,,,,,,
400,,,,,,,,
400,,,,,,,,
400,,,,,,,,
400,,,,,,,,
400,,,,,,,,
400,,,,,,,,
400,,,,,,,,
400,,,,,,,,
400,,,,,,,,
400,,,,,,,,
400,,,,,,,,
400,,,,,,,,
400,,,,,,,,
400,,,,,,,,
400,,,,,,,,
400,,,,,,,,
400,,,,,,,,
400,,,,,,,,
400,,,,,,,,
400,,,,,,,,
400,,,,,,,,
400,,,,,,,,
400,,,,,,,,
400,,,,,,,,
400,,,,,,,,
400,,,,,,,,
400,,,,,,,,
400,,,,,,,,
400,,,,,,,,
400,,,,,,,,
400,,,,,,,,
400,,,,,,,,
400,,,,,,,,
400,,,,,,,,
400,,,,,,,,
400,,,,,,,,
400,,,,,,,,
400,,,,,,,,
400,,,,,,,,
400,,,,,,,,
400,,,,,,,,
400,,,,,,,,
400,,,,,,,,
400,,,,,,,,
400,,,,,,,,
400,,,,,,,,
400,,,,,,,,
400,,,,,,,,
400,,,,,,,,
400,,,,,,,,
400,,,,,,,,
400,,,,,,,,
400,,,,,,,,
400,,,,,,,,
400,,,,,,,,
400,,,,,,,,
400,,,,,,,,
400,,,,,,,,
400,,,,,,,,
400,,,,,,,,
400,,,,,,,,
400,,,,,,,,
400,,,,,,,,
400,,,,,,,,
400,,,,,,,,
400,,,,,,,,
400,,,,,,,,
400,,,,,,,,
400,,,,,,,,
400,,,,,,,,
400,,,,,,,,
400,,,,,,,,
400,,,,,,,,
400,,,,,,,,
400,,,,,,,,
400,,,,,,,,
400,,,,,,,,
400,,,,,,,,
400,,,,,,,,
400,,,,,,,,
400,,,,,,,,
400,,,,,,,,
400,,,,,,,,
400,,,,,,,,
400,,,,,,,,
400,,,,,,,,
400,,,,,,,,
400,,,,,,,,
400,,,,,,,,
400,,,,,,,,
400,,,,,,,,
400,,,,,,,,
400,,,,,,,,
400,,,,,,,,
400,,,,,,,,
400,,,,,,,,
400,,,,,,,,
400,,,,,,,,
400,,,,,,,,
400,,,,,,,,
400,,,,,,,,
400,,,,,,,,
400,,,,,,,,
400,,,,,,,,
400,,,,,,,,
400,,,,,,,,
400,,,,,,,,
400,,,,,,,,
400,,,,,,,,
400,,,,,,,,
400,,,,,,,,
400,,,,,,,,
400,,,,,,,,
400,,,,,,,,
400,,,,,,,,
400,,,,,,,,
400,,,,,,,,
400,,,,,,,,
400,,,,,,,,
400,,,,,,,,
400,,,,,,,,
400,,,,,,,,
400,,,,,,,,
400,,,,,,,,
400,,,,,,,,
400,,,,,,,,
400,,,,,,,,
400,,,,,,,,
400,,,,,,,,
400,,,,,,,,
400,,,,,,,,
400,,,,,,,,
400,,,,,,,,
400,,,,,,,,
400,,,,,,,,
400,,,,,,,,
400,,,,,,,,
400,,,,,,,,
400,,,,,,,,
400,,,,,,,,
400,,,,,,,,
400,,,,,,,,
400,,,,,,,,
400,,,,,,,,
400,,,,,,,,
400,,,,,,,,
400,,,,,,,,
400,,,,,,,,
400,,,,,,,,
400,,,,,,,,
400,,,,,,,,
400,,,,,,,,
400,,,,,,,,
400,,,,,,,,
400,,,,,,,,
400,,,,,,,,
400,,,,,,,,
400,,,,,,,,
400,,,,,,,,
400,,,,,,,,
400,,,,,,,,
400,,,,,,,,
400,,,,,,,,
400,,,,,,,,
400,,,,,,,,
400,,,,,,,,
400,,,,,,,,
400,,,,,,,,
400,,,,,,,,
400,,,,,,,,
400,,,,,,,,
400,,,,,,,,
400,,,,,,,,
400,,,,,,,,
400,,,,,,,,
400,,,,,,,,
400,,,,,,,,
400,,,,,,,,
400,,,,,,,,
400,,,,,,,,
400,,,,,,,,
400,,,,,,,,
400,,,,,,,,
400,,,,,,,,
400,,,,,,,,
400,,,,,,,,
400,,,,,,,,
400,,,,,,,,
400,,,,,,,,
400,,,,,,,,
400,,,,,,,,
400,,,,,,,,
400,,,,,,,,
400,,,,,,,,
400,,,,,,,,
400,,,,,,,,
400,,,,,,,,
400,,,,,,,,
400,,,,,,,,
400,,,,,,,,
400,,,,,,,,
400,,,,,,,,
400,,,,,,,,
400,,,,,,,,
400,,,,,,,,
400,,,,,,,,
400,,,,,,,,
400,,,,,,,,
400,,,,,,,,
400,,,,,,,,
400,,,,,,,,
400,,,,,,,,
400,,,,,,,,
400,,,,,,,,
400,,,,,,,,
400,,,,,,,,
400,,,,,,,,
400,,,,,,,,
400,,,,,,,,
400,,,,,,,,
400,,,,,,,,
400,,,,,,,,
400,,,,,,,,
400,,,,,,,,
400,,,,,,,,
400,,,,,,,,
400,,,,,,,,
400,,,,,,,,
400,,,,,,,,
400,,,,,,,,
400,,,,,,,,
400,,,,,,,,
400,,,,,,,,
400,,,,,,,,
400,,,,,,,,
400,,,,,,,,
400,,,,,,,,
400,,,,,,,,
400,,,,,,,,
400,,,,,,,,
400,,,,,,,,
400,,,,,,,,
400,,,,,,,,
400,,,,,,,,
400,,,,,,,,
400,,,,,,,,
400,,,,,,,,
400,,,,,,,,
400,,,,,,,,
400,,,,,,,,
400,,,,,,,,
400,,,,,,,,
400,,,,,,,,
400,,,,,,,,
400,,,,,,,,
400,,,,,,,,
400,,,,,,,,
400,,,,,,,,
400,,,,,,,,
400,,,,,,,,
400,,,,,,,,
400,,,,,,,,
400,,,,,,,,
400,,,,,,,,
400,,,,,,,,
400,,,,,,,,
400,,,,,,,,
400,,,,,,,,
400,,,,,,,,
400,,,,,,,,
400,,,,,,,,
400,,,,,,,,
400,,,,,,,,
400,,,,,,,,
400,,,,,,,,
400,,,,,,,,
400,,,,,,,,
400,,,,,,,,
400,,,,,,,,
400,,,,,,,,
400,,,,,,,,
400,,,,,,,,
400,,,,,,,,
400,,,,,,,,
400,,,,,,,,
400,,,,,,,,
400,,,,,,,,
400,,,,,,,,
400,,,,,,,,
400,,,,,,,,
400,,,,,,,,
400,,,,,,,,
400,,,,,,,,
400,,,,,,,,
400,,,,,,,,
400,,,,,,,,
400,,,,,,,,
400,,,,,,,,
400,,,,,,,,
400,,,,,,,,
400,,,,,,,,
400,,,,,,,,
400,,,,,,,,
400,,,,,,,,
400,,,,,,,,
400,,,,,,,,
400,,,,,,,,
400,,,,,,,,
400,,,,,,,,
400,,,,,,,,
400,,,,,,,,
400,,,,,,,,
400,,,,,,,,
400,,,,,,,,
400,,,,,,,,
400,,,,,,,,
400,,,,,,,,
400,,,,,,,,
400,,,,,,,,
400,,,,,,,,
400,,,,,,,,
400,,,,,,,,
400,,,,,,,,
400,,,,,,,,
400,,,,,,,,
400,,,,,,,,
400,,,,,,,,
400,,,,,,,,
400,,,,,,,,
400,,,,,,,,
400,,,,,,,,
400,,,,,,,,
400,,,,,,,,
400,,,,,,,,
400,,,,,,,,
400,,,,,,,,
400,,,,,,,,
400,,,,,,,,
400,,,,,,,,
400,,,,,,,,
400,,,,,,,,
400,,,,,,,,
400,,,,,,,,
400,,,,,,,,
400,,,,,,,,
400,,,,,,,,
400,,,,,,,,
400,,,,,,,,
400,,,,,,,,
400,,,,,,,,
400,,,,,,,,
400,,,,,,,,
400,,,,,,,,
400,,,,,,,,
400,,,,,,,,
400,,,,,,,,
400,,,,,,,,
400,,,,,,,,
400,,,,,,,,
400,,,,,,,,
400,,,,,,,,
400,,,,,,,,
400,,,,,,,,
400,,,,,,,,
400,,,,,,,,
400,,,,,,,,
400,,,,,,,,
400,,,,,,,,
400,,,,,,,,
400,,,,,,,,
400,,,,,,,,
400,,,,,,,,
400,,,,,,,,
400,,,,,,,,
400,,,,,,,,
400,,,,,,,,
400,,,,,,,,
400,,,,,,,,
400,,,,,,,,
400,,,,,,,,
400,,,,,,,,
400,,,,,,,,
400,,,,,,,,
400,,,,,,,,
400,,,,,,,,
400,,,,,,,,
400,,,,,,,,
400,,,,,,,,
400,,,,,,,,
400,,,,,,,,
400,,,,,,,,
400,,,,,,,,
400,,,,,,,,
400,,,,,,,,
400,,,,,,,,
400,,,,,,,,
400,,,,,,,,
400,,,,,,,,
400,,,,,,,,
400,,,,,,,,
400,,,,,,,,
400,,,,,,,,
400,,,,,,,,
400,,,,,,,,
400,,,,,,,,
400,,,,,,,,
400,,,,,,,,
400,,,,,,,,
400,,,,,,,,
400,,,,,,,,
400,,,,,,,,
400,,,,,,,,
400,,,,,,,,
400,,,,,,,,
400,,,,,,,,
400,,,,,,,,
400,,,,,,,,
400,,,,,,,,
400,,,,,,,,
400,,,,,,,,
400,,,,,,,,
400,,,,,,,,
400,,,,,,,,
400,,,,,,,,
400,,,,,,,,
400,,,,,,,,
400,,,,,,,,
400,,,,,,,,
400,,,,,,,,
400,,,,,,,,
400,,,,,,,,
400,,,,,,,,
400,,,,,,,,
400,,,,,,,,
400,,,,,,,,
400,,,,,,,,
400,,,,,,,,
400,,,,,,,,
400,,,,,,,,
400,,,,,,,,
400,,,,,,,,
400,,,,,,,,
400,,,,,,,,
400,,,,,,,,
400,,,,,,,,
400,,,,,,,,
400,,,,,,,,
400,,,,,,,,
400,,,,,,,,
400,,,,,,,,
400,,,,,,,,
400,,,,,,,,
400,,,,,,,,
400,,,,,,,,
400,,,,,,,,
400,,,,,,,,
400,,,,,,,,
400,,,,,,,,
400,,,,,,,,
400,,,,,,,,
400,,,,,,,,
400,,,,,,,,
400,,,,,,,,
400,,,,,,,,
400,,,,,,,,
400,,,,,,,,
400,,,,,,,,
400,,,,,,,,
400,,,,,,,,
400,,,,,,,,
400,,,,,,,,
400,,,,,,,,
400,,,,,,,,
400,,,,,,,,
400,,,,,,,,
400,,,,,,,,
400,,,,,,,,
400,,,,,,,,
400,,,,,,,,
400,,,,,,,,
400,,,,,,,,
400,,,,,,,,
400,,,,,,,,
400,,,,,,,,
400,,,,,,,,
400,,,,,,,,
400,,,,,,,,
400,,,,,,,,
400,,,,,,,,
400,,,,,,,,
400,,,,,,,,
400,,,,,,,,
400,,,,,,,,
400,,,,,,,,
400,,,,,,,,
400,,,,,,,,
400,,,,,,,,
400,,,,,,,,
400,,,,,,,,
400,,,,,,,,
400,,,,,,,,
400,,,,,,,,
400,,,,,,,,
400,,,,,,,,
400,,,,,,,,
400,,,,,,,,
400,,,,,,,,
400,,,,,,,,
400,,,,,,,,
400,,,,,,,,
400,,,,,,,,
400,,,,,,,,
400,,,,,,,,
400,,,,,,,,
400,,,,,,,,
400,,,,,,,,
400,,,,,,,,
400,,,,,,,,
400,,,,,,,,
400,,,,,,,,
400,,,,,,,,
400,,,,,,,,
400,,,,,,,,
400,,,,,,,,
400,,,,,,,,
400,,,,,,,,
400,,,,,,,,
400,,,,,,,,
400,,,,,,,,
400,,,,,,,,
400,,,,,,,,
400,,,,,,,,
400,,,,,,,,
400,,,,,,,,
400,,,,,,,,
400,,,,,,,,
400,,,,,,,,
400,,,,,,,,
400,,,,,,,,
400,,,,,,,,
400,,,,,,,,
400,,,,,,,,
400,,,,,,,,
400,,,,,,,,
400,,,,,,,,
400,,,,,,,,
400,,,,,,,,
400,,,,,,,,
400,,,,,,,,
400,,,,,,,,
400,,,,,,,,
400,,,,,,,,
400,,,,,,,,
400,,,,,,,,
400,,,,,,,,
400,,,,,,,,
400,,,,,,,,
400,,,,,,,,
400,,,,,,,,
400,,,,,,,,
400,,,,,,,,
400,,,,,,,,
400,,,,,,,,
400,,,,,,,,
400,,,,,,,,
400,,,,,,,,
400,,,,,,,,
400,,,,,,,,
400,,,,,,,,
400,,,,,,,,
400,,,,,,,,
400,,,,,,,,
400,,,,,,,,
400,,,,,,,,
400,,,,,,,,
400,,,,,,,,
400,,,,,,,,
400,,,,,,,,
400,,,,,,,,
400,,,,,,,,
400,,,,,,,,
400,,,,,,,,
400,,,,,,,,
400,,,,,,,,
400,,,,,,,,
400,,,,,,,,
400,,,,,,,,
400,,,,,,,,
400,,,,,,,,
400,,,,,,,,
400,,,,,,,,
400,,,,,,,,
400,,,,,,,,
400,,,,,,,,
400,,,,,,,,
400,,,,,,,,
400,,,,,,,,
400,,,,,,,,
400,,,,,,,,
400,,,,,,,,
400,,,,,,,,
400,,,,,,,,
400,,,,,,,,
400,,,,,,,,
400,,,,,,,,
400,,,,,,,,
400,,,,,,,,
400,,,,,,,,
400,,,,,,,,
400,,,,,,,,
400,,,,,,,,
400,,,,,,,,
400,,,,,,,,
400,,,,,,,,
400,,,,,,,,
400,,,,,,,,
400,,,,,,,,
400,,,,,,,,
400,,,,,,,,
400,,,,,,,,
400,,,,,,,,
400,,,,,,,,
400,,,,,,,,
400,,,,,,,,
400,,,,,,,,
400,,,,,,,,
400,,,,,,,,
400,,,,,,,,
400,,,,,,,,
400,,,,,,,,
400,,,,,,,,
400,,,,,,,,
400,,,,,,,,
400,,,,,,,,
400,,,,,,,,
400,,,,,,,,
400,,,,,,,,
400,,,,,,,,
400,,,,,,,,
400,,,,,,,,
400,,,,,,,,
400,,,,,,,,
400,,,,,,,,
400,,,,,,,,
400,,,,,,,,
400,,,,,,,,
400,,,,,,,,
400,,,,,,,,
400,,,,,,,,
400,,,,,,,,
400,,,,,,,,
400,,,,,,,,
400,,,,,,,,
400,,,,,,,,
400,,,,,,,,
400,,,,,,,,
400,,,,,,,,
400,,,,,,,,
400,,,,,,,,
400,,,,,,,,
400,,,,,,,,
400,,,,,,,,
400,,,,,,,,
400,,,,,,,,
400,,,,,,,,
400,,,,,,,,
400,,,,,,,,
400,,,,,,,,
400,,,,,,,,
400,,,,,,,,
400,,,,,,,,
400,,,,,,,,
400,,,,,,,,
400,,,,,,,,
400,,,,,,,,
400,,,,,,,,
400,,,,,,,,
400,,,,,,,,
400,,,,,,,,
400,,,,,,,,
400,,,,,,,,
400,,,,,,,,
400,,,,,,,,
400,,,,,,,,
400,,,,,,,,
400,,,,,,,,
400,,,,,,,,
400,,,,,,,,
400,,,,,,,,
400,,,,,,,,
400,,,,,,,,
400,,,,,,,,
400,,,,,,,,
400,,,,,,,,
400,,,,,,,,
400,,,,,,,,
400,,,,,,,,
400,,,,,,,,
400,,,,,,,,
400,,,,,,,,
400,,,,,,,,
400,,,,,,,,
400,,,,,,,,
400,,,,,,,,
400,,,,,,,,
400,,,,,,,,
400,,,,,,,,
400,,,,,,,,
400,,,,,,,,
400,,,,,,,,
400,,,,,,,,
400,,,,,,,,
400,,,,,,,,
400,,,,,,,,
400,,,,,,,,
400,,,,,,,,
400,,,,,,,,
400,,,,,,,,
400,,,,,,,,
400,,,,,,,,
400,,,,,,,,
400,,,,,,,,
400,,,,,,,,
400,,,,,,,,
400,,,,,,,,
400,,,,,,,,
400,,,,,,,,
400,,,,,,,,
400,,,,,,,,
400,,,,,,,,
400,,,,,,,,
400,,,,,,,,
400,,,,,,,,
400,,,,,,,,
400,,,,,,,,
400,,,,,,,,
400,,,,,,,,
400,,,,,,,,
400,,,,,,,,
400,,,,,,,,
400,,,,,,,,
400,,,,,,,,
400,,,,,,,,
400,,,,,,,,
400,,,,,,,,
400,,,,,,,,
400,,,,,,,,
400,,,,,,,,
400,,,,,,,,
400,,,,,,,,
400,,,,,,,,
400,,,,,,,,
400,,,,,,,,
400,,,,,,,,
400,,,,,,,,
400,,,,,,,,
400,,,,,,,,
400,,,,,,,,
400,,,,,,,,
400,,,,,,,,
400,,,,,,,,
400,,,,,,,,
400,,,,,,,,
400,,,,,,,,
400,,,,,,,,
400,,,,,,,,
400,,,,,,,,
400,,,,,,,,
400,,,,,,,,
400,,,,,,,,
400,,,,,,,,
400,,,,,,,,
400,,,,,,,,
400,,,,,,,,
400,,,,,,,,
400,,,,,,,,
400,,,,,,,,
400,,,,,,,,
400,,,,,,,,
400,,,,,,,,
400,,,,,,,,
400,,,,,,,,
400,,,,,,,,
400,,,,,,,,
400,,,,,,,,
400,,,,,,,,
400,,,,,,,,
400,,,,,,,,
400,,,,,,,,
400,,,,,,,,
400,,,,,,,,
400,,,,,,,,
400,,,,,,,,
400,,,,,,,,
400,,,,,,,,
400,,,,,,,,
400,,,,,,,,
400,,,,,,,,
400,,,,,,,,
400,,,,,,,,
400,,,,,,,,
400,,,,,,,,
400,,,,,,,,
400,,,,,,,,
400,,,,,,,,
400,,,,,,,,
400,,,,,,,,
400,,,,,,,,
400,,,,,,,,
400,,,,,,,,
400,,,,,,,,
400,,,,,,,,
400,,,,,,,,
400,,,,,,,,
400,,,,,,,,
400,,,,,,,,
400,,,,,,,,
400,,,,,,,,
400,,,,,,,,
400,,,,,,,,
400,,,,,,,,
400,,,,,,,,
400,,,,,,,,
400,,,,,,,,
400,,,,,,,,
400,,,,,,,,
400,,,,,,,,
400,,,,,,,,
400,,,,,,,,
400,,,,,,,,
400,,,,,,,,
400,,,,,,,,
400,,,,,,,,
400,,,,,,,,
400,,,,,,,,
400,,,,,,,,
400,,,,,,,,
400,,,,,,,,
400,,,,,,,,
400,,,,,,,,
400,,,,,,,,
400,,,,,,,,
400,,,,,,,,
400,,,,,,,,
400,,,,,,,,
400,,,,,,,,
400,,,,,,,,
400,,,,,,,,
400,,,,,,,,
400,,,,,,,,
400,,,,,,,,
400,,,,,,,,
400,,,,,,,,
400,,,,,,,,
400,,,,,,,,
400,,,,,,,,
400,,,,,,,,
400,,,,,,,,
400,,,,,,,,
400,,,,,,,,
400,,,,,,,,
400,,,,,,,,
400,,,,,,,,
400,,,,,,,,
400,,,,,,,,
400,,,,,,,,
400,,,,,,,,
400,,,,,,,,
400,,,,,,,,
400,,,,,,,,
400,,,,,,,,
400,,,,,,,,
400,,,,,,,,
400,,,,,,,,
400,,,,,,,,
400,,,,,,,,
400,,,,,,,,
400,,,,,,,,
400,,,,,,,,
400,,,,,,,,
400,,,,,,,,
400,,,,,,,,
400,,,,,,,,
400,,,,,,,,
400,,,,,,,,
400,,,,,,,,
400,,,,,,,,
400,,,,,,,,
400,,,,,,,,
400,,,,,,,,
400,,,,,,,,
400,,,,,,,,
400,,,,,,,,
400,,,,,,,,
400,,,,,,,,
400,,,,,,,,
400,,,,,,,,
400,,,,,,,,
400,,,,,,,,
400,,,,,,,,
400,,,,,,,,
400,,,,,,,,
400,,,,,,,,
400,,,,,,,,
400,,,,,,,,
400,,,,,,,,
400,,,,,,,,
400,,,,,,,,
400,,,,,,,,
400,,,,,,,,
400,,,,,,,,
400,,,,,,,,
400,,,,,,,,
400,,,,,,,,
400,,,,,,,,
400,,,,,,,,
400,,,,,,,,
400,,,,,,,,
400,,,,,,,,
400,,,,,,,,
400,,,,,,,,
400,,,,,,,,
400,,,,,,,,
400,,,,,,,,
400,,,,,,,,
400,,,,,,,,
400,,,,,,,,
400,,,,,,,,
400,,,,,,,,
400,,,,,,,,
400,,,,,,,,
400,,,,,,,,
400,,,,,,,,
400,,,,,,,,
400,,,,,,,,
400,,,,,,,,
400,,,,,,,,
400,,,,,,,,
400,,,,,,,,
400,,,,,,,,
400,,,,,,,,
400,,,,,,,,
400,,,,,,,,
400,,,,,,,,
400,,,,,,,,
400,,,,,,,,
400,,,,,,,,
400,,,,,,,,
400,,,,,,,,
400,,,,,,,,
400,,,,,,,,
400,,,,,,,,
400,,,,,,,,
400,,,,,,,,
400,,,,,,,,
400,,,,,,,,
400,,,,,,,,
400,,,,,,,,
400,,,,,,,,
400,,,,,,,,
400,,,,,,,,
400,,,,,,,,
400,,,,,,,,
400,,,,,,,,
400,,,,,,,,
400,,,,,,,,
400,,,,,,,,
400,,,,,,,,
400,,,,,,,,
400,,,,,,,,
400,,,,,,,,
400,,,,,,,,
400,,,,,,,,
400,,,,,,,,
400,,,,,,,,
400,,,,,,,,
400,,,,,,,,
400,,,,,,,,
400,,,,,,,,
400,,,,,,,,
400,,,,,,,,
400,,,,,,,,
400,,,,,,,,
400,,,,,,,,
400,,,,,,,,
400,,,,,,,,
400,,,,,,,,
400,,,,,,,,
400,,,,,,,,
400,,,,,,,,
400,,,,,,,,
400,,,,,,,,
400,,,,,,,,
400,,,,,,,,
400,,,,,,,,
400,,,,,,,,
400,,,,,,,,
400,,,,,,,,
400,,,,,,,,
400,,,,,,,,
400,,,,,,,,
400,,,,,,,,
400,,,,,,,,
400,,,,,,,,
400,,,,,,,,
400,,,,,,,,
400,,,,,,,,
400,,,,,,,,
400,,,,,,,,
400,,,,,,,,
400,,,,,,,,
400,,,,,,,,
400,,,,,,,,
400,,,,,,,,
400,,,,,,,,
400,,,,,,,,
400,,,,,,,,
400,,,,,,,,
400,,,,,,,,
400,,,,,,,,
400,,,,,,,,
400,,,,,,,,
400,,,,,,,,
400,,,,,,,,
400,,,,,,,,
400,,,,,,,,
400,,,,,,,,
400,,,,,,,,
400,,,,,,,,
400,,,,,,,,
400,,,,,,,,
400,,,,,,,,
400,,,,,,,,
400,,,,,,,,
400,,,,,,,,
400,,,,,,,,
400,,,,,,,,
400,,,,,,,,
400,,,,,,,,
400,,,,,,,,
400,,,,,,,,
400,,,,,,,,
400,,,,,,,,
400,,,,,,,,
400,,,,,,,,
400,,,,,,,,
400,,,,,,,,
400,,,,,,,,
400,,,,,,,,
400,,,,,,,,
400,,,,,,,,
400,,,,,,,,
400,,,,,,,,
400,,,,,,,,
400,,,,,,,,
400,,,,,,,,
400,,,,,,,,
400,,,,,,,,
400,,,,,,,,
400,,,,,,,,
400,,,,,,,,
400,,,,,,,,
400,,,,,,,,
400,,,,,,,,
400,,,,,,,,
400,,,,,,,,
400,,,,,,,,
400,,,,,,,,
400,,,,,,,,
400,,,,,,,,
400,,,,,,,,
400,,,,,,,,
400,,,,,,,,
400,,,,,,,,
400,,,,,,,,
400,,,,,,,,
400,,,,,,,,
400,,,,,,,,
400,,,,,,,,
400,,,,,,,,
400,,,,,,,,
400,,,,,,,,
400,,,,,,,,
400,,,,,,,,
400,,,,,,,,
400,,,,,,,,
400,,,,,,,,
400,,,,,,,,
400,,,,,,,,
400,,,,,,,,
400,,,,,,,,
400,,,,,,,,
400,,,,,,,,
400,,,,,,,,
400,,,,,,,,
400,,,,,,,,
400,,,,,,,,
400,,,,,,,,
400,,,,,,,,
400,,,,,,,,
400,,,,,,,,
400,,,,,,,,
400,,,,,,,,
400,,,,,,,,
400,,,,,,,,
400,,,,,,,,
400,,,,,,,,
400,,,,,,,,
400,,,,,,,,
400,,,,,,,,
400,,,,,,,,
400,,,,,,,,
400,,,,,,,,
400,,,,,,,,
400,,,,,,,,
400,,,,,,,,
400,,,,,,,,
400,,,,,,,,
400,,,,,,,,
400,,,,,,,,
400,,,,,,,,
400,,,,,,,,
400,,,,,,,,
400,,,,,,,,
400,,,,,,,,
400,,,,,,,,
400,,,,,,,,
400,,,,,,,,
400,,,,,,,,
400,,,,,,,,
400,,,,,,,,
400,,,,,,,,
400,,,,,,,,
400,,,,,,,,
400,,,,,,,,
400,,,,,,,,
400,,,,,,,,
400,,,,,,,,
400,,,,,,,,
400,,,,,,,,
400,,,,,,,,
400,,,,,,,,
400,,,,,,,,
400,,,,,,,,
400,,,,,,,,
400,,,,,,,,
400,,,,,,,,
400,,,,,,,,
400,,,,,,,,
400,,,,,,,,
400,,,,,,,,
400,,,,,,,,
400,,,,,,,,
400,,,,,,,,
400,,,,,,,,
400,,,,,,,,
400,,,,,,,,
400,,,,,,,,
400,,,,,,,,
400,,,,,,,,
400,,,,,,,,
400,,,,,,,,
400,,,,,,,,
400,,,,,,,,
400,,,,,,,,
400,,,,,,,,
400,,,,,,,,
400,,,,,,,,
400,,,,,,,,
400,,,,,,,,
400,,,,,,,,
400,,,,,,,,
400,,,,,,,,
400,,,,,,,,
400,,,,,,,,
400,,,,,,,,
400,,,,,,,,
400,,,,,,,,
400,,,,,,,,
400,,,,,,,,
400,,,,,,,,
400,,,,,,,,
400,,,,,,,,
400,,,,,,,,
400,,,,,,,,
400,,,,,,,,
400,,,,,,,,
400,,,,,,,,
400,,,,,,,,
400,,,,,,,,
400,,,,,,,,
400,,,,,,,,
400,,,,,,,,
400,,,,,,,,
400,,,,,,,,
400,,,,,,,,
400,,,,,,,,
400,,,,,,,,
400,,,,,,,,
400,,,,,,,,
400,,,,,,,,
400,,,,,,,,
400,,,,,,,,
400,,,,,,,,
400,,,,,,,,
400,,,,,,,,
400,,,,,,,,
400,,,,,,,,
400,,,,,,,,
400,,,,,,,,
400,,,,,,,,
400,,,,,,,,
400,,,,,,,,
400,,,,,,,,
400,,,,,,,,
400,,,,,,,,
400,,,,,,,,
400,,,,,,,,
400,,,,,,,,
400,,,,,,,,
400,,,,,,,,
400,,,,,,,,
400,,,,,,,,
400,,,,,,,,
400,,,,,,,,
400,,,,,,,,
400,,,,,,,,
400,,,,,,,,
400,,,,,,,,
400,,,,,,,,
400,,,,,,,,
400,,,,,,,,
400,,,,,,,,
400,,,,,,,,
400,,,,,,,,
400,,,,,,,,
400,,,,,,,,
400,,,,,,,,
400,,,,,,,,
400,,,,,,,,
400,,,,,,,,
400,,,,,,,,
400,,,,,,,,
400,,,,,,,,
400,,,,,,,,
400,,,,,,,,
400,,,,,,,,
400,,,,,,,,
400,,,,,,,,
400,,,,,,,,
400,,,,,,,,
400,,,,,,,,
400,,,,,,,,
400,,,,,,,,
400,,,,,,,,
400,,,,,,,,
400,,,,,,,,
400,,,,,,,,
400,,,,,,,,
400,,,,,,,,
400,,,,,,,,
400,,,,,,,,
400,,,,,,,,
400,,,,,,,,
400,,,,,,,,
400,,,,,,,,
400,,,,,,,,
400,,,,,,,,
400,,,,,,,,
400,,,,,,,,
400,,,,,,,,
400,,,,,,,,
400,,,,,,,,
400,,,,,,,,
400,,,,,,,,
400,,,,,,,,
400,,,,,,,,
400,,,,,,,,
400,,,,,,,,
400,,,,,,,,
400,,,,,,,,
400,,,,,,,,
400,,,,,,,,
400,,,,,,,,
400,,,,,,,,
400,,,,,,,,
400,,,,,,,,
400,,,,,,,,
400,,,,,,,,
400,,,,,,,,
400,,,,,,,,
400,,,,,,,,
400,,,,,,,,
400,,,,,,,,
400,,,,,,,,
400,,,,,,,,
400,,,,,,,,
400,,,,,,,,
400,,,,,,,,
400,,,,,,,,
400,,,,,,,,
400,,,,,,,,
400,,,,,,,,
400,,,,,,,,
400,,,,,,,,
400,,,,,,,,
400,,,,,,,,
400,,,,,,,,
400,,,,,,,,
400,,,,,,,,
400,,,,,,,,
400,,,,,,,,
400,,,,,,,,
400,,,,,,,,
400,,,,,,,,
400,,,,,,,,
400,,,,,,,,
400,,,,,,,,
400,,,,,,,,
400,,,,,,,,
400,,,,,,,,
400,,,,,,,,
400,,,,,,,,
400,,,,,,,,
400,,,,,,,,
400,,,,,,,,
400,,,,,,,,
400,,,,,,,,
400,,,,,,,,
400,,,,,,,,
400,,,,,,,,
400,,,,,,,,
400,,,,,,,,
400,,,,,,,,
400,,,,,,,,
400,,,,,,,,
400,,,,,,,,
400,,,,,,,,
400,,,,,,,,
400,,,,,,,,
400,,,,,,,,
400,,,,,,,,
400,,,,,,,,
400,,,,,,,,
400,,,,,,,,
400,,,,,,,,
400,,,,,,,,
400,,,,,,,,
400,,,,,,,,
400,,,,,,,,
400,,,,,,,,
400,,,,,,,,
400,,,,,,,,
400,,,,,,,,
400,,,,,,,,
400,,,,,,,,
400,,,,,,,,
400,,,,,,,,
400,,,,,,,,
400,,,,,,,,
400,,,,,,,,
400,,,,,,,,
400,,,,,,,,
400,,,,,,,,
400,,,,,,,,
400,,,,,,,,
400,,,,,,,,
400,,,,,,,,
400,,,,,,,,
400,,,,,,,,
400,,,,,,,,
400,,,,,,,,
400,,,,,,,,
400,,,,,,,,
400,,,,,,,,
400,,,,,,,,
400,,,,,,,,
400,,,,,,,,
400,,,,,,,,
400,,,,,,,,
400,,,,,,,,
400,,,,,,,,
400,,,,,,,,
400,,,,,,,,
400,,,,,,,,
400,,,,,,,,
400,,,,,,,,
400,,,,,,,,
400,,,,,,,,
400,,,,,,,,
400,,,,,,,,
400,,,,,,,,
400,,,,,,,,
400,,,,,,,,
400,,,,,,,,
400,,,,,,,,
400,,,,,,,,
400,,,,,,,,
400,,,,,,,,
400,,,,,,,,
400,,,,,,,,
400,,,,,,,,
400,,,,,,,,
400,,,,,,,,
400,,,,,,,,
400,,,,,,,,
400,,,,,,,,
400,,,,,,,,
400,,,,,,,,
400,,,,,,,,
400,,,,,,,,
400,,,,,,,,
400,,,,,,,,
400,,,,,,,,
400,,,,,,,,
400,,,,,,,,
400,,,,,,,,
400,,,,,,,,
400,,,,,,,,
400,,,,,,,,
400,,,,,,,,
400,,,,,,,,
400,,,,,,,,
400,,,,,,,,
400,,,,,,,,
400,,,,,,,,
400,,,,,,,,
400,,,,,,,,
400,,,,,,,,
400,,,,,,,,
400,,,,,,,,
400,,,,,,,,
400,,,,,,,,
400,,,,,,,,
400,,,,,,,,
400,,,,,,,,
400,,,,,,,,
400,,,,,,,,
400,,,,,,,,
400,,,,,,,,
400,,,,,,,,
400,,,,,,,,
400,,,,,,,,
400,,,,,,,,
400,,,,,,,,
400,,,,,,,,
400,,,,,,,,
400,,,,,,,,
400,,,,,,,,
400,,,,,,,,
400,,,,,,,,
400,,,,,,,,
400,,,,,,,,
400,,,,,,,,
400,,,,,,,,
400,,,,,,,,
400,,,,,,,,
400,,,,,,,,
400,,,,,,,,
400,,,,,,,,
400,,,,,,,,
400,,,,,,,,
400,,,,,,,,
400,,,,,,,,
400,,,,,,,,
400,,,,,,,,
400,,,,,,,,
400,,,,,,,,
400,,,,,,,,
400,,,,,,,,
400,,,,,,,,
400,,,,,,,,
400,,,,,,,,
400,,,,,,,,
400,,,,,,,,
400,,,,,,,,
400,,,,,,,,
400,,,,,,,,
400,,,,,,,,
400,,,,,,,,
400,,,,,,,,
400,,,,,,,,
400,,,,,,,,
400,,,,,,,,
400,,,,,,,,
400,,,,,,,,
400,,,,,,,,
400,,,,,,,,
400,,,,,,,,
400,,,,,,,,
400,,,,,,,,
400,,,,,,,,
400,,,,,,,,
400,,,,,,,,
400,,,,,,,,
400,,,,,,,,
400,,,,,,,,
400,,,,,,,,
400,,,,,,,,
400,,,,,,,,
400,,,,,,,,
400,,,,,,,,
400,,,,,,,,
400,,,,,,,,
400,,,,,,,,
400,,,,,,,,
400,,,,,,,,
400,,,,,,,,
400,,,,,,,,
400,,,,,,,,
400,,,,,,,,
400,,,,,,,,
400,,,,,,,,
400,,,,,,,,
400,,,,,,,,
400,,,,,,,,
400,,,,,,,,
400,,,,,,,,
400,,,,,,,,
400,,,,,,,,
400,,,,,,,,
400,,,,,,,,
400,,,,,,,,
400,,,,,,,,
400,,,,,,,,
400,,,,,,,,
400,,,,,,,,
400,,,,,,,,
400,,,,,,,,
400,,,,,,,,
400,,,,,,,,
400,,,,,,,,
400,,,,,,,,
400,,,,,,,,
400,,,,,,,,
400,,,,,,,,
400,,,,,,,,
400,,,,,,,,
400,,,,,,,,
400,,,,,,,,
400,,,,,,,,
400,,,,,,,,
400,,,,,,,,
400,,,,,,,,
400,,,,,,,,
400,,,,,,,,
400,,,,,,,,
400,,,,,,,,
400,,,,,,,,
400,,,,,,,,
400,,,,,,,,
400,,,,,,,,
400,,,,,,,,
400,,,,,,,,
400,,,,,,,,
400,,,,,,,,
400,,,,,,,,
400,,,,,,,,
400,,,,,,,,
400,,,,,,,,
400,,,,,,,,
400,,,,,,,,
400,,,,,,,,
400,,,,,,,,
400,,,,,,,,
400,,,,,,,,
400,,,,,,,,
400,,,,,,,,
400,,,,,,,,
400,,,,,,,,
400,,,,,,,,
400,,,,,,,,
400,,,,,,,,
400,,,,,,,,
400,,,,,,,,
400,,,,,,,,
400,,,,,,,,
400,,,,,,,,
400,,,,,,,,
400,,,,,,,,
400,,,,,,,,
400,,,,,,,,
400,,,,,,,,
400,,,,,,,,
400,,,,,,,,
400,,,,,,,,
400,,,,,,,,
400,,,,,,,,
400,,,,,,,,
400,,,,,,,,
400,,,,,,,,
400,,,,,,,,
400,,,,,,,,
400,,,,,,,,
400,,,,,,,,
400,,,,,,,,
400,,,,,,,,
400,,,,,,,,
400,,,,,,,,
400,,,,,,,,
400,,,,,,,,
400,,,,,,,,
400,,,,,,,,
400,,,,,,,,
400,,,,,,,,
400,,,,,,,,
400,,,,,,,,
400,,,,,,,,
400,,,,,,,,
400,,,,,,,,
400,,,,,,,,
400,,,,,,,,
400,,,,,,,,
400,,,,,,,,
400,,,,,,,,
400,,,,,,,,
400,,,,,,,,
400,,,,,,,,
400,,,,,,,,
400,,,,,,,,
400,,,,,,,,
400,,,,,,,,
400,,,,,,,,
400,,,,,,,,
400,,,,,,,,
400,,,,,,,,
400,,,,,,,,
400,,,,,,,,
400,,,,,,,,
400,,,,,,,,
400,,,,,,,,
400,,,,,,,,
400,,,,,,,,
400,,,,,,,,
400,,,,,,,,
400,,,,,,,,
400,,,,,,,,
400,,,,,,,,
400,,,,,,,,
400,,,,,,,,
400,,,,,,,,
400,,,,,,,,
400,,,,,,,,
400,,,,,,,,
400,,,,,,,,
400,,,,,,,,
400,,,,,,,,
400,,,,,,,,
400,,,,,,,,
400,,,,,,,,
400,,,,,,,,
400,,,,,,,,
400,,,,,,,,
400,,,,,,,,
400,,,,,,,,
400,,,,,,,,
400,,,,,,,,
400,,,,,,,,
400,,,,,,,,
400,,,,,,,,
400,,,,,,,,
400,,,,,,,,
400,,,,,,,,
400,,,,,,,,
400,,,,,,,,
400,,,,,,,,
400,,,,,,,,
400,,,,,,,,
400,,,,,,,,
400,,,,,,,,
400,,,,,,,,
400,,,,,,,,
400,,,,,,,,
400,,,,,,,,
400,,,,,,,,
400,,,,,,,,
400,,,,,,,,
400,,,,,,,,
400,,,,,,,,
400,,,,,,,,
400,,,,,,,,
400,,,,,,,,
400,,,,,,,,
400,,,,,,,,
400,,,,,,,,
400,,,,,,,,
400,,,,,,,,
400,,,,,,,,
400,,,,,,,,
400,,,,,,,,
400,,,,,,,,
400,,,,,,,,
400,,,,,,,,
400,,,,,,,,
400,,,,,,,,
400,,,,,,,,
400,,,,,,,,
400,,,,,,,,
400,,,,,,,,
400,,,,,,,,
400,,,,,,,,
400,,,,,,,,
400,,,,,,,,
400,,,,,,,,
400,,,,,,,,
400,,,,,,,,
400,,,,,,,,
400,,,,,,,,
400,,,,,,,,
400,,,,,,,,
400,,,,,,,,
400,,,,,,,,
400,,,,,,,,
400,,,,,,,,
400,,,,,,,,
400,,,,,,,,
400,,,,,,,,
400,,,,,,,,
400,,,,,,,,
400,,,,,,,,
400,,,,,,,,
400,,,,,,,,
400,,,,,,,,
400,,,,,,,,
400,,,,,,,,
400,,,,,,,,
400,,,,,,,,
400,,,,,,,,
400,,,,,,,,
400,,,,,,,,
400,,,,,,,,
400,,,,,,,,
400,,,,,,,,
400,,,,,,,,
400,,,,,,,,
400,,,,,,,,
400,,,,,,,,
400,,,,,,,,
400,,,,,,,,
400,,,,,,,,
400,,,,,,,,
400,,,,,,,,
400,,,,,,,,
400,,,,,,,,
400,,,,,,,,
400,,,,,,,,
400,,,,,,,,
400,,,,,,,,
400,,,,,,,,
400,,,,,,,,
400,,,,,,,,
400,,,,,,,,
400,,,,,,,,
400,,,,,,,,
400,,,,,,,,
400,,,,,,,,
400,,,,,,,,
400,,,,,,,,
400,,,,,,,,
400,,,,,,,,
400,,,,,,,,
400,,,,,,,,
400,,,,,,,,
400,,,,,,,,
400,,,,,,,,
400,,,,,,,,
400,,,,,,,,
400,,,,,,,,
400,,,,,,,,
400,,,,,,,,
400,,,,,,,,
400,,,,,,,,
400,,,,,,,,
400,,,,,,,,
400,,,,,,,,
400,,,,,,,,
400,,,,,,,,
400,,,,,,,,
400,,,,,,,,
400,,,,,,,,
400,,,,,,,,
400,,,,,,,,
400,,,,,,,,
400,,,,,,,,
400,,,,,,,,
400,,,,,,,,
400,,,,,,,,
400,,,,,,,,
400,,,,,,,,
400,,,,,,,,
400,,,,,,,,
400,,,,,,,,
400,,,,,,,,
400,,,,,,,,
400,,,,,,,,
400,,,,,,,,
400,,,,,,,,
400,,,,,,,,
400,,,,,,,,
400,,,,,,,,
400,,,,,,,,
400,,,,,,,,
400,,,,,,,,
400,,,,,,,,
400,,,,,,,,
400,,,,,,,,
400,,,,,,,,
400,,,,,,,,
400,,,,,,,,
400,,,,,,,,
400,,,,,,,,
400,,,,,,,,
400,,,,,,,,
400,,,,,,,,
400,,,,,,,,
400,,,,,,,,
400,,,,,,,,
400,,,,,,,,
400,,,,,,,,
400,,,,,,,,
400,,,,,,,,
400,,,,,,,,
400,,,,,,,,
400,,,,,,,,
400,,,,,,,,
400,,,,,,,,
400,,,,,,,,
400,,,,,,,,
400,,,,,,,,
400,,,,,,,,
400,,,,,,,,
400,,,,,,,,
400,,,,,,,,
400,,,,,,,,
400,,,,,,,,
400,,,,,,,,
400,,,,,,,,
400,,,,,,,,
400,,,,,,,,
400,,,,,,,,
400,,,,,,,,
400,,,,,,,,
400,,,,,,,,
400,,,,,,,,
400,,,,,,,,
400,,,,,,,,
400,,,,,,,,
400,,,,,,,,
400,,,,,,,,
400,,,,,,,,
400,,,,,,,,
400,,,,,,,,
400,,,,,,,,
400,,,,,,,,
400,,,,,,,,
400,,,,,,,,
400,,,,,,,,
400,,,,,,,,
400,,,,,,,,
400,,,,,,,,
400,,,,,,,,
400,,,,,,,,
400,,,,,,,,
400,,,,,,,,
400,,,,,,,,
400,,,,,,,,
400,,,,,,,,
400,,,,,,,,
400,,,,,,,,
400,,,,,,,,
400,,,,,,,,
400,,,,,,,,
400,,,,,,,,
400,,,,,,,,
400,,,,,,,,
400,,,,,,,,
400,,,,,,,,
400,,,,,,,,
400,,,,,,,,
400,,,,,,,,
400,,,,,,,,
400,,,,,,,,
400,,,,,,,,
400,,,,,,,,
400,,,,,,,,
400,,,,,,,,
400,,,,,,,,
400,,,,,,,,
400,,,,,,,,
400,,,,,,,,
400,,,,,,,,
400,,,,,,,,
400,,,,,,,,
400,,,,,,,,
400,,,,,,,,
400,,,,,,,,
400,,,,,,,,
400,,,,,,,,
400,,,,,,,,
400,,,,,,,,
400,,,,,,,,
400,,,,,,,,
400,,,,,,,,
400,,,,,,,,
400,,,,,,,,
400,,,,,,,,
400,,,,,,,,
400,,,,,,,,
400,,,,,,,,
400,,,,,,,,
400,,,,,,,,
400,,,,,,,,
400,,,,,,,,
400,,,,,,,,
400,,,,,,,,
400,,,,,,,,
400,,,,,,,,
400,,,,,,,,
400,,,,,,,,
400,,,,,,,,
400,,,,,,,,
400,,,,,,,,
400,,,,,,,,
400,,,,,,,,
400,,,,,,,,
400,,,,,,,,
400,,,,,,,,
400,,,,,,,,
400,,,,,,,,
400,,,,,,,,
400,,,,,,,,
400,,,,,,,,
400,,,,,,,,
400,,,,,,,,
400,,,,,,,,
400,,,,,,,,
400,,,,,,,,
400,,,,,,,,
400,,,,,,,,
400,,,,,,,,
400,,,,,,,,
400,,,,,,,,
400,,,,,,,,
400,,,,,,,,
400,,,,,,,,
400,,,,,,,,
400,,,,,,,,
400,,,,,,,,
400,,,,,,,,
400,,,,,,,,
400,,,,,,,,
400,,,,,,,,
400,,,,,,,,
400,,,,,,,,
400,,,,,,,,
400,,,,,,,,
400,,,,,,,,
400,,,,,,,,
400,,,,,,,,
400,,,,,,,,
400,,,,,,,,
400,,,,,,,,
400,,,,,,,,
400,,,,,,,,
400,,,,,,,,
400,,,,,,,,
400,,,,,,,,
400,,,,,,,,
400,,,,,,,,
400,,,,,,,,
400,,,,,,,,
400,,,,,,,,
400,,,,,,,,
400,,,,,,,,
400,,,,,,,,
400,,,,,,,,
400,,,,,,,,
400,,,,,,,,
400,,,,,,,,
400,,,,,,,,
400,,,,,,,,
400,,,,,,,,
400,,,,,,,,
400,,,,,,,,
400,,,,,,,,
400,,,,,,,,
400,,,,,,,,
400,,,,,,,,
400,,,,,,,,
400,,,,,,,,
400,,,,,,,,
400,,,,,,,,
400,,,,,,,,
400,,,,,,,,
400,,,,,,,,
400,,,,,,,,
400,,,,,,,,
400,,,,,,,,
400,,,,,,,,
400,,,,,,,,
400,,,,,,,,
400,,,,,,,,
400,,,,,,,,
400,,,,,,,,
400,,,,,,,,
400,,,,,,,,
400,,,,,,,,
400,,,,,,,,
400,,,,,,,,
400,,,,,,,,
400,,,,,,,,
400,,,,,,,,
400,,,,,,,,
400,,,,,,,,
400,,,,,,,,
400,,,,,,,,
400,,,,,,,,
400,,,,,,,,
400,,,,,,,,
400,,,,,,,,
400,,,,,,,,
400,,,,,,,,
400,,,,,,,,
400,,,,,,,,
400,,,,,,,,
400,,,,,,,,
400,,,,,,,,
400,,,,,,,,
400,,,,,,,,
400,,,,,,,,
400,,,,,,,,
400,,,,,,,,
400,,,,,,,,
400,,,,,,,,
400,,,,,,,,
400,,,,,,,,
400,,,,,,,,
400,,,,,,,,
400,,,,,,,,
400,,,,,,,,
400,,,,,,,,
400,,,,,,,,
400,,,,,,,,
400,,,,,,,,
400,,,,,,,,
400,,,,,,,,
400,,,,,,,,
400,,,,,,,,
400,,,,,,,,
400,,,,,,,,
400,,,,,,,,
400,,,,,,,,
400,,,,,,,,
400,,,,,,,,
400,,,,,,,,
400,,,,,,,,
400,,,,,,,,
400,,,,,,,,
400,,,,,,,,
400,,,,,,,,
400,,,,,,,,
400,,,,,,,,
400,,,,,,,,
400,,,,,,,,
400,,,,,,,,
400,,,,,,,,
400,,,,,,,,
400,,,,,,,,
400,,,,,,,,
400,,,,,,,,
400,,,,,,,,
400,,,,,,,,
400,,,,,,,,
400,,,,,,,,
400,,,,,,,,
400,,,,,,,,
400,,,,,,,,
400,,,,,,,,
400,,,,,,,,
400,,,,,,,,
400,,,,,,,,
400,,,,,,,,
400,,,,,,,,
400,,,,,,,,
400,,,,,,,,
400,,,,,,,,
400,,,,,,,,
400,,,,,,,,
400,,,,,,,,
400,,,,,,,,
400,,,,,,,,
400,,,,,,,,
400,,,,,,,,
400,,,,,,,,
400,,,,,,,,
400,,,,,,,,
400,,,,,,,,
400,,,,,,,,
400,,,,,,,,
400,,,,,,,,
400,,,,,,,,
400,,,,,,,,
400,,,,,,,,
400,,,,,,,,
400,,,,,,,,
400,,,,,,,,
400,,,,,,,,
400,,,,,,,,
400,,,,,,,,
400,,,,,,,,
400,,,,,,,,
400,,,,,,,,
400,,,,,,,,
400,,,,,,,,
400,,,,,,,,
400,,,,,,,,
400,,,,,,,,
400,,,,,,,,
400,,,,,,,,
400,,,,,,,,
400,,,,,,,,
400,,,,,,,,
400,,,,,,,,
400,,,,,,,,
400,,,,,,,,
400,,,,,,,,
400,,,,,,,,
400,,,,,,,,
400,,,,,,,,
400,,,,,,,,
400,,,,,,,,
400,,,,,,,,
400,,,,,,,,
400,,,,,,,,
400,,,,,,,,
400,,,,,,,,
400,,,,,,,,
400,,,,,,,,
400,,,,,,,,
400,,,,,,,,
400,,,,,,,,
400,,,,,,,,
400,,,,,,,,
400,,,,,,,,
400,,,,,,,,
400,,,,,,,,
400,,,,,,,,
400,,,,,,,,
400,,,,,,,,
400,,,,,,,,
400,,,,,,,,
400,,,,,,,,
400,,,,,,,,
400,,,,,,,,
400,,,,,,,,
400,,,,,,,,
400,,,,,,,,
400,,,,,,,,
400,,,,,,,,
400,,,,,,,,
400,,,,,,,,
400,,,,,,,,
400,,,,,,,,
400,,,,,,,,
400,,,,,,,,
400,,,,,,,,
400,,,,,,,,
400,,,,,,,,
400,,,,,,,,
400,,,,,,,,
400,,,,,,,,
400,,,,,,,,
400,,,,,,,,
400,,,,,,,,
400,,,,,,,,
400,,,,,,,,
400,,,,,,,,
400,,,,,,,,
400,,,,,,,,
400,,,,,,,,
400,,,,,,,,
400,,,,,,,,
400,,,,,,,,
400,,,,,,,,
400,,,,,,,,
400,,,,,,,,
400,,,,,,,,
400,,,,,,,,
400,,,,,,,,
400,,,,,,,,
400,,,,,,,,
400,,,,,,,,
400,,,,,,,,
400,,,,,,,,
400,,,,,,,,
400,,,,,,,,
400,,,,,,,,
400,,,,,,,,
400,,,,,,,,
400,,,,,,,,
400,,,,,,,,
400,,,,,,,,
400,,,,,,,,
400,,,,,,,,
400,,,,,,,,
400,,,,,,,,
400,,,,,,,,
400,,,,,,,,
400,,,,,,,,
400,,,,,,,,
400,,,,,,,,
400,,,,,,,,
400,,,,,,,,
400,,,,,,,,
400,,,,,,,,
400,,,,,,,,
400,,,,,,,,
400,,,,,,,,
400,,,,,,,,
400,,,,,,,,
400,,,,,,,,
400,,,,,,,,
400,,,,,,,,
400,,,,,,,,
400,,,,,,,,
400,,,,,,,,
400,,,,,,,,
400,,,,,,,,
400,,,,,,,,
400,,,,,,,,
400,,,,,,,,
400,,,,,,,,
400,,,,,,,,
400,,,,,,,,
400,,,,,,,,
400,,,,,,,,
400,,,,,,,,
400,,,,,,,,
400,,,,,,,,
400,,,,,,,,
400,,,,,,,,
400,,,,,,,,
400,,,,,,,,
400,,,,,,,,
400,,,,,,,,
400,,,,,,,,
400,,,,,,,,
400,,,,,,,,
400,,,,,,,,
400,,,,,,,,
400,,,,,,,,
400,,,,,,,,
400,,,,,,,,
400,,,,,,,,
400,,,,,,,,
400,,,,,,,,
400,,,,,,,,
400,,,,,,,,
400,,,,,,,,
400,,,,,,,,
400,,,,,,,,
400,,,,,,,,
400,,,,,,,,
400,,,,,,,,
400,,,,,,,,
400,,,,,,,,
400,,,,,,,,
400,,,,,,,,
400,,,,,,,,
400,,,,,,,,
400,,,,,,,,
400,,,,,,,,
400,,,,,,,,
400,,,,,,,,
400,,,,,,,,
400,,,,,,,,
400,,,,,,,,
400,,,,,,,,
400,,,,,,,,
400,,,,,,,,
400,,,,,,,,
400,,,,,,,,
400,,,,,,,,
400,,,,,,,,
400,,,,,,,,
400,,,,,,,,
400,,,,,,,,
400,,,,,,,,
400,,,,,,,,
400,,,,,,,,
400,,,,,,,,
400,,,,,,,,
400,,,,,,,,
400,,,,,,,,
400,,,,,,,,
400,,,,,,,,
400,,,,,,,,
400,,,,,,,,
400,,,,,,,,
400,,,,,,,,
400,,,,,,,,
400,,,,,,,,
400,,,,,,,,
400,,,,,,,,
400,,,,,,,,
400,,,,,,,,
400,,,,,,,,
400,,,,,,,,
400,,,,,,,,
400,,,,,,,,
400,,,,,,,,
400,,,,,,,,
400,,,,,,,,
400,,,,,,,,
400,,,,,,,,
400,,,,,,,,
400,,,,,,,,
400,,,,,,,,
400,,,,,,,,
400,,,,,,,,
400,,,,,,,,
400,,,,,,,,
400,,,,,,,,
400,,,,,,,,
400,,,,,,,,
400,,,,,,,,
400,,,,,,,,
400,,,,,,,,
400,,,,,,,,
400,,,,,,,,
400,,,,,,,,
400,,,,,,,,
400,,,,,,,,
400,,,,,,,,
400,,,,,,,,
400,,,,,,,,
400,,,,,,,,
400,,,,,,,,
400,,,,,,,,
400,,,,,,,,
400,,,,,,,,
400,,,,,,,,
400,,,,,,,,
400,,,,,,,,
400,,,,,,,,
400,,,,,,,,
400,,,,,,,,
400,,,,,,,,
400,,,,,,,,
400,,,,,,,,
400,,,,,,,,
400,,,,,,,,
400,,,,,,,,
400,,,,,,,,
400,,,,,,,,
400,,,,,,,,
400,,,,,,,,
400,,,,,,,,
400,,,,,,,,
400,,,,,,,,
400,,,,,,,,
400,,,,,,,,
400,,,,,,,,
400,,,,,,,,
400,,,,,,,,
400,,,,,,,,
400,,,,,,,,
400,,,,,,,,
400,,,,,,,,
400,,,,,,,,
400,,,,,,,,
400,,,,,,,,
400,,,,,,,,
400,,,,,,,,
400,,,,,,,,
400,,,,,,,,
400,,,,,,,,
400,,,,,,,,
400,,,,,,,,
400,,,,,,,,
400,,,,,,,,
400,,,,,,,,
400,,,,,,,,
400,,,,,,,,
400,,,,,,,,
400,,,,,,,,
400,,,,,,,,
400,,,,,,,,
400,,,,,,,,
400,,,,,,,,
400,,,,,,,,
400,,,,,,,,
400,,,,,,,,
400,,,,,,,,
400,,,,,,,,
400,,,,,,,,
400,,,,,,,,
400,,,,,,,,
400,,,,,,,,
400,,,,,,,,
400,,,,,,,,
400,,,,,,,,
400,,,,,,,,
400,,,,,,,,
400,,,,,,,,
400,,,,,,,,
400,,,,,,,,
400,,,,,,,,
400,,,,,,,,
400,,,,,,,,
400,,,,,,,,
400,,,,,,,,
400,,,,,,,,
400,,,,,,,,
400,,,,,,,,
400,,,,,,,,
400,,,,,,,,
400,,,,,,,,
400,,,,,,,,
400,,,,,,,,
400,,,,,,,,
400,,,,,,,,
400,,,,,,,,
400,,,,,,,,
400,,,,,,,,
400,,,,,,,,
400,,,,,,,,
400,,,,,,,,
400,,,,,,,,
400,,,,,,,,
400,,,,,,,,
400,,,,,,,,
400,,,,,,,,
400,,,,,,,,
400,,,,,,,,
400,,,,,,,,
400,,,,,,,,
400,,,,,,,,
400,,,,,,,,
400,,,,,,,,
400,,,,,,,,
400,,,,,,,,
400,,,,,,,,
400,,,,,,,,
400,,,,,,,,
400,,,,,,,,
400,,,,,,,,
400,,,,,,,,
400,,,,,,,,
400,,,,,,,,
400,,,,,,,,
400,,,,,,,,
400,,,,,,,,
400,,,,,,,,
400,,,,,,,,
400,,,,,,,,
400,,,,,,,,
400,,,,,,,,
400,,,,,,,,
400,,,,,,,,
400,,,,,,,,
400,,,,,,,,
400,,,,,,,,
400,,,,,,,,
400,,,,,,,,
400,,,,,,,,
400,,,,,,,,
400,,,,,,,,
400,,,,,,,,
400,,,,,,,,
400,,,,,,,,
400,,,,,,,,
400,,,,,,,,
400,,,,,,,,
400,,,,,,,,
400,,,,,,,,
400,,,,,,,,
400,,,,,,,,
400,,,,,,,,
400,,,,,,,,
400,,,,,,,,
400,,,,,,,,
400,,,,,,,,
400,,,,,,,,
400,,,,,,,,
400,,,,,,,,
400,,,,,,,,
400,,,,,,,,
400,,,,,,,,
400,,,,,,,,
400,,,,,,,,
400,,,,,,,,
400,,,,,,,,
400,,,,,,,,
400,,,,,,,,
400,,,,,,,,
400,,,,,,,,
400,,,,,,,,
400,,,,,,,,
400,,,,,,,,
400,,,,,,,,
400,,,,,,,,
400,,,,,,,,
400,,,,,,,,
400,,,,,,,,
400,,,,,,,,
400,,,,,,,,
400,,,,,,,,
400,,,,,,,,
400,,,,,,,,
400,,,,,,,,
400,,,,,,,,
400,,,,,,,,
400,,,,,,,,
400,,,,,,,,
400,,,,,,,,
400,,,,,,,,
400,,,,,,,,
400,,,,,,,,
400,,,,,,,,
400,,,,,,,,
400,,,,,,,,
400,,,,,,,,
400,,,,,,,,
400,,,,,,,,
400,,,,,,,,
400,,,,,,,,
400,,,,,,,,
400,,,,,,,,
400,,,,,,,,
400,,,,,,,,
400,,,,,,,,
400,,,,,,,,
400,,,,,,,,
400,,,,,,,,
400,,,,,,,,
400,,,,,,,,
400,,,,,,,,
400,,,,,,,,
400,,,,,,,,
400,,,,,,,,
400,,,,,,,,
400,,,,,,,,
400,,,,,,,,
400,,,,,,,,
400,,,,,,,,
400,,,,,,,,
400,,,,,,,,
400,,,,,,,,
400,,,,,,,,
400,,,,,,,,
400,,,,,,,,
400,,,,,,,,
400,,,,,,,,
400,,,,,,,,
400,,,,,,,,
400,,,,,,,,
400,,,,,,,,
400,,,,,,,,
400,,,,,,,,
400,,,,,,,,
400,,,,,,,,
400,,,,,,,,
400,,,,,,,,
400,,,,,,,,
400,,,,,,,,
400,,,,,,,,
400,,,,,,,,
400,,,,,,,,
400,,,,,,,,
400,,,,,,,,
400,,,,,,,,
400,,,,,,,,
400,,,,,,,,
400,,,,,,,,
400,,,,,,,,
400,,,,,,,,
400,,,,,,,,
400,,,,,,,,
400,,,,,,,,
400,,,,,,,,
400,,,,,,,,
400,,,,,,,,
400,,,,,,,,
400,,,,,,,,
400,,,,,,,,
400,,,,,,,,
400,,,,,,,,
400,,,,,,,,
400,,,,,,,,
400,,,,,,,,
400,,,,,,,,
400,,,,,,,,
400,,,,,,,,
400,,,,,,,,
400,,,,,,,,
400,,,,,,,,
400,,,,,,,,
400,,,,,,,,
400,,,,,,,,
400,,,,,,,,
400,,,,,,,,
400,,,,,,,,
400,,,,,,,,
400,,,,,,,,
400,,,,,,,,
400,,,,,,,,
400,,,,,,,,
400,,,,,,,,
400,,,,,,,,
400,,,,,,,,
400,,,,,,,,
400,,,,,,,,
400,,,,,,,,
400,,,,,,,,
400,,,,,,,,
400,,,,,,,,
400,,,,,,,,
400,,,,,,,,
400,,,,,,,,
400,,,,,,,,
400,,,,,,,,
400,,,,,,,,
400,,,,,,,,
400,,,,,,,,
400,,,,,,,,
400,,,,,,,,
400,,,,,,,,
400,,,,,,,,
400,,,,,,,,
400,,,,,,,,
400,,,,,,,,
400,,,,,,,,
400,,,,,,,,
400,,,,,,,,
400,,,,,,,,
400,,,,,,,,
400,,,,,,,,
400,,,,,,,,
400,,,,,,,,
400,,,,,,,,
400,,,,,,,,
400,,,,,,,,
400,,,,,,,,
400,,,,,,,,
400,,,,,,,,
400,,,,,,,,
400,,,,,,,,
400,,,,,,,,
400,,,,,,,,
400,,,,,,,,
400,,,,,,,,
400,,,,,,,,
400,,,,,,,,
400,,,,,,,,
400,,,,,,,,
400,,,,,,,,
400,,,,,,,,
400,,,,,,,,
400,,,,,,,,
400,,,,,,,,
400,,,,,,,,
400,,,,,,,,
400,,,,,,,,
400,,,,,,,,
400,,,,,,,,
400,,,,,,,,
400,,,,,,,,
400,,,,,,,,
400,,,,,,,,
400,,,,,,,,
400,,,,,,,,
400,,,,,,,,
400,,,,,,,,
400,,,,,,,,
400,,,,,,,,
400,,,,,,,,
400,,,,,,,,
400,,,,,,,,
400,,,,,,,,
400,,,,,,,,
400,,,,,,,,
400,,,,,,,,
400,,,,,,,,
400,,,,,,,,
400,,,,,,,,
400,,,,,,,,
400,,,,,,,,
400,,,,,,,,
400,,,,,,,,
400,,,,,,,,
400,,,,,,,,
400,,,,,,,,
400,,,,,,,,
400,,,,,,,,
400,,,,,,,,
400,,,,,,,,
400,,,,,,,,
400,,,,,,,,
400,,,,,,,,
400,,,,,,,,
400,,,,,,,,
400,,,,,,,,
400,,,,,,,,
400,,,,,,,,
400,,,,,,,,
400,,,,,,,,
400,,,,,,,,
400,,,,,,,,
400,,,,,,,,
400,,,,,,,,
400,,,,,,,,
400,,,,,,,,
400,,,,,,,,
400,,,,,,,,
400,,,,,,,,
400,,,,,,,,
400,,,,,,,,
400,,,,,,,,
400,,,,,,,,
400,,,,,,,,
400,,,,,,,,
400,,,,,,,,
400,,,,,,,,
400,,,,,,,,
400,,,,,,,,
400,,,,,,,,
400,,,,,,,,
400,,,,,,,,
400,,,,,,,,
400,,,,,,,,
400,,,,,,,,
400,,,,,,,,
400,,,,,,,,
400,,,,,,,,
400,,,,,,,,
400,,,,,,,,
400,,,,,,,,
400,,,,,,,,
400,,,,,,,,
400,,,,,,,,
400,,,,,,,,
400,,,,,,,,
400,,,,,,,,
400,,,,,,,,
400,,,,,,,,
400,,,,,,,,
400,,,,,,,,
400,,,,,,,,
400,,,,,,,,
400,,,,,,,,
400,,,,,,,,
400,,,,,,,,
400,,,,,,,,
400,,,,,,,,
400,,,,,,,,
400,,,,,,,,
400,,,,,,,,
400,,,,,,,,
400,,,,,,,,
400,,,,,,,,
400,,,,,,,,
400,,,,,,,,
400,,,,,,,,
400,,,,,,,,
400,,,,,,,,
400,,,,,,,,
400,,,,,,,,
400,,,,,,,,
400,,,,,,,,
400,,,,,,,,
400,,,,,,,,
400,,,,,,,,
400,,,,,,,,
400,,,,,,,,
400,,,,,,,,
400,,,,,,,,
400,,,,,,,,
400,,,,,,,,
400,,,,,,,,
400,,,,,,,,
400,,,,,,,,
400,,,,,,,,
400,,,,,,,,
400,,,,,,,,
400,,,,,,,,
400,,,,,,,,
400,,,,,,,,
400,,,,,,,,
400,,,,,,,,
400,,,,,,,,
400,,,,,,,,
400,,,,,,,,
400,,,,,,,,
400,,,,,,,,
400,,,,,,,,
400,,,,,,,,
400,,,,,,,,
400,,,,,,,,
400,,,,,,,,
400,,,,,,,,
400,,,,,,,,
400,,,,,,,,
400,,,,,,,,
400,,,,,,,,
400,,,,,,,,
400,,,,,,,,
400,,,,,,,,
400,,,,,,,,
400,,,,,,,,
400,,,,,,,,
400,,,,,,,,
400,,,,,,,,
400,,,,,,,,
400,,,,,,,,
400,,,,,,,,
400,,,,,,,,
400,,,,,,,,
400,,,,,,,,
400,,,,,,,,
400,,,,,,,,
400,,,,,,,,
400,,,,,,,,
400,,,,,,,,
400,,,,,,,,
400,,,,,,,,
400,,,,,,,,
400,,,,,,,,
400,,,,,,,,
400,,,,,,,,
400,,,,,,,,
400,,,,,,,,
400,,,,,,,,
400,,,,,,,,
400,,,,,,,,
400,,,,,,,,
400,,,,,,,,
400,,,,,,,,
400,,,,,,,,
400,,,,,,,,
400,,,,,,,,
400,,,,,,,,
400,,,,,,,,
400,,,,,,,,
400,,,,,,,,
400,,,,,,,,
400,,,,,,,,
400,,,,,,,,
400,,,,,,,,
400,,,,,,,,
400,,,,,,,,
400,,,,,,,,
400,,,,,,,,
400,,,,,,,,
400,,,,,,,,
400,,,,,,,,
400,,,,,,,,
400,,,,,,,,
400,,,,,,,,
400,,,,,,,,
400,,,,,,,,
400,,,,,,,,
400,,,,,,,,
400,,,,,,,,
400,,,,,,,,
400,,,,,,,,
400,,,,,,,,
400,,,,,,,,
400,,,,,,,,
400,,,,,,,,
400,,,,,,,,
400,,,,,,,,
400,,,,,,,,
400,,,,,,,,
400,,,,,,,,
400,,,,,,,,
400,,,,,,,,
400,,,,,,,,
400,,,,,,,,
400,,,,,,,,
400,,,,,,,,
400,,,,,,,,
400,,,,,,,,
400,,,,,,,,
400,,,,,,,,
400,,,,,,,,
400,,,,,,,,
400,,,,,,,,
400,,,,,,,,
400,,,,,,,,
400,,,,,,,,
400,,,,,,,,
400,,,,,,,,
400,,,,,,,,
400,,,,,,,,
400,,,,,,,,
400,,,,,,,,
400,,,,,,,,
400,,,,,,,,
400,,,,,,,,
400,,,,,,,,
400,,,,,,,,
400,,,,,,,,
400,,,,,,,,
400,,,,,,,,
400,,,,,,,,
400,,,,,,,,
400,,,,,,,,
400,,,,,,,,
400,,,,,,,,
400,,,,,,,,
400,,,,,,,,
400,,,,,,,,
400,,,,,,,,
400,,,,,,,,
400,,,,,,,,
400,,,,,,,,
400,,,,,,,,
400,,,,,,,,
400,,,,,,,,
400,,,,,,,,
400,,,,,,,,
400,,,,,,,,
400,,,,,,,,
400,,,,,,,,
400,,,,,,,,
400,,,,,,,,
400,,,,,,,,
400,,,,,,,,
400,,,,,,,,
400,,,,,,,,
400,,,,,,,,
400,,,,,,,,
400,,,,,,,,
400,,,,,,,,
400,,,,,,,,
400,,,,,,,,
400,,,,,,,,
400,,,,,,,,
400,,,,,,,,
400,,,,,,,,
400,,,,,,,,
400,,,,,,,,
400,,,,,,,,
400,,,,,,,,
400,,,,,,,,
400,,,,,,,,
400,,,,,,,,
400,,,,,,,,
400,,,,,,,,
400,,,,,,,,
400,,,,,,,,
400,,,,,,,,
400,,,,,,,,
400,,,,,,,,
400,,,,,,,,
400,,,,,,,,
400,,,,,,,,
400,,,,,,,,
400,,,,,,,,
400,,,,,,,,
400,,,,,,,,
400,,,,,,,,
400,,,,,,,,
400,,,,,,,,
400,,,,,,,,
400,,,,,,,,
400,,,,,,,,
400,,,,,,,,
400,,,,,,,,
400,,,,,,,,
400,,,,,,,,
400,,,,,,,,
400,,,,,,,,
400,,,,,,,,
400,,,,,,,,
400,,,,,,,,
400,,,,,,,,
400,,,,,,,,
400,,,,,,,,
400,,,,,,,,
400,,,,,,,,
400,,,,,,,,
400,,,,,,,,
400,,,,,,,,
400,,,,,,,,
400,,,,,,,,
400,,,,,,,,
400,,,,,,,,
400,,,,,,,,
400,,,,,,,,
400,,,,,,,,
400,,,,,,,,
400,,,,,,,,
400,,,,,,,,
400,,,,,,,,
400,,,,,,,,
400,,,,,,,,
400,,,,,,,,
400,,,,,,,,
400,,,,,,,,
400,,,,,,,,
400,,,,,,,,
400,,,,,,,,
400,,,,,,,,
400,,,,,,,,
400,,,,,,,,
400,,,,,,,,
400,,,,,,,,
400,,,,,,,,
400,,,,,,,,
400,,,,,,,,
400,,,,,,,,
400,,,,,,,,
400,,,,,,,,
400,,,,,,,,
400,,,,,,,,
400,,,,,,,,
400,,,,,,,,
400,,,,,,,,
400,,,,,,,,
400,,,,,,,,
400,,,,,,,,
400,,,,,,,,
400,,,,,,,,
400,,,,,,,,
400,,,,,,,,
400,,,,,,,,
400,,,,,,,,
400,,,,,,,,
400,,,,,,,,
400,,,,,,,,
400,,,,,,,,
400,,,,,,,,
400,,,,,,,,
400,,,,,,,,
400,,,,,,,,
400,,,,,,,,
400,,,,,,,,
400,,,,,,,,
400,,,,,,,,
400,,,,,,,,
400,,,,,,,,
400,,,,,,,,
400,,,,,,,,
400,,,,,,,,
400,,,,,,,,
400,,,,,,,,
400,,,,,,,,
400,,,,,,,,
400,,,,,,,,
400,,,,,,,,
400,,,,,,,,
400,,,,,,,,
400,,,,,,,,
400,,,,,,,,
400,,,,,,,,
400,,,,,,,,
400,,,,,,,,
400,,,,,,,,
400,,,,,,,,
400,,,,,,,,
400,,,,,,,,
400,,,,,,,,
400,,,,,,,,
400,,,,,,,,
400,,,,,,,,
400,,,,,,,,
400,,,,,,,,
400,,,,,,,,
400,,,,,,,,
400,,,,,,,,
400,,,,,,,,
400,,,,,,,,
400,,,,,,,,
400,,,,,,,,
400,,,,,,,,
400,,,,,,,,
400,,,,,,,,
400,,,,,,,,
400,,,,,,,,
400,,,,,,,,
400,,,,,,,,
400,,,,,,,,
400,,,,,,,,
400,,,,,,,,
400,,,,,,,,
400,,,,,,,,
400,,,,,,,,
400,,,,,,,,
400,,,,,,,,
400,,,,,,,,
400,,,,,,,,
400,,,,,,,,
400,,,,,,,,
400,,,,,,,,
400,,,,,,,,
400,,,,,,,,
400,,,,,,,,
400,,,,,,,,
400,,,,,,,,
400,,,,,,,,
400,,,,,,,,
400,,,,,,,,
400,,,,,,,,
400,,,,,,,,
400,,,,,,,,
400,,,,,,,,
400,,,,,,,,
400,,,,,,,,
400,,,,,,,,
400,,,,,,,,
400,,,,,,,,
400,,,,,,,,
400,,,,,,,,
400,,,,,,,,
400,,,,,,,,
400,,,,,,,,
400,,,,,,,,
400,,,,,,,,
400,,,,,,,,
400,,,,,,,,
400,,,,,,,,
400,,,,,,,,
400,,,,,,,,
400,,,,,,,,
400,,,,,,,,
400,,,,,,,,
400,,,,,,,,
400,,,,,,,,
400,,,,,,,,
400,,,,,,,,
400,,,,,,,,
400,,,,,,,,
400,,,,,,,,
400,,,,,,,,
400,,,,,,,,
400,,,,,,,,
400,,,,,,,,
400,,,,,,,,
400,,,,,,,,
400,,,,,,,,
400,,,,,,,,
400,,,,,,,,
400,,,,,,,,
400,,,,,,,,
400,,,,,,,,
400,,,,,,,,
400,,,,,,,,
400,,,,,,,,
400,,,,,,,,
400,,,,,,,,
400,,,,,,,,
400,,,,,,,,
400,,,,,,,,
400,,,,,,,,
400,,,,,,,,
400,,,,,,,,
400,,,,,,,,
400,,,,,,,,
400,,,,,,,,
400,,,,,,,,
400,,,,,,,,
400,,,,,,,,
400,,,,,,,,
400,,,,,,,,
400,,,,,,,,
400,,,,,,,,
400,,,,,,,,
400,,,,,,,,
400,,,,,,,,
400,,,,,,,,
400,,,,,,,,
400,,,,,,,,
400,,,,,,,,
400,,,,,,,,
400,,,,,,,,
400,,,,,,,,
400,,,,,,,,
400,,,,,,,,
400,,,,,,,,
400,,,,,,,,
400,,,,,,,,
400,,,,,,,,
400,,,,,,,,
400,,,,,,,,
400,,,,,,,,
400,,,,,,,,
400,,,,,,,,
400,,,,,,,,
400,,,,,,,,
400,,,,,,,,
400,,,,,,,,
400,,,,,,,,
400,,,,,,,,
400,,,,,,,,
400,,,,,,,,
400,,,,,,,,
400,,,,,,,,
400,,,,,,,,
400,,,,,,,,
400,,,,,,,,
400,,,,,,,,
400,,,,,,,,
400,,,,,,,,
400,,,,,,,,
400,,,,,,,,
400,,,,,,,,
400,,,,,,,,
400,,,,,,,,
400,,,,,,,,
400,,,,,,,,
400,,,,,,,,
400,,,,,,,,
400,,,,,,,,
400,,,,,,,,
400,,,,,,,,
400,,,,,,,,
400,,,,,,,,
400,,,,,,,,
400,,,,,,,,
400,,,,,,,,
400,,,,,,,,
400,,,,,,,,
400,,,,,,,,
400,,,,,,,,
400,,,,,,,,
400,,,,,,,,
400,,,,,,,,
400,,,,,,,,
400,,,,,,,,
400,,,,,,,,
400,,,,,,,,
400,,,,,,,,
400,,,,,,,,
400,,,,,,,,
400,,,,,,,,
400,,,,,,,,
400,,,,,,,,
400,,,,,,,,
400,,,,,,,,
400,,,,,,,,
400,,,,,,,,
400,,,,,,,,
400,,,,,,,,
400,,,,,,,,
400,,,,,,,,
400,,,,,,,,
400,,,,,,,,
400,,,,,,,,
400,,,,,,,,
400,,,,,,,,
400,,,,,,,,
400,,,,,,,,
400,,,,,,,,
400,,,,,,,,
400,,,,,,,,
400,,,,,,,,
400,,,,,,,,
400,,,,,,,,
400,,,,,,,,
400,,,,,,,,
400,,,,,,,,
400,,,,,,,,
400,,,,,,,,
400,,,,,,,,
400,,,,,,,,
400,,,,,,,,
400,,,,,,,,
400,,,,,,,,
400,,,,,,,,
400,,,,,,,,
400,,,,,,,,
400,,,,,,,,
400,,,,,,,,
400,,,,,,,,
400,,,,,,,,
400,,,,,,,,
400,,,,,,,,
400,,,,,,,,
400,,,,,,,,
400,,,,,,,,
400,,,,,,,,
400,,,,,,,,
400,,,,,,,,
400,,,,,,,,
400,,,,,,,,
400,,,,,,,,
400,,,,,,,,
400,,,,,,,,
400,,,,,,,,
400,,,,,,,,
400,,,,,,,,
400,,,,,,,,
400,,,,,,,,
400,,,,,,,,
400,,,,,,,,
400,,,,,,,,
400,,,,,,,,
400,,,,,,,,
400,,,,,,,,
400,,,,,,,,
400,,,,,,,,
400,,,,,,,,
400,,,,,,,,
400,,,,,,,,
400,,,,,,,,
400,,,,,,,,
400,,,,,,,,
400,,,,,,,,
400,,,,,,,,
400,,,,,,,,
400,,,,,,,,
400,,,,,,,,
400,,,,,,,,
400,,,,,,,,
400,,,,,,,,
400,,,,,,,,
400,,,,,,,,
400,,,,,,,,
400,,,,,,,,
400,,,,,,,,
400,,,,,,,,
400,,,,,,,,
400,,,,,,,,
400,,,,,,,,
400,,,,,,,,
400,,,,,,,,
400,,,,,,,,
400,,,,,,,,
400,,,,,,,,
400,,,,,,,,
400,,,,,,,,
400,,,,,,,,
400,,,,,,,,
400,,,,,,,,
400,,,,,,,,
400,,,,,,,,
400,,,,,,,,
400,,,,,,,,
400,,,,,,,,
400,,,,,,,,
400,,,,,,,,
400,,,,,,,,
400,,,,,,,,
400,,,,,,,,
400,,,,,,,,
400,,,,,,,,
400,,,,,,,,
400,,,,,,,,
400,,,,,,,,
400,,,,,,,,
400,,,,,,,,
400,,,,,,,,
400,,,,,,,,
400,,,,,,,,
400,,,,,,,,
400,,,,,,,,
400,,,,,,,,
400,,,,,,,,
400,,,,,,,,
400,,,,,,,,
400,,,,,,,,
400,,,,,,,,
400,,,,,,,,
400,,,,,,,,
400,,,,,,,,
400,,,,,,,,
400,,,,,,,,
400,,,,,,,,
400,,,,,,,,
400,,,,,,,,
400,,,,,,,,
400,,,,,,,,
400,,,,,,,,
400,,,,,,,,
400,,,,,,,,
400,,,,,,,,
400,,,,,,,,
400,,,,,,,,
400,,,,,,,,
400,,,,,,,,
400,,,,,,,,
400,,,,,,,,
400,,,,,,,,
400,,,,,,,,
400,,,,,,,,
400,,,,,,,,
400,,,,,,,,
400,,,,,,,,
400,,,,,,,,
400,,,,,,,,
400,,,,,,,,
400,,,,,,,,
400,,,,,,,,
400,,,,,,,,
400,,,,,,,,
400,,,,,,,,
400,,,,,,,,
400,,,,,,,,
400,,,,,,,,
400,,,,,,,,
400,,,,,,,,
400,,,,,,,,
400,,,,,,,,
400,,,,,,,,
400,,,,,,,,
400,,,,,,,,
400,,,,,,,,
400,,,,,,,,
400,,,,,,,,
400,,,,,,,,
400,,,,,,,,
400,,,,,,,,
400,,,,,,,,
400,,,,,,,,
400,,,,,,,,
400,,,,,,,,
400,,,,,,,,
400,,,,,,,,
400,,,,,,,,
400,,,,,,,,
400,,,,,,,,
400,,,,,,,,
400,,,,,,,,
400,,,,,,,,
400,,,,,,,,
400,,,,,,,,
400,,,,,,,,
400,,,,,,,,
400,,,,,,,,
400,,,,,,,,
400,,,,,,,,
400,,,,,,,,
400,,,,,,,,
400,,,,,,,,
400,,,,,,,,
400,,,,,,,,
400,,,,,,,,
400,,,,,,,,
400,,,,,,,,
400,,,,,,,,
400,,,,,,,,
400,,,,,,,,
400,,,,,,,,
400,,,,,,,,
400,,,,,,,,
400,,,,,,,,
400,,,,,,,,
400,,,,,,,,
400,,,,,,,,
400,,,,,,,,
400,,,,,,,,
400,,,,,,,,
400,,,,,,,,
400,,,,,,,,
400,,,,,,,,
400,,,,,,,,
400,,,,,,,,
400,,,,,,,,
400,,,,,,,,
400,,,,,,,,
400,,,,,,,,
400,,,,,,,,
400,,,,,,,,
400,,,,,,,,
400,,,,,,,,
400,,,,,,,,
400,,,,,,,,
400,,,,,,,,
400,,,,,,,,
400,,,,,,,,
400,,,,,,,,
400,,,,,,,,
400,,,,,,,,
400,,,,,,,,
400,,,,,,,,
400,,,,,,,,
400,,,,,,,,
400,,,,,,,,
400,,,,,,,,
400,,,,,,,,
400,,,,,,,,
400,,,,,,,,
400,,,,,,,,
400,,,,,,,,
400,,,,,,,,
400,,,,,,,,
400,,,,,,,,
400,,,,,,,,
400,,,,,,,,
400,,,,,,,,
400,,,,,,,,
400,,,,,,,,
400,,,,,,,,
400,,,,,,,,
400,,,,,,,,
400,,,,,,,,
400,,,,,,,,
400,,,,,,,,
400,,,,,,,,
400,,,,,,,,
400,,,,,,,,
400,,,,,,,,
400,,,,,,,,
400,,,,,,,,
400,,,,,,,,
400,,,,,,,,
400,,,,,,,,
400,,,,,,,,
400,,,,,,,,
400,,,,,,,,
400,,,,,,,,
400,,,,,,,,
400,,,,,,,,
400,,,,,,,,
400,,,,,,,,
400,,,,,,,,
400,,,,,,,,
400,,,,,,,,
400,,,,,,,,
400,,,,,,,,
400,,,,,,,,
400,,,,,,,,
400,,,,,,,,
400,,,,,,,,
400,,,,,,,,
400,,,,,,,,
400,,,,,,,,
400,,,,,,,,
400,,,,,,,,
400,,,,,,,,
400,,,,,,,,
400,,,,,,,,
400,,,,,,,,
400,,,,,,,,
400,,,,,,,,
400,,,,,,,,
400,,,,,,,,
400,,,,,,,,
400,,,,,,,,
400,,,,,,,,
400,,,,,,,,
400,,,,,,,,
400,,,,,,,,
400,,,,,,,,
400,,,,,,,,
400,,,,,,,,
400,,,,,,,,
400,,,,,,,,
400,,,,,,,,
400,,,,,,,,
400,,,,,,,,
400,,,,,,,,
400,,,,,,,,
400,,,,,,,,
400,,,,,,,,
400,,,,,,,,
400,,,,,,,,
400,,,,,,,,
400,,,,,,,,
400,,,,,,,,
400,,,,,,,,
400,,,,,,,,
400,,,,,,,,
400,,,,,,,,
400,,,,,,,,
400,,,,,,,,
400,,,,,,,,
400,,,,,,,,
400,,,,,,,,
400,,,,,,,,
400,,,,,,,,
400,,,,,,,,
400,,,,,,,,
400,,,,,,,,
400,,,,,,,,
400,,,,,,,,
400,,,,,,,,
400,,,,,,,,
400,,,,,,,,
400,,,,,,,,
400,,,,,,,,
400,,,,,,,,
400,,,,,,,,
400,,,,,,,,
400,,,,,,,,
400,,,,,,,,
400,,,,,,,,
400,,,,,,,,
400,,,,,,,,
400,,,,,,,,
400,,,,,,,,
400,,,,,,,,
400,,,,,,,,
400,,,,,,,,
400,,,,,,,,
400,,,,,,,,
400,,,,,,,,
400,,,,,,,,
400,,,,,,,,
400,,,,,,,,
400,,,,,,,,
400,,,,,,,,
400,,,,,,,,
400,,,,,,,,
400,,,,,,,,
400,,,,,,,,
400,,,,,,,,
400,,,,,,,,
400,,,,,,,,
400,,,,,,,,
400,,,,,,,,
400,,,,,,,,
400,,,,,,,,
400,,,,,,,,
400,,,,,,,,
400,,,,,,,,
400,,,,,,,,
400,,,,,,,,
400,,,,,,,,
400,,,,,,,,
400,,,,,,,,
400,,,,,,,,
400,,,,,,,,
400,,,,,,,,
400,,,,,,,,
400,,,,,,,,
400,,,,,,,,
400,,,,,,,,
400,,,,,,,,
400,,,,,,,,
400,,,,,,,,
400,,,,,,,,
400,,,,,,,,
400,,,,,,,,
400,,,,,,,,
400,,,,,,,,
400,,,,,,,,
400,,,,,,,,
400,,,,,,,,
400,,,,,,,,
400,,,,,,,,
400,,,,,,,,
400,,,,,,,,
400,,,,,,,,
400,,,,,,,,
400,,,,,,,,
400,,,,,,,,
400,,,,,,,,
400,,,,,,,,
400,,,,,,,,
400,,,,,,,,
400,,,,,,,,
400,,,,,,,,
400,,,,,,,,
400,,,,,,,,
400,,,,,,,,
400,,,,,,,,
400,,,,,,,,
400,,,,,,,,
400,,,,,,,,
400,,,,,,,,
400,,,,,,,,
400,,,,,,,,
400,,,,,,,,
400,,,,,,,,
400,,,,,,,,
400,,,,,,,,
400,,,,,,,,
400,,,,,,,,
400,,,,,,,,
400,,,,,,,,
400,,,,,,,,
400,,,,,,,,
400,,,,,,,,
400,,,,,,,,
400,,,,,,,,
400,,,,,,,,
400,,,,,,,,
400,,,,,,,,
400,,,,,,,,
400,,,,,,,,
400,,,,,,,,
400,,,,,,,,
400,,,,,,,,
400,,,,,,,,
400,,,,,,,,
400,,,,,,,,
400,,,,,,,,
400,,,,,,,,
400,,,,,,,,
400,,,,,,,,
400,,,,,,,,
400,,,,,,,,
400,,,,,,,,
400,,,,,,,,
400,,,,,,,,
400,,,,,,,,
400,,,,,,,,
400,,,,,,,,
400,,,,,,,,
400,,,,,,,,
400,,,,,,,,
400,,,,,,,,
400,,,,,,,,
400,,,,,,,,
400,,,,,,,,
400,,,,,,,,
400,,,,,,,,
400,,,,,,,,
400,,,,,,,,
400,,,,,,,,
400,,,,,,,,
400,,,,,,,,
400,,,,,,,,
400,,,,,,,,
400,,,,,,,,
400,,,,,,,,
400,,,,,,,,
400,,,,,,,,
400,,,,,,,,
400,,,,,,,,
400,,,,,,,,
400,,,,,,,,
400,,,,,,,,
400,,,,,,,,
400,,,,,,,,
400,,,,,,,,
400,,,,,,,,
400,,,,,,,,
400,,,,,,,,
400,,,,,,,,
400,,,,,,,,
400,,,,,,,,
400,,,,,,,,
400,,,,,,,,
400,,,,,,,,
400,,,,,,,,
400,,,,,,,,
400,,,,,,,,
400,,,,,,,,
400,,,,,,,,
400,,,,,,,,
400,,,,,,,,
400,,,,,,,,
400,,,,,,,,
400,,,,,,,,
400,,,,,,,,
400,,,,,,,,
400,,,,,,,,
400,,,,,,,,
400,,,,,,,,
400,,,,,,,,
400,,,,,,,,
400,,,,,,,,
400,,,,,,,,
400,,,,,,,,
400,,,,,,,,
400,,,,,,,,
400,,,,,,,,
400,,,,,,,,
400,,,,,,,,
400,,,,,,,,
400,,,,,,,,
400,,,,,,,,
400,,,,,,,,
400,,,,,,,,
400,,,,,,,,
400,,,,,,,,
400,,,,,,,,
400,,,,,,,,
400,,,,,,,,
400,,,,,,,,
400,,,,,,,,
400,,,,,,,,
400,,,,,,,,
400,,,,,,,,
400,,,,,,,,
400,,,,,,,,
400,,,,,,,,
400,,,,,,,,
400,,,,,,,,
400,,,,,,,,
400,,,,,,,,
400,,,,,,,,
400,,,,,,,,
400,,,,,,,,
400,,,,,,,,
400,,,,,,,,
400,,,,,,,,
400,,,,,,,,
400,,,,,,,,
400,,,,,,,,
400,,,,,,,,
400,,,,,,,,
400,,,,,,,,
400,,,,,,,,
400,,,,,,,,
400,,,,,,,,
400,,,,,,,,
400,,,,,,,,
400,,,,,,,,
400,,,,,,,,
400,,,,,,,,
400,,,,,,,,
400,,,,,,,,
400,,,,,,,,
400,,,,,,,,
400,,,,,,,,
400,,,,,,,,
400,,,,,,,,
400,,,,,,,,
400,,,,,,,,
400,,,,,,,,
400,,,,,,,,
400,,,,,,,,
400,,,,,,,,
400,,,,,,,,
400,,,,,,,,
400,,,,,,,,
400,,,,,,,,
400,,,,,,,,
400,,,,,,,,
400,,,,,,,,
400,,,,,,,,
400,,,,,,,,
400,,,,,,,,
400,,,,,,,,
400,,,,,,,,
400,,,,,,,,
400,,,,,,,,
400,,,,,,,,
400,,,,,,,,
400,,,,,,,,
400,,,,,,,,
400,,,,,,,,
400,,,,,,,,
400,,,,,,,,
400,,,,,,,,
400,,,,,,,,
400,,,,,,,,
400,,,,,,,,
400,,,,,,,,
400,,,,,,,,
400,,,,,,,,
400,,,,,,,,
400,,,,,,,,
400,,,,,,,,
400,,,,,,,,
400,,,,,,,,
400,,,,,,,,
400,,,,,,,,
400,,,,,,,,
400,,,,,,,,
400,,,,,,,,
400,,,,,,,,
400,,,,,,,,
400,,,,,,,,
400,,,,,,,,
400,,,,,,,,
400,,,,,,,,
400,,,,,,,,
400,,,,,,,,
400,,,,,,,,
400,,,,,,,,
400,,,,,,,,
400,,,,,,,,
400,,,,,,,,
400,,,,,,,,
400,,,,,,,,
400,,,,,,,,
400,,,,,,,,
400,,,,,,,,
400,,,,,,,,
400,,,,,,,,
400,,,,,,,,
400,,,,,,,,
400,,,,,,,,
400,,,,,,,,
400,,,,,,,,
400,,,,,,,,
400,,,,,,,,
400,,,,,,,,
400,,,,,,,,
400,,,,,,,,
400,,,,,,,,
400,,,,,,,,
400,,,,,,,,
400,,,,,,,,
400,,,,,,,,
400,,,,,,,,
400,,,,,,,,
400,,,,,,,,
400,,,,,,,,
400,,,,,,,,
400,,,,,,,,
400,,,,,,,,
400,,,,,,,,
400,,,,,,,,
400,,,,,,,,
400,,,,,,,,
400,,,,,,,,
400,,,,,,,,
400,,,,,,,,
400,,,,,,,,
400,,,,,,,,
400,,,,,,,,
400,,,,,,,,
400,,,,,,,,
400,,,,,,,,
400,,,,,,,,
400,,,,,,,,
400,,,,,,,,
400,,,,,,,,
400,,,,,,,,
400,,,,,,,,
400,,,,,,,,
400,,,,,,,,
400,,,,,,,,
400,,,,,,,,
400,,,,,,,,
400,,,,,,,,
400,,,,,,,,
400,,,,,,,,
400,,,,,,,,
400,,,,,,,,
400,,,,,,,,
400,,,,,,,,
400,,,,,,,,
400,,,,,,,,
400,,,,,,,,
400,,,,,,,,
400,,,,,,,,
400,,,,,,,,
400,,,,,,,,
400,,,,,,,,
400,,,,,,,,
400,,,,,,,,
400,,,,,,,,
400,,,,,,,,
400,,,,,,,,
400,,,,,,,,
400,,,,,,,,
400,,,,,,,,
400,,,,,,,,
400,,,,,,,,
400,,,,,,,,
400,,,,,,,,
400,,,,,,,,
400,,,,,,,,
400,,,,,,,,
400,,,,,,,,
400,,,,,,,,
400,,,,,,,,
400,,,,,,,,
400,,,,,,,,
400,,,,,,,,
400,,,,,,,,
400,,,,,,,,
400,,,,,,,,
400,,,,,,,,
400,,,,,,,,
400,,,,,,,,
400,,,,,,,,
400,,,,,,,,
400,,,,,,,,
400,,,,,,,,
400,,,,,,,,
400,,,,,,,,
400,,,,,,,,
400,,,,,,,,
400,,,,,,,,
400,,,,,,,,
400,,,,,,,,
400,,,,,,,,
400,,,,,,,,
400,,,,,,,,
400,,,,,,,,
400,,,,,,,,
400,,,,,,,,
400,,,,,,,,
400,,,,,,,,
400,,,,,,,,
400,,,,,,,,
400,,,,,,,,
400,,,,,,,,
400,,,,,,,,
400,,,,,,,,
400,,,,,,,,
400,,,,,,,,
400,,,,,,,,
400,,,,,,,,
400,,,,,,,,
400,,,,,,,,
400,,,,,,,,
400,,,,,,,,
400,,,,,,,,
400,,,,,,,,
400,,,,,,,,
400,,,,,,,,
400,,,,,,,,
400,,,,,,,,
400,,,,,,,,
400,,,,,,,,
400,,,,,,,,
400,,,,,,,,
400,,,,,,,,
400,,,,,,,,
400,,,,,,,,
400,,,,,,,,
400,,,,,,,,
400,,,,,,,,
400,,,,,,,,
400,,,,,,,,
400,,,,,,,,
400,,,,,,,,
400,,,,,,,,
400,,,,,,,,
400,,,,,,,,
400,,,,,,,,
400,,,,,,,,
400,,,,,,,,
400,,,,,,,,
400,,,,,,,,
400,,,,,,,,
400,,,,,,,,
400,,,,,,,,
400,,,,,,,,
400,,,,,,,,
400,,,,,,,,
400,,,,,,,,
400,,,,,,,,
400,,,,,,,,
400,,,,,,,,
400,,,,,,,,
400,,,,,,,,
400,,,,,,,,
400,,,,,,,,
400,,,,,,,,
400,,,,,,,,
400,,,,,,,,
400,,,,,,,,
400,,,,,,,,
400,,,,,,,,
400,,,,,,,,
400,,,,,,,,
400,,,,,,,,
400,,,,,,,,
400,,,,,,,,
400,,,,,,,,
400,,,,,,,,
400,,,,,,,,
400,,,,,,,,
400,,,,,,,,
400,,,,,,,,
400,,,,,,,,
400,,,,,,,,
400,,,,,,,,
400,,,,,,,,
400,,,,,,,,
400,,,,,,,,
400,,,,,,,,
400,,,,,,,,
400,,,,,,,,
400,,,,,,,,
400,,,,,,,,
400,,,,,,,,
400,,,,,,,,
400,,,,,,,,
400,,,,,,,,
400,,,,,,,,
400,,,,,,,,
400,,,,,,,,
400,,,,,,,,
400,,,,,,,,
400,,,,,,,,
400,,,,,,,,
400,,,,,,,,
400,,,,,,,,
400,,,,,,,,
400,,,,,,,,
400,,,,,,,,
400,,,,,,,,
400,,,,,,,,
400,,,,,,,,
400,,,,,,,,
400,,,,,,,,
400,,,,,,,,
400,,,,,,,,
400,,,,,,,,
400,,,,,,,,
400,,,,,,,,
400,,,,,,,,
400,,,,,,,,
400,,,,,,,,
400,,,,,,,,
400,,,,,,,,
400,,,,,,,,
400,,,,,,,,
400,,,,,,,,
400,,,,,,,,
400,,,,,,,,
400,,,,,,,,
400,,,,,,,,
400,,,,,,,,
400,,,,,,,,
400,,,,,,,,
400,,,,,,,,
400,,,,,,,,
400,,,,,,,,
400,,,,,,,,
400,,,,,,,,
400,,,,,,,,
400,,,,,,,,
400,,,,,,,,
400,,,,,,,,
400,,,,,,,,
400,,,,,,,,
400,,,,,,,,
400,,,,,,,,
400,,,,,,,,
400,,,,,,,,
400,,,,,,,,
400,,,,,,,,
400,,,,,,,,
400,,,,,,,,
400,,,,,,,,
400,,,,,,,,
400,,,,,,,,
400,,,,,,,,
400,,,,,,,,
400,,,,,,,,
400,,,,,,,,
400,,,,,,,,
400,,,,,,,,
400,,,,,,,,
400,,,,,,,,
400,,,,,,,,
400,,,,,,,,
400,,,,,,,,
400,,,,,,,,
400,,,,,,,,
400,,,,,,,,
400,,,,,,,,
400,,,,,,,,
400,,,,,,,,
400,,,,,,,,
400,,,,,,,,
400,,,,,,,,
400,,,,,,,,
400,,,,,,,,
400,,,,,,,,
400,,,,,,,,
400,,,,,,,,
400,,,,,,,,
400,,,,,,,,
400,,,,,,,,
400,,,,,,,,
400,,,,,,,,
400,,,,,,,,
400,,,,,,,,
400,,,,,,,,
400,,,,,,,,
400,,,,,,,,
400,,,,,,,,
400,,,,,,,,
400,,,,,,,,
400,,,,,,,,
400,,,,,,,,
400,,,,,,,,
400,,,,,,,,
400,,,,,,,,
400,,,,,,,,
400,,,,,,,,
400,,,,,,,,
400,,,,,,,,
400,,,,,,,,
400,,,,,,,,
400,,,,,,,,
400,,,,,,,,
400,,,,,,,,
400,,,,,,,,
400,,,,,,,,
400,,,,,,,,
400,,,,,,,,
400,,,,,,,,
400,,,,,,,,
400,,,,,,,,
400,,,,,,,,
400,,,,,,,,
400,,,,,,,,
400,,,,,,,,
400,,,,,,,,
400,,,,,,,,
400,,,,,,,,
400,,,,,,,,
400,,,,,,,,
400,,,,,,,,
400,,,,,,,,
400,,,,,,,,
400,,,,,,,,
400,,,,,,,,
400,,,,,,,,
400,,,,,,,,
400,,,,,,,,
400,,,,,,,,
400,,,,,,,,
400,,,,,,,,
400,,,,,,,,
400,,,,,,,,
400,,,,,,,,
400,,,,,,,,
400,,,,,,,,
400,,,,,,,,
400,,,,,,,,
400,,,,,,,,
400,,,,,,,,
400,,,,,,,,
400,,,,,,,,
400,,,,,,,,
400,,,,,,,,
400,,,,,,,,
400,,,,,,,,
400,,,,,,,,
400,,,,,,,,
400,,,,,,,,
400,,,,,,,,
400,,,,,,,,
400,,,,,,,,
400,,,,,,,,
400,,,,,,,,
400,,,,,,,,
400,,,,,,,,
400,,,,,,,,
400,,,,,,,,
400,,,,,,,,
400,,,,,,,,
400,,,,,,,,
400,,,,,,,,
400,,,,,,,,
400,,,,,,,,
400,,,,,,,,
400,,,,,,,,
400,,,,,,,,
400,,,,,,,,
400,,,,,,,,
400,,,,,,,,
400,,,,,,,,
400,,,,,,,,
400,,,,,,,,
400,,,,,,,,
400,,,,,,,,
400,,,,,,,,
400,,,,,,,,
400,,,,,,,,
400,,,,,,,,
400,,,,,,,,
400,,,,,,,,
400,,,,,,,,
400,,,,,,,,
400,,,,,,,,
400,,,,,,,,
400,,,,,,,,
400,,,,,,,,
400,,,,,,,,
400,,,,,,,,
400,,,,,,,,
400,,,,,,,,
400,,,,,,,,
400,,,,,,,,
400,,,,,,,,
400,,,,,,,,
400,,,,,,,,
400,,,,,,,,
400,,,,,,,,
400,,,,,,,,
400,,,,,,,,
400,,,,,,,,
400,,,,,,,,
400,,,,,,,,
400,,,,,,,,
400,,,,,,,,
400,,,,,,,,
400,,,,,,,,
400,,,,,,,,
400,,,,,,,,
400,,,,,,,,
400,,,,,,,,
400,,,,,,,,
400,,,,,,,,
400,,,,,,,,
400,,,,,,,,
400,,,,,,,,
400,,,,,,,,
400,,,,,,,,
400,,,,,,,,
400,,,,,,,,
400,,,,,,,,
400,,,,,,,,
400,,,,,,,,
400,,,,,,,,
400,,,,,,,,
400,,,,,,,,
400,,,,,,,,
400,,,,,,,,
400,,,,,,,,
400,,,,,,,,
400,,,,,,,,
400,,,,,,,,
400,,,,,,,,
400,,,,,,,,
400,,,,,,,,
400,,,,,,,,
400,,,,,,,,
400,,,,,,,,
400,,,,,,,,
400,,,,,,,,
400,,,,,,,,
400,,,,,,,,
400,,,,,,,,
400,,,,,,,,
400,,,,,,,,
400,,,,,,,,
400,,,,,,,,
400,,,,,,,,
400,,,,,,,,
400,,,,,,,,
400,,,,,,,,
400,,,,,,,,
400,,,,,,,,
400,,,,,,,,
400,,,,,,,,
400,,,,,,,,
400,,,,,,,,
400,,,,,,,,
400,,,,,,,,
400,,,,,,,,
400,,,,,,,,
400,,,,,,,,
400,,,,,,,,
400,,,,,,,,
400,,,,,,,,
400,,,,,,,,
400,,,,,,,,
400,,,,,,,,
400,,,,,,,,
400,,,,,,,,
400,,,,,,,,
400,,,,,,,,
400,,,,,,,,
400,,,,,,,,
400,,,,,,,,
400,,,,,,,,
400,,,,,,,,
400,,,,,,,,
400,,,,,,,,
400,,,,,,,,
400,,,,,,,,
400,,,,,,,,
400,,,,,,,,
400,,,,,,,,
400,,,,,,,,
400,,,,,,,,
400,,,,,,,,
400,,,,,,,,
400,,,,,,,,
400,,,,,,,,
400,,,,,,,,
400,,,,,,,,
400,,,,,,,,
400,,,,,,,,
400,,,,,,,,
400,,,,,,,,
400,,,,,,,,
400,,,,,,,,
400,,,,,,,,
400,,,,,,,,
400,,,,,,,,
400,,,,,,,,
400,,,,,,,,
400,,,,,,,,
400,,,,,,,,
400,,,,,,,,
400,,,,,,,,
400,,,,,,,,
400,,,,,,,,
400,,,,,,,,
400,,,,,,,,
400,,,,,,,,
400,,,,,,,,
400,,,,,,,,
400,,,,,,,,
400,,,,,,,,
400,,,,,,,,
400,,,,,,,,
400,,,,,,,,
400,,,,,,,,
400,,,,,,,,
400,,,,,,,,
400,,,,,,,,
400,,,,,,,,
400,,,,,,,,
400,,,,,,,,
400,,,,,,,,
400,,,,,,,,
400,,,,,,,,
400,,,,,,,,
400,,,,,,,,
400,,,,,,,,
400,,,,,,,,
400,,,,,,,,
400,,,,,,,,
400,,,,,,,,
400,,,,,,,,
400,,,,,,,,
400,,,,,,,,
400,,,,,,,,
400,,,,,,,,
400,,,,,,,,
400,,,,,,,,
400,,,,,,,,
400,,,,,,,,
400,,,,,,,,
400,,,,,,,,
400,,,,,,,,
400,,,,,,,,
400,,,,,,,,
400,,,,,,,,
400,,,,,,,,
400,,,,,,,,
400,,,,,,,,
400,,,,,,,,
400,,,,,,,,
400,,,,,,,,
400,,,,,,,,
400,,,,,,,,
400,,,,,,,,
400,,,,,,,,
400,,,,,,,,
400,,,,,,,,
400,,,,,,,,
400,,,,,,,,
400,,,,,,,,
400,,,,,,,,
400,,,,,,,,
400,,,,,,,,
400,,,,,,,,
400,,,,,,,,
400,,,,,,,,
400,,,,,,,,
400,,,,,,,,
400,,,,,,,,
400,,,,,,,,
400,,,,,,,,
400,,,,,,,,
400,,,,,,,,
400,,,,,,,,
400,,,,,,,,
400,,,,,,,,
400,,,,,,,,
400,,,,,,,,
400,,,,,,,,
400,,,,,,,,
400,,,,,,,,
400,,,,,,,,
400,,,,,,,,
400,,,,,,,,
400,,,,,,,,
400,,,,,,,,
400,,,,,,,,
400,,,,,,,,
400,,,,,,,,
400,,,,,,,,
400,,,,,,,,
400,,,,,,,,
400,,,,,,,,
400,,,,,,,,
400,,,,,,,,
400,,,,,,,,
400,,,,,,,,
400,,,,,,,,
400,,,,,,,,
400,,,,,,,,
400,,,,,,,,
400,,,,,,,,
400,,,,,,,,
400,,,,,,,,
400,,,,,,,,
400,,,,,,,,
400,,,,,,,,
400,,,,,,,,
400,,,,,,,,
400,,,,,,,,
400,,,,,,,,
400,,,,,,,,
400,,,,,,,,
400,,,,,,,,
400,,,,,,,,
400,,,,,,,,
400,,,,,,,,
400,,,,,,,,
400,,,,,,,,
400,,,,,,,,
400,,,,,,,,
400,,,,,,,,
400,,,,,,,,
400,,,,,,,,
400,,,,,,,,
400,,,,,,,,
400,,,,,,,,
400,,,,,,,,
400,,,,,,,,
400,,,,,,,,
400,,,,,,,,
400,,,,,,,,
400,,,,,,,,
400,,,,,,,,
400,,,,,,,,
400,,,,,,,,
400,,,,,,,,
400,,,,,,,,
400,,,,,,,,
400,,,,,,,,
400,,,,,,,,
400,,,,,,,,
400,,,,,,,,
400,,,,,,,,
400,,,,,,,,
400,,,,,,,,
400,,,,,,,,
400,,,,,,,,
400,,,,,,,,
400,,,,,,,,
400,,,,,,,,
400,,,,,,,,
400,,,,,,,,
400,,,,,,,,
400,,,,,,,,
400,,,,,,,,
400,,,,,,,,
400,,,,,,,,
400,,,,,,,,
400,,,,,,,,
400,,,,,,,,
400,,,,,,,,
400,,,,,,,,
400,,,,,,,,
400,,,,,,,,
400,,,,,,,,
400,,,,,,,,
400,,,,,,,,
400,,,,,,,,
400,,,,,,,,
400,,,,,,,,
400,,,,,,,,
400,,,,,,,,
400,,,,,,,,
400,,,,,,,,
400,,,,,,,,
400,,,,,,,,
400,,,,,,,,
400,,,,,,,,
400,,,,,,,,
400,,,,,,,,
400,,,,,,,,
400,,,,,,,,
400,,,,,,,,
400,,,,,,,,
400,,,,,,,,
400,,,,,,,,
400,,,,,,,,
400,,,,,,,,
400,,,,,,,,
400,,,,,,,,
400,,,,,,,,
400,,,,,,,,
400,,,,,,,,
400,,,,,,,,
400,,,,,,,,
400,,,,,,,,
400,,,,,,,,
400,,,,,,,,
400,,,,,,,,
400,,,,,,,,
400,,,,,,,,
400,,,,,,,,
400,,,,,,,,
400,,,,,,,,
400,,,,,,,,
400,,,,,,,,
400,,,,,,,,
400,,,,,,,,
400,,,,,,,,
400,,,,,,,,
400,,,,,,,,
400,,,,,,,,
400,,,,,,,,
400,,,,,,,,
400,,,,,,,,
400,,,,,,,,
400,,,,,,,,
400,,,,,,,,
400,,,,,,,,
400,,,,,,,,
400,,,,,,,,
400,,,,,,,,
400,,,,,,,,
400,,,,,,,,
400,,,,,,,,
400,,,,,,,,
400,,,,,,,,
400,,,,,,,,
400,,,,,,,,
400,,,,,,,,
400,,,,,,,,
400,,,,,,,,
400,,,,,,,,
400,,,,,,,,
400,,,,,,,,
400,,,,,,,,
400,,,,,,,,
400,,,,,,,,
400,,,,,,,,
400,,,,,,,,
400,,,,,,,,
400,,,,,,,,
400,,,,,,,,
400,,,,,,,,
400,,,,,,,,
400,,,,,,,,
400,,,,,,,,
400,,,,,,,,
400,,,,,,,,
400,,,,,,,,
400,,,,,,,,
400,,,,,,,,
400,,,,,,,,
400,,,,,,,,
400,,,,,,,,
400,,,,,,,,
400,,,,,,,,
400,,,,,,,,
400,,,,,,,,
400,,,,,,,,
400,,,,,,,,
400,,,,,,,,
400,,,,,,,,
400,,,,,,,,
400,,,,,,,,
400,,,,,,,,
400,,,,,,,,
400,,,,,,,,
400,,,,,,,,
400,,,,,,,,
400,,,,,,,,
400,,,,,,,,
400,,,,,,,,
400,,,,,,,,
400,,,,,,,,
400,,,,,,,,
400,,,,,,,,
400,,,,,,,,
400,,,,,,,,
400,,,,,,,,
400,,,,,,,,
400,,,,,,,,
400,,,,,,,,
400,,,,,,,,
400,,,,,,,,
400,,,,,,,,
400,,,,,,,,
400,,,,,,,,
400,,,,,,,,
400,,,,,,,,
400,,,,,,,,
400,,,,,,,,
400,,,,,,,,
400,,,,,,,,
400,,,,,,,,
400,,,,,,,,
400,,,,,,,,
400,,,,,,,,
400,,,,,,,,
400,,,,,,,,
400,,,,,,,,
400,,,,,,,,
400,,,,,,,,
400,,,,,,,,
400,,,,,,,,
400,,,,,,,,
400,,,,,,,,
400,,,,,,,,
400,,,,,,,,
400,,,,,,,,
400,,,,,,,,
400,,,,,,,,
400,,,,,,,,
400,,,,,,,,
400,,,,,,,,
400,,,,,,,,
400,,,,,,,,
400,,,,,,,,
400,,,,,,,,
400,,,,,,,,
400,,,,,,,,
400,,,,,,,,
400,,,,,,,,
400,,,,,,,,
400,,,,,,,,
400,,,,,,,,
400,,,,,,,,
400,,,,,,,,
400,,,,,,,,
400,,,,,,,,
400,,,,,,,,
400,,,,,,,,
400,,,,,,,,
400,,,,,,,,
400,,,,,,,,
400,,,,,,,,
400,,,,,,,,
400,,,,,,,,
400,,,,,,,,
400,,,,,,,,
400,,,,,,,,
400,,,,,,,,
400,,,,,,,,
400,,,,,,,,
400,,,,,,,,
400,,,,,,,,
400,,,,,,,,
400,,,,,,,,
400,,,,,,,,
400,,,,,,,,
400,,,,,,,,
400,,,,,,,,
400,,,,,,,,
400,,,,,,,,
400,,,,,,,,
400,,,,,,,,
400,,,,,,,,
400,,,,,,,,
400,,,,,,,,
400,,,,,,,,
400,,,,,,,,
400,,,,,,,,
400,,,,,,,,
400,,,,,,,,
400,,,,,,,,
400,,,,,,,,
400,,,,,,,,
400,,,,,,,,
400,,,,,,,,
400,,,,,,,,
400,,,,,,,,
400,,,,,,,,
400,,,,,,,,
400,,,,,,,,
400,,,,,,,,
400,,,,,,,,
400,,,,,,,,
400,,,,,,,,
400,,,,,,,,
400,,,,,,,,
400,,,,,,,,
400,,,,,,,,
400,,,,,,,,
400,,,,,,,,
400,,,,,,,,
400,,,,,,,,
400,,,,,,,,
400,,,,,,,,
400,,,,,,,,
400,,,,,,,,
400,,,,,,,,
400,,,,,,,,
400,,,,,,,,
400,,,,,,,,
400,,,,,,,,
400,,,,,,,,
400,,,,,,,,
400,,,,,,,,
400,,,,,,,,
400,,,,,,,,
400,,,,,,,,
400,,,,,,,,
400,,,,,,,,
400,,,,,,,,
400,,,,,,,,
400,,,,,,,,
400,,,,,,,,
400,,,,,,,,
400,,,,,,,,
400,,,,,,,,
400,,,,,,,,
400,,,,,,,,
400,,,,,,,,
400,,,,,,,,
400,,,,,,,,
400,,,,,,,,
400,,,,,,,,
400,,,,,,,,
400,,,,,,,,
400,,,,,,,,
400,,,,,,,,
400,,,,,,,,
400,,,,,,,,
400,,,,,,,,
400,,,,,,,,
400,,,,,,,,
400,,,,,,,,
400,,,,,,,,
400,,,,,,,,
400,,,,,,,,
400,,,,,,,,
400,,,,,,,,
400,,,,,,,,
400,,,,,,,,
400,,,,,,,,
400,,,,,,,,
400,,,,,,,,
400,,,,,,,,
400,,,,,,,,
400,,,,,,,,
400,,,,,,,,
400,,,,,,,,
400,,,,,,,,
400,,,,,,,,
400,,,,,,,,
400,,,,,,,,
400,,,,,,,,
400,,,,,,,,
400,,,,,,,,
400,,,,,,,,
400,,,,,,,,
400,,,,,,,,
400,,,,,,,,
400,,,,,,,,
400,,,,,,,,
400,,,,,,,,
400,,,,,,,,
400,,,,,,,,
400,,,,,,,,
400,,,,,,,,
400,,,,,,,,
400,,,,,,,,
400,,,,,,,,
400,,,,,,,,
400,,,,,,,,
400,,,,,,,,
400,,,,,,,,
400,,,,,,,,
400,,,,,,,,
400,,,,,,,,
400,,,,,,,,
400,,,,,,,,
400,,,,,,,,
400,,,,,,,,
400,,,,,,,,
400,,,,,,,,
400,,,,,,,,
400,,,,,,,,
400,,,,,,,,
400,,,,,,,,
400,,,,,,,,
400,,,,,,,,
400,,,,,,,,
400,,,,,,,,
400,,,,,,,,
400,,,,,,,,
400,,,,,,,,
400,,,,,,,,
400,,,,,,,,
400,,,,,,,,
400,,,,,,,,
400,,,,,,,,
400,,,,,,,,
400,,,,,,,,
400,,,,,,,,
400,,,,,,,,
400,,,,,,,,
400,,,,,,,,
400,,,,,,,,
400,,,,,,,,
400,,,,,,,,
400,,,,,,,,
400,,,,,,,,
400,,,,,,,,
400,,,,,,,,
400,,,,,,,,
400,,,,,,,,
400,,,,,,,,
400,,,,,,,,
400,,,,,,,,
400,,,,,,,,
400,,,,,,,,
400,,,,,,,,
400,,,,,,,,
400,,,,,,,,
400,,,,,,,,
400,,,,,,,,
400,,,,,,,,
400,,,,,,,,
400,,,,,,,,
400,,,,,,,,
400,,,,,,,,
400,,,,,,,,
400,,,,,,,,
400,,,,,,,,
400,,,,,,,,
400,,,,,,,,
400,,,,,,,,
400,,,,,,,,
400,,,,,,,,
400,,,,,,,,
400,,,,,,,,
400,,,,,,,,
400,,,,,,,,
400,,,,,,,,
400,,,,,,,,
400,,,,,,,,
400,,,,,,,,
400,,,,,,,,
400,,,,,,,,
400,,,,,,,,
400,,,,,,,,
400,,,,,,,,
400,,,,,,,,
400,,,,,,,,
400,,,,,,,,
400,,,,,,,,
400,,,,,,,,
400,,,,,,,,
400,,,,,,,,
400,,,,,,,,
400,,,,,,,,
400,,,,,,,,
400,,,,,,,,
400,,,,,,,,
400,,,,,,,,
400,,,,,,,,
400,,,,,,,,
400,,,,,,,,
400,,,,,,,,
400,,,,,,,,
400,,,,,,,,
400,,,,,,,,
400,,,,,,,,
400,,,,,,,,
400,,,,,,,,
400,,,,,,,,
400,,,,,,,,
400,,,,,,,,
400,,,,,,,,
400,,,,,,,,
400,,,,,,,,
400,,,,,,,,
400,,,,,,,,
400,,,,,,,,
400,,,,,,,,
400,,,,,,,,
400,,,,,,,,
400,,,,,,,,
400,,,,,,,,
400,,,,,,,,
400,,,,,,,,
400,,,,,,,,
400,,,,,,,,
400,,,,,,,,
400,,,,,,,,
400,,,,,,,,
400,,,,,,,,
400,,,,,,,,
400,,,,,,,,
400,,,,,,,,
400,,,,,,,,
400,,,,,,,,
400,,,,,,,,
400,,,,,,,,
400,,,,,,,,
400,,,,,,,,
400,,,,,,,,
400,,,,,,,,
400,,,,,,,,
400,,,,,,,,
400,,,,,,,,
400,,,,,,,,
400,,,,,,,,
400,,,,,,,,
400,,,,,,,,
400,,,,,,,,
400,,,,,,,,
400,,,,,,,,
400,,,,,,,,
400,,,,,,,,
400,,,,,,,,
400,,,,,,,,
400,,,,,,,,
400,,,,,,,,
400,,,,,,,,
400,,,,,,,,
400,,,,,,,,
400,,,,,,,,
400,,,,,,,,
400,,,,,,,,
400,,,,,,,,
400,,,,,,,,
400,,,,,,,,
400,,,,,,,,
400,,,,,,,,
400,,,,,,,,
400,,,,,,,,
400,,,,,,,,
400,,,,,,,,
400,,,,,,,,
400,,,,,,,,
400,,,,,,,,
400,,,,,,,,
400,,,,,,,,
400,,,,,,,,
400,,,,,,,,
400,,,,,,,,
400,,,,,,,,
400,,,,,,,,
400,,,,,,,,
400,,,,,,,,
400,,,,,,,,
400,,,,,,,,
400,,,,,,,,
400,,,,,,,,
400,,,,,,,,
400,,,,,,,,
400,,,,,,,,
400,,,,,,,,
400,,,,,,,,
400,,,,,,,,
400,,,,,,,,
400,,,,,,,,
400,,,,,,,,
400,,,,,,,,
400,,,,,,,,
400,,,,,,,,
400,,,,,,,,
400,,,,,,,,
400,,,,,,,,
400,,,,,,,,
400,,,,,,,,
400,,,,,,,,
400,,,,,,,,
400,,,,,,,,
400,,,,,,,,
400,,,,,,,,
400,,,,,,,,
400,,,,,,,,
400,,,,,,,,
400,,,,,,,,
400,,,,,,,,
400,,,,,,,,
400,,,,,,,,
400,,,,,,,,
400,,,,,,,,
400,,,,,,,,
400,,,,,,,,
400,,,,,,,,
400,,,,,,,,
400,,,,,,,,
400,,,,,,,,
400,,,,,,,,
400,,,,,,,,
400,,,,,,,,
400,,,,,,,,
400,,,,,,,,
400,,,,,,,,
400,,,,,,,,
400,,,,,,,,
400,,,,,,,,
400,,,,,,,,
400,,,,,,,,
400,,,,,,,,
400,,,,,,,,
400,,,,,,,,
400,,,,,,,,
400,,,,,,,,
400,,,,,,,,
400,,,,,,,,
400,,,,,,,,
400,,,,,,,,
400,,,,,,,,
400,,,,,,,,
400,,,,,,,,
400,,,,,,,,
400,,,,,,,,
400,,,,,,,,
400,,,,,,,,
400,,,,,,,,
400,,,,,,,,
400,,,,,,,,
400,,,,,,,,
400,,,,,,,,
400,,,,,,,,
400,,,,,,,,
400,,,,,,,,
400,,,,,,,,
400,,,,,,,,
400,,,,,,,,
400,,,,,,,,
400,,,,,,,,
400,,,,,,,,
400,,,,,,,,
400,,,,,,,,
400,,,,,,,,
400,,,,,,,,
400,,,,,,,,
400,,,,,,,,
400,,,,,,,,
400,,,,,,,,
400,,,,,,,,
400,,,,,,,,
400,,,,,,,,
400,,,,,,,,
400,,,,,,,,
400,,,,,,,,
400,,,,,,,,
400,,,,,,,,
400,,,,,,,,
400,,,,,,,,
400,,,,,,,,
400,,,,,,,,
400,,,,,,,,
400,,,,,,,,
400,,,,,,,,
400,,,,,,,,
400,,,,,,,,
400,,,,,,,,
400,,,,,,,,
400,,,,,,,,
400,,,,,,,,
400,,,,,,,,
400,,,,,,,,
400,,,,,,,,
400,,,,,,,,
400,,,,,,,,
400,,,,,,,,
400,,,,,,,,
400,,,,,,,,
400,,,,,,,,
400,,,,,,,,
400,,,,,,,,
400,,,,,,,,
400,,,,,,,,
400,,,,,,,,
400,,,,,,,,
400,,,,,,,,
400,,,,,,,,
400,,,,,,,,
400,,,,,,,,
400,,,,,,,,
400,,,,,,,,
400,,,,,,,,
400,,,,,,,,
400,,,,,,,,
400,,,,,,,,
400,,,,,,,,
400,,,,,,,,
400,,,,,,,,
400,,,,,,,,
400,,,,,,,,
400,,,,,,,,
400,,,,,,,,
400,,,,,,,,
400,,,,,,,,
400,,,,,,,,
400,,,,,,,,
400,,,,,,,,
400,,,,,,,,
400,,,,,,,,
400,,,,,,,,
400,,,,,,,,
400,,,,,,,,
400,,,,,,,,
400,,,,,,,,
400,,,,,,,,
400,,,,,,,,
400,,,,,,,,
400,,,,,,,,
400,,,,,,,,
400,,,,,,,,
400,,,,,,,,
400,,,,,,,,
400,,,,,,,,
400,,,,,,,,
400,,,,,,,,
400,,,,,,,,
400,,,,,,,,
400,,,,,,,,
400,,,,,,,,
400,,,,,,,,
400,,,,,,,,
400,,,,,,,,
400,,,,,,,,
400,,,,,,,,
400,,,,,,,,
400,,,,,,,,
400,,,,,,,,
400,,,,,,,,
400,,,,,,,,
400,,,,,,,,
400,,,,,,,,
400,,,,,,,,
400,,,,,,,,
400,,,,,,,,
400,,,,,,,,
400,,,,,,,,
400,,,,,,,,
400,,,,,,,,
400,,,,,,,,
400,,,,,,,,
400,,,,,,,,
400,,,,,,,,
400,,,,,,,,
400,,,,,,,,
400,,,,,,,,
400,,,,,,,,
400,,,,,,,,
400,,,,,,,,
400,,,,,,,,
400,,,,,,,,
400,,,,,,,,
400,,,,,,,,
400,,,,,,,,
400,,,,,,,,
400,,,,,,,,
400,,,,,,,,
400,,,,,,,,
400,,,,,,,,
400,,,,,,,,
400,,,,,,,,
400,,,,,,,,
400,,,,,,,,
400,,,,,,,,
400,,,,,,,,
400,,,,,,,,
400,,,,,,,,
400,,,,,,,,
400,,,,,,,,
400,,,,,,,,
400,,,,,,,,
400,,,,,,,,
400,,,,,,,,
400,,,,,,,,
400,,,,,,,,
400,,,,,,,,
400,,,,,,,,
400,,,,,,,,
400,,,,,,,,
400,,,,,,,,
400,,,,,,,,
400,,,,,,,,
400,,,,,,,,
400,,,,,,,,
400,,,,,,,,
400,,,,,,,,
400,,,,,,,,
400,,,,,,,,
400,,,,,,,,
400,,,,,,,,
400,,,,,,,,
400,,,,,,,,
400,,,,,,,,
400,,,,,,,,
400,,,,,,,,
400,,,,,,,,
400,,,,,,,,
400,,,,,,,,
400,,,,,,,,
400,,,,,,,,
400,,,,,,,,
400,,,,,,,,
400,,,,,,,,
400,,,,,,,,
400,,,,,,,,
400,,,,,,,,
400,,,,,,,,
400,,,,,,,,
400,,,,,,,,
400,,,,,,,,
400,,,,,,,,
400,,,,,,,,
400,,,,,,,,
400,,,,,,,,
400,,,,,,,,
400,,,,,,,,
400,,,,,,,,
400,,,,,,,,
400,,,,,,,,
400,,,,,,,,
400,,,,,,,,
400,,,,,,,,
400,,,,,,,,
400,,,,,,,,
400,,,,,,,,
400,,,,,,,,
400,,,,,,,,
400,,,,,,,,
400,,,,,,,,
400,,,,,,,,
400,,,,,,,,
400,,,,,,,,
400,,,,,,,,
400,,,,,,,,
400,,,,,,,,
400,,,,,,,,
400,,,,,,,,
400,,,,,,,,
400,,,,,,,,
400,,,,,,,,
400,,,,,,,,
400,,,,,,,,
400,,,,,,,,
400,,,,,,,,
400,,,,,,,,
400,,,,,,,,
400,,,,,,,,
400,,,,,,,,
400,,,,,,,,
400,,,,,,,,
400,,,,,,,,
400,,,,,,,,
400,,,,,,,,
400,,,,,,,,
400,,,,,,,,
400,,,,,,,,
400,,,,,,,,
400,,,,,,,,
400,,,,,,,,
400,,,,,,,,
400,,,,,,,,
400,,,,,,,,
400,,,,,,,,
400,,,,,,,,
400,,,,,,,,
400,,,,,,,,
400,,,,,,,,
400,,,,,,,,
400,,,,,,,,
400,,,,,,,,
400,,,,,,,,
400,,,,,,,,
400,,,,,,,,
400,,,,,,,,
400,,,,,,,,
400,,,,,,,,
400,,,,,,,,
400,,,,,,,,
400,,,,,,,,
400,,,,,,,,
400,,,,,,,,
400,,,,,,,,
400,,,,,,,,
400,,,,,,,,
400,,,,,,,,
400,,,,,,,,
400,,,,,,,,
400,,,,,,,,
400,,,,,,,,
400,,,,,,,,
400,,,,,,,,
400,,,,,,,,
400,,,,,,,,
400,,,,,,,,
400,,,,,,,,
400,,,,,,,,
400,,,,,,,,
400,,,,,,,,
400,,,,,,,,
400,,,,,,,,
400,,,,,,,,
400,,,,,,,,
400,,,,,,,,
400,,,,,,,,
400,,,,,,,,
400,,,,,,,,
400,,,,,,,,
400,,,,,,,,
400,,,,,,,,
400,,,,,,,,
400,,,,,,,,
400,,,,,,,,
400,,,,,,,,
400,,,,,,,,
400,,,,,,,,
400,,,,,,,,
400,,,,,,,,
400,,,,,,,,
400,,,,,,,,
400,,,,,,,,
400,,,,,,,,
400,,,,,,,,
400,,,,,,,,
400,,,,,,,,
400,,,,,,,,
400,,,,,,,,
400,,,,,,,,
400,,,,,,,,
400,,,,,,,,
400,,,,,,,,
400,,,,,,,,
400,,,,,,,,
400,,,,,,,,
400,,,,,,,,
400,,,,,,,,
400,,,,,,,,
400,,,,,,,,
400,,,,,,,,
400,,,,,,,,
400,,,,,,,,
400,,,,,,,,
400,,,,,,,,
400,,,,,,,,
400,,,,,,,,
400,,,,,,,,
400,,,,,,,,
400,,,,,,,,
400,,,,,,,,
400,,,,,,,,
400,,,,,,,,
400,,,,,,,,
400,,,,,,,,
400,,,,,,,,
400,,,,,,,,
400,,,,,,,,
400,,,,,,,,
400,,,,,,,,
400,,,,,,,,
400,,,,,,,,
400,,,,,,,,
400,,,,,,,,
400,,,,,,,,
400,,,,,,,,
400,,,,,,,,
400,,,,,,,,
400,,,,,,,,
400,,,,,,,,
400,,,,,,,,
400,,,,,,,,
400,,,,,,,,
400,,,,,,,,
400,,,,,,,,
400,,,,,,,,
400,,,,,,,,
400,,,,,,,,
400,,,,,,,,
400,,,,,,,,
400,,,,,,,,
400,,,,,,,,
400,,,,,,,,
400,,,,,,,,
400,,,,,,,,
400,,,,,,,,
400,,,,,,,,
400,,,,,,,,
400,,,,,,,,
400,,,,,,,,
400,,,,,,,,
400,,,,,,,,
400,,,,,,,,
400,,,,,,,,
400,,,,,,,,
400,,,,,,,,
400,,,,,,,,
400,,,,,,,,
400,,,,,,,,
400,,,,,,,,
400,,,,,,,,
400,,,,,,,,
400,,,,,,,,
400,,,,,,,,
400,,,,,,,,
400,,,,,,,,
400,,,,,,,,
400,,,,,,,,
400,,,,,,,,
400,,,,,,,,
400,,,,,,,,
400,,,,,,,,
400,,,,,,,,
400,,,,,,,,
400,,,,,,,,
400,,,,,,,,
400,,,,,,,,
400,,,,,,,,
400,,,,,,,,
400,,,,,,,,
400,,,,,,,,
400,,,,,,,,
400,,,,,,,,
400,,,,,,,,
400,,,,,,,,
400,,,,,,,,
400,,,,,,,,
400,,,,,,,,
400,,,,,,,,
400,,,,,,,,
400,,,,,,,,
400,,,,,,,,
400,,,,,,,,
400,,,,,,,,
400,,,,,,,,
400,,,,,,,,
400,,,,,,,,
400,,,,,,,,
400,,,,,,,,
400,,,,,,,,
400,,,,,,,,
400,,,,,,,,
400,,,,,,,,
400,,,,,,,,
400,,,,,,,,
400,,,,,,,,
400,,,,,,,,
400,,,,,,,,
400,,,,,,,,
400,,,,,,,,
400,,,,,,,,
400,,,,,,,,
400,,,,,,,,
400,,,,,,,,
400,,,,,,,,
400,,,,,,,,
400,,,,,,,,
400,,,,,,,,
400,,,,,,,,
400,,,,,,,,
400,,,,,,,,
400,,,,,,,,
400,,,,,,,,
400,,,,,,,,
400,,,,,,,,
400,,,,,,,,
400,,,,,,,,
400,,,,,,,,
400,,,,,,,,
400,,,,,,,,
400,,,,,,,,
400,,,,,,,,
400,,,,,,,,
400,,,,,,,,
400,,,,,,,,
400,,,,,,,,
400,,,,,,,,
400,,,,,,,,
400,,,,,,,,
400,,,,,,,,
400,,,,,,,,
400,,,,,,,,
400,,,,,,,,
400,,,,,,,,
400,,,,,,,,
400,,,,,,,,
400,,,,,,,,
400,,,,,,,,
400,,,,,,,,
400,,,,,,,,
400,,,,,,,,
400,,,,,,,,
400,,,,,,,,
400,,,,,,,,
400,,,,,,,,
400,,,,,,,,
400,,,,,,,,
400,,,,,,,,
400,,,,,,,,
400,,,,,,,,
400,,,,,,,,
400,,,,,,,,
400,,,,,,,,
400,,,,,,,,
400,,,,,,,,
400,,,,,,,,
400,,,,,,,,
400,,,,,,,,
400,,,,,,,,
400,,,,,,,,
400,,,,,,,,
400,,,,,,,,
400,,,,,,,,
400,,,,,,,,
400,,,,,,,,
400,,,,,,,,
400,,,,,,,,
400,,,,,,,,
400,,,,,,,,
400,,,,,,,,
400,,,,,,,,
400,,,,,,,,
400,,,,,,,,
400,,,,,,,,
400,,,,,,,,
400,,,,,,,,
400,,,,,,,,
400,,,,,,,,
400,,,,,,,,
400,,,,,,,,
400,,,,,,,,
400,,,,,,,,
400,,,,,,,,
400,,,,,,,,
400,,,,,,,,
400,,,,,,,,
400,,,,,,,,
400,,,,,,,,
400,,,,,,,,
400,,,,,,,,
400,,,,,,,,
400,,,,,,,,
400,,,,,,,,
400,,,,,,,,
400,,,,,,,,
400,,,,,,,,
400,,,,,,,,
400,,,,,,,,
400,,,,,,,,
400,,,,,,,,
400,,,,,,,,
400,,,,,,,,
400,,,,,,,,
400,,,,,,,,
400,,,,,,,,
400,,,,,,,,
400,,,,,,,,
400,,,,,,,,
400,,,,,,,,
400,,,,,,,,
400,,,,,,,,
400,,,,,,,,
400,,,,,,,,
400,,,,,,,,
400,,,,,,,,
400,,,,,,,,
400,,,,,,,,
400,,,,,,,,
400,,,,,,,,
400,,,,,,,,
400,,,,,,,,
400,,,,,,,,
400,,,,,,,,
400,,,,,,,,
400,,,,,,,,
400,,,,,,,,
400,,,,,,,,
400,,,,,,,,
400,,,,,,,,
400,,,,,,,,
400,,,,,,,,
400,,,,,,,,
400,,,,,,,,
400,,,,,,,,
400,,,,,,,,
400,,,,,,,,
400,,,,,,,,
400,,,,,,,,
400,,,,,,,,
400,,,,,,,,
400,,,,,,,,
400,,,,,,,,
400,,,,,,,,
400,,,,,,,,
400,,,,,,,,
400,,,,,,,,
400,,,,,,,,
400,,,,,,,,
400,,,,,,,,
400,,,,,,,,
400,,,,,,,,
400,,,,,,,,
400,,,,,,,,
400,,,,,,,,
400,,,,,,,,
400,,,,,,,,
400,,,,,,,,
400,,,,,,,,
400,,,,,,,,
400,,,,,,,,
400,,,,,,,,
400,,,,,,,,
400,,,,,,,,
400,,,,,,,,
400,,,,,,,,
400,,,,,,,,
400,,,,,,,,
400,,,,,,,,
400,,,,,,,,
400,,,,,,,,
400,,,,,,,,
400,,,,,,,,
400,,,,,,,,
400,,,,,,,,
400,,,,,,,,
400,,,,,,,,
400,,,,,,,,
400,,,,,,,,
400,,,,,,,,
400,,,,,,,,
400,,,,,,,,
400,,,,,,,,
400,,,,,,,,
400,,,,,,,,
400,,,,,,,,
400,,,,,,,,
400,,,,,,,,
400,,,,,,,,
400,,,,,,,,
400,,,,,,,,
400,,,,,,,,
400,,,,,,,,
400,,,,,,,,
400,,,,,,,,
400,,,,,,,,
400,,,,,,,,
400,,,,,,,,
400,,,,,,,,
400,,,,,,,,
400,,,,,,,,
400,,,,,,,,
400,,,,,,,,
400,,,,,,,,
400,,,,,,,,
400,,,,,,,,
400,,,,,,,,
400,,,,,,,,
400,,,,,,,,
400,,,,,,,,
400,,,,,,,,
400,,,,,,,,
400,,,,,,,,
400,,,,,,,,
400,,,,,,,,
400,,,,,,,,
400,,,,,,,,
400,,,,,,,,
400,,,,,,,,
400,,,,,,,,
400,,,,,,,,
400,,,,,,,,
400,,,,,,,,
400,,,,,,,,
400,,,,,,,,
400,,,,,,,,
400,,,,,,,,
400,,,,,,,,
400,,,,,,,,
400,,,,,,,,
400,,,,,,,,
400,,,,,,,,
400,,,,,,,,
400,,,,,,,,
400,,,,,,,,
400,,,,,,,,
400,,,,,,,,
400,,,,,,,,
400,,,,,,,,
400,,,,,,,,
400,,,,,,,,
400,,,,,,,,
400,,,,,,,,
400,,,,,,,,
400,,,,,,,,
400,,,,,,,,
400,,,,,,,,
400,,,,,,,,
400,,,,,,,,
400,,,,,,,,
400,,,,,,,,
400,,,,,,,,
400,,,,,,,,
400,,,,,,,,
400,,,,,,,,
400,,,,,,,,
400,,,,,,,,
400,,,,,,,,
400,,,,,,,,
400,,,,,,,,
400,,,,,,,,
400,,,,,,,,
400,,,,,,,,
400,,,,,,,,
400,,,,,,,,
400,,,,,,,,
400,,,,,,,,
400,,,,,,,,
400,,,,,,,,
400,,,,,,,,
400,,,,,,,,
400,,,,,,,,
400,,,,,,,,
400,,,,,,,,
400,,,,,,,,
400,,,,,,,,
400,,,,,,,,
400,,,,,,,,
400,,,,,,,,
400,,,,,,,,
400,,,,,,,,
400,,,,,,,,
400,,,,,,,,
400,,,,,,,,
400,,,,,,,,
400,,,,,,,,
400,,,,,,,,
400,,,,,,,,
400,,,,,,,,
400,,,,,,,,
400,,,,,,,,
400,,,,,,,,
400,,,,,,,,
400,,,,,,,,
400,,,,,,,,
400,,,,,,,,
400,,,,,,,,
400,,,,,,,,
400,,,,,,,,
400,,,,,,,,
400,,,,,,,,
400,,,,,,,,
400,,,,,,,,
400,,,,,,,,
400,,,,,,,,
400,,,,,,,,
400,,,,,,,,
400,,,,,,,,
400,,,,,,,,
400,,,,,,,,
400,,,,,,,,
400,,,,,,,,
400,,,,,,,,
400,,,,,,,,
400,,,,,,,,
400,,,,,,,,
400,,,,,,,,
400,,,,,,,,
400,,,,,,,,
400,,,,,,,,
400,,,,,,,,
400,,,,,,,,
400,,,,,,,,
400,,,,,,,,
400,,,,,,,,
400,,,,,,,,
400,,,,,,,,
400,,,,,,,,
400,,,,,,,,
400,,,,,,,,
400,,,,,,,,
400,,,,,,,,
400,,,,,,,,
400,,,,,,,,
400,,,,,,,,
400,,,,,,,,
400,,,,,,,,
400,,,,,,,,
400,,,,,,,,
400,,,,,,,,
400,,,,,,,,
400,,,,,,,,
400,,,,,,,,
400,,,,,,,,
400,,,,,,,,
400,,,,,,,,
400,,,,,,,,
400,,,,,,,,
400,,,,,,,,
400,,,,,,,,
400,,,,,,,,
400,,,,,,,,
400,,,,,,,,
400,,,,,,,,
400,,,,,,,,
400,,,,,,,,
400,,,,,,,,
400,,,,,,,,
400,,,,,,,,
400,,,,,,,,
400,,,,,,,,
400,,,,,,,,
400,,,,,,,,
400,,,,,,,,
400,,,,,,,,
400,,,,,,,,
400,,,,,,,,
400,,,,,,,,
400,,,,,,,,
400,,,,,,,,
400,,,,,,,,
400,,,,,,,,
400,,,,,,,,
400,,,,,,,,
400,,,,,,,,
400,,,,,,,,
400,,,,,,,,
400,,,,,,,,
400,,,,,,,,
400,,,,,,,,
400,,,,,,,,
400,,,,,,,,
400,,,,,,,,
400,,,,,,,,
400,,,,,,,,
400,,,,,,,,
400,,,,,,,,
400,,,,,,,,
400,,,,,,,,
400,,,,,,,,
400,,,,,,,,
400,,,,,,,,
400,,,,,,,,
400,,,,,,,,
400,,,,,,,,
400,,,,,,,,
400,,,,,,,,
400,,,,,,,,
400,,,,,,,,
400,,,,,,,,
400,,,,,,,,
400,,,,,,,,
400,,,,,,,,
400,,,,,,,,
400,,,,,,,,
400,,,,,,,,
400,,,,,,,,
400,,,,,,,,
400,,,,,,,,
400,,,,,,,,
400,,,,,,,,
400,,,,,,,,
400,,,,,,,,
400,,,,,,,,
400,,,,,,,,
400,,,,,,,,
400,,,,,,,,
400,,,,,,,,
400,,,,,,,,
400,,,,,,,,
400,,,,,,,,
400,,,,,,,,
400,,,,,,,,
400,,,,,,,,
400,,,,,,,,
400,,,,,,,,
400,,,,,,,,
400,,,,,,,,
400,,,,,,,,
400,,,,,,,,
400,,,,,,,,
400,,,,,,,,
400,,,,,,,,
400,,,,,,,,
400,,,,,,,,
400,,,,,,,,
400,,,,,,,,
400,,,,,,,,
400,,,,,,,,
400,,,,,,,,
400,,,,,,,,
400,,,,,,,,
400,,,,,,,,
400,,,,,,,,
400,,,,,,,,
400,,,,,,,,
400,,,,,,,,
400,,,,,,,,
400,,,,,,,,
400,,,,,,,,
400,,,,,,,,
400,,,,,,,,
400,,,,,,,,
400,,,,,,,,
400,,,,,,,,
400,,,,,,,,
400,,,,,,,,
400,,,,,,,,
400,,,,,,,,
400,,,,,,,,
400,,,,,,,,
400,,,,,,,,
400,,,,,,,,
400,,,,,,,,
400,,,,,,,,
400,,,,,,,,
400,,,,,,,,
400,,,,,,,,
400,,,,,,,,
400,,,,,,,,
400,,,,,,,,
400,,,,,,,,
400,,,,,,,,
400,,,,,,,,
400,,,,,,,,
400,,,,,,,,
400,,,,,,,,
400,,,,,,,,
400,,,,,,,,
400,,,,,,,,
400,,,,,,,,
400,,,,,,,,
400,,,,,,,,
400,,,,,,,,
400,,,,,,,,
400,,,,,,,,
400,,,,,,,,
400,,,,,,,,
400,,,,,,,,
400,,,,,,,,
400,,,,,,,,
400,,,,,,,,
400,,,,,,,,
400,,,,,,,,
400,,,,,,,,
400,,,,,,,,
400,,,,,,,,
400,,,,,,,,
400,,,,,,,,
400,,,,,,,,
400,,,,,,,,
400,,,,,,,,
400,,,,,,,,
400,,,,,,,,
400,,,,,,,,
400,,,,,,,,
400,,,,,,,,
400,,,,,,,,
400,,,,,,,,
400,,,,,,,,
400,,,,,,,,
400,,,,,,,,
400,,,,,,,,
400,,,,,,,,
400,,,,,,,,
400,,,,,,,,
400,,,,,,,,
400,,,,,,,,
400,,,,,,,,
400,,,,,,,,
400,,,,,,,,
400,,,,,,,,
400,,,,,,,,
400,,,,,,,,
400,,,,,,,,
400,,,,,,,,
400,,,,,,,,
400,,,,,,,,
400,,,,,,,,
400,,,,,,,,
400,,,,,,,,
400,,,,,,,,
400,,,,,,,,
400,,,,,,,,
400,,,,,,,,
400,,,,,,,,
400,,,,,,,,
400,,,,,,,,
400,,,,,,,,
400,,,,,,,,
400,,,,,,,,
400,,,,,,,,
400,,,,,,,,
400,,,,,,,,
400,,,,,,,,
400,,,,,,,,
400,,,,,,,,
400,,,,,,,,
400,,,,,,,,
400,,,,,,,,
400,,,,,,,,
400,,,,,,,,
400,,,,,,,,
400,,,,,,,,
400,,,,,,,,
400,,,,,,,,
400,,,,,,,,
400,,,,,,,,
400,,,,,,,,
400,,,,,,,,
400,,,,,,,,
400,,,,,,,,
400,,,,,,,,
400,,,,,,,,
400,,,,,,,,
400,,,,,,,,
400,,,,,,,,
400,,,,,,,,
400,,,,,,,,
400,,,,,,,,
400,,,,,,,,
400,,,,,,,,
400,,,,,,,,
400,,,,,,,,
400,,,,,,,,
400,,,,,,,,
400,,,,,,,,
400,,,,,,,,
400,,,,,,,,
400,,,,,,,,
400,,,,,,,,
400,,,,,,,,
400,,,,,,,,
400,,,,,,,,
400,,,,,,,,
400,,,,,,,,
400,,,,,,,,
400,,,,,,,,
400,,,,,,,,
400,,,,,,,,
400,,,,,,,,
400,,,,,,,,
400,,,,,,,,
400,,,,,,,,
400,,,,,,,,
400,,,,,,,,
400,,,,,,,,
400,,,,,,,,
400,,,,,,,,
400,,,,,,,,
400,,,,,,,,
400,,,,,,,,
400,,,,,,,,
400,,,,,,,,
400,,,,,,,,
400,,,,,,,,
400,,,,,,,,
400,,,,,,,,
400,,,,,,,,
400,,,,,,,,
400,,,,,,,,
400,,,,,,,,
400,,,,,,,,
400,,,,,,,,
400,,,,,,,,
400,,,,,,,,
400,,,,,,,,
400,,,,,,,,
400,,,,,,,,
400,,,,,,,,
400,,,,,,,,
400,,,,,,,,
400,,,,,,,,
400,,,,,,,,
400,,,,,,,,
400,,,,,,,,
400,,,,,,,,
400,,,,,,,,
400,,,,,,,,
400,,,,,,,,
400,,,,,,,,
400,,,,,,,,
400,,,,,,,,
400,,,,,,,,
400,,,,,,,,
400,,,,,,,,
400,,,,,,,,
400,,,,,,,,
400,,,,,,,,
400,,,,,,,,
400,,,,,,,,
400,,,,,,,,
400,,,,,,,,
400,,,,,,,,
400,,,,,,,,
400,,,,,,,,
400,,,,,,,,
400,,,,,,,,
400,,,,,,,,
400,,,,,,,,
400,,,,,,,,
400,,,,,,,,
400,,,,,,,,
400,,,,,,,,
400,,,,,,,,
400,,,,,,,,
400,,,,,,,,
400,,,,,,,,
400,,,,,,,,
400,,,,,,,,
400,,,,,,,,
400,,,,,,,,
400,,,,,,,,
400,,,,,,,,
400,,,,,,,,
400,,,,,,,,
400,,,,,,,,
400,,,,,,,,
400,,,,,,,,
400,,,,,,,,
400,,,,,,,,
400,,,,,,,,
400,,,,,,,,
400,,,,,,,,
400,,,,,,,,
400,,,,,,,,
400,,,,,,,,
400,,,,,,,,
400,,,,,,,,
400,,,,,,,,
400,,,,,,,,
400,,,,,,,,
400,,,,,,,,
400,,,,,,,,
400,,,,,,,,
400,,,,,,,,
400,,,,,,,,
400,,,,,,,,
400,,,,,,,,
400,,,,,,,,
400,,,,,,,,
400,,,,,,,,
400,,,,,,,,
400,,,,,,,,
400,,,,,,,,
400,,,,,,,,
400,,,,,,,,
400,,,,,,,,
400,,,,,,,,
400,,,,,,,,
400,,,,,,,,
400,,,,,,,,
400,,,,,,,,
400,,,,,,,,
400,,,,,,,,
400,,,,,,,,
400,,,,,,,,
400,,,,,,,,
400,,,,,,,,
400,,,,,,,,
400,,,,,,,,
400,,,,,,,,
400,,,,,,,,
400,,,,,,,,
400,,,,,,,,
400,,,,,,,,
400,,,,,,,,
400,,,,,,,,
400,,,,,,,,
400,,,,,,,,
400,,,,,,,,
400,,,,,,,,
400,,,,,,,,
400,,,,,,,,
400,,,,,,,,
400,,,,,,,,
400,,,,,,,,
400,,,,,,,,
400,,,,,,,,
400,,,,,,,,
400,,,,,,,,
400,,,,,,,,
400,,,,,,,,
400,,,,,,,,
400,,,,,,,,
400,,,,,,,,
400,,,,,,,,
400,,,,,,,,
400,,,,,,,,
400,,,,,,,,
400,,,,,,,,
400,,,,,,,,
400,,,,,,,,
400,,,,,,,,
400,,,,,,,,
400,,,,,,,,
400,,,,,,,,
400,,,,,,,,
400,,,,,,,,
400,,,,,,,,
400,,,,,,,,
400,,,,,,,,
400,,,,,,,,
400,,,,,,,,
400,,,,,,,,
400,,,,,,,,
400,,,,,,,,
400,,,,,,,,
400,,,,,,,,
400,,,,,,,,
400,,,,,,,,
400,,,,,,,,
400,,,,,,,,
400,,,,,,,,
400,,,,,,,,
400,,,,,,,,
400,,,,,,,,
400,,,,,,,,
400,,,,,,,,
400,,,,,,,,
400,,,,,,,,
400,,,,,,,,
400,,,,,,,,
400,,,,,,,,
400,,,,,,,,
400,,,,,,,,
400,,,,,,,,
400,,,,,,,,
400,,,,,,,,
400,,,,,,,,
400,,,,,,,,
400,,,,,,,,
400,,,,,,,,
400,,,,,,,,
400,,,,,,,,
400,,,,,,,,
400,,,,,,,,
400,,,,,,,,
400,,,,,,,,
400,,,,,,,,
400,,,,,,,,
400,,,,,,,,
400,,,,,,,,
400,,,,,,,,
400,,,,,,,,
400,,,,,,,,
400,,,,,,,,
400,,,,,,,,
400,,,,,,,,
400,,,,,,,,
400,,,,,,,,
400,,,,,,,,
400,,,,,,,,
400,,,,,,,,
400,,,,,,,,
400,,,,,,,,
400,,,,,,,,
400,,,,,,,,
400,,,,,,,,
400,,,,,,,,
400,,,,,,,,
400,,,,,,,,
400,,,,,,,,
400,,,,,,,,
400,,,,,,,,
400,,,,,,,,
400,,,,,,,,
400,,,,,,,,
400,,,,,,,,
400,,,,,,,,
400,,,,,,,,
400,,,,,,,,
400,,,,,,,,
400,,,,,,,,
400,,,,,,,,
400,,,,,,,,
400,,,,,,,,
400,,,,,,,,
400,,,,,,,,
400,,,,,,,,
400,,,,,,,,
400,,,,,,,,
400,,,,,,,,
400,,,,,,,,
400,,,,,,,,
400,,,,,,,,
400,,,,,,,,
400,,,,,,,,
400,,,,,,,,
400,,,,,,,,
400,,,,,,,,
400,,,,,,,,
400,,,,,,,,
400,,,,,,,,
400,,,,,,,,
400,,,,,,,,
400,,,,,,,,
400,,,,,,,,
400,,,,,,,,
400,,,,,,,,
400,,,,,,,,
400,,,,,,,,
400,,,,,,,,
400,,,,,,,,
400,,,,,,,,
400,,,,,,,,
400,,,,,,,,
400,,,,,,,,
400,,,,,,,,
400,,,,,,,,
400,,,,,,,,
400,,,,,,,,
400,,,,,,,,
400,,,,,,,,
400,,,,,,,,
400,,,,,,,,
400,,,,,,,,
400,,,,,,,,
400,,,,,,,,
400,,,,,,,,
400,,,,,,,,
400,,,,,,,,
400,,,,,,,,
400,,,,,,,,
400,,,,,,,,
400,,,,,,,,
400,,,,,,,,
400,,,,,,,,
400,,,,,,,,
400,,,,,,,,
400,,,,,,,,
400,,,,,,,,
400,,,,,,,,
400,,,,,,,,
400,,,,,,,,
400,,,,,,,,
400,,,,,,,,
400,,,,,,,,
400,,,,,,,,
400,,,,,,,,
400,,,,,,,,
400,,,,,,,,
400,,,,,,,,
400,,,,,,,,
400,,,,,,,,
400,,,,,,,,
400,,,,,,,,
400,,,,,,,,
400,,,,,,,,
400,,,,,,,,
400,,,,,,,,
400,,,,,,,,
400,,,,,,,,
400,,,,,,,,
400,,,,,,,,
400,,,,,,,,
400,,,,,,,,
400,,,,,,,,
400,,,,,,,,
400,,,,,,,,
400,,,,,,,,
400,,,,,,,,
400,,,,,,,,
400,,,,,,,,
400,,,,,,,,
400,,,,,,,,
400,,,,,,,,
400,,,,,,,,
400,,,,,,,,
400,,,,,,,,
400,,,,,,,,
400,,,,,,,,
400,,,,,,,,
400,,,,,,,,
400,,,,,,,,
400,,,,,,,,
400,,,,,,,,
400,,,,,,,,
400,,,,,,,,
400,,,,,,,,
400,,,,,,,,
400,,,,,,,,
400,,,,,,,,
400,,,,,,,,
400,,,,,,,,
400,,,,,,,,
400,,,,,,,,
400,,,,,,,,
400,,,,,,,,
400,,,,,,,,
400,,,,,,,,
400,,,,,,,,
400,,,,,,,,
400,,,,,,,,
400,,,,,,,,
400,,,,,,,,
400,,,,,,,,
400,,,,,,,,
400,,,,,,,,
400,,,,,,,,
400,,,,,,,,
400,,,,,,,,
400,,,,,,,,
400,,,,,,,,
400,,,,,,,,
400,,,,,,,,
400,,,,,,,,
400,,,,,,,,
400,,,,,,,,
400,,,,,,,,
400,,,,,,,,
400,,,,,,,,
400,,,,,,,,
400,,,,,,,,
400,,,,,,,,
400,,,,,,,,
400,,,,,,,,
400,,,,,,,,
400,,,,,,,,
400,,,,,,,,
400,,,,,,,,
400,,,,,,,,
400,,,,,,,,
400,,,,,,,,
400,,,,,,,,
400,,,,,,,,
400,,,,,,,,
400,,,,,,,,
400,,,,,,,,
400,,,,,,,,
400,,,,,,,,
400,,,,,,,,
400,,,,,,,,
400,,,,,,,,
400,,,,,,,,
400,,,,,,,,
400,,,,,,,,
400,,,,,,,,
400,,,,,,,,
400,,,,,,,,
400,,,,,,,,
400,,,,,,,,
400,,,,,,,,
400,,,,,,,,
400,,,,,,,,
400,,,,,,,,
400,,,,,,,,
400,,,,,,,,
400,,,,,,,,
400,,,,,,,,
400,,,,,,,,
400,,,,,,,,
400,,,,,,,,
400,,,,,,,,
400,,,,,,,,
400,,,,,,,,
400,,,,,,,,
400,,,,,,,,
400,,,,,,,,
400,,,,,,,,
400,,,,,,,,
400,,,,,,,,
400,,,,,,,,
400,,,,,,,,
400,,,,,,,,
400,,,,,,,,
400,,,,,,,,
400,,,,,,,,
400,,,,,,,,
400,,,,,,,,
400,,,,,,,,
400,,,,,,,,
400,,,,,,,,
400,,,,,,,,
400,,,,,,,,
400,,,,,,,,
400,,,,,,,,
400,,,,,,,,
400,,,,,,,,
400,,,,,,,,
400,,,,,,,,
400,,,,,,,,
400,,,,,,,,
400,,,,,,,,
400,,,,,,,,
400,,,,,,,,
400,,,,,,,,
400,,,,,,,,
400,,,,,,,,
400,,,,,,,,
400,,,,,,,,
400,,,,,,,,
400,,,,,,,,
400,,,,,,,,
400,,,,,,,,
400,,,,,,,,
400,,,,,,,,
400,,,,,,,,
400,,,,,,,,
400,,,,,,,,
400,,,,,,,,
400,,,,,,,,
400,,,,,,,,
400,,,,,,,,
400,,,,,,,,
400,,,,,,,,
400,,,,,,,,
400,,,,,,,,
400,,,,,,,,
400,,,,,,,,
400,,,,,,,,
400,,,,,,,,
400,,,,,,,,
400,,,,,,,,
400,,,,,,,,
400,,,,,,,,
400,,,,,,,,
400,,,,,,,,
400,,,,,,,,
400,,,,,,,,
400,,,,,,,,
400,,,,,,,,
400,,,,,,,,
400,,,,,,,,
400,,,,,,,,
400,,,,,,,,
400,,,,,,,,
400,,,,,,,,
400,,,,,,,,
400,,,,,,,,
400,,,,,,,,
400,,,,,,,,
400,,,,,,,,
400,,,,,,,,
400,,,,,,,,
400,,,,,,,,
400,,,,,,,,
400,,,,,,,,
400,,,,,,,,
400,,,,,,,,
400,,,,,,,,
400,,,,,,,,
400,,,,,,,,
400,,,,,,,,
400,,,,,,,,
400,,,,,,,,
400,,,,,,,,
400,,,,,,,,
400,,,,,,,,
400,,,,,,,,
400,,,,,,,,
400,,,,,,,,
400,,,,,,,,
400,,,,,,,,
400,,,,,,,,
400,,,,,,,,
400,,,,,,,,
400,,,,,,,,
400,,,,,,,,
400,,,,,,,,
400,,,,,,,,
400,,,,,,,,
400,,,,,,,,
400,,,,,,,,
400,,,,,,,,
400,,,,,,,,
400,,,,,,,,
400,,,,,,,,
400,,,,,,,,
400,,,,,,,,
400,,,,,,,,
400,,,,,,,,
400,,,,,,,,
400,,,,,,,,
400,,,,,,,,
400,,,,,,,,
400,,,,,,,,
400,,,,,,,,
400,,,,,,,,
400,,,,,,,,
400,,,,,,,,
400,,,,,,,,
400,,,,,,,,
400,,,,,,,,
400,,,,,,,,
400,,,,,,,,
400,,,,,,,,
400,,,,,,,,
400,,,,,,,,
400,,,,,,,,
400,,,,,,,,
400,,,,,,,,
400,,,,,,,,
400,,,,,,,,
400,,,,,,,,
400,,,,,,,,
400,,,,,,,,
400,,,,,,,,
400,,,,,,,,
400,,,,,,,,
400,,,,,,,,
400,,,,,,,,
400,,,,,,,,
400,,,,,,,,
400,,,,,,,,
400,,,,,,,,
400,,,,,,,,
400,,,,,,,,
400,,,,,,,,
400,,,,,,,,
400,,,,,,,,
400,,,,,,,,
400,,,,,,,,
400,,,,,,,,
400,,,,,,,,
400,,,,,,,,
400,,,,,,,,
400,,,,,,,,
400,,,,,,,,
400,,,,,,,,
400,,,,,,,,
400,,,,,,,,
400,,,,,,,,
400,,,,,,,,
400,,,,,,,,
400,,,,,,,,
400,,,,,,,,
400,,,,,,,,
400,,,,,,,,
400,,,,,,,,
400,,,,,,,,
400,,,,,,,,
400,,,,,,,,
400,,,,,,,,
400,,,,,,,,
400,,,,,,,,
400,,,,,,,,
400,,,,,,,,
400,,,,,,,,
400,,,,,,,,
400,,,,,,,,
400,,,,,,,,
400,,,,,,,,
400,,,,,,,,
400,,,,,,,,
400,,,,,,,,
400,,,,,,,,
400,,,,,,,,
400,,,,,,,,
400,,,,,,,,
400,,,,,,,,
400,,,,,,,,
400,,,,,,,,
400,,,,,,,,
400,,,,,,,,
400,,,,,,,,
400,,,,,,,,
400,,,,,,,,
400,,,,,,,,
400,,,,,,,,
400,,,,,,,,
400,,,,,,,,
400,,,,,,,,
400,,,,,,,,
400,,,,,,,,
400,,,,,,,,
400,,,,,,,,
400,,,,,,,,
400,,,,,,,,
400,,,,,,,,
400,,,,,,,,
400,,,,,,,,
400,,,,,,,,
400,,,,,,,,
400,,,,,,,,
400,,,,,,,,
400,,,,,,,,
400,,,,,,,,
400,,,,,,,,
400,,,,,,,,
400,,,,,,,,
400,,,,,,,,
400,,,,,,,,
400,,,,,,,,
400,,,,,,,,
400,,,,,,,,
400,,,,,,,,
400,,,,,,,,
400,,,,,,,,
400,,,,,,,,
400,,,,,,,,
400,,,,,,,,
400,,,,,,,,
400,,,,,,,,
400,,,,,,,,
400,,,,,,,,
400,,,,,,,,
400,,,,,,,,
400,,,,,,,,
400,,,,,,,,
400,,,,,,,,
400,,,,,,,,
400,,,,,,,,
400,,,,,,,,
400,,,,,,,,
400,,,,,,,,
400,,,,,,,,
400,,,,,,,,
400,,,,,,,,
400,,,,,,,,
400,,,,,,,,
400,,,,,,,,
400,,,,,,,,
400,,,,,,,,
400,,,,,,,,
400,,,,,,,,
400,,,,,,,,
400,,,,,,,,
400,,,,,,,,
400,,,,,,,,
400,,,,,,,,
400,,,,,,,,
400,,,,,,,,
400,,,,,,,,
400,,,,,,,,
400,,,,,,,,
400,,,,,,,,
400,,,,,,,,
400,,,,,,,,
400,,,,,,,,
400,,,,,,,,
400,,,,,,,,
400,,,,,,,,
400,,,,,,,,
400,,,,,,,,
400,,,,,,,,
400,,,,,,,,
400,,,,,,,,
400,,,,,,,,
400,,,,,,,,
400,,,,,,,,
400,,,,,,,,
400,,,,,,,,
400,,,,,,,,
400,,,,,,,,
400,,,,,,,,
400,,,,,,,,
400,,,,,,,,
400,,,,,,,,
400,,,,,,,,
400,,,,,,,,
400,,,,,,,,
400,,,,,,,,
400,,,,,,,,
400,,,,,,,,
400,,,,,,,,
400,,,,,,,,
400,,,,,,,,
400,,,,,,,,
400,,,,,,,,
400,,,,,,,,
400,,,,,,,,
400,,,,,,,,
400,,,,,,,,
400,,,,,,,,
400,,,,,,,,
400,,,,,,,,
400,,,,,,,,
400,,,,,,,,
400,,,,,,,,
400,,,,,,,,
400,,,,,,,,
400,,,,,,,,
400,,,,,,,,
400,,,,,,,,
400,,,,,,,,
400,,,,,,,,
400,,,,,,,,
400,,,,,,,,
400,,,,,,,,
400,,,,,,,,
400,,,,,,,,
400,,,,,,,,
400,,,,,,,,
400,,,,,,,,
400,,,,,,,,
400,,,,,,,,
400,,,,,,,,
400,,,,,,,,
400,,,,,,,,
400,,,,,,,,
400,,,,,,,,
400,,,,,,,,
400,,,,,,,,
400,,,,,,,,
400,,,,,,,,
400,,,,,,,,
400,,,,,,,,
400,,,,,,,,
400,,,,,,,,
400,,,,,,,,
400,,,,,,,,
400,,,,,,,,
400,,,,,,,,
400,,,,,,,,
400,,,,,,,,
400,,,,,,,,
400,,,,,,,,
400,,,,,,,,
400,,,,,,,,
400,,,,,,,,
400,,,,,,,,
400,,,,,,,,
400,,,,,,,,
400,,,,,,,,
400,,,,,,,,
400,,,,,,,,
400,,,,,,,,
400,,,,,,,,
400,,,,,,,,
400,,,,,,,,
400,,,,,,,,
400,,,,,,,,
400,,,,,,,,
400,,,,,,,,
400,,,,,,,,
400,,,,,,,,
400,,,,,,,,
400,,,,,,,,
400,,,,,,,,
400,,,,,,,,
400,,,,,,,,
400,,,,,,,,
400,,,,,,,,
400,,,,,,,,
400,,,,,,,,
400,,,,,,,,
400,,,,,,,,
400,,,,,,,,
400,,,,,,,,
400,,,,,,,,
400,,,,,,,,
400,,,,,,,,
400,,,,,,,,
400,,,,,,,,
400,,,,,,,,
400,,,,,,,,
400,,,,,,,,
400,,,,,,,,
400,,,,,,,,
400,,,,,,,,
400,,,,,,,,
400,,,,,,,,
400,,,,,,,,
400,,,,,,,,
400,,,,,,,,
400,,,,,,,,
400,,,,,,,,
400,,,,,,,,
400,,,,,,,,
400,,,,,,,,
400,,,,,,,,
400,,,,,,,,
400,,,,,,,,
400,,,,,,,,
400,,,,,,,,
400,,,,,,,,
400,,,,,,,,
400,,,,,,,,
400,,,,,,,,
400,,,,,,,,
400,,,,,,,,
400,,,,,,,,
400,,,,,,,,
400,,,,,,,,
400,,,,,,,,
400,,,,,,,,
400,,,,,,,,
400,,,,,,,,
400,,,,,,,,
400,,,,,,,,
400,,,,,,,,
400,,,,,,,,
400,,,,,,,,
400,,,,,,,,
400,,,,,,,,
400,,,,,,,,
400,,,,,,,,
400,,,,,,,,
400,,,,,,,,
400,,,,,,,,
400,,,,,,,,
400,,,,,,,,
400,,,,,,,,
400,,,,,,,,
400,,,,,,,,
400,,,,,,,,
400,,,,,,,,
400,,,,,,,,
400,,,,,,,,
400,,,,,,,,
400,,,,,,,,
400,,,,,,,,
400,,,,,,,,
400,,,,,,,,
400,,,,,,,,
400,,,,,,,,
400,,,,,,,,
400,,,,,,,,
400,,,,,,,,
400,,,,,,,,
400,,,,,,,,
400,,,,,,,,
400,,,,,,,,
400,,,,,,,,
400,,,,,,,,
400,,,,,,,,
400,,,,,,,,
400,,,,,,,,
400,,,,,,,,
400,,,,,,,,
400,,,,,,,,
400,,,,,,,,
400,,,,,,,,
400,,,,,,,,
400,,,,,,,,
400,,,,,,,,
400,,,,,,,,
400,,,,,,,,
400,,,,,,,,
400,,,,,,,,
400,,,,,,,,
400,,,,,,,,
400,,,,,,,,
400,,,,,,,,
400,,,,,,,,
400,,,,,,,,
400,,,,,,,,
400,,,,,,,,
400,,,,,,,,
400,,,,,,,,
400,,,,,,,,
400,,,,,,,,
400,,,,,,,,
400,,,,,,,,
400,,,,,,,,
400,,,,,,,,
400,,,,,,,,
400,,,,,,,,
400,,,,,,,,
400,,,,,,,,
400,,,,,,,,
400,,,,,,,,
400,,,,,,,,
400,,,,,,,,
400,,,,,,,,
400,,,,,,,,
400,,,,,,,,
400,,,,,,,,
400,,,,,,,,
400,,,,,,,,
400,,,,,,,,
400,,,,,,,,
400,,,,,,,,
400,,,,,,,,
400,,,,,,,,
400,,,,,,,,
400,,,,,,,,
400,,,,,,,,
400,,,,,,,,
400,,,,,,,,
400,,,,,,,,
400,,,,,,,,
400,,,,,,,,
400,,,,,,,,
400,,,,,,,,
400,,,,,,,,
400,,,,,,,,
400,,,,,,,,
400,,,,,,,,
400,,,,,,,,
400,,,,,,,,
400,,,,,,,,
400,,,,,,,,
400,,,,,,,,
400,,,,,,,,
400,,,,,,,,
400,,,,,,,,
400,,,,,,,,
400,,,,,,,,
400,,,,,,,,
400,,,,,,,,
400,,,,,,,,
400,,,,,,,,
400,,,,,,,,
400,,,,,,,,
400,,,,,,,,
400,,,,,,,,
400,,,,,,,,
400,,,,,,,,
400,,,,,,,,
400,,,,,,,,
400,,,,,,,,
400,,,,,,,,
400,,,,,,,,
400,,,,,,,,
400,,,,,,,,
400,,,,,,,,
400,,,,,,,,
400,,,,,,,,
400,,,,,,,,
400,,,,,,,,
400,,,,,,,,
400,,,,,,,,
400,,,,,,,,
400,,,,,,,,
400,,,,,,,,
400,,,,,,,,
400,,,,,,,,
400,,,,,,,,
400,,,,,,,,
400,,,,,,,,
400,,,,,,,,
400,,,,,,,,
400,,,,,,,,
400,,,,,,,,
400,,,,,,,,
400,,,,,,,,
400,,,,,,,,
400,,,,,,,,
400,,,,,,,,
400,,,,,,,,
400,,,,,,,,
400,,,,,,,,
400,,,,,,,,
400,,,,,,,,
400,,,,,,,,
400,,,,,,,,
400,,,,,,,,
400,,,,,,,,
400,,,,,,,,
400,,,,,,,,
400,,,,,,,,
400,,,,,,,,
400,,,,,,,,
400,,,,,,,,
400,,,,,,,,
400,,,,,,,,
400,,,,,,,,
400,,,,,,,,
400,,,,,,,,
400,,,,,,,,
400,,,,,,,,
400,,,,,,,,
400,,,,,,,,
400,,,,,,,,
400,,,,,,,,
400,,,,,,,,
400,,,,,,,,
400,,,,,,,,
400,,,,,,,,
400,,,,,,,,
400,,,,,,,,
400,,,,,,,,
400,,,,,,,,
400,,,,,,,,
400,,,,,,,,
400,,,,,,,,
400,,,,,,,,
400,,,,,,,,
400,,,,,,,,
400,,,,,,,,
400,,,,,,,,
400,,,,,,,,
400,,,,,,,,
400,,,,,,,,
400,,,,,,,,
400,,,,,,,,
400,,,,,,,,
400,,,,,,,,
400,,,,,,,,
400,,,,,,,,
400,,,,,,,,
400,,,,,,,,
400,,,,,,,,
400,,,,,,,,
400,,,,,,,,
400,,,,,,,,
400,,,,,,,,
400,,,,,,,,
400,,,,,,,,
400,,,,,,,,
400,,,,,,,,
400,,,,,,,,
400,,,,,,,,
400,,,,,,,,
400,,,,,,,,
400,,,,,,,,
400,,,,,,,,
400,,,,,,,,
400,,,,,,,,
400,,,,,,,,
400,,,,,,,,
400,,,,,,,,
400,,,,,,,,
400,,,,,,,,
400,,,,,,,,
400,,,,,,,,
400,,,,,,,,
400,,,,,,,,
400,,,,,,,,
400,,,,,,,,
400,,,,,,,,
400,,,,,,,,
400,,,,,,,,
400,,,,,,,,
400,,,,,,,,
400,,,,,,,,
400,,,,,,,,
400,,,,,,,,
400,,,,,,,,
400,,,,,,,,
400,,,,,,,,
400,,,,,,,,
400,,,,,,,,
400,,,,,,,,
400,,,,,,,,
400,,,,,,,,
400,,,,,,,,
400,,,,,,,,
400,,,,,,,,
400,,,,,,,,
400,,,,,,,,
400,,,,,,,,
400,,,,,,,,
400,,,,,,,,
400,,,,,,,,
400,,,,,,,,
400,,,,,,,,
400,,,,,,,,
400,,,,,,,,
400,,,,,,,,
400,,,,,,,,
400,,,,,,,,
400,,,,,,,,
400,,,,,,,,
400,,,,,,,,
400,,,,,,,,
400,,,,,,,,
400,,,,,,,,
400,,,,,,,,
400,,,,,,,,
400,,,,,,,,
400,,,,,,,,
400,,,,,,,,
400,,,,,,,,
400,,,,,,,,
400,,,,,,,,
400,,,,,,,,
400,,,,,,,,
400,,,,,,,,
400,,,,,,,,
400,,,,,,,,
400,,,,,,,,
400,,,,,,,,
400,,,,,,,,
400,,,,,,,,
400,,,,,,,,
400,,,,,,,,
400,,,,,,,,
400,,,,,,,,
400,,,,,,,,
400,,,,,,,,
400,,,,,,,,
400,,,,,,,,
400,,,,,,,,
400,,,,,,,,
400,,,,,,,,
400,,,,,,,,
400,,,,,,,,
400,,,,,,,,
400,,,,,,,,
400,,,,,,,,
400,,,,,,,,
400,,,,,,,,
400,,,,,,,,
400,,,,,,,,
400,,,,,,,,
400,,,,,,,,
400,,,,,,,,
400,,,,,,,,
400,,,,,,,,
400,,,,,,,,
400,,,,,,,,
400,,,,,,,,
400,,,,,,,,
400,,,,,,,,
400,,,,,,,,
400,,,,,,,,
400,,,,,,,,
400,,,,,,,,
400,,,,,,,,
400,,,,,,,,
400,,,,,,,,
400,,,,,,,,
400,,,,,,,,
400,,,,,,,,
400,,,,,,,,
400,,,,,,,,
400,,,,,,,,
400,,,,,,,,
400,,,,,,,,
400,,,,,,,,
400,,,,,,,,
400,,,,,,,,
400,,,,,,,,
400,,,,,,,,
400,,,,,,,,
400,,,,,,,,
400,,,,,,,,
400,,,,,,,,
400,,,,,,,,
400,,,,,,,,
400,,,,,,,,
400,,,,,,,,
400,,,,,,,,
400,,,,,,,,
400,,,,,,,,
400,,,,,,,,
400,,,,,,,,
400,,,,,,,,
400,,,,,,,,
400,,,,,,,,
400,,,,,,,,
400,,,,,,,,
400,,,,,,,,
400,,,,,,,,
400,,,,,,,,
400,,,,,,,,
400,,,,,,,,
400,,,,,,,,
400,,,,,,,,
400,,,,,,,,
400,,,,,,,,
400,,,,,,,,
400,,,,,,,,
400,,,,,,,,
400,,,,,,,,
400,,,,,,,,
400,,,,,,,,
400,,,,,,,,
400,,,,,,,,
400,,,,,,,,
400,,,,,,,,
400,,,,,,,,
400,,,,,,,,
400,,,,,,,,
400,,,,,,,,
400,,,,,,,,
400,,,,,,,,
400,,,,,,,,
400,,,,,,,,
400,,,,,,,,
400,,,,,,,,
400,,,,,,,,
400,,,,,,,,
400,,,,,,,,
400,,,,,,,,
400,,,,,,,,
400,,,,,,,,
400,,,,,,,,
400,,,,,,,,
400,,,,,,,,
400,,,,,,,,
400,,,,,,,,
400,,,,,,,,
400,,,,,,,,
400,,,,,,,,
400,,,,,,,,
400,,,,,,,,
400,,,,,,,,
400,,,,,,,,
400,,,,,,,,
400,,,,,,,,
400,,,,,,,,
400,,,,,,,,
400,,,,,,,,
400,,,,,,,,
400,,,,,,,,
400,,,,,,,,
400,,,,,,,,
400,,,,,,,,
400,,,,,,,,
400,,,,,,,,
400,,,,,,,,
400,,,,,,,,
400,,,,,,,,
400,,,,,,,,
400,,,,,,,,
400,,,,,,,,
400,,,,,,,,
400,,,,,,,,
400,,,,,,,,
400,,,,,,,,
400,,,,,,,,
400,,,,,,,,
400,,,,,,,,
400,,,,,,,,
400,,,,,,,,
400,,,,,,,,
400,,,,,,,,
400,,,,,,,,
400,,,,,,,,
400,,,,,,,,
400,,,,,,,,
400,,,,,,,,
400,,,,,,,,
400,,,,,,,,
400,,,,,,,,
400,,,,,,,,
400,,,,,,,,
400,,,,,,,,
400,,,,,,,,
400,,,,,,,,
400,,,,,,,,
400,,,,,,,,
400,,,,,,,,
400,,,,,,,,
400,,,,,,,,
400,,,,,,,,
400,,,,,,,,
400,,,,,,,,
400,,,,,,,,
400,,,,,,,,
400,,,,,,,,
400,,,,,,,,
400,,,,,,,,
400,,,,,,,,
400,,,,,,,,
400,,,,,,,,
400,,,,,,,,
400,,,,,,,,
400,,,,,,,,
400,,,,,,,,
400,,,,,,,,
400,,,,,,,,
400,,,,,,,,
400,,,,,,,,
400,,,,,,,,
400,,,,,,,,
400,,,,,,,,
400,,,,,,,,
400,,,,,,,,
400,,,,,,,,
400,,,,,,,,
400,,,,,,,,
400,,,,,,,,
400,,,,,,,,
400,,,,,,,,
400,,,,,,,,
400,,,,,,,,
400,,,,,,,,
400,,,,,,,,
400,,,,,,,,
400,,,,,,,,
400,,,,,,,,
400,,,,,,,,
400,,,,,,,,
400,,,,,,,,
400,,,,,,,,
400,,,,,,,,
400,,,,,,,,
400,,,,,,,,
400,,,,,,,,
400,,,,,,,,
400,,,,,,,,
400,,,,,,,,
400,,,,,,,,
400,,,,,,,,
400,,,,,,,,
400,,,,,,,,
400,,,,,,,,
400,,,,,,,,
400,,,,,,,,
400,,,,,,,,
400,,,,,,,,
400,,,,,,,,
400,,,,,,,,
400,,,,,,,,
400,,,,,,,,
400,,,,,,,,
400,,,,,,,,
400,,,,,,,,
400,,,,,,,,
400,,,,,,,,
400,,,,,,,,
400,,,,,,,,
400,,,,,,,,
400,,,,,,,,
400,,,,,,,,
400,,,,,,,,
400,,,,,,,,
400,,,,,,,,
400,,,,,,,,
400,,,,,,,,
400,,,,,,,,
400,,,,,,,,
400,,,,,,,,
400,,,,,,,,
400,,,,,,,,
400,,,,,,,,
400,,,,,,,,
400,,,,,,,,
400,,,,,,,,
400,,,,,,,,
400,,,,,,,,
400,,,,,,,,
400,,,,,,,,
400,,,,,,,,
400,,,,,,,,
400,,,,,,,,
400,,,,,,,,
400,,,,,,,,
400,,,,,,,,
400,,,,,,,,
400,,,,,,,,
400,,,,,,,,
400,,,,,,,,
400,,,,,,,,
400,,,,,,,,
400,,,,,,,,
400,,,,,,,,
400,,,,,,,,
400,,,,,,,,
400,,,,,,,,
400,,,,,,,,
400,,,,,,,,
400,,,,,,,,
400,,,,,,,,
400,,,,,,,,
400,,,,,,,,
400,,,,,,,,
400,,,,,,,,
400,,,,,,,,
400,,,,,,,,
400,,,,,,,,
400,,,,,,,,
400,,,,,,,,
400,,,,,,,,
400,,,,,,,,
400,,,,,,,,
400,,,,,,,,
400,,,,,,,,
400,,,,,,,,
400,,,,,,,,
400,,,,,,,,
400,,,,,,,,
400,,,,,,,,
400,,,,,,,,
400,,,,,,,,
400,,,,,,,,
400,,,,,,,,
400,,,,,,,,
400,,,,,,,,
400,,,,,,,,
400,,,,,,,,
400,,,,,,,,
400,,,,,,,,
400,,,,,,,,
400,,,,,,,,
400,,,,,,,,
400,,,,,,,,
400,,,,,,,,
400,,,,,,,,
400,,,,,,,,
400,,,,,,,,
400,,,,,,,,
400,,,,,,,,
400,,,,,,,,
400,,,,,,,,
400,,,,,,,,
400,,,,,,,,
400,,,,,,,,
400,,,,,,,,
400,,,,,,,,
400,,,,,,,,
400,,,,,,,,
400,,,,,,,,
400,,,,,,,,
400,,,,,,,,
400,,,,,,,,
400,,,,,,,,
400,,,,,,,,
400,,,,,,,,
400,,,,,,,,
400,,,,,,,,
400,,,,,,,,
400,,,,,,,,
400,,,,,,,,
400,,,,,,,,
400,,,,,,,,
400,,,,,,,,
400,,,,,,,,
400,,,,,,,,
400,,,,,,,,
400,,,,,,,,
400,,,,,,,,
400,,,,,,,,
400,,,,,,,,
400,,,,,,,,
400,,,,,,,,
400,,,,,,,,
400,,,,,,,,
400,,,,,,,,
400,,,,,,,,
400,,,,,,,,
400,,,,,,,,
400,,,,,,,,
400,,,,,,,,
400,,,,,,,,
400,,,,,,,,
400,,,,,,,,
400,,,,,,,,
400,,,,,,,,
400,,,,,,,,
400,,,,,,,,
400,,,,,,,,
400,,,,,,,,
400,,,,,,,,
400,,,,,,,,
400,,,,,,,,
400,,,,,,,,
400,,,,,,,,
400,,,,,,,,
400,,,,,,,,
400,,,,,,,,
400,,,,,,,,
400,,,,,,,,
400,,,,,,,,
400,,,,,,,,
400,,,,,,,,
400,,,,,,,,
400,,,,,,,,
400,,,,,,,,
400,,,,,,,,
400,,,,,,,,
400,,,,,,,,
400,,,,,,,,
400,,,,,,,,
400,,,,,,,,
400,,,,,,,,
400,,,,,,,,
400,,,,,,,,
400,,,,,,,,
400,,,,,,,,
400,,,,,,,,
400,,,,,,,,
400,,,,,,,,
400,,,,,,,,
400,,,,,,,,
400,,,,,,,,
400,,,,,,,,
400,,,,,,,,
400,,,,,,,,
400,,,,,,,,
400,,,,,,,,
400,,,,,,,,
400,,,,,,,,
400,,,,,,,,
400,,,,,,,,
400,,,,,,,,
400,,,,,,,,
400,,,,,,,,
400,,,,,,,,
400,,,,,,,,
400,,,,,,,,
400,,,,,,,,
400,,,,,,,,
400,,,,,,,,
400,,,,,,,,
400,,,,,,,,
400,,,,,,,,
400,,,,,,,,
400,,,,,,,,
400,,,,,,,,
400,,,,,,,,
400,,,,,,,,
400,,,,,,,,
400,,,,,,,,
400,,,,,,,,
400,,,,,,,,
400,,,,,,,,
400,,,,,,,,
400,,,,,,,,
400,,,,,,,,
400,,,,,,,,
400,,,,,,,,
400,,,,,,,,
400,,,,,,,,
400,,,,,,,,
400,,,,,,,,
400,,,,,,,,
400,,,,,,,,
400,,,,,,,,
400,,,,,,,,
400,,,,,,,,
400,,,,,,,,
400,,,,,,,,
400,,,,,,,,
400,,,,,,,,
400,,,,,,,,
400,,,,,,,,
400,,,,,,,,
400,,,,,,,,
400,,,,,,,,
400,,,,,,,,
400,,,,,,,,
400,,,,,,,,
400,,,,,,,,
400,,,,,,,,
400,,,,,,,,
400,,,,,,,,
400,,,,,,,,
400,,,,,,,,
400,,,,,,,,
400,,,,,,,,
400,,,,,,,,
400,,,,,,,,
400,,,,,,,,
400,,,,,,,,
400,,,,,,,,
400,,,,,,,,
400,,,,,,,,
400,,,,,,,,
400,,,,,,,,
400,,,,,,,,
400,,,,,,,,
400,,,,,,,,
400,,,,,,,,
400,,,,,,,,
400,,,,,,,,
400,,,,,,,,
400,,,,,,,,
400,,,,,,,,
400,,,,,,,,
400,,,,,,,,
400,,,,,,,,
400,,,,,,,,
400,,,,,,,,
400,,,,,,,,
400,,,,,,,,
400,,,,,,,,
400,,,,,,,,
400,,,,,,,,
400,,,,,,,,
400,,,,,,,,
400,,,,,,,,
400,,,,,,,,
400,,,,,,,,
400,,,,,,,,
400,,,,,,,,
400,,,,,,,,
400,,,,,,,,
400,,,,,,,,
400,,,,,,,,
400,,,,,,,,
400,,,,,,,,
400,,,,,,,,
400,,,,,,,,
400,,,,,,,,
400,,,,,,,,
400,,,,,,,,
400,,,,,,,,
400,,,,,,,,
400,,,,,,,,
400,,,,,,,,
400,,,,,,,,
400,,,,,,,,
400,,,,,,,,
400,,,,,,,,
400,,,,,,,,
400,,,,,,,,
400,,,,,,,,
400,,,,,,,,
400,,,,,,,,
400,,,,,,,,
400,,,,,,,,
400,,,,,,,,
400,,,,,,,,
400,,,,,,,,
400,,,,,,,,
400,,,,,,,,
400,,,,,,,,
400,,,,,,,,
400,,,,,,,,
400,,,,,,,,
400,,,,,,,,
400,,,,,,,,
400,,,,,,,,
400,,,,,,,,
400,,,,,,,,
400,,,,,,,,
400,,,,,,,,
400,,,,,,,,
400,,,,,,,,
400,,,,,,,,
400,,,,,,,,
400,,,,,,,,
400,,,,,,,,
400,,,,,,,,
400,,,,,,,,
400,,,,,,,,
400,,,,,,,,
400,,,,,,,,
400,,,,,,,,
400,,,,,,,,
400,,,,,,,,
400,,,,,,,,
400,,,,,,,,
400,,,,,,,,
400,,,,,,,,
400,,,,,,,,
400,,,,,,,,
400,,,,,,,,
400,,,,,,,,
400,,,,,,,,
400,,,,,,,,
400,,,,,,,,
400,,,,,,,,
400,,,,,,,,
400,,,,,,,,
400,,,,,,,,
400,,,,,,,,
400,,,,,,,,
400,,,,,,,,
400,,,,,,,,
400,,,,,,,,
400,,,,,,,,
400,,,,,,,,
400,,,,,,,,
400,,,,,,,,
400,,,,,,,,
400,,,,,,,,
400,,,,,,,,
400,,,,,,,,
400,,,,,,,,
400,,,,,,,,
400,,,,,,,,
400,,,,,,,,
400,,,,,,,,
400,,,,,,,,
400,,,,,,,,
400,,,,,,,,
400,,,,,,,,
400,,,,,,,,
400,,,,,,,,
400,,,,,,,,
400,,,,,,,,
400,,,,,,,,
400,,,,,,,,
400,,,,,,,,
400,,,,,,,,
400,,,,,,,,
400,,,,,,,,
400,,,,,,,,
400,,,,,,,,
400,,,,,,,,
400,,,,,,,,
400,,,,,,,,
400,,,,,,,,
400,,,,,,,,
400,,,,,,,,
400,,,,,,,,
400,,,,,,,,
400,,,,,,,,
400,,,,,,,,
400,,,,,,,,
400,,,,,,,,
400,,,,,,,,
400,,,,,,,,
400,,,,,,,,
400,,,,,,,,
400,,,,,,,,
400,,,,,,,,
400,,,,,,,,
400,,,,,,,,
400,,,,,,,,
400,,,,,,,,
400,,,,,,,,
400,,,,,,,,
400,,,,,,,,
400,,,,,,,,
400,,,,,,,,
400,,,,,,,,
400,,,,,,,,
400,,,,,,,,
400,,,,,,,,
400,,,,,,,,
400,,,,,,,,
400,,,,,,,,
400,,,,,,,,
400,,,,,,,,
400,,,,,,,,
400,,,,,,,,
400,,,,,,,,
400,,,,,,,,
400,,,,,,,,
400,,,,,,,,
400,,,,,,,,
400,,,,,,,,
400,,,,,,,,
400,,,,,,,,
400,,,,,,,,
400,,,,,,,,
400,,,,,,,,
400,,,,,,,,
400,,,,,,,,
400,,,,,,,,
400,,,,,,,,
400,,,,,,,,
400,,,,,,,,
400,,,,,,,,
400,,,,,,,,
400,,,,,,,,
400,,,,,,,,
400,,,,,,,,
400,,,,,,,,
400,,,,,,,,
400,,,,,,,,
400,,,,,,,,
400,,,,,,,,
400,,,,,,,,
400,,,,,,,,
400,,,,,,,,
400,,,,,,,,
400,,,,,,,,
400,,,,,,,,
400,,,,,,,,
400,,,,,,,,
400,,,,,,,,
400,,,,,,,,
400,,,,,,,,
400,,,,,,,,
400,,,,,,,,
400,,,,,,,,
400,,,,,,,,
400,,,,,,,,
400,,,,,,,,
400,,,,,,,,
400,,,,,,,,
400,,,,,,,,
400,,,,,,,,
400,,,,,,,,
400,,,,,,,,
400,,,,,,,,
400,,,,,,,,
400,,,,,,,,
400,,,,,,,,
400,,,,,,,,
400,,,,,,,,
400,,,,,,,,
400,,,,,,,,
400,,,,,,,,
400,,,,,,,,
400,,,,,,,,
400,,,,,,,,
400,,,,,,,,
400,,,,,,,,
400,,,,,,,,
400,,,,,,,,
400,,,,,,,,
400,,,,,,,,
400,,,,,,,,
400,,,,,,,,
400,,,,,,,,
400,,,,,,,,
400,,,,,,,,
400,,,,,,,,
400,,,,,,,,
400,,,,,,,,
400,,,,,,,,
400,,,,,,,,
400,,,,,,,,
400,,,,,,,,
400,,,,,,,,
400,,,,,,,,
400,,,,,,,,
400,,,,,,,,
400,,,,,,,,
400,,,,,,,,
400,,,,,,,,
400,,,,,,,,
400,,,,,,,,
400,,,,,,,,
400,,,,,,,,
400,,,,,,,,
400,,,,,,,,
400,,,,,,,,
400,,,,,,,,
400,,,,,,,,
400,,,,,,,,
400,,,,,,,,
400,,,,,,,,
400,,,,,,,,
400,,,,,,,,
400,,,,,,,,
400,,,,,,,,
400,,,,,,,,
400,,,,,,,,
400,,,,,,,,
400,,,,,,,,
400,,,,,,,,
400,,,,,,,,
400,,,,,,,,
400,,,,,,,,
400,,,,,,,,
400,,,,,,,,
400,,,,,,,,
400,,,,,,,,
400,,,,,,,,
400,,,,,,,,
400,,,,,,,,
400,,,,,,,,
400,,,,,,,,
400,,,,,,,,
400,,,,,,,,
400,,,,,,,,
400,,,,,,,,
400,,,,,,,,
400,,,,,,,,
400,,,,,,,,
400,,,,,,,,
400,,,,,,,,
400,,,,,,,,
400,,,,,,,,
400,,,,,,,,
400,,,,,,,,
400,,,,,,,,
400,,,,,,,,
400,,,,,,,,
400,,,,,,,,
400,,,,,,,,
400,,,,,,,,
400,,,,,,,,
400,,,,,,,,
400,,,,,,,,
400,,,,,,,,
400,,,,,,,,
400,,,,,,,,
400,,,,,,,,
400,,,,,,,,
400,,,,,,,,
400,,,,,,,,
400,,,,,,,,
400,,,,,,,,
400,,,,,,,,
400,,,,,,,,
400,,,,,,,,
400,,,,,,,,
400,,,,,,,,
400,,,,,,,,
400,,,,,,,,
400,,,,,,,,
400,,,,,,,,
400,,,,,,,,
400,,,,,,,,
400,,,,,,,,
400,,,,,,,,
400,,,,,,,,
400,,,,,,,,
400,,,,,,,,
400,,,,,,,,
400,,,,,,,,
400,,,,,,,,
400,,,,,,,,
400,,,,,,,,
400,,,,,,,,
400,,,,,,,,
400,,,,,,,,
400,,,,,,,,
400,,,,,,,,
400,,,,,,,,
400,,,,,,,,
400,,,,,,,,
400,,,,,,,,
400,,,,,,,,
400,,,,,,,,
400,,,,,,,,
400,,,,,,,,
400,,,,,,,,
400,,,,,,,,
400,,,,,,,,
400,,,,,,,,
400,,,,,,,,
400,,,,,,,,
400,,,,,,,,
400,,,,,,,,
400,,,,,,,,
400,,,,,,,,
400,,,,,,,,
400,,,,,,,,
400,,,,,,,,
400,,,,,,,,
400,,,,,,,,
400,,,,,,,,
400,,,,,,,,
400,,,,,,,,
400,,,,,,,,
400,,,,,,,,
400,,,,,,,,
400,,,,,,,,
400,,,,,,,,
400,,,,,,,,
400,,,,,,,,
400,,,,,,,,
400,,,,,,,,
400,,,,,,,,
400,,,,,,,,
400,,,,,,,,
400,,,,,,,,
400,,,,,,,,
400,,,,,,,,
400,,,,,,,,
400,,,,,,,,
400,,,,,,,,
400,,,,,,,,
400,,,,,,,,
400,,,,,,,,
400,,,,,,,,
400,,,,,,,,
400,,,,,,,,
400,,,,,,,,
400,,,,,,,,
400,,,,,,,,
400,,,,,,,,
400,,,,,,,,
400,,,,,,,,
400,,,,,,,,
400,,,,,,,,
400,,,,,,,,
400,,,,,,,,
400,,,,,,,,
400,,,,,,,,
400,,,,,,,,
400,,,,,,,,
400,,,,,,,,
400,,,,,,,,
400,,,,,,,,
400,,,,,,,,
400,,,,,,,,
400,,,,,,,,
400,,,,,,,,
400,,,,,,,,
400,,,,,,,,
400,,,,,,,,
400,,,,,,,,
400,,,,,,,,
400,,,,,,,,
400,,,,,,,,
400,,,,,,,,
400,,,,,,,,
400,,,,,,,,
400,,,,,,,,
400,,,,,,,,
400,,,,,,,,
400,,,,,,,,
400,,,,,,,,
400,,,,,,,,
400,,,,,,,,
400,,,,,,,,
400,,,,,,,,
400,,,,,,,,
400,,,,,,,,
400,,,,,,,,
400,,,,,,,,
400,,,,,,,,
400,,,,,,,,
400,,,,,,,,
400,,,,,,,,
400,,,,,,,,
400,,,,,,,,
400,,,,,,,,
400,,,,,,,,
400,,,,,,,,
400,,,,,,,,
400,,,,,,,,
400,,,,,,,,
400,,,,,,,,
400,,,,,,,,
400,,,,,,,,
400,,,,,,,,
400,,,,,,,,
400,,,,,,,,
400,,,,,,,,
400,,,,,,,,
400,,,,,,,,
400,,,,,,,,
400,,,,,,,,
400,,,,,,,,
400,,,,,,,,
400,,,,,,,,
400,,,,,,,,
400,,,,,,,,
400,,,,,,,,
400,,,,,,,,
400,,,,,,,,
400,,,,,,,,
400,,,,,,,,
400,,,,,,,,
400,,,,,,,,
400,,,,,,,,
400,,,,,,,,
400,,,,,,,,
400,,,,,,,,
400,,,,,,,,
400,,,,,,,,
400,,,,,,,,
400,,,,,,,,
400,,,,,,,,
400,,,,,,,,
400,,,,,,,,
400,,,,,,,,
400,,,,,,,,
400,,,,,,,,
400,,,,,,,,
400,,,,,,,,
400,,,,,,,,
400,,,,,,,,
400,,,,,,,,
400,,,,,,,,
400,,,,,,,,
400,,,,,,,,
400,,,,,,,,
400,,,,,,,,
400,,,,,,,,
400,,,,,,,,
400,,,,,,,,
400,,,,,,,,
400,,,,,,,,
400,,,,,,,,
400,,,,,,,,
400,,,,,,,,
400,,,,,,,,
400,,,,,,,,
400,,,,,,,,
400,,,,,,,,
400,,,,,,,,
400,,,,,,,,
400,,,,,,,,
400,,,,,,,,
400,,,,,,,,
400,,,,,,,,
400,,,,,,,,
400,,,,,,,,
400,,,,,,,,
400,,,,,,,,
400,,,,,,,,
400,,,,,,,,
400,,,,,,,,
400,,,,,,,,
400,,,,,,,,
400,,,,,,,,
400,,,,,,,,
400,,,,,,,,
400,,,,,,,,
400,,,,,,,,
400,,,,,,,,
400,,,,,,,,
400,,,,,,,,
400,,,,,,,,
400,,,,,,,,
400,,,,,,,,
400,,,,,,,,
400,,,,,,,,
400,,,,,,,,
400,,,,,,,,
400,,,,,,,,
400,,,,,,,,
400,,,,,,,,
400,,,,,,,,
400,,,,,,,,
400,,,,,,,,
400,,,,,,,,
400,,,,,,,,
400,,,,,,,,
400,,,,,,,,
400,,,,,,,,
400,,,,,,,,
400,,,,,,,,
400,,,,,,,,
400,,,,,,,,
400,,,,,,,,
400,,,,,,,,
400,,,,,,,,
400,,,,,,,,
400,,,,,,,,
400,,,,,,,,
400,,,,,,,,
400,,,,,,,,
400,,,,,,,,
400,,,,,,,,
400,,,,,,,,
400,,,,,,,,
400,,,,,,,,
400,,,,,,,,
400,,,,,,,,
400,,,,,,,,
400,,,,,,,,
400,,,,,,,,
400,,,,,,,,
400,,,,,,,,
400,,,,,,,,
400,,,,,,,,
400,,,,,,,,
400,,,,,,,,
400,,,,,,,,
400,,,,,,,,
400,,,,,,,,
400,,,,,,,,
400,,,,,,,,
400,,,,,,,,
400,,,,,,,,
400,,,,,,,,
400,,,,,,,,
400,,,,,,,,
400,,,,,,,,
400,,,,,,,,
400,,,,,,,,
400,,,,,,,,
400,,,,,,,,
400,,,,,,,,
400,,,,,,,,
400,,,,,,,,
400,,,,,,,,
400,,,,,,,,
400,,,,,,,,
400,,,,,,,,
400,,,,,,,,
400,,,,,,,,
400,,,,,,,,
400,,,,,,,,
400,,,,,,,,
400,,,,,,,,
400,,,,,,,,
400,,,,,,,,
400,,,,,,,,
400,,,,,,,,
400,,,,,,,,
400,,,,,,,,
400,,,,,,,,
400,,,,,,,,
400,,,,,,,,
400,,,,,,,,
400,,,,,,,,
400,,,,,,,,
400,,,,,,,,
400,,,,,,,,
400,,,,,,,,
400,,,,,,,,
400,,,,,,,,
400,,,,,,,,
400,,,,,,,,
400,,,,,,,,
400,,,,,,,,
400,,,,,,,,
400,,,,,,,,
400,,,,,,,,
400,,,,,,,,
400,,,,,,,,
400,,,,,,,,
400,,,,,,,,
400,,,,,,,,
400,,,,,,,,
400,,,,,,,,
400,,,,,,,,
400,,,,,,,,
400,,,,,,,,
400,,,,,,,,
400,,,,,,,,
400,,,,,,,,
400,,,,,,,,
400,,,,,,,,
400,,,,,,,,
400,,,,,,,,
400,,,,,,,,
400,,,,,,,,
400,,,,,,,,
400,,,,,,,,
400,,,,,,,,
400,,,,,,,,
400,,,,,,,,
400,,,,,,,,
400,,,,,,,,
400,,,,,,,,
400,,,,,,,,
400,,,,,,,,
400,,,,,,,,
400,,,,,,,,
400,,,,,,,,
400,,,,,,,,
400,,,,,,,,
400,,,,,,,,
400,,,,,,,,
400,,,,,,,,
400,,,,,,,,
400,,,,,,,,
400,,,,,,,,
400,,,,,,,,
400,,,,,,,,
400,,,,,,,,
400,,,,,,,,
400,,,,,,,,
400,,,,,,,,
400,,,,,,,,
400,,,,,,,,
400,,,,,,,,
400,,,,,,,,
400,,,,,,,,
400,,,,,,,,
400,,,,,,,,
400,,,,,,,,
400,,,,,,,,
400,,,,,,,,
400,,,,,,,,
400,,,,,,,,
400,,,,,,,,
400,,,,,,,,
400,,,,,,,,
400,,,,,,,,
400,,,,,,,,
400,,,,,,,,
400,,,,,,,,
400,,,,,,,,
400,,,,,,,,
400,,,,,,,,
400,,,,,,,,
400,,,,,,,,
400,,,,,,,,
400,,,,,,,,
400,,,,,,,,
400,,,,,,,,
400,,,,,,,,
400,,,,,,,,
400,,,,,,,,
400,,,,,,,,
400,,,,,,,,
400,,,,,,,,
400,,,,,,,,
400,,,,,,,,
400,,,,,,,,
400,,,,,,,,
400,,,,,,,,
400,,,,,,,,
400,,,,,,,,
400,,,,,,,,
400,,,,,,,,
400,,,,,,,,
400,,,,,,,,
400,,,,,,,,
400,,,,,,,,
400,,,,,,,,
400,,,,,,,,
400,,,,,,,,
400,,,,,,,,
400,,,,,,,,
400,,,,,,,,
400,,,,,,,,
400,,,,,,,,
400,,,,,,,,
400,,,,,,,,
400,,,,,,,,
400,,,,,,,,
400,,,,,,,,
400,,,,,,,,
400,,,,,,,,
400,,,,,,,,
400,,,,,,,,
400,,,,,,,,
400,,,,,,,,
400,,,,,,,,
400,,,,,,,,
400,,,,,,,,
400,,,,,,,,
400,,,,,,,,
400,,,,,,,,
400,,,,,,,,
400,,,,,,,,
400,,,,,,,,
400,,,,,,,,
400,,,,,,,,
400,,,,,,,,
400,,,,,,,,
400,,,,,,,,
400,,,,,,,,
400,,,,,,,,
400,,,,,,,,
400,,,,,,,,
400,,,,,,,,
400,,,,,,,,
400,,,,,,,,
400,,,,,,,,
400,,,,,,,,
400,,,,,,,,
400,,,,,,,,
400,,,,,,,,
400,,,,,,,,
400,,,,,,,,
400,,,,,,,,
400,,,,,,,,
400,,,,,,,,
400,,,,,,,,
400,,,,,,,,
400,,,,,,,,
400,,,,,,,,
400,,,,,,,,
400,,,,,,,,
400,,,,,,,,
400,,,,,,,,
400,,,,,,,,
400,,,,,,,,
400,,,,,,,,
400,,,,,,,,
400,,,,,,,,
400,,,,,,,,
400,,,,,,,,
400,,,,,,,,
400,,,,,,,,
400,,,,,,,,
400,,,,,,,,
400,,,,,,,,
400,,,,,,,,
400,,,,,,,,
400,,,,,,,,
400,,,,,,,,
400,,,,,,,,
400,,,,,,,,
400,,,,,,,,
400,,,,,,,,
400,,,,,,,,
400,,,,,,,,
400,,,,,,,,
400,,,,,,,,
400,,,,,,,,
400,,,,,,,,
400,,,,,,,,
400,,,,,,,,
400,,,,,,,,
400,,,,,,,,
400,,,,,,,,
400,,,,,,,,
400,,,,,,,,
400,,,,,,,,
400,,,,,,,,
400,,,,,,,,
400,,,,,,,,
400,,,,,,,,
400,,,,,,,,
400,,,,,,,,
400,,,,,,,,
400,,,,,,,,
400,,,,,,,,
400,,,,,,,,
400,,,,,,,,
400,,,,,,,,
400,,,,,,,,
400,,,,,,,,
400,,,,,,,,
400,,,,,,,,
400,,,,,,,,
400,,,,,,,,
400,,,,,,,,
400,,,,,,,,
400,,,,,,,,
400,,,,,,,,
400,,,,,,,,
400,,,,,,,,
400,,,,,,,,
400,,,,,,,,
400,,,,,,,,
400,,,,,,,,
400,,,,,,,,
400,,,,,,,,
400,,,,,,,,
400,,,,,,,,
400,,,,,,,,
400,,,,,,,,
400,,,,,,,,
400,,,,,,,,
400,,,,,,,,
400,,,,,,,,
400,,,,,,,,
400,,,,,,,,
400,,,,,,,,
400,,,,,,,,
400,,,,,,,,
400,,,,,,,,
400,,,,,,,,
400,,,,,,,,
400,,,,,,,,
400,,,,,,,,
400,,,,,,,,
400,,,,,,,,
400,,,,,,,,
400,,,,,,,,
400,,,,,,,,
400,,,,,,,,
400,,,,,,,,
400,,,,,,,,
400,,,,,,,,
400,,,,,,,,
400,,,,,,,,
400,,,,,,,,
400,,,,,,,,
400,,,,,,,,
400,,,,,,,,
400,,,,,,,,
400,,,,,,,,
400,,,,,,,,
400,,,,,,,,
400,,,,,,,,
400,,,,,,,,
400,,,,,,,,
400,,,,,,,,
400,,,,,,,,
400,,,,,,,,
400,,,,,,,,
400,,,,,,,,
400,,,,,,,,
400,,,,,,,,
400,,,,,,,,
400,,,,,,,,
400,,,,,,,,
400,,,,,,,,
400,,,,,,,,
400,,,,,,,,
400,,,,,,,,
400,,,,,,,,
400,,,,,,,,
400,,,,,,,,
400,,,,,,,,
400,,,,,,,,
400,,,,,,,,
400,,,,,,,,
400,,,,,,,,
400,,,,,,,,
400,,,,,,,,
400,,,,,,,,
400,,,,,,,,
400,,,,,,,,
400,,,,,,,,
400,,,,,,,,
400,,,,,,,,
400,,,,,,,,
400,,,,,,,,
400,,,,,,,,
400,,,,,,,,
400,,,,,,,,
400,,,,,,,,
400,,,,,,,,
400,,,,,,,,
400,,,,,,,,
400,,,,,,,,
400,,,,,,,,
400,,,,,,,,
400,,,,,,,,
400,,,,,,,,
400,,,,,,,,
400,,,,,,,,
400,,,,,,,,
400,,,,,,,,
400,,,,,,,,
400,,,,,,,,
400,,,,,,,,
400,,,,,,,,
400,,,,,,,,
400,,,,,,,,
400,,,,,,,,
400,,,,,,,,
400,,,,,,,,
400,,,,,,,,
400,,,,,,,,
400,,,,,,,,
400,,,,,,,,
400,,,,,,,,
400,,,,,,,,
400,,,,,,,,
400,,,,,,,,
400,,,,,,,,
400,,,,,,,,
400,,,,,,,,
400,,,,,,,,
400,,,,,,,,
400,,,,,,,,
400,,,,,,,,
400,,,,,,,,
400,,,,,,,,
400,,,,,,,,
400,,,,,,,,
400,,,,,,,,
400,,,,,,,,
400,,,,,,,,
400,,,,,,,,
400,,,,,,,,
400,,,,,,,,
400,,,,,,,,
400,,,,,,,,
400,,,,,,,,
400,,,,,,,,
400,,,,,,,,
400,,,,,,,,
400,,,,,,,,
400,,,,,,,,
400,,,,,,,,
400,,,,,,,,
400,,,,,,,,
400,,,,,,,,
400,,,,,,,,
400,,,,,,,,
400,,,,,,,,
400,,,,,,,,
400,,,,,,,,
400,,,,,,,,
400,,,,,,,,
400,,,,,,,,
400,,,,,,,,
400,,,,,,,,
400,,,,,,,,
400,,,,,,,,
400,,,,,,,,
400,,,,,,,,
400,,,,,,,,
400,,,,,,,,
400,,,,,,,,
400,,,,,,,,
400,,,,,,,,
400,,,,,,,,
400,,,,,,,,
400,,,,,,,,
400,,,,,,,,
400,,,,,,,,
400,,,,,,,,
400,,,,,,,,
400,,,,,,,,
400,,,,,,,,
400,,,,,,,,
400,,,,,,,,
400,,,,,,,,
400,,,,,,,,
400,,,,,,,,
400,,,,,,,,
400,,,,,,,,
400,,,,,,,,
400,,,,,,,,
400,,,,,,,,
400,,,,,,,,
400,,,,,,,,
400,,,,,,,,
400,,,,,,,,
400,,,,,,,,
400,,,,,,,,
400,,,,,,,,
400,,,,,,,,
400,,,,,,,,
400,,,,,,,,
400,,,,,,,,
400,,,,,,,,
400,,,,,,,,
400,,,,,,,,
400,,,,,,,,
400,,,,,,,,
400,,,,,,,,
400,,,,,,,,
400,,,,,,,,
400,,,,,,,,
400,,,,,,,,
400,,,,,,,,
400,,,,,,,,
400,,,,,,,,
400,,,,,,,,
400,,,,,,,,
400,,,,,,,,
400,,,,,,,,
400,,,,,,,,
400,,,,,,,,
400,,,,,,,,
400,,,,,,,,
400,,,,,,,,
400,,,,,,,,
400,,,,,,,,
400,,,,,,,,
400,,,,,,,,
400,,,,,,,,
400,,,,,,,,
400,,,,,,,,
400,,,,,,,,
400,,,,,,,,
400,,,,,,,,
400,,,,,,,,
400,,,,,,,,
400,,,,,,,,
400,,,,,,,,
400,,,,,,,,
400,,,,,,,,
400,,,,,,,,
400,,,,,,,,
400,,,,,,,,
400,,,,,,,,
400,,,,,,,,
400,,,,,,,,
400,,,,,,,,
400,,,,,,,,
400,,,,,,,,
400,,,,,,,,
400,,,,,,,,
400,,,,,,,,
400,,,,,,,,
400,,,,,,,,
400,,,,,,,,
400,,,,,,,,
400,,,,,,,,
400,,,,,,,,
400,,,,,,,,
400,,,,,,,,
400,,,,,,,,
400,,,,,,,,
400,,,,,,,,
400,,,,,,,,
400,,,,,,,,
400,,,,,,,,
400,,,,,,,,
400,,,,,,,,
400,,,,,,,,
400,,,,,,,,
400,,,,,,,,
400,,,,,,,,
400,,,,,,,,
400,,,,,,,,
400,,,,,,,,
400,,,,,,,,
400,,,,,,,,
400,,,,,,,,
400,,,,,,,,
400,,,,,,,,
400,,,,,,,,
400,,,,,,,,
400,,,,,,,,
400,,,,,,,,
400,,,,,,,,
400,,,,,,,,
400,,,,,,,,
400,,,,,,,,
400,,,,,,,,
400,,,,,,,,
400,,,,,,,,
400,,,,,,,,
400,,,,,,,,
400,,,,,,,,
400,,,,,,,,
400,,,,,,,,
400,,,,,,,,
400,,,,,,,,
400,,,,,,,,
400,,,,,,,,
400,,,,,,,,
400,,,,,,,,
400,,,,,,,,
400,,,,,,,,
400,,,,,,,,
400,,,,,,,,
400,,,,,,,,
400,,,,,,,,
400,,,,,,,,
400,,,,,,,,
400,,,,,,,,
400,,,,,,,,
400,,,,,,,,
400,,,,,,,,
400,,,,,,,,
400,,,,,,,,
400,,,,,,,,
400,,,,,,,,
400,,,,,,,,
400,,,,,,,,
400,,,,,,,,
400,,,,,,,,
400,,,,,,,,
400,,,,,,,,
400,,,,,,,,
400,,,,,,,,
400,,,,,,,,
400,,,,,,,,
400,,,,,,,,
400,,,,,,,,
400,,,,,,,,
400,,,,,,,,
400,,,,,,,,
400,,,,,,,,
400,,,,,,,,
400,,,,,,,,
400,,,,,,,,
400,,,,,,,,
400,,,,,,,,
400,,,,,,,,
400,,,,,,,,
400,,,,,,,,
400,,,,,,,,
400,,,,,,,,
400,,,,,,,,
400,,,,,,,,
400,,,,,,,,
400,,,,,,,,
400,,,,,,,,
400,,,,,,,,
400,,,,,,,,
400,,,,,,,,
400,,,,,,,,
400,,,,,,,,
400,,,,,,,,
400,,,,,,,,
400,,,,,,,,
400,,,,,,,,
400,,,,,,,,
400,,,,,,,,
400,,,,,,,,
400,,,,,,,,
400,,,,,,,,
400,,,,,,,,
400,,,,,,,,
400,,,,,,,,
400,,,,,,,,
400,,,,,,,,
400,,,,,,,,
400,,,,,,,,
400,,,,,,,,
400,,,,,,,,
400,,,,,,,,
400,,,,,,,,
400,,,,,,,,
400,,,,,,,,
400,,,,,,,,
400,,,,,,,,
400,,,,,,,,
400,,,,,,,,
400,,,,,,,,
400,,,,,,,,
400,,,,,,,,
400,,,,,,,,
400,,,,,,,,
400,,,,,,,,
400,,,,,,,,
400,,,,,,,,
400,,,,,,,,
400,,,,,,,,
400,,,,,,,,
400,,,,,,,,
400,,,,,,,,
400,,,,,,,,
400,,,,,,,,
400,,,,,,,,
400,,,,,,,,
400,,,,,,,,
400,,,,,,,,
400,,,,,,,,
400,,,,,,,,
400,,,,,,,,
400,,,,,,,,
400,,,,,,,,
400,,,,,,,,
400,,,,,,,,
400,,,,,,,,
400,,,,,,,,
400,,,,,,,,
400,,,,,,,,
400,,,,,,,,
400,,,,,,,,
400,,,,,,,,
400,,,,,,,,
400,,,,,,,,
400,,,,,,,,
400,,,,,,,,
400,,,,,,,,
400,,,,,,,,
400,,,,,,,,
400,,,,,,,,
400,,,,,,,,
400,,,,,,,,
400,,,,,,,,
400,,,,,,,,
400,,,,,,,,
400,,,,,,,,
400,,,,,,,,
400,,,,,,,,
400,,,,,,,,
400,,,,,,,,
400,,,,,,,,
400,,,,,,,,
400,,,,,,,,
400,,,,,,,,
400,,,,,,,,
400,,,,,,,,
400,,,,,,,,
400,,,,,,,,
400,,,,,,,,
400,,,,,,,,
400,,,,,,,,
400,,,,,,,,
400,,,,,,,,
400,,,,,,,,
400,,,,,,,,
400,,,,,,,,
400,,,,,,,,
400,,,,,,,,
400,,,,,,,,
400,,,,,,,,
400,,,,,,,,
400,,,,,,,,
400,,,,,,,,
400,,,,,,,,
400,,,,,,,,
400,,,,,,,,
400,,,,,,,,
400,,,,,,,,
400,,,,,,,,
400,,,,,,,,
400,,,,,,,,
400,,,,,,,,
400,,,,,,,,
400,,,,,,,,
400,,,,,,,,
400,,,,,,,,
400,,,,,,,,
400,,,,,,,,
400,,,,,,,,
400,,,,,,,,
400,,,,,,,,
400,,,,,,,,
400,,,,,,,,
400,,,,,,,,
400,,,,,,,,
400,,,,,,,,
400,,,,,,,,
400,,,,,,,,
400,,,,,,,,
400,,,,,,,,
400,,,,,,,,
400,,,,,,,,
400,,,,,,,,
400,,,,,,,,
400,,,,,,,,
400,,,,,,,,
400,,,,,,,,
400,,,,,,,,
400,,,,,,,,
400,,,,,,,,
400,,,,,,,,
400,,,,,,,,
400,,,,,,,,
400,,,,,,,,
400,,,,,,,,
400,,,,,,,,
400,,,,,,,,
400,,,,,,,,
400,,,,,,,,
400,,,,,,,,
400,,,,,,,,
400,,,,,,,,
400,,,,,,,,
400,,,,,,,,
400,,,,,,,,
400,,,,,,,,
400,,,,,,,,
400,,,,,,,,
400,,,,,,,,
400,,,,,,,,
400,,,,,,,,
400,,,,,,,,
400,,,,,,,,
400,,,,,,,,
400,,,,,,,,
400,,,,,,,,
400,,,,,,,,
400,,,,,,,,
400,,,,,,,,
400,,,,,,,,
400,,,,,,,,
400,,,,,,,,
400,,,,,,,,
400,,,,,,,,
400,,,,,,,,
400,,,,,,,,
400,,,,,,,,
400,,,,,,,,
400,,,,,,,,
400,,,,,,,,
400,,,,,,,,
400,,,,,,,,
400,,,,,,,,
400,,,,,,,,
400,,,,,,,,
400,,,,,,,,
400,,,,,,,,
400,,,,,,,,
400,,,,,,,,
400,,,,,,,,
400,,,,,,,,
400,,,,,,,,
400,,,,,,,,
400,,,,,,,,
400,,,,,,,,
400,,,,,,,,
400,,,,,,,,
400,,,,,,,,
400,,,,,,,,
400,,,,,,,,
400,,,,,,,,
400,,,,,,,,
400,,,,,,,,
400,,,,,,,,
400,,,,,,,,
400,,,,,,,,
400,,,,,,,,
400,,,,,,,,
400,,,,,,,,
400,,,,,,,,
400,,,,,,,,
400,,,,,,,,
400,,,,,,,,
400,,,,,,,,
400,,,,,,,,
400,,,,,,,,
400,,,,,,,,
400,,,,,,,,
400,,,,,,,,
400,,,,,,,,
400,,,,,,,,
400,,,,,,,,
400,,,,,,,,
400,,,,,,,,
400,,,,,,,,
400,,,,,,,,
400,,,,,,,,
400,,,,,,,,
400,,,,,,,,
400,,,,,,,,
400,,,,,,,,
400,,,,,,,,
400,,,,,,,,
400,,,,,,,,
400,,,,,,,,
400,,,,,,,,
400,,,,,,,,
400,,,,,,,,
400,,,,,,,,
400,,,,,,,,
400,,,,,,,,
400,,,,,,,,
400,,,,,,,,
400,,,,,,,,
400,,,,,,,,
400,,,,,,,,
400,,,,,,,,
400,,,,,,,,
400,,,,,,,,
400,,,,,,,,
400,,,,,,,,
400,,,,,,,,
400,,,,,,,,
400,,,,,,,,
400,,,,,,,,
400,,,,,,,,
400,,,,,,,,
400,,,,,,,,
400,,,,,,,,
400,,,,,,,,
400,,,,,,,,
400,,,,,,,,
400,,,,,,,,
400,,,,,,,,
400,,,,,,,,
400,,,,,,,,
400,,,,,,,,
400,,,,,,,,
400,,,,,,,,
400,,,,,,,,
400,,,,,,,,
400,,,,,,,,
400,,,,,,,,
400,,,,,,,,
400,,,,,,,,
400,,,,,,,,
400,,,,,,,,
400,,,,,,,,
400,,,,,,,,
400,,,,,,,,
400,,,,,,,,
400,,,,,,,,
400,,,,,,,,
400,,,,,,,,
400,,,,,,,,
400,,,,,,,,
400,,,,,,,,
400,,,,,,,,
400,,,,,,,,
400,,,,,,,,
400,,,,,,,,
400,,,,,,,,
400,,,,,,,,
400,,,,,,,,
400,,,,,,,,
400,,,,,,,,
400,,,,,,,,
400,,,,,,,,
400,,,,,,,,
400,,,,,,,,
400,,,,,,,,
400,,,,,,,,
400,,,,,,,,
400,,,,,,,,
400,,,,,,,,
400,,,,,,,,
400,,,,,,,,
400,,,,,,,,
400,,,,,,,,
400,,,,,,,,
400,,,,,,,,
400,,,,,,,,
400,,,,,,,,
400,,,,,,,,
400,,,,,,,,
400,,,,,,,,
400,,,,,,,,
400,,,,,,,,
400,,,,,,,,
400,,,,,,,,
400,,,,,,,,
400,,,,,,,,
400,,,,,,,,
400,,,,,,,,
400,,,,,,,,
400,,,,,,,,
400,,,,,,,,
400,,,,,,,,
400,,,,,,,,
400,,,,,,,,
400,,,,,,,,
400,,,,,,,,
400,,,,,,,,
400,,,,,,,,
400,,,,,,,,
400,,,,,,,,
400,,,,,,,,
400,,,,,,,,
400,,,,,,,,
400,,,,,,,,
400,,,,,,,,
400,,,,,,,,
400,,,,,,,,
400,,,,,,,,
400,,,,,,,,
400,,,,,,,,
400,,,,,,,,
400,,,,,,,,
400,,,,,,,,
400,,,,,,,,
400,,,,,,,,
400,,,,,,,,
400,,,,,,,,
400,,,,,,,,
400,,,,,,,,
400,,,,,,,,
400,,,,,,,,
400,,,,,,,,
400,,,,,,,,
400,,,,,,,,
400,,,,,,,,
400,,,,,,,,
400,,,,,,,,
400,,,,,,,,
400,,,,,,,,
400,,,,,,,,
400,,,,,,,,
400,,,,,,,,
400,,,,,,,,
400,,,,,,,,
400,,,,,,,,
400,,,,,,,,
400,,,,,,,,
400,,,,,,,,
400,,,,,,,,
400,,,,,,,,
400,,,,,,,,
400,,,,,,,,
400,,,,,,,,
400,,,,,,,,
400,,,,,,,,
400,,,,,,,,
400,,,,,,,,
400,,,,,,,,
400,,,,,,,,
400,,,,,,,,
400,,,,,,,,
400,,,,,,,,
400,,,,,,,,
400,,,,,,,,
400,,,,,,,,
400,,,,,,,,
400,,,,,,,,
400,,,,,,,,
400,,,,,,,,
400,,,,,,,,
400,,,,,,,,
400,,,,,,,,
400,,,,,,,,
400,,,,,,,,
400,,,,,,,,
400,,,,,,,,
400,,,,,,,,
400,,,,,,,,
400,,,,,,,,
400,,,,,,,,
400,,,,,,,,
400,,,,,,,,
400,,,,,,,,
400,,,,,,,,
400,,,,,,,,
400,,,,,,,,
400,,,,,,,,
400,,,,,,,,
400,,,,,,,,
400,,,,,,,,
400,,,,,,,,
400,,,,,,,,
400,,,,,,,,
400,,,,,,,,
400,,,,,,,,
400,,,,,,,,
400,,,,,,,,
400,,,,,,,,
400,,,,,,,,
400,,,,,,,,
400,,,,,,,,
400,,,,,,,,
400,,,,,,,,
400,,,,,,,,
400,,,,,,,,
400,,,,,,,,
400,,,,,,,,
400,,,,,,,,
400,,,,,,,,
400,,,,,,,,
400,,,,,,,,
400,,,,,,,,
400,,,,,,,,
400,,,,,,,,
400,,,,,,,,
400,,,,,,,,
400,,,,,,,,
400,,,,,,,,
400,,,,,,,,
400,,,,,,,,
400,,,,,,,,
400,,,,,,,,
400,,,,,,,,
400,,,,,,,,
400,,,,,,,,
400,,,,,,,,
400,,,,,,,,
400,,,,,,,,
400,,,,,,,,
400,,,,,,,,
400,,,,,,,,
400,,,,,,,,
400,,,,,,,,
400,,,,,,,,
400,,,,,,,,
400,,,,,,,,
400,,,,,,,,
400,,,,,,,,
400,,,,,,,,
400,,,,,,,,
400,,,,,,,,
400,,,,,,,,
400,,,,,,,,
400,,,,,,,,
400,,,,,,,,
400,,,,,,,,
400,,,,,,,,
400,,,,,,,,
400,,,,,,,,
400,,,,,,,,
400,,,,,,,,
400,,,,,,,,
400,,,,,,,,
400,,,,,,,,
400,,,,,,,,
400,,,,,,,,
400,,,,,,,,
400,,,,,,,,
400,,,,,,,,
400,,,,,,,,
400,,,,,,,,
400,,,,,,,,
400,,,,,,,,
400,,,,,,,,
400,,,,,,,,
400,,,,,,,,
400,,,,,,,,
400,,,,,,,,
400,,,,,,,,
400,,,,,,,,
400,,,,,,,,
400,,,,,,,,
400,,,,,,,,
400,,,,,,,,
400,,,,,,,,
400,,,,,,,,
400,,,,,,,,
400,,,,,,,,
400,,,,,,,,
400,,,,,,,,
400,,,,,,,,
400,,,,,,,,
400,,,,,,,,
400,,,,,,,,
400,,,,,,,,
400,,,,,,,,
400,,,,,,,,
400,,,,,,,,
400,,,,,,,,
400,,,,,,,,
400,,,,,,,,
400,,,,,,,,
400,,,,,,,,
400,,,,,,,,
400,,,,,,,,
400,,,,,,,,
400,,,,,,,,
400,,,,,,,,
400,,,,,,,,
400,,,,,,,,
400,,,,,,,,
400,,,,,,,,
400,,,,,,,,
400,,,,,,,,
400,,,,,,,,
400,,,,,,,,
400,,,,,,,,
400,,,,,,,,
400,,,,,,,,
400,,,,,,,,
400,,,,,,,,
400,,,,,,,,
400,,,,,,,,
400,,,,,,,,
400,,,,,,,,
400,,,,,,,,
400,,,,,,,,
400,,,,,,,,
400,,,,,,,,
400,,,,,,,,
400,,,,,,,,
400,,,,,,,,
400,,,,,,,,
400,,,,,,,,
400,,,,,,,,
400,,,,,,,,
400,,,,,,,,
400,,,,,,,,
400,,,,,,,,
400,,,,,,,,
400,,,,,,,,
400,,,,,,,,
400,,,,,,,,
400,,,,,,,,
400,,,,,,,,
400,,,,,,,,
400,,,,,,,,
400,,,,,,,,
400,,,,,,,,
400,,,,,,,,
400,,,,,,,,
400,,,,,,,,
400,,,,,,,,
400,,,,,,,,
400,,,,,,,,
400,,,,,,,,
400,,,,,,,,
400,,,,,,,,
400,,,,,,,,
400,,,,,,,,
400,,,,,,,,
400,,,,,,,,
400,,,,,,,,
400,,,,,,,,
400,,,,,,,,
400,,,,,,,,
400,,,,,,,,
400,,,,,,,,
400,,,,,,,,
400,,,,,,,,
400,,,,,,,,
400,,,,,,,,
400,,,,,,,,
400,,,,,,,,
400,,,,,,,,
400,,,,,,,,
400,,,,,,,,
400,,,,,,,,
400,,,,,,,,
400,,,,,,,,
400,,,,,,,,
400,,,,,,,,
400,,,,,,,,
400,,,,,,,,
400,,,,,,,,
400,,,,,,,,
400,,,,,,,,
400,,,,,,,,
400,,,,,,,,
400,,,,,,,,
400,,,,,,,,
400,,,,,,,,
400,,,,,,,,
400,,,,,,,,
400,,,,,,,,
400,,,,,,,,
400,,,,,,,,
400,,,,,,,,
400,,,,,,,,
400,,,,,,,,
400,,,,,,,,
400,,,,,,,,
400,,,,,,,,
400,,,,,,,,
400,,,,,,,,
400,,,,,,,,
400,,,,,,,,
400,,,,,,,,
400,,,,,,,,
400,,,,,,,,
400,,,,,,,,
400,,,,,,,,
400,,,,,,,,
400,,,,,,,,
400,,,,,,,,
400,,,,,,,,
400,,,,,,,,
400,,,,,,,,
400,,,,,,,,
400,,,,,,,,
400,,,,,,,,
400,,,,,,,,
400,,,,,,,,
400,,,,,,,,
400,,,,,,,,
400,,,,,,,,
400,,,,,,,,
400,,,,,,,,
400,,,,,,,,
400,,,,,,,,
400,,,,,,,,
400,,,,,,,,
400,,,,,,,,
400,,,,,,,,
400,,,,,,,,
400,,,,,,,,
400,,,,,,,,
400,,,,,,,,
400,,,,,,,,
400,,,,,,,,
400,,,,,,,,
400,,,,,,,,
400,,,,,,,,
400,,,,,,,,
400,,,,,,,,
400,,,,,,,,
400,,,,,,,,
400,,,,,,,,
400,,,,,,,,
400,,,,,,,,
400,,,,,,,,
400,,,,,,,,
400,,,,,,,,
400,,,,,,,,
400,,,,,,,,
400,,,,,,,,
400,,,,,,,,
400,,,,,,,,
400,,,,,,,,
400,,,,,,,,
400,,,,,,,,
400,,,,,,,,
400,,,,,,,,
400,,,,,,,,
400,,,,,,,,
400,,,,,,,,
400,,,,,,,,
400,,,,,,,,
400,,,,,,,,
400,,,,,,,,
400,,,,,,,,
400,,,,,,,,
400,,,,,,,,
400,,,,,,,,
400,,,,,,,,
400,,,,,,,,
400,,,,,,,,
400,,,,,,,,
400,,,,,,,,
400,,,,,,,,
400,,,,,,,,
400,,,,,,,,
400,,,,,,,,
400,,,,,,,,
400,,,,,,,,
400,,,,,,,,
400,,,,,,,,
400,,,,,,,,
400,,,,,,,,
400,,,,,,,,
400,,,,,,,,
400,,,,,,,,
400,,,,,,,,
400,,,,,,,,
400,,,,,,,,
400,,,,,,,,
400,,,,,,,,
400,,,,,,,,
400,,,,,,,,
400,,,,,,,,
400,,,,,,,,
400,,,,,,,,
400,,,,,,,,
400,,,,,,,,
400,,,,,,,,
400,,,,,,,,
400,,,,,,,,
400,,,,,,,,
400,,,,,,,,
400,,,,,,,,
400,,,,,,,,
400,,,,,,,,
400,,,,,,,,
400,,,,,,,,
400,,,,,,,,
400,,,,,,,,
400,,,,,,,,
400,,,,,,,,
400,,,,,,,,
400,,,,,,,,
400,,,,,,,,
400,,,,,,,,
400,,,,,,,,
400,,,,,,,,
400,,,,,,,,
400,,,,,,,,
400,,,,,,,,
400,,,,,,,,
400,,,,,,,,
400,,,,,,,,
400,,,,,,,,
400,,,,,,,,
400,,,,,,,,
400,,,,,,,,
400,,,,,,,,
400,,,,,,,,
400,,,,,,,,
400,,,,,,,,
400,,,,,,,,
400,,,,,,,,
400,,,,,,,,
400,,,,,,,,
400,,,,,,,,
400,,,,,,,,
400,,,,,,,,
400,,,,,,,,
400,,,,,,,,
400,,,,,,,,
400,,,,,,,,
400,,,,,,,,
400,,,,,,,,
400,,,,,,,,
400,,,,,,,,
400,,,,,,,,
400,,,,,,,,
400,,,,,,,,
400,,,,,,,,
400,,,,,,,,
400,,,,,,,,
400,,,,,,,,
400,,,,,,,,
400,,,,,,,,
400,,,,,,,,
400,,,,,,,,
400,,,,,,,,
400,,,,,,,,
400,,,,,,,,
400,,,,,,,,
400,,,,,,,,
400,,,,,,,,
400,,,,,,,,
400,,,,,,,,
400,,,,,,,,
400,,,,,,,,
400,,,,,,,,
400,,,,,,,,
400,,,,,,,,
400,,,,,,,,
400,,,,,,,,
400,,,,,,,,
400,,,,,,,,
400,,,,,,,,
400,,,,,,,,
400,,,,,,,,
400,,,,,,,,
400,,,,,,,,
400,,,,,,,,
400,,,,,,,,
400,,,,,,,,
400,,,,,,,,
400,,,,,,,,
400,,,,,,,,
400,,,,,,,,
400,,,,,,,,
400,,,,,,,,
400,,,,,,,,
400,,,,,,,,
400,,,,,,,,
400,,,,,,,,
400,,,,,,,,
400,,,,,,,,
400,,,,,,,,
400,,,,,,,,
400,,,,,,,,
400,,,,,,,,
400,,,,,,,,
400,,,,,,,,
400,,,,,,,,
400,,,,,,,,
400,,,,,,,,
400,,,,,,,,
400,,,,,,,,
400,,,,,,,,
400,,,,,,,,
400,,,,,,,,
400,,,,,,,,
400,,,,,,,,
400,,,,,,,,
400,,,,,,,,
400,,,,,,,,
400,,,,,,,,
400,,,,,,,,
400,,,,,,,,
400,,,,,,,,
400,,,,,,,,
400,,,,,,,,
400,,,,,,,,
400,,,,,,,,
400,,,,,,,,
400,,,,,,,,
400,,,,,,,,
400,,,,,,,,
400,,,,,,,,
400,,,,,,,,
400,,,,,,,,
400,,,,,,,,
400,,,,,,,,
400,,,,,,,,
400,,,,,,,,
400,,,,,,,,
400,,,,,,,,
400,,,,,,,,
400,,,,,,,,
400,,,,,,,,
400,,,,,,,,
400,,,,,,,,
400,,,,,,,,
400,,,,,,,,
400,,,,,,,,
400,,,,,,,,
400,,,,,,,,
400,,,,,,,,
400,,,,,,,,
400,,,,,,,,
400,,,,,,,,
400,,,,,,,,
400,,,,,,,,
400,,,,,,,,
400,,,,,,,,
400,,,,,,,,
400,,,,,,,,
400,,,,,,,,
400,,,,,,,,
400,,,,,,,,
400,,,,,,,,
400,,,,,,,,
400,,,,,,,,
400,,,,,,,,
400,,,,,,,,
400,,,,,,,,
400,,,,,,,,
400,,,,,,,,
400,,,,,,,,
400,,,,,,,,
400,,,,,,,,
400,,,,,,,,
400,,,,,,,,
400,,,,,,,,
400,,,,,,,,
400,,,,,,,,
400,,,,,,,,
400,,,,,,,,
400,,,,,,,,
400,,,,,,,,
400,,,,,,,,
400,,,,,,,,
400,,,,,,,,
400,,,,,,,,
400,,,,,,,,
400,,,,,,,,
400,,,,,,,,
400,,,,,,,,
400,,,,,,,,
400,,,,,,,,
400,,,,,,,,
400,,,,,,,,
400,,,,,,,,
400,,,,,,,,
400,,,,,,,,
400,,,,,,,,
400,,,,,,,,
400,,,,,,,,
400,,,,,,,,
400,,,,,,,,
400,,,,,,,,
400,,,,,,,,
400,,,,,,,,
400,,,,,,,,
400,,,,,,,,
400,,,,,,,,
400,,,,,,,,
400,,,,,,,,
400,,,,,,,,
400,,,,,,,,
400,,,,,,,,
400,,,,,,,,
400,,,,,,,,
400,,,,,,,,
400,,,,,,,,
400,,,,,,,,
400,,,,,,,,
400,,,,,,,,
400,,,,,,,,
400,,,,,,,,
400,,,,,,,,
400,,,,,,,,
400,,,,,,,,
400,,,,,,,,
400,,,,,,,,
400,,,,,,,,
400,,,,,,,,
400,,,,,,,,
400,,,,,,,,
400,,,,,,,,
400,,,,,,,,
400,,,,,,,,
400,,,,,,,,
400,,,,,,,,
400,,,,,,,,
400,,,,,,,,
400,,,,,,,,
400,,,,,,,,
400,,,,,,,,
400,,,,,,,,
400,,,,,,,,
400,,,,,,,,
400,,,,,,,,
400,,,,,,,,
400,,,,,,,,
400,,,,,,,,
400,,,,,,,,
400,,,,,,,,
400,,,,,,,,
400,,,,,,,,
400,,,,,,,,
400,,,,,,,,
400,,,,,,,,
400,,,,,,,,
400,,,,,,,,
400,,,,,,,,
400,,,,,,,,
400,,,,,,,,
400,,,,,,,,
400,,,,,,,,
400,,,,,,,,
400,,,,,,,,
400,,,,,,,,
400,,,,,,,,
400,,,,,,,,
400,,,,,,,,
400,,,,,,,,
400,,,,,,,,
400,,,,,,,,
400,,,,,,,,
400,,,,,,,,
400,,,,,,,,
400,,,,,,,,
400,,,,,,,,
400,,,,,,,,
400,,,,,,,,
400,,,,,,,,
400,,,,,,,,
400,,,,,,,,
400,,,,,,,,
400,,,,,,,,
400,,,,,,,,
400,,,,,,,,
400,,,,,,,,
400,,,,,,,,
400,,,,,,,,
400,,,,,,,,
400,,,,,,,,
400,,,,,,,,
400,,,,,,,,
400,,,,,,,,
400,,,,,,,,
400,,,,,,,,
400,,,,,,,,
400,,,,,,,,
400,,,,,,,,
400,,,,,,,,
400,,,,,,,,
400,,,,,,,,
400,,,,,,,,
400,,,,,,,,
400,,,,,,,,
400,,,,,,,,
400,,,,,,,,
400,,,,,,,,
400,,,,,,,,
400,,,,,,,,
400,,,,,,,,
400,,,,,,,,
400,,,,,,,,
400,,,,,,,,
400,,,,,,,,
400,,,,,,,,
400,,,,,,,,
400,,,,,,,,
400,,,,,,,,
400,,,,,,,,
400,,,,,,,,
400,,,,,,,,
400,,,,,,,,
400,,,,,,,,
400,,,,,,,,
400,,,,,,,,
400,,,,,,,,
400,,,,,,,,
400,,,,,,,,
400,,,,,,,,
400,,,,,,,,
400,,,,,,,,
400,,,,,,,,
400,,,,,,,,
400,,,,,,,,
400,,,,,,,,
400,,,,,,,,
400,,,,,,,,
400,,,,,,,,
400,,,,,,,,
400,,,,,,,,
400,,,,,,,,
400,,,,,,,,
400,,,,,,,,
400,,,,,,,,
400,,,,,,,,
400,,,,,,,,
400,,,,,,,,
400,,,,,,,,
400,,,,,,,,
400,,,,,,,,
400,,,,,,,,
400,,,,,,,,
400,,,,,,,,
400,,,,,,,,
400,,,,,,,,
400,,,,,,,,
400,,,,,,,,
400,,,,,,,,
400,,,,,,,,
400,,,,,,,,
400,,,,,,,,
400,,,,,,,,
400,,,,,,,,
400,,,,,,,,
400,,,,,,,,
400,,,,,,,,
400,,,,,,,,
400,,,,,,,,
400,,,,,,,,
400,,,,,,,,
400,,,,,,,,
400,,,,,,,,
400,,,,,,,,
400,,,,,,,,
400,,,,,,,,
400,,,,,,,,
400,,,,,,,,
400,,,,,,,,
400,,,,,,,,
400,,,,,,,,
400,,,,,,,,
400,,,,,,,,
400,,,,,,,,
400,,,,,,,,
400,,,,,,,,
400,,,,,,,,
400,,,,,,,,
400,,,,,,,,
400,,,,,,,,
400,,,,,,,,
400,,,,,,,,
400,,,,,,,,
400,,,,,,,,
400,,,,,,,,
400,,,,,,,,
400,,,,,,,,
400,,,,,,,,
400,,,,,,,,
400,,,,,,,,
400,,,,,,,,
400,,,,,,,,
400,,,,,,,,
400,,,,,,,,
400,,,,,,,,
400,,,,,,,,
400,,,,,,,,
400,,,,,,,,
400,,,,,,,,
400,,,,,,,,
400,,,,,,,,
400,,,,,,,,
400,,,,,,,,
400,,,,,,,,
400,,,,,,,,
400,,,,,,,,
400,,,,,,,,
400,,,,,,,,
400,,,,,,,,
400,,,,,,,,
400,,,,,,,,
400,,,,,,,,
400,,,,,,,,
400,,,,,,,,
400,,,,,,,,
400,,,,,,,,
400,,,,,,,,
400,,,,,,,,
400,,,,,,,,
400,,,,,,,,
400,,,,,,,,
400,,,,,,,,
400,,,,,,,,
400,,,,,,,,
400,,,,,,,,
400,,,,,,,,
400,,,,,,,,
400,,,,,,,,
400,,,,,,,,
400,,,,,,,,
400,,,,,,,,
400,,,,,,,,
400,,,,,,,,
400,,,,,,,,
400,,,,,,,,
400,,,,,,,,
400,,,,,,,,
400,,,,,,,,
400,,,,,,,,
400,,,,,,,,
400,,,,,,,,
400,,,,,,,,
400,,,,,,,,
400,,,,,,,,
400,,,,,,,,
400,,,,,,,,
400,,,,,,,,
400,,,,,,,,
400,,,,,,,,
400,,,,,,,,
400,,,,,,,,
400,,,,,,,,
400,,,,,,,,
400,,,,,,,,
400,,,,,,,,
400,,,,,,,,
400,,,,,,,,
400,,,,,,,,
400,,,,,,,,
400,,,,,,,,
400,,,,,,,,
400,,,,,,,,
400,,,,,,,,
400,,,,,,,,
400,,,,,,,,
400,,,,,,,,
400,,,,,,,,
400,,,,,,,,
400,,,,,,,,
400,,,,,,,,
400,,,,,,,,
400,,,,,,,,
400,,,,,,,,
400,,,,,,,,
400,,,,,,,,
400,,,,,,,,
400,,,,,,,,
400,,,,,,,,
400,,,,,,,,
400,,,,,,,,
400,,,,,,,,
400,,,,,,,,
400,,,,,,,,
400,,,,,,,,
400,,,,,,,,
400,,,,,,,,
400,,,,,,,,
400,,,,,,,,
400,,,,,,,,
400,,,,,,,,
400,,,,,,,,
400,,,,,,,,
400,,,,,,,,
400,,,,,,,,
400,,,,,,,,
400,,,,,,,,
400,,,,,,,,
400,,,,,,,,
400,,,,,,,,
400,,,,,,,,
400,,,,,,,,
400,,,,,,,,
400,,,,,,,,
400,,,,,,,,
400,,,,,,,,
400,,,,,,,,
400,,,,,,,,
400,,,,,,,,
400,,,,,,,,
400,,,,,,,,
400,,,,,,,,
400,,,,,,,,
400,,,,,,,,
400,,,,,,,,
400,,,,,,,,
400,,,,,,,,
400,,,,,,,,
400,,,,,,,,
400,,,,,,,,
400,,,,,,,,
400,,,,,,,,
400,,,,,,,,
400,,,,,,,,
400,,,,,,,,
400,,,,,,,,
400,,,,,,,,
400,,,,,,,,
400,,,,,,,,
400,,,,,,,,
400,,,,,,,,
400,,,,,,,,
400,,,,,,,,
400,,,,,,,,
400,,,,,,,,
400,,,,,,,,
400,,,,,,,,
400,,,,,,,,
400,,,,,,,,
400,,,,,,,,
400,,,,,,,,
400,,,,,,,,
400,,,,,,,,
400,,,,,,,,
400,,,,,,,,
400,,,,,,,,
400,,,,,,,,
400,,,,,,,,
400,,,,,,,,
400,,,,,,,,
400,,,,,,,,
400,,,,,,,,
400,,,,,,,,
400,,,,,,,,
400,,,,,,,,
400,,,,,,,,
400,,,,,,,,
400,,,,,,,,
400,,,,,,,,
400,,,,,,,,
400,,,,,,,,
400,,,,,,,,
400,,,,,,,,
400,,,,,,,,
400,,,,,,,,
400,,,,,,,,
400,,,,,,,,
400,,,,,,,,
400,,,,,,,,
400,,,,,,,,
400,,,,,,,,
400,,,,,,,,
400,,,,,,,,
400,,,,,,,,
400,,,,,,,,
400,,,,,,,,
400,,,,,,,,
400,,,,,,,,
400,,,,,,,,
400,,,,,,,,
400,,,,,,,,
400,,,,,,,,
400,,,,,,,,
400,,,,,,,,
400,,,,,,,,
400,,,,,,,,
400,,,,,,,,
400,,,,,,,,
400,,,,,,,,
400,,,,,,,,
400,,,,,,,,
400,,,,,,,,
400,,,,,,,,
400,,,,,,,,
400,,,,,,,,
400,,,,,,,,
400,,,,,,,,
400,,,,,,,,
400,,,,,,,,
400,,,,,,,,
400,,,,,,,,
400,,,,,,,,
400,,,,,,,,
400,,,,,,,,
400,,,,,,,,
400,,,,,,,,
400,,,,,,,,
400,,,,,,,,
400,,,,,,,,
400,,,,,,,,
400,,,,,,,,
400,,,,,,,,
400,,,,,,,,
400,,,,,,,,
400,,,,,,,,
400,,,,,,,,
400,,,,,,,,
400,,,,,,,,
400,,,,,,,,
400,,,,,,,,
400,,,,,,,,
400,,,,,,,,
400,,,,,,,,
400,,,,,,,,
400,,,,,,,,
400,,,,,,,,
400,,,,,,,,
400,,,,,,,,
400,,,,,,,,
400,,,,,,,,
400,,,,,,,,
400,,,,,,,,
400,,,,,,,,
400,,,,,,,,
400,,,,,,,,
400,,,,,,,,
400,,,,,,,,
400,,,,,,,,
400,,,,,,,,
400,,,,,,,,
400,,,,,,,,
400,,,,,,,,
400,,,,,,,,
400,,,,,,,,
400,,,,,,,,
400,,,,,,,,
400,,,,,,,,
400,,,,,,,,
400,,,,,,,,
400,,,,,,,,
400,,,,,,,,
400,,,,,,,,
400,,,,,,,,
400,,,,,,,,
400,,,,,,,,
400,,,,,,,,
400,,,,,,,,
400,,,,,,,,
400,,,,,,,,
400,,,,,,,,
400,,,,,,,,
400,,,,,,,,
400,,,,,,,,
400,,,,,,,,
400,,,,,,,,
400,,,,,,,,
400,,,,,,,,
400,,,,,,,,
400,,,,,,,,
400,,,,,,,,
400,,,,,,,,
400,,,,,,,,
400,,,,,,,,
400,,,,,,,,
400,,,,,,,,
400,,,,,,,,
400,,,,,,,,
400,,,,,,,,
400,,,,,,,,
400,,,,,,,,
400,,,,,,,,
400,,,,,,,,
400,,,,,,,,
400,,,,,,,,
400,,,,,,,,
400,,,,,,,,
400,,,,,,,,
400,,,,,,,,
400,,,,,,,,
400,,,,,,,,
400,,,,,,,,
400,,,,,,,,
400,,,,,,,,
400,,,,,,,,
400,,,,,,,,
400,,,,,,,,
400,,,,,,,,
400,,,,,,,,
400,,,,,,,,
400,,,,,,,,
400,,,,,,,,
400,,,,,,,,
400,,,,,,,,
400,,,,,,,,
400,,,,,,,,
400,,,,,,,,
400,,,,,,,,
400,,,,,,,,
400,,,,,,,,
400,,,,,,,,
400,,,,,,,,
400,,,,,,,,
400,,,,,,,,
400,,,,,,,,
400,,,,,,,,
400,,,,,,,,
400,,,,,,,,
400,,,,,,,,
400,,,,,,,,
400,,,,,,,,
400,,,,,,,,
400,,,,,,,,
400,,,,,,,,
400,,,,,,,,
400,,,,,,,,
400,,,,,,,,
400,,,,,,,,
400,,,,,,,,
400,,,,,,,,
400,,,,,,,,
400,,,,,,,,
400,,,,,,,,
400,,,,,,,,
400,,,,,,,,
400,,,,,,,,
400,,,,,,,,
400,,,,,,,,
400,,,,,,,,
400,,,,,,,,
400,,,,,,,,
400,,,,,,,,
400,,,,,,,,
400,,,,,,,,
400,,,,,,,,
400,,,,,,,,
400,,,,,,,,
400,,,,,,,,
400,,,,,,,,
400,,,,,,,,
400,,,,,,,,
400,,,,,,,,
400,,,,,,,,
400,,,,,,,,
400,,,,,,,,
400,,,,,,,,
400,,,,,,,,
400,,,,,,,,
400,,,,,,,,
400,,,,,,,,
400,,,,,,,,
400,,,,,,,,
400,,,,,,,,
400,,,,,,,,
400,,,,,,,,
400,,,,,,,,
400,,,,,,,,
400,,,,,,,,
400,,,,,,,,
400,,,,,,,,
400,,,,,,,,
400,,,,,,,,
400,,,,,,,,
400,,,,,,,,
400,,,,,,,,
400,,,,,,,,
400,,,,,,,,
400,,,,,,,,
400,,,,,,,,
400,,,,,,,,
400,,,,,,,,
400,,,,,,,,
400,,,,,,,,
400,,,,,,,,
400,,,,,,,,
400,,,,,,,,
400,,,,,,,,
400,,,,,,,,
400,,,,,,,,
400,,,,,,,,
400,,,,,,,,
400,,,,,,,,
400,,,,,,,,
400,,,,,,,,
400,,,,,,,,
400,,,,,,,,
400,,,,,,,,
400,,,,,,,,
400,,,,,,,,
400,,,,,,,,
400,,,,,,,,
400,,,,,,,,
400,,,,,,,,
400,,,,,,,,
400,,,,,,,,
400,,,,,,,,
400,,,,,,,,
400,,,,,,,,
400,,,,,,,,
400,,,,,,,,
400,,,,,,,,
400,,,,,,,,
400,,,,,,,,
400,,,,,,,,
400,,,,,,,,
400,,,,,,,,
400,,,,,,,,
400,,,,,,,,
400,,,,,,,,
400,,,,,,,,
400,,,,,,,,
400,,,,,,,,
400,,,,,,,,
400,,,,,,,,
400,,,,,,,,
400,,,,,,,,
400,,,,,,,,
400,,,,,,,,
400,,,,,,,,
400,,,,,,,,
400,,,,,,,,
400,,,,,,,,
400,,,,,,,,
400,,,,,,,,
400,,,,,,,,
400,,,,,,,,
400,,,,,,,,
400,,,,,,,,
400,,,,,,,,
400,,,,,,,,
400,,,,,,,,
400,,,,,,,,
400,,,,,,,,
400,,,,,,,,
400,,,,,,,,
400,,,,,,,,
400,,,,,,,,
400,,,,,,,,
400,,,,,,,,
400,,,,,,,,
400,,,,,,,,
400,,,,,,,,
400,,,,,,,,
400,,,,,,,,
400,,,,,,,,
400,,,,,,,,
400,,,,,,,,
400,,,,,,,,
400,,,,,,,,
400,,,,,,,,
400,,,,,,,,
400,,,,,,,,
400,,,,,,,,
400,,,,,,,,
400,,,,,,,,
400,,,,,,,,
400,,,,,,,,
400,,,,,,,,
400,,,,,,,,
400,,,,,,,,
400,,,,,,,,
400,,,,,,,,
400,,,,,,,,
400,,,,,,,,
400,,,,,,,,
400,,,,,,,,
400,,,,,,,,
400,,,,,,,,
400,,,,,,,,
400,,,,,,,,
400,,,,,,,,
400,,,,,,,,
400,,,,,,,,
400,,,,,,,,
400,,,,,,,,
400,,,,,,,,
400,,,,,,,,
400,,,,,,,,
400,,,,,,,,
400,,,,,,,,
400,,,,,,,,
400,,,,,,,,
400,,,,,,,,
400,,,,,,,,
400,,,,,,,,
400,,,,,,,,
400,,,,,,,,
400,,,,,,,,
400,,,,,,,,
400,,,,,,,,
400,,,,,,,,
400,,,,,,,,
400,,,,,,,,
400,,,,,,,,
400,,,,,,,,
400,,,,,,,,
400,,,,,,,,
400,,,,,,,,
400,,,,,,,,
400,,,,,,,,
400,,,,,,,,
400,,,,,,,,
400,,,,,,,,
400,,,,,,,,
400,,,,,,,,
400,,,,,,,,
400,,,,,,,,
400,,,,,,,,
400,,,,,,,,
400,,,,,,,,
400,,,,,,,,
400,,,,,,,,
400,,,,,,,,
400,,,,,,,,
400,,,,,,,,
400,,,,,,,,
400,,,,,,,,
400,,,,,,,,
400,,,,,,,,
400,,,,,,,,
400,,,,,,,,
400,,,,,,,,
400,,,,,,,,
400,,,,,,,,
400,,,,,,,,
400,,,,,,,,
400,,,,,,,,
400,,,,,,,,
400,,,,,,,,
400,,,,,,,,
400,,,,,,,,
400,,,,,,,,
400,,,,,,,,
400,,,,,,,,
400,,,,,,,,
400,,,,,,,,
400,,,,,,,,
400,,,,,,,,
400,,,,,,,,
400,,,,,,,,
400,,,,,,,,
400,,,,,,,,
400,,,,,,,,
400,,,,,,,,
400,,,,,,,,
400,,,,,,,,
400,,,,,,,,
400,,,,,,,,
400,,,,,,,,
400,,,,,,,,
400,,,,,,,,
400,,,,,,,,
400,,,,,,,,
400,,,,,,,,
400,,,,,,,,
400,,,,,,,,
400,,,,,,,,
400,,,,,,,,
400,,,,,,,,
400,,,,,,,,
400,,,,,,,,
400,,,,,,,,
400,,,,,,,,
400,,,,,,,,
400,,,,,,,,
400,,,,,,,,
400,,,,,,,,
400,,,,,,,,
400,,,,,,,,
400,,,,,,,,
400,,,,,,,,
400,,,,,,,,
400,,,,,,,,
400,,,,,,,,
400,,,,,,,,
400,,,,,,,,
400,,,,,,,,
400,,,,,,,,
400,,,,,,,,
400,,,,,,,,
400,,,,,,,,
400,,,,,,,,
400,,,,,,,,
400,,,,,,,,
400,,,,,,,,
400,,,,,,,,
400,,,,,,,,
400,,,,,,,,
400,,,,,,,,
400,,,,,,,,
400,,,,,,,,
400,,,,,,,,
400,,,,,,,,
400,,,,,,,,
400,,,,,,,,
400,,,,,,,,
400,,,,,,,,
400,,,,,,,,
400,,,,,,,,
400,,,,,,,,
400,,,,,,,,
400,,,,,,,,
400,,,,,,,,
400,,,,,,,,
400,,,,,,,,
400,,,,,,,,
400,,,,,,,,
400,,,,,,,,
400,,,,,,,,
400,,,,,,,,
400,,,,,,,,
400,,,,,,,,
400,,,,,,,,
400,,,,,,,,
400,,,,,,,,
400,,,,,,,,
400,,,,,,,,
400,,,,,,,,
400,,,,,,,,
400,,,,,,,,
400,,,,,,,,
400,,,,,,,,
400,,,,,,,,
400,,,,,,,,
400,,,,,,,,
400,,,,,,,,
400,,,,,,,,
400,,,,,,,,
400,,,,,,,,
400,,,,,,,,
400,,,,,,,,
400,,,,,,,,
400,,,,,,,,
400,,,,,,,,
400,,,,,,,,
400,,,,,,,,
400,,,,,,,,
400,,,,,,,,
400,,,,,,,,
400,,,,,,,,
400,,,,,,,,
400,,,,,,,,
400,,,,,,,,
400,,,,,,,,
400,,,,,,,,
400,,,,,,,,
400,,,,,,,,
400,,,,,,,,
400,,,,,,,,
400,,,,,,,,
400,,,,,,,,
400,,,,,,,,
400,,,,,,,,
400,,,,,,,,
400,,,,,,,,
400,,,,,,,,
400,,,,,,,,
400,,,,,,,,
400,,,,,,,,
400,,,,,,,,
400,,,,,,,,
400,,,,,,,,
400,,,,,,,,
400,,,,,,,,
400,,,,,,,,
400,,,,,,,,
400,,,,,,,,
400,,,,,,,,
400,,,,,,,,
400,,,,,,,,
400,,,,,,,,
400,,,,,,,,
400,,,,,,,,
400,,,,,,,,
400,,,,,,,,
400,,,,,,,,
400,,,,,,,,
400,,,,,,,,
400,,,,,,,,
400,,,,,,,,
400,,,,,,,,
400,,,,,,,,
400,,,,,,,,
400,,,,,,,,
400,,,,,,,,
400,,,,,,,,
400,,,,,,,,
400,,,,,,,,
400,,,,,,,,
400,,,,,,,,
400,,,,,,,,
400,,,,,,,,
400,,,,,,,,
400,,,,,,,,
400,,,,,,,,
400,,,,,,,,
400,,,,,,,,
400,,,,,,,,
400,,,,,,,,
400,,,,,,,,
400,,,,,,,,
400,,,,,,,,
400,,,,,,,,
400,,,,,,,,
400,,,,,,,,
400,,,,,,,,
400,,,,,,,,
400,,,,,,,,
400,,,,,,,,
400,,,,,,,,
400,,,,,,,,
400,,,,,,,,
400,,,,,,,,
400,,,,,,,,
400,,,,,,,,
400,,,,,,,,
400,,,,,,,,
400,,,,,,,,
400,,,,,,,,
400,,,,,,,,
400,,,,,,,,
400,,,,,,,,
400,,,,,,,,
400,,,,,,,,
400,,,,,,,,
400,,,,,,,,
400,,,,,,,,
400,,,,,,,,
400,,,,,,,,
400,,,,,,,,
400,,,,,,,,
400,,,,,,,,
400,,,,,,,,
400,,,,,,,,
400,,,,,,,,
400,,,,,,,,
400,,,,,,,,
400,,,,,,,,
400,,,,,,,,
400,,,,,,,,
400,,,,,,,,
400,,,,,,,,
400,,,,,,,,
400,,,,,,,,
400,,,,,,,,
400,,,,,,,,
400,,,,,,,,
400,,,,,,,,
400,,,,,,,,
400,,,,,,,,
400,,,,,,,,
400,,,,,,,,
400,,,,,,,,
400,,,,,,,,
400,,,,,,,,
400,,,,,,,,
400,,,,,,,,
400,,,,,,,,
400,,,,,,,,
400,,,,,,,,
400,,,,,,,,
400,,,,,,,,
400,,,,,,,,
400,,,,,,,,
400,,,,,,,,
400,,,,,,,,
400,,,,,,,,
400,,,,,,,,
400,,,,,,,,
400,,,,,,,,
400,,,,,,,,
400,,,,,,,,
400,,,,,,,,
400,,,,,,,,
400,,,,,,,,
400,,,,,,,,
400,,,,,,,,
400,,,,,,,,
400,,,,,,,,
400,,,,,,,,
400,,,,,,,,
400,,,,,,,,
400,,,,,,,,
400,,,,,,,,
400,,,,,,,,
400,,,,,,,,
400,,,,,,,,
400,,,,,,,,
400,,,,,,,,
400,,,,,,,,
400,,,,,,,,
400,,,,,,,,
400,,,,,,,,
400,,,,,,,,
400,,,,,,,,
400,,,,,,,,
400,,,,,,,,
400,,,,,,,,
400,,,,,,,,
400,,,,,,,,
400,,,,,,,,
400,,,,,,,,
400,,,,,,,,
400,,,,,,,,
400,,,,,,,,
400,,,,,,,,
400,,,,,,,,
400,,,,,,,,
400,,,,,,,,
400,,,,,,,,
400,,,,,,,,
400,,,,,,,,
400,,,,,,,,
400,,,,,,,,
400,,,,,,,,
400,,,,,,,,
400,,,,,,,,
400,,,,,,,,
400,,,,,,,,
400,,,,,,,,
400,,,,,,,,
400,,,,,,,,
400,,,,,,,,
400,,,,,,,,
400,,,,,,,,
400,,,,,,,,
400,,,,,,,,
400,,,,,,,,
400,,,,,,,,
400,,,,,,,,
400,,,,,,,,
400,,,,,,,,
400,,,,,,,,
400,,,,,,,,
400,,,,,,,,
400,,,,,,,,
400,,,,,,,,
400,,,,,,,,
400,,,,,,,,
400,,,,,,,,
400,,,,,,,,
400,,,,,,,,
400,,,,,,,,
400,,,,,,,,
400,,,,,,,,
400,,,,,,,,
400,,,,,,,,
400,,,,,,,,
400,,,,,,,,
400,,,,,,,,
400,,,,,,,,
400,,,,,,,,
400,,,,,,,,
400,,,,,,,,
400,,,,,,,,
400,,,,,,,,
400,,,,,,,,
400,,,,,,,,
400,,,,,,,,
400,,,,,,,,
400,,,,,,,,
400,,,,,,,,
400,,,,,,,,
400,,,,,,,,
400,,,,,,,,
400,,,,,,,,
400,,,,,,,,
400,,,,,,,,
400,,,,,,,,
400,,,,,,,,
400,,,,,,,,
400,,,,,,,,
400,,,,,,,,
400,,,,,,,,
400,,,,,,,,
400,,,,,,,,
400,,,,,,,,
400,,,,,,,,
400,,,,,,,,
400,,,,,,,,
400,,,,,,,,
400,,,,,,,,
400,,,,,,,,
400,,,,,,,,
400,,,,,,,,
400,,,,,,,,
400,,,,,,,,
400,,,,,,,,
400,,,,,,,,
400,,,,,,,,
400,,,,,,,,
400,,,,,,,,
400,,,,,,,,
400,,,,,,,,
400,,,,,,,,
400,,,,,,,,
400,,,,,,,,
400,,,,,,,,
400,,,,,,,,
400,,,,,,,,
400,,,,,,,,
400,,,,,,,,
400,,,,,,,,
400,,,,,,,,
400,,,,,,,,
400,,,,,,,,
400,,,,,,,,
400,,,,,,,,
400,,,,,,,,
400,,,,,,,,
400,,,,,,,,
400,,,,,,,,
400,,,,,,,,
400,,,,,,,,
400,,,,,,,,
400,,,,,,,,
400,,,,,,,,
400,,,,,,,,
400,,,,,,,,
400,,,,,,,,
400,,,,,,,,
400,,,,,,,,
400,,,,,,,,
400,,,,,,,,
400,,,,,,,,
400,,,,,,,,
400,,,,,,,,
400,,,,,,,,
400,,,,,,,,
400,,,,,,,,
400,,,,,,,,
400,,,,,,,,
400,,,,,,,,
400,,,,,,,,
400,,,,,,,,
400,,,,,,,,
400,,,,,,,,
400,,,,,,,,
400,,,,,,,,
400,,,,,,,,
400,,,,,,,,
400,,,,,,,,
400,,,,,,,,
400,,,,,,,,
400,,,,,,,,
400,,,,,,,,
400,,,,,,,,
400,,,,,,,,
400,,,,,,,,
400,,,,,,,,
400,,,,,,,,
400,,,,,,,,
400,,,,,,,,
400,,,,,,,,
400,,,,,,,,
400,,,,,,,,
400,,,,,,,,
400,,,,,,,,
400,,,,,,,,
400,,,,,,,,
400,,,,,,,,
400,,,,,,,,
400,,,,,,,,
400,,,,,,,,
400,,,,,,,,
400,,,,,,,,
400,,,,,,,,
400,,,,,,,,
400,,,,,,,,
400,,,,,,,,
400,,,,,,,,
400,,,,,,,,
400,,,,,,,,
400,,,,,,,,
400,,,,,,,,
400,,,,,,,,
400,,,,,,,,
400,,,,,,,,
400,,,,,,,,
400,,,,,,,,
400,,,,,,,,
400,,,,,,,,
400,,,,,,,,
400,,,,,,,,
400,,,,,,,,
400,,,,,,,,
400,,,,,,,,
400,,,,,,,,
400,,,,,,,,
400,,,,,,,,
400,,,,,,,,
400,,,,,,,,
400,,,,,,,,
400,,,,,,,,
400,,,,,,,,
400,,,,,,,,
400,,,,,,,,
400,,,,,,,,
400,,,,,,,,
400,,,,,,,,
400,,,,,,,,
400,,,,,,,,
400,,,,,,,,
400,,,,,,,,
400,,,,,,,,
400,,,,,,,,
400,,,,,,,,
400,,,,,,,,
400,,,,,,,,
400,,,,,,,,
400,,,,,,,,
400,,,,,,,,
400,,,,,,,,
400,,,,,,,,
400,,,,,,,,
400,,,,,,,,
400,,,,,,,,
400,,,,,,,,
400,,,,,,,,
400,,,,,,,,
400,,,,,,,,
400,,,,,,,,
400,,,,,,,,
400,,,,,,,,
400,,,,,,,,
400,,,,,,,,
400,,,,,,,,
400,,,,,,,,
400,,,,,,,,
400,,,,,,,,
400,,,,,,,,
400,,,,,,,,
400,,,,,,,,
400,,,,,,,,
400,,,,,,,,
400,,,,,,,,
400,,,,,,,,
400,,,,,,,,
400,,,,,,,,
400,,,,,,,,
400,,,,,,,,
400,,,,,,,,
400,,,,,,,,
400,,,,,,,,
400,,,,,,,,
400,,,,,,,,
400,,,,,,,,
400,,,,,,,,
400,,,,,,,,
400,,,,,,,,
400,,,,,,,,
400,,,,,,,,
400,,,,,,,,
400,,,,,,,,
400,,,,,,,,
400,,,,,,,,
400,,,,,,,,
400,,,,,,,,
400,,,,,,,,
400,,,,,,,,
400,,,,,,,,
400,,,,,,,,
400,,,,,,,,
400,,,,,,,,
400,,,,,,,,
400,,,,,,,,
400,,,,,,,,
400,,,,,,,,
400,,,,,,,,
400,,,,,,,,
400,,,,,,,,
400,,,,,,,,
400,,,,,,,,
400,,,,,,,,
400,,,,,,,,
400,,,,,,,,
400,,,,,,,,
400,,,,,,,,
400,,,,,,,,
400,,,,,,,,
400,,,,,,,,
400,,,,,,,,
400,,,,,,,,
400,,,,,,,,
400,,,,,,,,
400,,,,,,,,
400,,,,,,,,
400,,,,,,,,
400,,,,,,,,
400,,,,,,,,
400,,,,,,,,
400,,,,,,,,
400,,,,,,,,
400,,,,,,,,
400,,,,,,,,
400,,,,,,,,
400,,,,,,,,
400,,,,,,,,
400,,,,,,,,
400,,,,,,,,
400,,,,,,,,
400,,,,,,,,
400,,,,,,,,
400,,,,,,,,
400,,,,,,,,
400,,,,,,,,
400,,,,,,,,
400,,,,,,,,
400,,,,,,,,
400,,,,,,,,
400,,,,,,,,
400,,,,,,,,
400,,,,,,,,
400,,,,,,,,
400,,,,,,,,
400,,,,,,,,
400,,,,,,,,
400,,,,,,,,
400,,,,,,,,
400,,,,,,,,
400,,,,,,,,
400,,,,,,,,
400,,,,,,,,
400,,,,,,,,
400,,,,,,,,
400,,,,,,,,
400,,,,,,,,
400,,,,,,,,
400,,,,,,,,
400,,,,,,,,
400,,,,,,,,
400,,,,,,,,
400,,,,,,,,
400,,,,,,,,
400,,,,,,,,
400,,,,,,,,
400,,,,,,,,
400,,,,,,,,
400,,,,,,,,
400,,,,,,,,
400,,,,,,,,
400,,,,,,,,
400,,,,,,,,
400,,,,,,,,
400,,,,,,,,
400,,,,,,,,
400,,,,,,,,
400,,,,,,,,
400,,,,,,,,
400,,,,,,,,
400,,,,,,,,
400,,,,,,,,
400,,,,,,,,
400,,,,,,,,
400,,,,,,,,
400,,,,,,,,
400,,,,,,,,
400,,,,,,,,
400,,,,,,,,
400,,,,,,,,
400,,,,,,,,
400,,,,,,,,
400,,,,,,,,
400,,,,,,,,
400,,,,,,,,
400,,,,,,,,
400,,,,,,,,
400,,,,,,,,
400,,,,,,,,
400,,,,,,,,
400,,,,,,,,
400,,,,,,,,
400,,,,,,,,
400,,,,,,,,
400,,,,,,,,
400,,,,,,,,
400,,,,,,,,
400,,,,,,,,
400,,,,,,,,
400,,,,,,,,
400,,,,,,,,
400,,,,,,,,
400,,,,,,,,
400,,,,,,,,
400,,,,,,,,
400,,,,,,,,
400,,,,,,,,
400,,,,,,,,
400,,,,,,,,
400,,,,,,,,
400,,,,,,,,
400,,,,,,,,
400,,,,,,,,
400,,,,,,,,
400,,,,,,,,
400,,,,,,,,
400,,,,,,,,
400,,,,,,,,
400,,,,,,,,
400,,,,,,,,
400,,,,,,,,
400,,,,,,,,
400,,,,,,,,
400,,,,,,,,
400,,,,,,,,
400,,,,,,,,
400,,,,,,,,
400,,,,,,,,
400,,,,,,,,
400,,,,,,,,
400,,,,,,,,
400,,,,,,,,
400,,,,,,,,
400,,,,,,,,
400,,,,,,,,
400,,,,,,,,
400,,,,,,,,
400,,,,,,,,
400,,,,,,,,
400,,,,,,,,
400,,,,,,,,
400,,,,,,,,
400,,,,,,,,
400,,,,,,,,
400,,,,,,,,
400,,,,,,,,
400,,,,,,,,
400,,,,,,,,
400,,,,,,,,
400,,,,,,,,
400,,,,,,,,
400,,,,,,,,
400,,,,,,,,
400,,,,,,,,
400,,,,,,,,
400,,,,,,,,
400,,,,,,,,
400,,,,,,,,
400,,,,,,,,
400,,,,,,,,
400,,,,,,,,
400,,,,,,,,
400,,,,,,,,
400,,,,,,,,
400,,,,,,,,
400,,,,,,,,
400,,,,,,,,
400,,,,,,,,
400,,,,,,,,
400,,,,,,,,
400,,,,,,,,
400,,,,,,,,
400,,,,,,,,
400,,,,,,,,
400,,,,,,,,
400,,,,,,,,
400,,,,,,,,
400,,,,,,,,
400,,,,,,,,
400,,,,,,,,
400,,,,,,,,
400,,,,,,,,
400,,,,,,,,
400,,,,,,,,
400,,,,,,,,
400,,,,,,,,
400,,,,,,,,
400,,,,,,,,
400,,,,,,,,
400,,,,,,,,
400,,,,,,,,
400,,,,,,,,
400,,,,,,,,
400,,,,,,,,
400,,,,,,,,
400,,,,,,,,
400,,,,,,,,
400,,,,,,,,
400,,,,,,,,
400,,,,,,,,
400,,,,,,,,
400,,,,,,,,
400,,,,,,,,
400,,,,,,,,
400,,,,,,,,
400,,,,,,,,
400,,,,,,,,
400,,,,,,,,
400,,,,,,,,
400,,,,,,,,
400,,,,,,,,
400,,,,,,,,
400,,,,,,,,
400,,,,,,,,
400,,,,,,,,
400,,,,,,,,
400,,,,,,,,
400,,,,,,,,
400,,,,,,,,
400,,,,,,,,
400,,,,,,,,
400,,,,,,,,
400,,,,,,,,
400,,,,,,,,
400,,,,,,,,
400,,,,,,,,
400,,,,,,,,
400,,,,,,,,
400,,,,,,,,
400,,,,,,,,
400,,,,,,,,
400,,,,,,,,
400,,,,,,,,
400,,,,,,,,
400,,,,,,,,
400,,,,,,,,
400,,,,,,,,
400,,,,,,,,
400,,,,,,,,
400,,,,,,,,
400,,,,,,,,
400,,,,,,,,
400,,,,,,,,
400,,,,,,,,
400,,,,,,,,
400,,,,,,,,
400,,,,,,,,
400,,,,,,,,
400,,,,,,,,
400,,,,,,,,
400,,,,,,,,
400,,,,,,,,
400,,,,,,,,
400,,,,,,,,
400,,,,,,,,
400,,,,,,,,
400,,,,,,,,
400,,,,,,,,
400,,,,,,,,
400,,,,,,,,
400,,,,,,,,
400,,,,,,,,
400,,,,,,,,
400,,,,,,,,
400,,,,,,,,
400,,,,,,,,
400,,,,,,,,
400,,,,,,,,
400,,,,,,,,
400,,,,,,,,
400,,,,,,,,
400,,,,,,,,
400,,,,,,,,
400,,,,,,,,
400,,,,,,,,
400,,,,,,,,
400,,,,,,,,
400,,,,,,,,
400,,,,,,,,
400,,,,,,,,
400,,,,,,,,
400,,,,,,,,
400,,,,,,,,
400,,,,,,,,
400,,,,,,,,
400,,,,,,,,
400,,,,,,,,
400,,,,,,,,
400,,,,,,,,
400,,,,,,,,
400,,,,,,,,
400,,,,,,,,
400,,,,,,,,
400,,,,,,,,
400,,,,,,,,
400,,,,,,,,
400,,,,,,,,
400,,,,,,,,
400,,,,,,,,
400,,,,,,,,
400,,,,,,,,
400,,,,,,,,
400,,,,,,,,
400,,,,,,,,
400,,,,,,,,
400,,,,,,,,
400,,,,,,,,
400,,,,,,,,
400,,,,,,,,
400,,,,,,,,
400,,,,,,,,
400,,,,,,,,
400,,,,,,,,
400,,,,,,,,
400,,,,,,,,
400,,,,,,,,
400,,,,,,,,
400,,,,,,,,
400,,,,,,,,
400,,,,,,,,
400,,,,,,,,
400,,,,,,,,
400,,,,,,,,
400,,,,,,,,
400,,,,,,,,
400,,,,,,,,
400,,,,,,,,
400,,,,,,,,
400,,,,,,,,
400,,,,,,,,
400,,,,,,,,
400,,,,,,,,
400,,,,,,,,
400,,,,,,,,
400,,,,,,,,
400,,,,,,,,
400,,,,,,,,
400,,,,,,,,
400,,,,,,,,
400,,,,,,,,
400,,,,,,,,
400,,,,,,,,
400,,,,,,,,
400,,,,,,,,
400,,,,,,,,
400,,,,,,,,
400,,,,,,,,
400,,,,,,,,
400,,,,,,,,
400,,,,,,,,
400,,,,,,,,
400,,,,,,,,
400,,,,,,,,
400,,,,,,,,
400,,,,,,,,
400,,,,,,,,
400,,,,,,,,
400,,,,,,,,
400,,,,,,,,
400,,,,,,,,
400,,,,,,,,
400,,,,,,,,
400,,,,,,,,
400,,,,,,,,
400,,,,,,,,
400,,,,,,,,
400,,,,,,,,
400,,,,,,,,
400,,,,,,,,
400,,,,,,,,
400,,,,,,,,
400,,,,,,,,
400,,,,,,,,
400,,,,,,,,
400,,,,,,,,
400,,,,,,,,
400,,,,,,,,
400,,,,,,,,
400,,,,,,,,
400,,,,,,,,
400,,,,,,,,
400,,,,,,,,
400,,,,,,,,
400,,,,,,,,
400,,,,,,,,
400,,,,,,,,
400,,,,,,,,
400,,,,,,,,
400,,,,,,,,
400,,,,,,,,
400,,,,,,,,
400,,,,,,,,
400,,,,,,,,
400,,,,,,,,
400,,,,,,,,
400,,,,,,,,
400,,,,,,,,
400,,,,,,,,
400,,,,,,,,
400,,,,,,,,
400,,,,,,,,
400,,,,,,,,
400,,,,,,,,
400,,,,,,,,
400,,,,,,,,
400,,,,,,,,
400,,,,,,,,
400,,,,,,,,
400,,,,,,,,
400,,,,,,,,
400,,,,,,,,
400,,,,,,,,
400,,,,,,,,
400,,,,,,,,
400,,,,,,,,
400,,,,,,,,
400,,,,,,,,
400,,,,,,,,
400,,,,,,,,
400,,,,,,,,
400,,,,,,,,
400,,,,,,,,
400,,,,,,,,
400,,,,,,,,
400,,,,,,,,
400,,,,,,,,
400,,,,,,,,
400,,,,,,,,
400,,,,,,,,
400,,,,,,,,
400,,,,,,,,
400,,,,,,,,
400,,,,,,,,
400,,,,,,,,
400,,,,,,,,
400,,,,,,,,
400,,,,,,,,
400,,,,,,,,
400,,,,,,,,
400,,,,,,,,
400,,,,,,,,
400,,,,,,,,
400,,,,,,,,
400,,,,,,,,
400,,,,,,,,
400,,,,,,,,
400,,,,,,,,
400,,,,,,,,
400,,,,,,,,
400,,,,,,,,
400,,,,,,,,
400,,,,,,,,
400,,,,,,,,
400,,,,,,,,
400,,,,,,,,
400,,,,,,,,
400,,,,,,,,
400,,,,,,,,
400,,,,,,,,
400,,,,,,,,
400,,,,,,,,
400,,,,,,,,
400,,,,,,,,
400,,,,,,,,
400,,,,,,,,
400,,,,,,,,
400,,,,,,,,
400,,,,,,,,
400,,,,,,,,
400,,,,,,,,
400,,,,,,,,
400,,,,,,,,
400,,,,,,,,
400,,,,,,,,
400,,,,,,,,
400,,,,,,,,
400,,,,,,,,
400,,,,,,,,
400,,,,,,,,
400,,,,,,,,
400,,,,,,,,
400,,,,,,,,
400,,,,,,,,
400,,,,,,,,
400,,,,,,,,
400,,,,,,,,
400,,,,,,,,
400,,,,,,,,
400,,,,,,,,
400,,,,,,,,
400,,,,,,,,
400,,,,,,,,
400,,,,,,,,
400,,,,,,,,
400,,,,,,,,
400,,,,,,,,
400,,,,,,,,
400,,,,,,,,
400,,,,,,,,
400,,,,,,,,
400,,,,,,,,
400,,,,,,,,
400,,,,,,,,
400,,,,,,,,
400,,,,,,,,
400,,,,,,,,
400,,,,,,,,
400,,,,,,,,
400,,,,,,,,
400,,,,,,,,
400,,,,,,,,
400,,,,,,,,
400,,,,,,,,
400,,,,,,,,
400,,,,,,,,
400,,,,,,,,
400,,,,,,,,
400,,,,,,,,
400,,,,,,,,
400,,,,,,,,
400,,,,,,,,
400,,,,,,,,
400,,,,,,,,
400,,,,,,,,
400,,,,,,,,
400,,,,,,,,
400,,,,,,,,
400,,,,,,,,
400,,,,,,,,
400,,,,,,,,
400,,,,,,,,
400,,,,,,,,
400,,,,,,,,
400,,,,,,,,
400,,,,,,,,
400,,,,,,,,
400,,,,,,,,
400,,,,,,,,
400,,,,,,,,
400,,,,,,,,
400,,,,,,,,
400,,,,,,,,
400,,,,,,,,
400,,,,,,,,
400,,,,,,,,
400,,,,,,,,
400,,,,,,,,
400,,,,,,,,
400,,,,,,,,
400,,,,,,,,
400,,,,,,,,
400,,,,,,,,
400,,,,,,,,
400,,,,,,,,
400,,,,,,,,
400,,,,,,,,
400,,,,,,,,
400,,,,,,,,
400,,,,,,,,
400,,,,,,,,
400,,,,,,,,
400,,,,,,,,
400,,,,,,,,
400,,,,,,,,
400,,,,,,,,
400,,,,,,,,
400,,,,,,,,
400,,,,,,,,
400,,,,,,,,
400,,,,,,,,
400,,,,,,,,
400,,,,,,,,
400,,,,,,,,
400,,,,,,,,
400,,,,,,,,
400,,,,,,,,
400,,,,,,,,
400,,,,,,,,
400,,,,,,,,
400,,,,,,,,
400,,,,,,,,
400,,,,,,,,
400,,,,,,,,
400,,,,,,,,
400,,,,,,,,
400,,,,,,,,
400,,,,,,,,
400,,,,,,,,
400,,,,,,,,
400,,,,,,,,
400,,,,,,,,
400,,,,,,,,
400,,,,,,,,
400,,,,,,,,
400,,,,,,,,
400,,,,,,,,
400,,,,,,,,
400,,,,,,,,
400,,,,,,,,
400,,,,,,,,
400,,,,,,,,
400,,,,,,,,
400,,,,,,,,
400,,,,,,,,
400,,,,,,,,
400,,,,,,,,
400,,,,,,,,
400,,,,,,,,
400,,,,,,,,
400,,,,,,,,
400,,,,,,,,
400,,,,,,,,
400,,,,,,,,
400,,,,,,,,
400,,,,,,,,
400,,,,,,,,
400,,,,,,,,
400,,,,,,,,
400,,,,,,,,
400,,,,,,,,
400,,,,,,,,
400,,,,,,,,
400,,,,,,,,
400,,,,,,,,
400,,,,,,,,
400,,,,,,,,
400,,,,,,,,
400,,,,,,,,
400,,,,,,,,
400,,,,,,,,
400,,,,,,,,
400,,,,,,,,
400,,,,,,,,
400,,,,,,,,
400,,,,,,,,
400,,,,,,,,
400,,,,,,,,
400,,,,,,,,
400,,,,,,,,
400,,,,,,,,
400,,,,,,,,
400,,,,,,,,
400,,,,,,,,
400,,,,,,,,
400,,,,,,,,
400,,,,,,,,
400,,,,,,,,
400,,,,,,,,
400,,,,,,,,
400,,,,,,,,
400,,,,,,,,
400,,,,,,,,
400,,,,,,,,
400,,,,,,,,
400,,,,,,,,
400,,,,,,,,
400,,,,,,,,
400,,,,,,,,
400,,,,,,,,
400,,,,,,,,
400,,,,,,,,
400,,,,,,,,
400,,,,,,,,
400,,,,,,,,
400,,,,,,,,
400,,,,,,,,
400,,,,,,,,
400,,,,,,,,
400,,,,,,,,
400,,,,,,,,
400,,,,,,,,
400,,,,,,,,
400,,,,,,,,
400,,,,,,,,
400,,,,,,,,
400,,,,,,,,
400,,,,,,,,
400,,,,,,,,
400,,,,,,,,
400,,,,,,,,
400,,,,,,,,
400,,,,,,,,
400,,,,,,,,
400,,,,,,,,
400,,,,,,,,
400,,,,,,,,
400,,,,,,,,
400,,,,,,,,
400,,,,,,,,
400,,,,,,,,
400,,,,,,,,
400,,,,,,,,
400,,,,,,,,
400,,,,,,,,
400,,,,,,,,
400,,,,,,,,
400,,,,,,,,
400,,,,,,,,
400,,,,,,,,
400,,,,,,,,
400,,,,,,,,
400,,,,,,,,
400,,,,,,,,
400,,,,,,,,
400,,,,,,,,
400,,,,,,,,
400,,,,,,,,
400,,,,,,,,
400,,,,,,,,
400,,,,,,,,
400,,,,,,,,
400,,,,,,,,
400,,,,,,,,
400,,,,,,,,
400,,,,,,,,
400,,,,,,,,
400,,,,,,,,
400,,,,,,,,
400,,,,,,,,
400,,,,,,,,
400,,,,,,,,
400,,,,,,,,
400,,,,,,,,
400,,,,,,,,
400,,,,,,,,
400,,,,,,,,
400,,,,,,,,
400,,,,,,,,
400,,,,,,,,
400,,,,,,,,
400,,,,,,,,
400,,,,,,,,
400,,,,,,,,
400,,,,,,,,
400,,,,,,,,
400,,,,,,,,
400,,,,,,,,
400,,,,,,,,
400,,,,,,,,
400,,,,,,,,
400,,,,,,,,
400,,,,,,,,
400,,,,,,,,
400,,,,,,,,
400,,,,,,,,
400,,,,,,,,
400,,,,,,,,
400,,,,,,,,
400,,,,,,,,
400,,,,,,,,
400,,,,,,,,
400,,,,,,,,
400,,,,,,,,
400,,,,,,,,
400,,,,,,,,
400,,,,,,,,
400,,,,,,,,
400,,,,,,,,
400,,,,,,,,
400,,,,,,,,
400,,,,,,,,
400,,,,,,,,
400,,,,,,,,
400,,,,,,,,
400,,,,,,,,
400,,,,,,,,
400,,,,,,,,
400,,,,,,,,
400,,,,,,,,
400,,,,,,,,
400,,,,,,,,
400,,,,,,,,
400,,,,,,,,
400,,,,,,,,
400,,,,,,,,
400,,,,,,,,
400,,,,,,,,
400,,,,,,,,
400,,,,,,,,
400,,,,,,,,
400,,,,,,,,
400,,,,,,,,
400,,,,,,,,
400,,,,,,,,
400,,,,,,,,
400,,,,,,,,
400,,,,,,,,
400,,,,,,,,
400,,,,,,,,
400,,,,,,,,
400,,,,,,,,
400,,,,,,,,
400,,,,,,,,
400,,,,,,,,
400,,,,,,,,
400,,,,,,,,
400,,,,,,,,
400,,,,,,,,
400,,,,,,,,
400,,,,,,,,
400,,,,,,,,
400,,,,,,,,
400,,,,,,,,
400,,,,,,,,
400,,,,,,,,
400,,,,,,,,
400,,,,,,,,
400,,,,,,,,
400,,,,,,,,
400,,,,,,,,
400,,,,,,,,
400,,,,,,,,
400,,,,,,,,
400,,,,,,,,
400,,,,,,,,
400,,,,,,,,
400,,,,,,,,
400,,,,,,,,
400,,,,,,,,
400,,,,,,,,
400,,,,,,,,
400,,,,,,,,
400,,,,,,,,
400,,,,,,,,
400,,,,,,,,
400,,,,,,,,
400,,,,,,,,
400,,,,,,,,
400,,,,,,,,
400,,,,,,,,
400,,,,,,,,
400,,,,,,,,
400,,,,,,,,
400,,,,,,,,
400,,,,,,,,
400,,,,,,,,
400,,,,,,,,
400,,,,,,,,
400,,,,,,,,
400,,,,,,,,
400,,,,,,,,
400,,,,,,,,
400,,,,,,,,
400,,,,,,,,
400,,,,,,,,
400,,,,,,,,
400,,,,,,,,
400,,,,,,,,
400,,,,,,,,
400,,,,,,,,
400,,,,,,,,
400,,,,,,,,
400,,,,,,,,
400,,,,,,,,
400,,,,,,,,
400,,,,,,,,
400,,,,,,,,
400,,,,,,,,
400,,,,,,,,
400,,,,,,,,
400,,,,,,,,
400,,,,,,,,
400,,,,,,,,
400,,,,,,,,
400,,,,,,,,
400,,,,,,,,
400,,,,,,,,
400,,,,,,,,
400,,,,,,,,
400,,,,,,,,
400,,,,,,,,
400,,,,,,,,
400,,,,,,,,
400,,,,,,,,
400,,,,,,,,
400,,,,,,,,
400,,,,,,,,
400,,,,,,,,
400,,,,,,,,
400,,,,,,,,
400,,,,,,,,
400,,,,,,,,
400,,,,,,,,
400,,,,,,,,
400,,,,,,,,
400,,,,,,,,
400,,,,,,,,
400,,,,,,,,
400,,,,,,,,
400,,,,,,,,
400,,,,,,,,
400,,,,,,,,
400,,,,,,,,
400,,,,,,,,
400,,,,,,,,
400,,,,,,,,
400,,,,,,,,
400,,,,,,,,
400,,,,,,,,
400,,,,,,,,
400,,,,,,,,
400,,,,,,,,
400,,,,,,,,
400,,,,,,,,
400,,,,,,,,
400,,,,,,,,
400,,,,,,,,
400,,,,,,,,
400,,,,,,,,
400,,,,,,,,
400,,,,,,,,
400,,,,,,,,
400,,,,,,,,
400,,,,,,,,
400,,,,,,,,
400,,,,,,,,
400,,,,,,,,
400,,,,,,,,
400,,,,,,,,
400,,,,,,,,
400,,,,,,,,
400,,,,,,,,
400,,,,,,,,
400,,,,,,,,
400,,,,,,,,
400,,,,,,,,
400,,,,,,,,
400,,,,,,,,
400,,,,,,,,
400,,,,,,,,
400,,,,,,,,
400,,,,,,,,
400,,,,,,,,
400,,,,,,,,
400,,,,,,,,
400,,,,,,,,
400,,,,,,,,
400,,,,,,,,
400,,,,,,,,
400,,,,,,,,
400,,,,,,,,
400,,,,,,,,
400,,,,,,,,
400,,,,,,,,
400,,,,,,,,
400,,,,,,,,
400,,,,,,,,
400,,,,,,,,
400,,,,,,,,
400,,,,,,,,
400,,,,,,,,
400,,,,,,,,
400,,,,,,,,
400,,,,,,,,
400,,,,,,,,
400,,,,,,,,
400,,,,,,,,
400,,,,,,,,
400,,,,,,,,
400,,,,,,,,
400,,,,,,,,
400,,,,,,,,
400,,,,,,,,
400,,,,,,,,
400,,,,,,,,
400,,,,,,,,
400,,,,,,,,
400,,,,,,,,
400,,,,,,,,
400,,,,,,,,
400,,,,,,,,
400,,,,,,,,
400,,,,,,,,
400,,,,,,,,
400,,,,,,,,
400,,,,,,,,
400,,,,,,,,
400,,,,,,,,
400,,,,,,,,
400,,,,,,,,
400,,,,,,,,
400,,,,,,,,
400,,,,,,,,
400,,,,,,,,
400,,,,,,,,
400,,,,,,,,
400,,,,,,,,
400,,,,,,,,
400,,,,,,,,
400,,,,,,,,
400,,,,,,,,
400,,,,,,,,
400,,,,,,,,
400,,,,,,,,
400,,,,,,,,
400,,,,,,,,
400,,,,,,,,
400,,,,,,,,
400,,,,,,,,
400,,,,,,,,
400,,,,,,,,
400,,,,,,,,
400,,,,,,,,
400,,,,,,,,
400,,,,,,,,
400,,,,,,,,
400,,,,,,,,
400,,,,,,,,
400,,,,,,,,
400,,,,,,,,
400,,,,,,,,
400,,,,,,,,
400,,,,,,,,
400,,,,,,,,
400,,,,,,,,
400,,,,,,,,
400,,,,,,,,
400,,,,,,,,
400,,,,,,,,
400,,,,,,,,
400,,,,,,,,
400,,,,,,,,
400,,,,,,,,
400,,,,,,,,
400,,,,,,,,
400,,,,,,,,
400,,,,,,,,
400,,,,,,,,
400,,,,,,,,
400,,,,,,,,
400,,,,,,,,
400,,,,,,,,
400,,,,,,,,
400,,,,,,,,
400,,,,,,,,
400,,,,,,,,
400,,,,,,,,
400,,,,,,,,
400,,,,,,,,
400,,,,,,,,
400,,,,,,,,
400,,,,,,,,
400,,,,,,,,
400,,,,,,,,
400,,,,,,,,
400,,,,,,,,
400,,,,,,,,
400,,,,,,,,
400,,,,,,,,
400,,,,,,,,
400,,,,,,,,
400,,,,,,,,
400,,,,,,,,
400,,,,,,,,
400,,,,,,,,
400,,,,,,,,
400,,,,,,,,
400,,,,,,,,
400,,,,,,,,
400,,,,,,,,
400,,,,,,,,
400,,,,,,,,
400,,,,,,,,
400,,,,,,,,
400,,,,,,,,
400,,,,,,,,
400,,,,,,,,
400,,,,,,,,
400,,,,,,,,
400,,,,,,,,
400,,,,,,,,
400,,,,,,,,
400,,,,,,,,
400,,,,,,,,
400,,,,,,,,
400,,,,,,,,
400,,,,,,,,
400,,,,,,,,
400,,,,,,,,
400,,,,,,,,
400,,,,,,,,
400,,,,,,,,
400,,,,,,,,
400,,,,,,,,
400,,,,,,,,
400,,,,,,,,
400,,,,,,,,
400,,,,,,,,
400,,,,,,,,
400,,,,,,,,
400,,,,,,,,
400,,,,,,,,
400,,,,,,,,
400,,,,,,,,
400,,,,,,,,
400,,,,,,,,
400,,,,,,,,
400,,,,,,,,
400,,,,,,,,
400,,,,,,,,
400,,,,,,,,
400,,,,,,,,
400,,,,,,,,
400,,,,,,,,
400,,,,,,,,
400,,,,,,,,
400,,,,,,,,
400,,,,,,,,
400,,,,,,,,
400,,,,,,,,
400,,,,,,,,
400,,,,,,,,
400,,,,,,,,
400,,,,,,,,
400,,,,,,,,
400,,,,,,,,
400,,,,,,,,
400,,,,,,,,
400,,,,,,,,
400,,,,,,,,
400,,,,,,,,
400,,,,,,,,
400,,,,,,,,
400,,,,,,,,
400,,,,,,,,
400,,,,,,,,
400,,,,,,,,
400,,,,,,,,
400,,,,,,,,
400,,,,,,,,
400,,,,,,,,
400,,,,,,,,
400,,,,,,,,
400,,,,,,,,
400,,,,,,,,
400,,,,,,,,
400,,,,,,,,
400,,,,,,,,
400,,,,,,,,
400,,,,,,,,
400,,,,,,,,
400,,,,,,,,
400,,,,,,,,
400,,,,,,,,
400,,,,,,,,
400,,,,,,,,
400,,,,,,,,
400,,,,,,,,
400,,,,,,,,
400,,,,,,,,
400,,,,,,,,
400,,,,,,,,
400,,,,,,,,
400,,,,,,,,
400,,,,,,,,
400,,,,,,,,
400,,,,,,,,
400,,,,,,,,
400,,,,,,,,
400,,,,,,,,
400,,,,,,,,
400,,,,,,,,
400,,,,,,,,
400,,,,,,,,
400,,,,,,,,
400,,,,,,,,
400,,,,,,,,
400,,,,,,,,
400,,,,,,,,
400,,,,,,,,
400,,,,,,,,
400,,,,,,,,
400,,,,,,,,
400,,,,,,,,
400,,,,,,,,
400,,,,,,,,
400,,,,,,,,
400,,,,,,,,
400,,,,,,,,
400,,,,,,,,
400,,,,,,,,
400,,,,,,,,
400,,,,,,,,
400,,,,,,,,
400,,,,,,,,
400,,,,,,,,
400,,,,,,,,
400,,,,,,,,
400,,,,,,,,
400,,,,,,,,
400,,,,,,,,
400,,,,,,,,
400,,,,,,,,
400,,,,,,,,
400,,,,,,,,
400,,,,,,,,
400,,,,,,,,
400,,,,,,,,
400,,,,,,,,
400,,,,,,,,
400,,,,,,,,
400,,,,,,,,
400,,,,,,,,
400,,,,,,,,
400,,,,,,,,
400,,,,,,,,
400,,,,,,,,
400,,,,,,,,
400,,,,,,,,
400,,,,,,,,
400,,,,,,,,
400,,,,,,,,
400,,,,,,,,
400,,,,,,,,
400,,,,,,,,
400,,,,,,,,
400,,,,,,,,
400,,,,,,,,
400,,,,,,,,
400,,,,,,,,
400,,,,,,,,
400,,,,,,,,
400,,,,,,,,
400,,,,,,,,
400,,,,,,,,
400,,,,,,,,
400,,,,,,,,
400,,,,,,,,
400,,,,,,,,
400,,,,,,,,
400,,,,,,,,
400,,,,,,,,
400,,,,,,,,
400,,,,,,,,
400,,,,,,,,
400,,,,,,,,
400,,,,,,,,
400,,,,,,,,
400,,,,,,,,
400,,,,,,,,
400,,,,,,,,
400,,,,,,,,
400,,,,,,,,
400,,,,,,,,
400,,,,,,,,
400,,,,,,,,
400,,,,,,,,
400,,,,,,,,
400,,,,,,,,
400,,,,,,,,
400,,,,,,,,
400,,,,,,,,
400,,,,,,,,
400,,,,,,,,
400,,,,,,,,
400,,,,,,,,
400,,,,,,,,
400,,,,,,,,
400,,,,,,,,
400,,,,,,,,
400,,,,,,,,
400,,,,,,,,
400,,,,,,,,
400,,,,,,,,
400,,,,,,,,
400,,,,,,,,
400,,,,,,,,
400,,,,,,,,
400,,,,,,,,
400,,,,,,,,
400,,,,,,,,
400,,,,,,,,
400,,,,,,,,
400,,,,,,,,
400,,,,,,,,
400,,,,,,,,
400,,,,,,,,
400,,,,,,,,
400,,,,,,,,
400,,,,,,,,
400,,,,,,,,
400,,,,,,,,
400,,,,,,,,
400,,,,,,,,
400,,,,,,,,
400,,,,,,,,
400,,,,,,,,
400,,,,,,,,
400,,,,,,,,
400,,,,,,,,
400,,,,,,,,
400,,,,,,,,
400,,,,,,,,
400,,,,,,,,
400,,,,,,,,
400,,,,,,,,
400,,,,,,,,
400,,,,,,,,
400,,,,,,,,
400,,,,,,,,
400,,,,,,,,
400,,,,,,,,
400,,,,,,,,
400,,,,,,,,
400,,,,,,,,
400,,,,,,,,
400,,,,,,,,
400,,,,,,,,
400,,,,,,,,
400,,,,,,,,
400,,,,,,,,
400,,,,,,,,
400,,,,,,,,
400,,,,,,,,
400,,,,,,,,
400,,,,,,,,
400,,,,,,,,
400,,,,,,,,
400,,,,,,,,
400,,,,,,,,
400,,,,,,,,
400,,,,,,,,
400,,,,,,,,
400,,,,,,,,
400,,,,,,,,
400,,,,,,,,
400,,,,,,,,
400,,,,,,,,
400,,,,,,,,
400,,,,,,,,
400,,,,,,,,
400,,,,,,,,
400,,,,,,,,
400,,,,,,,,
400,,,,,,,,
400,,,,,,,,
400,,,,,,,,
400,,,,,,,,
400,,,,,,,,
400,,,,,,,,
400,,,,,,,,
400,,,,,,,,
400,,,,,,,,
400,,,,,,,,
400,,,,,,,,
400,,,,,,,,
400,,,,,,,,
400,,,,,,,,
400,,,,,,,,
400,,,,,,,,
400,,,,,,,,
400,,,,,,,,
400,,,,,,,,
400,,,,,,,,
400,,,,,,,,
400,,,,,,,,
400,,,,,,,,
400,,,,,,,,
400,,,,,,,,
400,,,,,,,,
400,,,,,,,,
400,,,,,,,,
400,,,,,,,,
400,,,,,,,,
400,,,,,,,,
400,,,,,,,,
400,,,,,,,,
400,,,,,,,,
400,,,,,,,,
400,,,,,,,,
400,,,,,,,,
400,,,,,,,,
400,,,,,,,,
400,,,,,,,,
400,,,,,,,,
400,,,,,,,,
400,,,,,,,,
400,,,,,,,,
400,,,,,,,,
400,,,,,,,,
400,,,,,,,,
400,,,,,,,,
400,,,,,,,,
400,,,,,,,,
400,,,,,,,,
400,,,,,,,,
400,,,,,,,,
400,,,,,,,,
400,,,,,,,,
400,,,,,,,,
400,,,,,,,,
400,,,,,,,,
400,,,,,,,,
400,,,,,,,,
400,,,,,,,,
400,,,,,,,,
400,,,,,,,,
400,,,,,,,,
400,,,,,,,,
400,,,,,,,,
400,,,,,,,,
400,,,,,,,,
400,,,,,,,,
400,,,,,,,,
400,,,,,,,,
400,,,,,,,,
400,,,,,,,,
400,,,,,,,,
400,,,,,,,,
400,,,,,,,,
400,,,,,,,,
400,,,,,,,,
400,,,,,,,,
400,,,,,,,,
400,,,,,,,,
400,,,,,,,,
400,,,,,,,,
400,,,,,,,,
400,,,,,,,,
400,,,,,,,,
400,,,,,,,,
400,,,,,,,,
400,,,,,,,,
400,,,,,,,,
400,,,,,,,,
400,,,,,,,,
400,,,,,,,,
400,,,,,,,,
400,,,,,,,,
400,,,,,,,,
400,,,,,,,,
400,,,,,,,,
400,,,,,,,,
400,,,,,,,,
400,,,,,,,,
400,,,,,,,,
400,,,,,,,,
400,,,,,,,,
400,,,,,,,,
400,,,,,,,,
400,,,,,,,,
400,,,,,,,,
400,,,,,,,,
400,,,,,,,,
400,,,,,,,,
400,,,,,,,,
400,,,,,,,,
400,,,,,,,,
400,,,,,,,,
400,,,,,,,,
400,,,,,,,,
400,,,,,,,,
400,,,,,,,,
400,,,,,,,,
400,,,,,,,,
400,,,,,,,,
400,,,,,,,,
400,,,,,,,,
400,,,,,,,,
400,,,,,,,,
400,,,,,,,,
400,,,,,,,,
400,,,,,,,,
400,,,,,,,,
400,,,,,,,,
400,,,,,,,,
400,,,,,,,,
400,,,,,,,,
400,,,,,,,,
400,,,,,,,,
400,,,,,,,,
400,,,,,,,,
400,,,,,,,,
400,,,,,,,,
400,,,,,,,,
400,,,,,,,,
400,,,,,,,,
400,,,,,,,,
400,,,,,,,,
400,,,,,,,,
400,,,,,,,,
400,,,,,,,,
400,,,,,,,,
400,,,,,,,,
400,,,,,,,,
400,,,,,,,,
400,,,,,,,,
400,,,,,,,,
400,,,,,,,,
400,,,,,,,,
400,,,,,,,,
400,,,,,,,,
400,,,,,,,,
400,,,,,,,,
400,,,,,,,,
400,,,,,,,,
400,,,,,,,,
400,,,,,,,,
400,,,,,,,,
400,,,,,,,,
400,,,,,,,,
400,,,,,,,,
400,,,,,,,,
400,,,,,,,,
400,,,,,,,,
400,,,,,,,,
400,,,,,,,,
400,,,,,,,,
400,,,,,,,,
400,,,,,,,,
400,,,,,,,,
400,,,,,,,,
400,,,,,,,,
400,,,,,,,,
400,,,,,,,,
400,,,,,,,,
400,,,,,,,,
400,,,,,,,,
400,,,,,,,,
400,,,,,,,,
400,,,,,,,,
400,,,,,,,,
400,,,,,,,,
400,,,,,,,,
400,,,,,,,,
400,,,,,,,,
400,,,,,,,,
400,,,,,,,,
400,,,,,,,,
400,,,,,,,,
400,,,,,,,,
400,,,,,,,,
400,,,,,,,,
400,,,,,,,,
400,,,,,,,,
400,,,,,,,,
400,,,,,,,,
400,,,,,,,,
400,,,,,,,,
400,,,,,,,,
400,,,,,,,,
400,,,,,,,,
400,,,,,,,,
400,,,,,,,,
400,,,,,,,,
400,,,,,,,,
400,,,,,,,,
400,,,,,,,,
400,,,,,,,,
400,,,,,,,,
400,,,,,,,,
400,,,,,,,,
400,,,,,,,,
400,,,,,,,,
400,,,,,,,,
400,,,,,,,,
400,,,,,,,,
400,,,,,,,,
400,,,,,,,,
400,,,,,,,,
400,,,,,,,,
400,,,,,,,,
400,,,,,,,,
400,,,,,,,,
400,,,,,,,,
400,,,,,,,,
400,,,,,,,,
400,,,,,,,,
400,,,,,,,,
400,,,,,,,,
400,,,,,,,,
400,,,,,,,,
400,,,,,,,,
400,,,,,,,,
400,,,,,,,,
400,,,,,,,,
400,,,,,,,,
400,,,,,,,,
400,,,,,,,,
400,,,,,,,,
400,,,,,,,,
400,,,,,,,,
400,,,,,,,,
400,,,,,,,,
400,,,,,,,,
400,,,,,,,,
400,,,,,,,,
400,,,,,,,,
400,,,,,,,,
400,,,,,,,,
400,,,,,,,,
400,,,,,,,,
400,,,,,,,,
400,,,,,,,,
400,,,,,,,,
400,,,,,,,,
400,,,,,,,,
400,,,,,,,,
400,,,,,,,,
400,,,,,,,,
400,,,,,,,,
400,,,,,,,,
400,,,,,,,,
400,,,,,,,,
400,,,,,,,,
400,,,,,,,,
400,,,,,,,,
400,,,,,,,,
400,,,,,,,,
400,,,,,,,,
400,,,,,,,,
400,,,,,,,,
400,,,,,,,,
400,,,,,,,,
400,,,,,,,,
400,,,,,,,,
400,,,,,,,,
400,,,,,,,,
400,,,,,,,,
400,,,,,,,,
400,,,,,,,,
400,,,,,,,,
400,,,,,,,,
400,,,,,,,,
400,,,,,,,,
400,,,,,,,,
400,,,,,,,,
400,,,,,,,,
400,,,,,,,,
400,,,,,,,,
400,,,,,,,,
400,,,,,,,,
400,,,,,,,,
400,,,,,,,,
400,,,,,,,,
400,,,,,,,,
400,,,,,,,,
400,,,,,,,,
400,,,,,,,,
400,,,,,,,,
400,,,,,,,,
400,,,,,,,,
400,,,,,,,,
400,,,,,,,,
400,,,,,,,,
400,,,,,,,,
400,,,,,,,,
400,,,,,,,,
400,,,,,,,,
400,,,,,,,,
400,,,,,,,,
400,,,,,,,,
400,,,,,,,,
400,,,,,,,,
400,,,,,,,,
400,,,,,,,,
400,,,,,,,,
400,,,,,,,,
400,,,,,,,,
400,,,,,,,,
400,,,,,,,,
400,,,,,,,,
400,,,,,,,,
400,,,,,,,,
400,,,,,,,,
400,,,,,,,,
400,,,,,,,,
400,,,,,,,,
400,,,,,,,,
400,,,,,,,,
400,,,,,,,,
400,,,,,,,,
400,,,,,,,,
400,,,,,,,,
400,,,,,,,,
400,,,,,,,,
400,,,,,,,,
400,,,,,,,,
400,,,,,,,,
400,,,,,,,,
400,,,,,,,,
400,,,,,,,,
400,,,,,,,,
400,,,,,,,,
400,,,,,,,,
400,,,,,,,,
400,,,,,,,,
400,,,,,,,,
400,,,,,,,,
400,,,,,,,,
400,,,,,,,,
400,,,,,,,,
400,,,,,,,,
400,,,,,,,,
400,,,,,,,,
400,,,,,,,,
400,,,,,,,,
400,,,,,,,,
400,,,,,,,,
400,,,,,,,,
400,,,,,,,,
400,,,,,,,,
400,,,,,,,,
400,,,,,,,,
400,,,,,,,,
400,,,,,,,,
400,,,,,,,,
400,,,,,,,,
400,,,,,,,,
400,,,,,,,,
400,,,,,,,,
400,,,,,,,,
400,,,,,,,,
400,,,,,,,,
400,,,,,,,,
400,,,,,,,,
400,,,,,,,,
400,,,,,,,,
400,,,,,,,,
400,,,,,,,,
400,,,,,,,,
400,,,,,,,,
400,,,,,,,,
400,,,,,,,,
400,,,,,,,,
400,,,,,,,,
400,,,,,,,,
400,,,,,,,,
400,,,,,,,,
400,,,,,,,,
400,,,,,,,,
400,,,,,,,,
400,,,,,,,,
400,,,,,,,,
400,,,,,,,,
400,,,,,,,,
400,,,,,,,,
400,,,,,,,,
400,,,,,,,,
400,,,,,,,,
400,,,,,,,,
400,,,,,,,,
400,,,,,,,,
400,,,,,,,,
400,,,,,,,,
400,,,,,,,,
400,,,,,,,,
400,,,,,,,,
400,,,,,,,,
400,,,,,,,,
400,,,,,,,,
400,,,,,,,,
400,,,,,,,,
400,,,,,,,,
400,,,,,,,,
400,,,,,,,,
400,,,,,,,,
400,,,,,,,,
400,,,,,,,,
400,,,,,,,,
400,,,,,,,,
400,,,,,,,,
400,,,,,,,,
400,,,,,,,,
400,,,,,,,,
400,,,,,,,,
400,,,,,,,,
400,,,,,,,,
400,,,,,,,,
400,,,,,,,,
400,,,,,,,,
400,,,,,,,,
400,,,,,,,,
400,,,,,,,,
400,,,,,,,,
400,,,,,,,,
400,,,,,,,,
400,,,,,,,,
400,,,,,,,,
400,,,,,,,,
400,,,,,,,,
400,,,,,,,,
400,,,,,,,,
400,,,,,,,,
400,,,,,,,,
400,,,,,,,,
400,,,,,,,,
400,,,,,,,,
400,,,,,,,,
400,,,,,,,,
400,,,,,,,,
400,,,,,,,,
400,,,,,,,,
400,,,,,,,,
400,,,,,,,,
400,,,,,,,,
400,,,,,,,,
400,,,,,,,,
400,,,,,,,,
400,,,,,,,,
400,,,,,,,,
400,,,,,,,,
400,,,,,,,,
400,,,,,,,,
400,,,,,,,,
400,,,,,,,,
400,,,,,,,,
400,,,,,,,,
400,,,,,,,,
400,,,,,,,,
400,,,,,,,,
400,,,,,,,,
400,,,,,,,,
400,,,,,,,,
400,,,,,,,,
400,,,,,,,,
400,,,,,,,,
400,,,,,,,,
400,,,,,,,,
400,,,,,,,,
400,,,,,,,,
400,,,,,,,,
400,,,,,,,,
400,,,,,,,,
400,,,,,,,,
400,,,,,,,,
400,,,,,,,,
400,,,,,,,,
400,,,,,,,,
400,,,,,,,,
400,,,,,,,,
400,,,,,,,,
400,,,,,,,,
400,,,,,,,,
400,,,,,,,,
400,,,,,,,,
400,,,,,,,,
400,,,,,,,,
400,,,,,,,,
400,,,,,,,,
400,,,,,,,,
400,,,,,,,,
400,,,,,,,,
400,,,,,,,,
400,,,,,,,,
400,,,,,,,,
400,,,,,,,,
400,,,,,,,,
400,,,,,,,,
400,,,,,,,,
400,,,,,,,,
400,,,,,,,,
400,,,,,,,,
400,,,,,,,,
400,,,,,,,,
400,,,,,,,,
400,,,,,,,,
400,,,,,,,,
400,,,,,,,,
400,,,,,,,,
400,,,,,,,,
400,,,,,,,,
400,,,,,,,,
400,,,,,,,,
400,,,,,,,,
400,,,,,,,,
400,,,,,,,,
400,,,,,,,,
400,,,,,,,,
400,,,,,,,,
400,,,,,,,,
400,,,,,,,,
400,,,,,,,,
400,,,,,,,,
400,,,,,,,,
400,,,,,,,,
400,,,,,,,,
400,,,,,,,,
400,,,,,,,,
400,,,,,,,,
400,,,,,,,,
400,,,,,,,,
400,,,,,,,,
400,,,,,,,,
400,,,,,,,,
400,,,,,,,,
400,,,,,,,,
400,,,,,,,,
400,,,,,,,,
400,,,,,,,,
400,,,,,,,,
400,,,,,,,,
400,,,,,,,,
400,,,,,,,,
400,,,,,,,,
400,,,,,,,,
400,,,,,,,,
400,,,,,,,,
400,,,,,,,,
400,,,,,,,,
400,,,,,,,,
400,,,,,,,,
400,,,,,,,,
400,,,,,,,,
400,,,,,,,,
400,,,,,,,,
400,,,,,,,,
400,,,,,,,,
400,,,,,,,,
400,,,,,,,,
400,,,,,,,,
400,,,,,,,,
400,,,,,,,,
400,,,,,,,,
400,,,,,,,,
400,,,,,,,,
400,,,,,,,,
400,,,,,,,,
400,,,,,,,,
400,,,,,,,,
400,,,,,,,,
400,,,,,,,,
400,,,,,,,,
400,,,,,,,,
400,,,,,,,,
400,,,,,,,,
400,,,,,,,,
400,,,,,,,,
400,,,,,,,,
400,,,,,,,,
400,,,,,,,,
400,,,,,,,,
400,,,,,,,,
400,,,,,,,,
400,,,,,,,,
400,,,,,,,,
400,,,,,,,,
400,,,,,,,,
400,,,,,,,,
400,,,,,,,,
400,,,,,,,,
400,,,,,,,,
400,,,,,,,,
400,,,,,,,,
400,,,,,,,,
400,,,,,,,,
400,,,,,,,,
400,,,,,,,,
400,,,,,,,,
400,,,,,,,,
400,,,,,,,,
400,,,,,,,,
400,,,,,,,,
400,,,,,,,,
400,,,,,,,,
400,,,,,,,,
400,,,,,,,,
400,,,,,,,,
400,,,,,,,,
400,,,,,,,,
400,,,,,,,,
400,,,,,,,,
400,,,,,,,,
400,,,,,,,,
400,,,,,,,,
400,,,,,,,,
400,,,,,,,,
400,,,,,,,,
400,,,,,,,,
400,,,,,,,,
400,,,,,,,,
400,,,,,,,,
400,,,,,,,,
400,,,,,,,,
400,,,,,,,,
400,,,,,,,,
400,,,,,,,,
400,,,,,,,,
400,,,,,,,,
400,,,,,,,,
400,,,,,,,,
400,,,,,,,,
400,,,,,,,,
400,,,,,,,,
400,,,,,,,,
400,,,,,,,,
400,,,,,,,,
400,,,,,,,,
400,,,,,,,,
400,,,,,,,,
400,,,,,,,,
400,,,,,,,,
400,,,,,,,,
400,,,,,,,,
400,,,,,,,,
400,,,,,,,,
400,,,,,,,,
400,,,,,,,,
400,,,,,,,,
400,,,,,,,,
400,,,,,,,,
400,,,,,,,,
400,,,,,,,,
400,,,,,,,,
400,,,,,,,,
400,,,,,,,,
400,,,,,,,,
400,,,,,,,,
400,,,,,,,,
400,,,,,,,,
400,,,,,,,,
400,,,,,,,,
400,,,,,,,,
400,,,,,,,,
400,,,,,,,,
400,,,,,,,,
400,,,,,,,,
400,,,,,,,,
400,,,,,,,,
400,,,,,,,,
400,,,,,,,,
400,,,,,,,,
400,,,,,,,,
400,,,,,,,,
400,,,,,,,,
400,,,,,,,,
400,,,,,,,,
400,,,,,,,,
400,,,,,,,,
400,,,,,,,,
400,,,,,,,,
400,,,,,,,,
400,,,,,,,,
400,,,,,,,,
400,,,,,,,,
400,,,,,,,,
400,,,,,,,,
400,,,,,,,,
400,,,,,,,,
400,,,,,,,,
400,,,,,,,,
400,,,,,,,,
400,,,,,,,,
400,,,,,,,,
400,,,,,,,,
400,,,,,,,,
400,,,,,,,,
400,,,,,,,,
400,,,,,,,,
400,,,,,,,,
400,,,,,,,,
400,,,,,,,,
400,,,,,,,,
400,,,,,,,,
400,,,,,,,,
400,,,,,,,,
400,,,,,,,,
400,,,,,,,,
400,,,,,,,,
400,,,,,,,,
400,,,,,,,,
400,,,,,,,,
400,,,,,,,,
400,,,,,,,,
400,,,,,,,,
400,,,,,,,,
400,,,,,,,,
400,,,,,,,,
400,,,,,,,,
400,,,,,,,,
400,,,,,,,,
400,,,,,,,,
400,,,,,,,,
400,,,,,,,,
400,,,,,,,,
400,,,,,,,,
400,,,,,,,,
400,,,,,,,,
400,,,,,,,,
400,,,,,,,,
400,,,,,,,,
400,,,,,,,,
400,,,,,,,,
400,,,,,,,,
400,,,,,,,,
400,,,,,,,,
400,,,,,,,,
400,,,,,,,,
400,,,,,,,,
400,,,,,,,,
400,,,,,,,,
400,,,,,,,,
400,,,,,,,,
400,,,,,,,,
400,,,,,,,,
400,,,,,,,,
400,,,,,,,,
400,,,,,,,,
400,,,,,,,,
400,,,,,,,,
400,,,,,,,,
400,,,,,,,,
400,,,,,,,,
400,,,,,,,,
400,,,,,,,,
400,,,,,,,,
400,,,,,,,,
400,,,,,,,,
400,,,,,,,,
400,,,,,,,,
400,,,,,,,,
400,,,,,,,,
400,,,,,,,,
400,,,,,,,,
400,,,,,,,,
400,,,,,,,,
400,,,,,,,,
400,,,,,,,,
400,,,,,,,,
400,,,,,,,,
400,,,,,,,,
400,,,,,,,,
400,,,,,,,,
400,,,,,,,,
400,,,,,,,,
400,,,,,,,,
400,,,,,,,,
400,,,,,,,,
400,,,,,,,,
400,,,,,,,,
400,,,,,,,,
400,,,,,,,,
400,,,,,,,,
400,,,,,,,,
400,,,,,,,,
400,,,,,,,,
400,,,,,,,,
400,,,,,,,,
400,,,,,,,,
400,,,,,,,,
400,,,,,,,,
400,,,,,,,,
400,,,,,,,,
400,,,,,,,,
400,,,,,,,,
400,,,,,,,,
400,,,,,,,,
400,,,,,,,,
400,,,,,,,,
400,,,,,,,,
400,,,,,,,,
400,,,,,,,,
400,,,,,,,,
400,,,,,,,,
400,,,,,,,,
400,,,,,,,,
400,,,,,,,,
400,,,,,,,,
400,,,,,,,,
400,,,,,,,,
400,,,,,,,,
400,,,,,,,,
400,,,,,,,,
400,,,,,,,,
400,,,,,,,,
400,,,,,,,,
400,,,,,,,,
400,,,,,,,,
400,,,,,,,,
400,,,,,,,,
400,,,,,,,,
400,,,,,,,,
400,,,,,,,,
400,,,,,,,,
400,,,,,,,,
400,,,,,,,,
400,,,,,,,,
400,,,,,,,,
400,,,,,,,,
400,,,,,,,,
400,,,,,,,,
400,,,,,,,,
400,,,,,,,,
400,,,,,,,,
400,,,,,,,,
400,,,,,,,,
400,,,,,,,,
400,,,,,,,,
400,,,,,,,,
400,,,,,,,,
400,,,,,,,,
400,,,,,,,,
400,,,,,,,,
400,,,,,,,,
400,,,,,,,,
400,,,,,,,,
400,,,,,,,,
400,,,,,,,,
400,,,,,,,,
400,,,,,,,,
400,,,,,,,,
400,,,,,,,,
400,,,,,,,,
400,,,,,,,,
400,,,,,,,,
400,,,,,,,,
400,,,,,,,,
400,,,,,,,,
400,,,,,,,,
400,,,,,,,,
400,,,,,,,,
400,,,,,,,,
400,,,,,,,,
400,,,,,,,,
400,,,,,,,,
400,,,,,,,,
400,,,,,,,,
400,,,,,,,,
400,,,,,,,,
400,,,,,,,,
400,,,,,,,,
400,,,,,,,,
400,,,,,,,,
400,,,,,,,,
400,,,,,,,,
400,,,,,,,,
400,,,,,,,,
400,,,,,,,,
400,,,,,,,,
400,,,,,,,,
400,,,,,,,,
400,,,,,,,,
400,,,,,,,,
400,,,,,,,,
400,,,,,,,,
400,,,,,,,,
400,,,,,,,,
400,,,,,,,,
400,,,,,,,,
400,,,,,,,,
400,,,,,,,,
400,,,,,,,,
400,,,,,,,,
400,,,,,,,,
400,,,,,,,,
400,,,,,,,,
400,,,,,,,,
400,,,,,,,,
400,,,,,,,,
400,,,,,,,,
400,,,,,,,,
400,,,,,,,,
400,,,,,,,,
400,,,,,,,,
400,,,,,,,,
400,,,,,,,,
400,,,,,,,,
400,,,,,,,,
400,,,,,,,,
400,,,,,,,,
400,,,,,,,,
400,,,,,,,,
400,,,,,,,,
400,,,,,,,,
400,,,,,,,,
400,,,,,,,,
400,,,,,,,,
400,,,,,,,,
400,,,,,,,,
400,,,,,,,,
400,,,,,,,,
400,,,,,,,,
400,,,,,,,,
400,,,,,,,,
400,,,,,,,,
400,,,,,,,,
400,,,,,,,,
400,,,,,,,,
400,,,,,,,,
400,,,,,,,,
400,,,,,,,,
400,,,,,,,,
400,,,,,,,,
400,,,,,,,,
400,,,,,,,,
400,,,,,,,,
400,,,,,,,,
400,,,,,,,,
400,,,,,,,,
400,,,,,,,,
400,,,,,,,,
400,,,,,,,,
400,,,,,,,,
400,,,,,,,,
400,,,,,,,,
400,,,,,,,,
400,,,,,,,,
400,,,,,,,,
400,,,,,,,,
400,,,,,,,,
400,,,,,,,,
400,,,,,,,,
400,,,,,,,,
400,,,,,,,,
400,,,,,,,,
400,,,,,,,,
400,,,,,,,,
400,,,,,,,,
400,,,,,,,,
400,,,,,,,,
400,,,,,,,,
400,,,,,,,,
400,,,,,,,,
400,,,,,,,,
400,,,,,,,,
400,,,,,,,,
400,,,,,,,,
400,,,,,,,,
400,,,,,,,,
400,,,,,,,,
400,,,,,,,,
400,,,,,,,,
400,,,,,,,,
400,,,,,,,,
400,,,,,,,,
400,,,,,,,,
400,,,,,,,,
400,,,,,,,,
400,,,,,,,,
400,,,,,,,,
400,,,,,,,,
400,,,,,,,,
400,,,,,,,,
400,,,,,,,,
400,,,,,,,,
400,,,,,,,,
400,,,,,,,,
400,,,,,,,,
400,,,,,,,,
400,,,,,,,,
400,,,,,,,,
400,,,,,,,,
400,,,,,,,,
400,,,,,,,,
400,,,,,,,,
400,,,,,,,,
400,,,,,,,,
400,,,,,,,,
400,,,,,,,,
400,,,,,,,,
400,,,,,,,,
400,,,,,,,,
400,,,,,,,,
400,,,,,,,,
400,,,,,,,,
400,,,,,,,,
400,,,,,,,,
400,,,,,,,,
400,,,,,,,,
400,,,,,,,,
400,,,,,,,,
400,,,,,,,,
400,,,,,,,,
400,,,,,,,,
400,,,,,,,,
400,,,,,,,,
400,,,,,,,,
400,,,,,,,,
400,,,,,,,,
400,,,,,,,,
400,,,,,,,,
400,,,,,,,,
400,,,,,,,,
400,,,,,,,,
400,,,,,,,,
400,,,,,,,,
400,,,,,,,,
400,,,,,,,,
400,,,,,,,,
400,,,,,,,,
400,,,,,,,,
400,,,,,,,,
400,,,,,,,,
400,,,,,,,,
400,,,,,,,,
400,,,,,,,,
400,,,,,,,,
400,,,,,,,,
400,,,,,,,,
400,,,,,,,,
400,,,,,,,,
400,,,,,,,,
400,,,,,,,,
400,,,,,,,,
400,,,,,,,,
400,,,,,,,,
400,,,,,,,,
400,,,,,,,,
400,,,,,,,,
400,,,,,,,,
400,,,,,,,,
400,,,,,,,,
400,,,,,,,,
400,,,,,,,,
400,,,,,,,,
400,,,,,,,,
400,,,,,,,,
400,,,,,,,,
400,,,,,,,,
400,,,,,,,,
400,,,,,,,,
400,,,,,,,,
400,,,,,,,,
400,,,,,,,,
400,,,,,,,,
400,,,,,,,,
400,,,,,,,,
400,,,,,,,,
400,,,,,,,,
400,,,,,,,,
400,,,,,,,,
400,,,,,,,,
400,,,,,,,,
400,,,,,,,,
400,,,,,,,,
400,,,,,,,,
400,,,,,,,,
400,,,,,,,,
400,,,,,,,,
400,,,,,,,,
400,,,,,,,,
400,,,,,,,,
400,,,,,,,,
400,,,,,,,,
400,,,,,,,,
400,,,,,,,,
400,,,,,,,,
400,,,,,,,,
400,,,,,,,,
400,,,,,,,,
400,,,,,,,,
400,,,,,,,,
400,,,,,,,,
400,,,,,,,,
400,,,,,,,,
400,,,,,,,,
400,,,,,,,,
400,,,,,,,,
400,,,,,,,,
400,,,,,,,,
400,,,,,,,,
400,,,,,,,,
400,,,,,,,,
400,,,,,,,,
400,,,,,,,,
400,,,,,,,,
400,,,,,,,,
400,,,,,,,,
400,,,,,,,,
400,,,,,,,,
400,,,,,,,,
400,,,,,,,,
400,,,,,,,,
400,,,,,,,,
400,,,,,,,,
400,,,,,,,,
400,,,,,,,,
400,,,,,,,,
400,,,,,,,,
400,,,,,,,,
400,,,,,,,,
400,,,,,,,,
400,,,,,,,,
400,,,,,,,,
400,,,,,,,,
400,,,,,,,,
400,,,,,,,,
400,,,,,,,,
400,,,,,,,,
400,,,,,,,,
400,,,,,,,,
400,,,,,,,,
400,,,,,,,,
400,,,,,,,,
400,,,,,,,,
400,,,,,,,,
400,,,,,,,,
400,,,,,,,,
400,,,,,,,,
400,,,,,,,,
400,,,,,,,,
400,,,,,,,,
400,,,,,,,,
400,,,,,,,,
400,,,,,,,,
400,,,,,,,,
400,,,,,,,,
400,,,,,,,,
400,,,,,,,,
400,,,,,,,,
400,,,,,,,,
400,,,,,,,,
400,,,,,,,,
400,,,,,,,,
400,,,,,,,,
400,,,,,,,,
400,,,,,,,,
400,,,,,,,,
400,,,,,,,,
400,,,,,,,,
400,,,,,,,,
400,,,,,,,,
400,,,,,,,,
400,,,,,,,,
400,,,,,,,,
400,,,,,,,,
400,,,,,,,,
400,,,,,,,,
400,,,,,,,,
400,,,,,,,,
400,,,,,,,,
400,,,,,,,,
400,,,,,,,,
400,,,,,,,,
400,,,,,,,,
400,,,,,,,,
400,,,,,,,,
400,,,,,,,,
400,,,,,,,,
400,,,,,,,,
400,,,,,,,,
400,,,,,,,,
400,,,,,,,,
400,,,,,,,,
400,,,,,,,,
400,,,,,,,,
400,,,,,,,,
400,,,,,,,,
400,,,,,,,,
400,,,,,,,,
400,,,,,,,,
400,,,,,,,,
400,,,,,,,,
400,,,,,,,,
400,,,,,,,,
400,,,,,,,,
400,,,,,,,,
400,,,,,,,,
400,,,,,,,,
400,,,,,,,,
400,,,,,,,,
400,,,,,,,,
400,,,,,,,,
400,,,,,,,,
400,,,,,,,,
400,,,,,,,,
400,,,,,,,,
400,,,,,,,,
400,,,,,,,,
400,,,,,,,,
400,,,,,,,,
400,,,,,,,,
400,,,,,,,,
400,,,,,,,,
400,,,,,,,,
400,,,,,,,,
400,,,,,,,,
400,,,,,,,,
400,,,,,,,,
400,,,,,,,,
400,,,,,,,,
400,,,,,,,,
400,,,,,,,,
400,,,,,,,,
400,,,,,,,,
400,,,,,,,,
400,,,,,,,,
400,,,,,,,,
400,,,,,,,,
400,,,,,,,,
400,,,,,,,,
400,,,,,,,,
400,,,,,,,,
400,,,,,,,,
400,,,,,,,,
400,,,,,,,,
400,,,,,,,,
400,,,,,,,,
400,,,,,,,,
400,,,,,,,,
400,,,,,,,,
400,,,,,,,,
400,,,,,,,,
400,,,,,,,,
400,,,,,,,,
400,,,,,,,,
400,,,,,,,,
400,,,,,,,,
400,,,,,,,,
400,,,,,,,,
400,,,,,,,,
400,,,,,,,,
400,,,,,,,,
400,,,,,,,,
400,,,,,,,,
400,,,,,,,,
400,,,,,,,,
400,,,,,,,,
400,,,,,,,,
400,,,,,,,,
400,,,,,,,,
400,,,,,,,,
400,,,,,,,,
400,,,,,,,,
400,,,,,,,,
400,,,,,,,,
400,,,,,,,,
400,,,,,,,,
400,,,,,,,,
400,,,,,,,,
400,,,,,,,,
400,,,,,,,,
400,,,,,,,,
400,,,,,,,,
400,,,,,,,,
400,,,,,,,,
400,,,,,,,,
400,,,,,,,,
400,,,,,,,,
400,,,,,,,,
400,,,,,,,,
400,,,,,,,,
400,,,,,,,,
400,,,,,,,,
400,,,,,,,,
400,,,,,,,,
400,,,,,,,,
400,,,,,,,,
400,,,,,,,,
400,,,,,,,,
400,,,,,,,,
400,,,,,,,,
400,,,,,,,,
400,,,,,,,,
400,,,,,,,,
400,,,,,,,,
400,,,,,,,,
400,,,,,,,,
400,,,,,,,,
400,,,,,,,,
400,,,,,,,,
400,,,,,,,,
400,,,,,,,,
400,,,,,,,,
400,,,,,,,,
400,,,,,,,,
400,,,,,,,,
400,,,,,,,,
400,,,,,,,,
400,,,,,,,,
400,,,,,,,,
400,,,,,,,,
400,,,,,,,,
400,,,,,,,,
400,,,,,,,,
400,,,,,,,,
400,,,,,,,,
400,,,,,,,,
400,,,,,,,,
400,,,,,,,,
400,,,,,,,,
400,,,,,,,,
400,,,,,,,,
400,,,,,,,,
400,,,,,,,,
400,,,,,,,,
400,,,,,,,,
400,,,,,,,,
400,,,,,,,,
400,,,,,,,,
400,,,,,,,,
400,,,,,,,,
400,,,,,,,,
400,,,,,,,,
400,,,,,,,,
400,,,,,,,,
400,,,,,,,,
400,,,,,,,,
400,,,,,,,,
400,,,,,,,,
400,,,,,,,,
400,,,,,,,,
400,,,,,,,,
400,,,,,,,,
400,,,,,,,,
400,,,,,,,,
400,,,,,,,,
400,,,,,,,,
400,,,,,,,,
400,,,,,,,,
400,,,,,,,,
400,,,,,,,,
400,,,,,,,,
400,,,,,,,,
400,,,,,,,,
400,,,,,,,,
400,,,,,,,,
400,,,,,,,,
400,,,,,,,,
400,,,,,,,,
400,,,,,,,,
400,,,,,,,,
400,,,,,,,,
400,,,,,,,,
400,,,,,,,,
400,,,,,,,,
400,,,,,,,,
400,,,,,,,,
400,,,,,,,,
400,,,,,,,,
400,,,,,,,,
400,,,,,,,,
400,,,,,,,,
400,,,,,,,,
400,,,,,,,,
400,,,,,,,,
400,,,,,,,,
400,,,,,,,,
400,,,,,,,,
400,,,,,,,,
400,,,,,,,,
400,,,,,,,,
400,,,,,,,,
400,,,,,,,,
400,,,,,,,,
400,,,,,,,,
400,,,,,,,,
400,,,,,,,,
400,,,,,,,,
400,,,,,,,,
400,,,,,,,,
400,,,,,,,,
400,,,,,,,,
400,,,,,,,,
400,,,,,,,,
400,,,,,,,,
400,,,,,,,,
400,,,,,,,,
400,,,,,,,,
400,,,,,,,,
400,,,,,,,,
400,,,,,,,,
400,,,,,,,,
400,,,,,,,,
400,,,,,,,,
400,,,,,,,,
400,,,,,,,,
400,,,,,,,,
400,,,,,,,,
400,,,,,,,,
400,,,,,,,,
400,,,,,,,,
400,,,,,,,,
400,,,,,,,,
400,,,,,,,,
400,,,,,,,,
400,,,,,,,,
400,,,,,,,,
400,,,,,,,,
400,,,,,,,,
400,,,,,,,,
400,,,,,,,,
400,,,,,,,,
400,,,,,,,,
400,,,,,,,,
400,,,,,,,,
400,,,,,,,,
400,,,,,,,,
400,,,,,,,,
400,,,,,,,,
400,,,,,,,,
400,,,,,,,,
400,,,,,,,,
400,,,,,,,,
400,,,,,,,,
400,,,,,,,,
400,,,,,,,,
400,,,,,,,,
400,,,,,,,,
400,,,,,,,,
400,,,,,,,,
400,,,,,,,,
400,,,,,,,,
400,,,,,,,,
400,,,,,,,,
400,,,,,,,,
400,,,,,,,,
400,,,,,,,,
400,,,,,,,,
400,,,,,,,,
400,,,,,,,,
400,,,,,,,,
400,,,,,,,,
400,,,,,,,,
400,,,,,,,,
400,,,,,,,,
400,,,,,,,,
400,,,,,,,,
400,,,,,,,,
400,,,,,,,,
400,,,,,,,,
400,,,,,,,,
400,,,,,,,,
400,,,,,,,,
400,,,,,,,,
400,,,,,,,,
400,,,,,,,,
400,,,,,,,,
400,,,,,,,,
400,,,,,,,,
400,,,,,,,,
400,,,,,,,,
400,,,,,,,,
400,,,,,,,,
400,,,,,,,,
400,,,,,,,,
400,,,,,,,,
400,,,,,,,,
400,,,,,,,,
400,,,,,,,,
400,,,,,,,,
400,,,,,,,,
400,,,,,,,,
400,,,,,,,,
400,,,,,,,,
400,,,,,,,,
400,,,,,,,,
400,,,,,,,,
400,,,,,,,,
400,,,,,,,,
400,,,,,,,,
400,,,,,,,,
400,,,,,,,,
400,,,,,,,,
400,,,,,,,,
400,,,,,,,,
400,,,,,,,,
400,,,,,,,,
400,,,,,,,,
400,,,,,,,,
400,,,,,,,,
400,,,,,,,,
400,,,,,,,,
400,,,,,,,,
400,,,,,,,,
400,,,,,,,,
400,,,,,,,,
400,,,,,,,,
400,,,,,,,,
400,,,,,,,,
400,,,,,,,,
400,,,,,,,,
400,,,,,,,,
400,,,,,,,,
400,,,,,,,,
400,,,,,,,,
400,,,,,,,,
400,,,,,,,,
400,,,,,,,,
400,,,,,,,,
400,,,,,,,,
400,,,,,,,,
400,,,,,,,,
400,,,,,,,,
400,,,,,,,,
400,,,,,,,,
400,,,,,,,,
400,,,,,,,,
400,,,,,,,,
400,,,,,,,,
400,,,,,,,,
400,,,,,,,,
400,,,,,,,,
400,,,,,,,,
400,,,,,,,,
400,,,,,,,,
400,,,,,,,,
400,,,,,,,,
400,,,,,,,,
400,,,,,,,,
400,,,,,,,,
400,,,,,,,,
400,,,,,,,,
400,,,,,,,,
400,,,,,,,,
400,,,,,,,,
400,,,,,,,,
400,,,,,,,,
400,,,,,,,,
400,,,,,,,,
400,,,,,,,,
400,,,,,,,,
400,,,,,,,,
400,,,,,,,,
400,,,,,,,,
400,,,,,,,,
400,,,,,,,,
400,,,,,,,,
400,,,,,,,,
400,,,,,,,,
400,,,,,,,,
400,,,,,,,,
400,,,,,,,,
400,,,,,,,,
400,,,,,,,,
400,,,,,,,,
400,,,,,,,,
400,,,,,,,,
400,,,,,,,,
400,,,,,,,,
400,,,,,,,,
400,,,,,,,,
400,,,,,,,,
400,,,,,,,,
400,,,,,,,,
400,,,,,,,,
400,,,,,,,,
400,,,,,,,,
400,,,,,,,,
400,,,,,,,,
400,,,,,,,,
400,,,,,,,,
400,,,,,,,,
400,,,,,,,,
400,,,,,,,,
400,,,,,,,,
400,,,,,,,,
400,,,,,,,,
400,,,,,,,,
400,,,,,,,,
400,,,,,,,,
400,,,,,,,,
400,,,,,,,,
400,,,,,,,,
400,,,,,,,,
400,,,,,,,,
400,,,,,,,,
400,,,,,,,,
400,,,,,,,,
400,,,,,,,,
400,,,,,,,,
400,,,,,,,,
400,,,,,,,,
400,,,,,,,,
400,,,,,,,,
400,,,,,,,,
400,,,,,,,,
400,,,,,,,,
400,,,,,,,,
400,,,,,,,,
400,,,,,,,,
400,,,,,,,,
400,,,,,,,,
400,,,,,,,,
400,,,,,,,,
400,,,,,,,,
400,,,,,,,,
400,,,,,,,,
400,,,,,,,,
400,,,,,,,,
400,,,,,,,,
400,,,,,,,,
400,,,,,,,,
400,,,,,,,,
400,,,,,,,,
400,,,,,,,,
400,,,,,,,,
400,,,,,,,,
400,,,,,,,,
400,,,,,,,,
400,,,,,,,,
400,,,,,,,,
400,,,,,,,,
400,,,,,,,,
400,,,,,,,,
400,,,,,,,,
400,,,,,,,,
400,,,,,,,,
400,,,,,,,,
400,,,,,,,,
400,,,,,,,,
400,,,,,,,,
400,,,,,,,,
400,,,,,,,,
400,,,,,,,,
400,,,,,,,,
400,,,,,,,,
400,,,,,,,,
400,,,,,,,,
400,,,,,,,,
400,,,,,,,,
400,,,,,,,,
400,,,,,,,,
400,,,,,,,,
400,,,,,,,,
400,,,,,,,,
400,,,,,,,,
400,,,,,,,,
400,,,,,,,,
400,,,,,,,,
400,,,,,,,,
400,,,,,,,,
400,,,,,,,,
400,,,,,,,,
400,,,,,,,,
400,,,,,,,,
400,,,,,,,,
400,,,,,,,,
400,,,,,,,,
400,,,,,,,,
400,,,,,,,,
400,,,,,,,,
400,,,,,,,,
400,,,,,,,,
400,,,,,,,,
400,,,,,,,,
400,,,,,,,,
400,,,,,,,,
400,,,,,,,,
400,,,,,,,,
400,,,,,,,,
400,,,,,,,,
400,,,,,,,,
400,,,,,,,,
400,,,,,,,,
400,,,,,,,,
400,,,,,,,,
400,,,,,,,,
400,,,,,,,,
400,,,,,,,,
400,,,,,,,,
400,,,,,,,,
400,,,,,,,,
400,,,,,,,,
400,,,,,,,,
400,,,,,,,,
400,,,,,,,,
400,,,,,,,,
400,,,,,,,,
400,,,,,,,,
400,,,,,,,,
400,,,,,,,,
400,,,,,,,,
400,,,,,,,,
400,,,,,,,,
400,,,,,,,,
400,,,,,,,,
400,,,,,,,,
400,,,,,,,,
400,,,,,,,,
400,,,,,,,,
400,,,,,,,,
400,,,,,,,,
400,,,,,,,,
400,,,,,,,,
400,,,,,,,,
400,,,,,,,,
400,,,,,,,,
400,,,,,,,,
400,,,,,,,,
400,,,,,,,,
400,,,,,,,,
400,,,,,,,,
400,,,,,,,,
400,,,,,,,,
400,,,,,,,,
400,,,,,,,,
400,,,,,,,,
400,,,,,,,,
400,,,,,,,,
400,,,,,,,,
400,,,,,,,,
400,,,,,,,,
400,,,,,,,,
400,,,,,,,,
400,,,,,,,,
400,,,,,,,,
400,,,,,,,,
400,,,,,,,,
400,,,,,,,,
400,,,,,,,,
400,,,,,,,,
400,,,,,,,,
400,,,,,,,,
400,,,,,,,,
400,,,,,,,,
400,,,,,,,,
400,,,,,,,,
400,,,,,,,,
400,,,,,,,,
400,,,,,,,,
400,,,,,,,,
400,,,,,,,,
400,,,,,,,,
400,,,,,,,,
400,,,,,,,,
400,,,,,,,,
400,,,,,,,,
400,,,,,,,,
400,,,,,,,,
400,,,,,,,,
400,,,,,,,,
400,,,,,,,,
400,,,,,,,,
400,,,,,,,,
400,,,,,,,,
400,,,,,,,,
400,,,,,,,,
400,,,,,,,,
400,,,,,,,,
400,,,,,,,,
400,,,,,,,,
400,,,,,,,,
400,,,,,,,,
400,,,,,,,,
400,,,,,,,,
400,,,,,,,,
400,,,,,,,,
400,,,,,,,,
400,,,,,,,,
400,,,,,,,,
400,,,,,,,,
400,,,,,,,,
400,,,,,,,,
400,,,,,,,,
400,,,,,,,,
400,,,,,,,,
400,,,,,,,,
400,,,,,,,,
400,,,,,,,,
400,,,,,,,,
400,,,,,,,,
400,,,,,,,,
400,,,,,,,,
400,,,,,,,,
400,,,,,,,,
400,,,,,,,,
400,,,,,,,,
400,,,,,,,,
400,,,,,,,,
400,,,,,,,,
400,,,,,,,,
400,,,,,,,,
400,,,,,,,,
400,,,,,,,,
400,,,,,,,,
400,,,,,,,,
400,,,,,,,,
400,,,,,,,,
400,,,,,,,,
400,,,,,,,,
400,,,,,,,,
400,,,,,,,,
400,,,,,,,,
400,,,,,,,,
400,,,,,,,,
400,,,,,,,,
400,,,,,,,,
400,,,,,,,,
400,,,,,,,,
400,,,,,,,,
400,,,,,,,,
400,,,,,,,,
400,,,,,,,,
400,,,,,,,,
400,,,,,,,,
400,,,,,,,,
400,,,,,,,,
400,,,,,,,,
400,,,,,,,,
400,,,,,,,,
400,,,,,,,,
400,,,,,,,,
400,,,,,,,,
400,,,,,,,,
400,,,,,,,,
400,,,,,,,,
400,,,,,,,,
400,,,,,,,,
400,,,,,,,,
400,,,,,,,,
400,,,,,,,,
400,,,,,,,,
400,,,,,,,,
400,,,,,,,,
400,,,,,,,,
400,,,,,,,,
400,,,,,,,,
400,,,,,,,,
400,,,,,,,,
400,,,,,,,,
400,,,,,,,,
400,,,,,,,,
400,,,,,,,,
400,,,,,,,,
400,,,,,,,,
400,,,,,,,,
400,,,,,,,,
400,,,,,,,,
400,,,,,,,,
400,,,,,,,,
400,,,,,,,,
400,,,,,,,,
400,,,,,,,,
400,,,,,,,,
400,,,,,,,,
400,,,,,,,,
400,,,,,,,,
400,,,,,,,,
400,,,,,,,,
400,,,,,,,,
400,,,,,,,,
400,,,,,,,,
400,,,,,,,,
400,,,,,,,,
400,,,,,,,,
400,,,,,,,,
400,,,,,,,,
400,,,,,,,,
400,,,,,,,,
400,,,,,,,,
400,,,,,,,,
400,,,,,,,,
400,,,,,,,,
400,,,,,,,,
400,,,,,,,,
400,,,,,,,,
400,,,,,,,,
400,,,,,,,,
400,,,,,,,,
400,,,,,,,,
400,,,,,,,,
400,,,,,,,,
400,,,,,,,,
400,,,,,,,,
400,,,,,,,,
400,,,,,,,,
400,,,,,,,,
400,,,,,,,,
400,,,,,,,,
400,,,,,,,,
400,,,,,,,,
400,,,,,,,,
400,,,,,,,,
400,,,,,,,,
400,,,,,,,,
400,,,,,,,,
400,,,,,,,,
400,,,,,,,,
400,,,,,,,,
400,,,,,,,,
400,,,,,,,,
400,,,,,,,,
400,,,,,,,,
400,,,,,,,,
400,,,,,,,,
400,,,,,,,,
400,,,,,,,,
400,,,,,,,,
400,,,,,,,,
400,,,,,,,,
400,,,,,,,,
400,,,,,,,,
400,,,,,,,,
400,,,,,,,,
400,,,,,,,,
400,,,,,,,,
400,,,,,,,,
400,,,,,,,,
400,,,,,,,,
400,,,,,,,,
400,,,,,,,,
400,,,,,,,,
400,,,,,,,,
400,,,,,,,,
400,,,,,,,,
400,,,,,,,,
400,,,,,,,,
400,,,,,,,,
400,,,,,,,,
400,,,,,,,,
400,,,,,,,,
400,,,,,,,,
400,,,,,,,,
400,,,,,,,,
400,,,,,,,,
400,,,,,,,,
400,,,,,,,,
400,,,,,,,,
400,,,,,,,,
400,,,,,,,,
400,,,,,,,,
400,,,,,,,,
400,,,,,,,,
400,,,,,,,,
400,,,,,,,,
400,,,,,,,,
400,,,,,,,,
400,,,,,,,,
400,,,,,,,,
400,,,,,,,,
400,,,,,,,,
400,,,,,,,,
400,,,,,,,,
400,,,,,,,,
400,,,,,,,,
400,,,,,,,,
400,,,,,,,,
400,,,,,,,,
400,,,,,,,,
400,,,,,,,,
400,,,,,,,,
400,,,,,,,,
400,,,,,,,,
400,,,,,,,,
400,,,,,,,,
400,,,,,,,,
400,,,,,,,,
400,,,,,,,,
400,,,,,,,,
400,,,,,,,,
400,,,,,,,,
400,,,,,,,,
400,,,,,,,,
400,,,,,,,,
400,,,,,,,,
400,,,,,,,,
400,,,,,,,,
400,,,,,,,,
400,,,,,,,,
400,,,,,,,,
400,,,,,,,,
400,,,,,,,,
400,,,,,,,,
400,,,,,,,,
400,,,,,,,,
400,,,,,,,,
400,,,,,,,,
400,,,,,,,,
400,,,,,,,,
400,,,,,,,,
400,,,,,,,,
400,,,,,,,,
400,,,,,,,,
400,,,,,,,,
400,,,,,,,,
400,,,,,,,,
400,,,,,,,,
400,,,,,,,,
400,,,,,,,,
400,,,,,,,,
400,,,,,,,,
400,,,,,,,,
400,,,,,,,,
400,,,,,,,,
400,,,,,,,,
400,,,,,,,,
400,,,,,,,,
400,,,,,,,,
400,,,,,,,,
400,,,,,,,,
400,,,,,,,,
400,,,,,,,,
400,,,,,,,,
400,,,,,,,,
400,,,,,,,,
400,,,,,,,,
400,,,,,,,,
400,,,,,,,,
400,,,,,,,,
400,,,,,,,,
400,,,,,,,,
400,,,,,,,,
400,,,,,,,,
400,,,,,,,,
400,,,,,,,,
400,,,,,,,,
400,,,,,,,,
400,,,,,,,,
400,,,,,,,,
400,,,,,,,,
400,,,,,,,,
400,,,,,,,,
400,,,,,,,,
400,,,,,,,,
400,,,,,,,,
400,,,,,,,,
400,,,,,,,,
400,,,,,,,,
400,,,,,,,,
400,,,,,,,,
400,,,,,,,,
400,,,,,,,,
400,,,,,,,,
400,,,,,,,,
400,,,,,,,,
400,,,,,,,,
400,,,,,,,,
400,,,,,,,,
400,,,,,,,,
400,,,,,,,,
400,,,,,,,,
400,,,,,,,,
400,,,,,,,,
400,,,,,,,,
400,,,,,,,,
400,,,,,,,,
400,,,,,,,,
400,,,,,,,,
400,,,,,,,,
400,,,,,,,,
400,,,,,,,,
400,,,,,,,,
400,,,,,,,,
400,,,,,,,,
400,,,,,,,,
400,,,,,,,,
400,,,,,,,,
400,,,,,,,,
400,,,,,,,,
400,,,,,,,,
400,,,,,,,,
400,,,,,,,,
400,,,,,,,,
400,,,,,,,,
400,,,,,,,,
400,,,,,,,,
400,,,,,,,,
400,,,,,,,,
400,,,,,,,,
400,,,,,,,,
400,,,,,,,,
400,,,,,,,,
400,,,,,,,,
400,,,,,,,,
400,,,,,,,,
400,,,,,,,,
400,,,,,,,,
400,,,,,,,,
400,,,,,,,,
400,,,,,,,,
400,,,,,,,,
400,,,,,,,,
400,,,,,,,,
400,,,,,,,,
400,,,,,,,,
400,,,,,,,,
400,,,,,,,,
400,,,,,,,,
400,,,,,,,,
400,,,,,,,,
400,,,,,,,,
400,,,,,,,,
400,,,,,,,,
400,,,,,,,,
400,,,,,,,,
400,,,,,,,,
400,,,,,,,,
400,,,,,,,,
400,,,,,,,,
400,,,,,,,,
400,,,,,,,,
400,,,,,,,,
400,,,,,,,,
400,,,,,,,,
400,,,,,,,,
400,,,,,,,,
400,,,,,,,,
400,,,,,,,,
400,,,,,,,,
400,,,,,,,,
400,,,,,,,,
400,,,,,,,,
400,,,,,,,,
400,,,,,,,,
400,,,,,,,,
400,,,,,,,,
400,,,,,,,,
400,,,,,,,,
400,,,,,,,,
400,,,,,,,,
400,,,,,,,,
400,,,,,,,,
400,,,,,,,,
400,,,,,,,,
400,,,,,,,,
400,,,,,,,,
400,,,,,,,,
400,,,,,,,,
400,,,,,,,,
400,,,,,,,,
400,,,,,,,,
400,,,,,,,,
400,,,,,,,,
400,,,,,,,,
400,,,,,,,,
400,,,,,,,,
400,,,,,,,,
400,,,,,,,,
400,,,,,,,,
400,,,,,,,,
400,,,,,,,,
400,,,,,,,,
400,,,,,,,,
400,,,,,,,,
400,,,,,,,,
400,,,,,,,,
400,,,,,,,,
400,,,,,,,,
400,,,,,,,,
400,,,,,,,,
400,,,,,,,,
400,,,,,,,,
400,,,,,,,,
400,,,,,,,,
400,,,,,,,,
400,,,,,,,,
400,,,,,,,,
400,,,,,,,,
400,,,,,,,,
400,,,,,,,,
400,,,,,,,,
400,,,,,,,,
400,,,,,,,,
400,,,,,,,,
400,,,,,,,,
400,,,,,,,,
400,,,,,,,,
400,,,,,,,,
400,,,,,,,,
400,,,,,,,,
400,,,,,,,,
400,,,,,,,,
400,,,,,,,,
400,,,,,,,,
400,,,,,,,,
400,,,,,,,,
400,,,,,,,,
400,,,,,,,,
400,,,,,,,,
400,,,,,,,,
400,,,,,,,,
400,,,,,,,,
400,,,,,,,,
400,,,,,,,,
400,,,,,,,,
400,,,,,,,,
400,,,,,,,,
400,,,,,,,,
400,,,,,,,,
400,,,,,,,,
400,,,,,,,,
400,,,,,,,,
400,,,,,,,,
400,,,,,,,,
400,,,,,,,,
400,,,,,,,,
400,,,,,,,,
400,,,,,,,,
400,,,,,,,,
400,,,,,,,,
400,,,,,,,,
400,,,,,,,,
400,,,,,,,,
400,,,,,,,,
400,,,,,,,,
400,,,,,,,,
400,,,,,,,,
400,,,,,,,,
400,,,,,,,,
400,,,,,,,,
400,,,,,,,,
400,,,,,,,,
400,,,,,,,,
400,,,,,,,,
400,,,,,,,,
400,,,,,,,,
400,,,,,,,,
400,,,,,,,,
400,,,,,,,,
400,,,,,,,,
400,,,,,,,,
400,,,,,,,,
400,,,,,,,,
400,,,,,,,,
400,,,,,,,,
400,,,,,,,,
400,,,,,,,,
400,,,,,,,,
400,,,,,,,,
400,,,,,,,,
400,,,,,,,,
400,,,,,,,,
400,,,,,,,,
400,,,,,,,,
400,,,,,,,,
400,,,,,,,,
400,,,,,,,,
400,,,,,,,,
400,,,,,,,,
400,,,,,,,,
400,,,,,,,,
400,,,,,,,,
400,,,,,,,,
400,,,,,,,,
400,,,,,,,,
400,,,,,,,,
400,,,,,,,,
400,,,,,,,,
400,,,,,,,,
400,,,,,,,,
400,,,,,,,,
400,,,,,,,,
400,,,,,,,,
400,,,,,,,,
400,,,,,,,,
400,,,,,,,,
400,,,,,,,,
400,,,,,,,,
400,,,,,,,,
400,,,,,,,,
400,,,,,,,,
400,,,,,,,,
400,,,,,,,,
400,,,,,,,,
400,,,,,,,,
400,,,,,,,,
400,,,,,,,,
400,,,,,,,,
400,,,,,,,,
400,,,,,,,,
400,,,,,,,,
400,,,,,,,,
400,,,,,,,,
400,,,,,,,,
400,,,,,,,,
400,,,,,,,,
400,,,,,,,,
400,,,,,,,,
400,,,,,,,,
400,,,,,,,,
400,,,,,,,,
400,,,,,,,,
400,,,,,,,,
400,,,,,,,,
400,,,,,,,,
400,,,,,,,,
400,,,,,,,,
400,,,,,,,,
400,,,,,,,,
400,,,,,,,,
400,,,,,,,,
400,,,,,,,,
400,,,,,,,,
400,,,,,,,,
400,,,,,,,,
400,,,,,,,,
400,,,,,,,,
400,,,,,,,,
400,,,,,,,,
400,,,,,,,,
400,,,,,,,,
400,,,,,,,,
400,,,,,,,,
400,,,,,,,,
400,,,,,,,,
400,,,,,,,,
400,,,,,,,,
400,,,,,,,,
400,,,,,,,,
400,,,,,,,,
400,,,,,,,,
400,,,,,,,,
400,,,,,,,,
400,,,,,,,,
400,,,,,,,,
400,,,,,,,,
400,,,,,,,,
400,,,,,,,,
400,,,,,,,,
400,,,,,,,,
400,,,,,,,,
400,,,,,,,,
400,,,,,,,,
400,,,,,,,,
400,,,,,,,,
400,,,,,,,,
400,,,,,,,,
400,,,,,,,,
400,,,,,,,,
400,,,,,,,,
400,,,,,,,,
400,,,,,,,,
400,,,,,,,,
400,,,,,,,,
400,,,,,,,,
400,,,,,,,,
400,,,,,,,,
400,,,,,,,,
400,,,,,,,,
400,,,,,,,,
400,,,,,,,,
400,,,,,,,,
400,,,,,,,,
400,,,,,,,,
400,,,,,,,,
400,,,,,,,,
400,,,,,,,,
400,,,,,,,,
400,,,,,,,,
400,,,,,,,,
400,,,,,,,,
400,,,,,,,,
400,,,,,,,,
400,,,,,,,,
400,,,,,,,,
400,,,,,,,,
400,,,,,,,,
400,,,,,,,,
400,,,,,,,,
400,,,,,,,,
400,,,,,,,,
400,,,,,,,,
400,,,,,,,,
400,,,,,,,,
400,,,,,,,,
400,,,,,,,,
400,,,,,,,,
400,,,,,,,,
400,,,,,,,,
400,,,,,,,,
400,,,,,,,,
400,,,,,,,,
400,,,,,,,,
400,,,,,,,,
400,,,,,,,,
400,,,,,,,,
400,,,,,,,,
400,,,,,,,,
400,,,,,,,,
400,,,,,,,,
400,,,,,,,,
400,,,,,,,,
400,,,,,,,,
400,,,,,,,,
400,,,,,,,,
400,,,,,,,,
400,,,,,,,,
400,,,,,,,,
400,,,,,,,,
400,,,,,,,,
400,,,,,,,,
400,,,,,,,,
400,,,,,,,,
400,,,,,,,,
400,,,,,,,,
400,,,,,,,,
400,,,,,,,,
400,,,,,,,,
400,,,,,,,,
400,,,,,,,,
400,,,,,,,,
400,,,,,,,,
400,,,,,,,,
400,,,,,,,,
400,,,,,,,,
400,,,,,,,,
400,,,,,,,,
400,,,,,,,,
400,,,,,,,,
400,,,,,,,,
400,,,,,,,,
400,,,,,,,,
400,,,,,,,,
400,,,,,,,,
400,,,,,,,,
400,,,,,,,,
400,,,,,,,,
400,,,,,,,,
400,,,,,,,,
400,,,,,,,,
400,,,,,,,,
400,,,,,,,,
400,,,,,,,,
400,,,,,,,,
400,,,,,,,,
400,,,,,,,,
400,,,,,,,,
400,,,,,,,,
400,,,,,,,,
400,,,,,,,,
400,,,,,,,,
400,,,,,,,,
400,,,,,,,,
400,,,,,,,,
400,,,,,,,,
400,,,,,,,,
400,,,,,,,,
400,,,,,,,,
400,,,,,,,,
400,,,,,,,,
400,,,,,,,,
400,,,,,,,,
400,,,,,,,,
400,,,,,,,,
400,,,,,,,,
400,,,,,,,,
400,,,,,,,,
400,,,,,,,,
400,,,,,,,,
400,,,,,,,,
400,,,,,,,,
400,,,,,,,,
400,,,,,,,,
400,,,,,,,,
400,,,,,,,,
400,,,,,,,,
400,,,,,,,,
400,,,,,,,,
400,,,,,,,,
400,,,,,,,,
400,,,,,,,,
400,,,,,,,,
400,,,,,,,,
400,,,,,,,,
400,,,,,,,,
400,,,,,,,,
400,,,,,,,,
400,,,,,,,,
400,,,,,,,,
400,,,,,,,,
400,,,,,,,,
400,,,,,,,,
400,,,,,,,,
400,,,,,,,,
400,,,,,,,,
400,,,,,,,,
400,,,,,,,,
400,,,,,,,,
400,,,,,,,,
400,,,,,,,,
400,,,,,,,,
400,,,,,,,,
400,,,,,,,,
400,,,,,,,,
400,,,,,,,,
400,,,,,,,,
400,,,,,,,,
400,,,,,,,,
400,,,,,,,,
400,,,,,,,,
400,,,,,,,,
400,,,,,,,,
400,,,,,,,,
400,,,,,,,,
400,,,,,,,,
400,,,,,,,,
400,,,,,,,,
400,,,,,,,,
400,,,,,,,,
400,,,,,,,,
400,,,,,,,,
400,,,,,,,,
400,,,,,,,,
400,,,,,,,,
400,,,,,,,,
400,,,,,,,,
400,,,,,,,,
400,,,,,,,,
400,,,,,,,,
400,,,,,,,,
400,,,,,,,,
400,,,,,,,,
400,,,,,,,,
400,,,,,,,,
400,,,,,,,,
400,,,,,,,,
400,,,,,,,,
400,,,,,,,,
400,,,,,,,,
400,,,,,,,,
400,,,,,,,,
400,,,,,,,,
400,,,,,,,,
400,,,,,,,,
400,,,,,,,,
400,,,,,,,,
400,,,,,,,,
400,,,,,,,,
400,,,,,,,,
400,,,,,,,,
400,,,,,,,,
400,,,,,,,,
400,,,,,,,,
400,,,,,,,,
400,,,,,,,,
400,,,,,,,,
400,,,,,,,,
400,,,,,,,,
400,,,,,,,,
400,,,,,,,,
400,,,,,,,,
400,,,,,,,,
400,,,,,,,,
400,,,,,,,,
400,,,,,,,,
400,,,,,,,,
400,,,,,,,,
400,,,,,,,,
400,,,,,,,,
400,,,,,,,,
400,,,,,,,,
400,,,,,,,,
400,,,,,,,,
400,,,,,,,,
400,,,,,,,,
400,,,,,,,,
400,,,,,,,,
400,,,,,,,,
400,,,,,,,,
400,,,,,,,,
400,,,,,,,,
400,,,,,,,,
400,,,,,,,,
400,,,,,,,,
400,,,,,,,,
400,,,,,,,,
400,,,,,,,,
400,,,,,,,,
400,,,,,,,,
400,,,,,,,,
400,,,,,,,,
400,,,,,,,,
400,,,,,,,,
400,,,,,,,,
400,,,,,,,,
400,,,,,,,,
400,,,,,,,,
400,,,,,,,,
400,,,,,,,,
400,,,,,,,,
400,,,,,,,,
400,,,,,,,,
400,,,,,,,,
400,,,,,,,,
400,,,,,,,,
400,,,,,,,,
400,,,,,,,,
400,,,,,,,,
400,,,,,,,,
400,,,,,,,,
400,,,,,,,,
400,,,,,,,,
400,,,,,,,,
400,,,,,,,,
400,,,,,,,,
400,,,,,,,,
400,,,,,,,,
400,,,,,,,,
400,,,,,,,,
400,,,,,,,,
400,,,,,,,,
400,,,,,,,,
400,,,,,,,,
400,,,,,,,,
400,,,,,,,,
400,,,,,,,,
400,,,,,,,,
400,,,,,,,,
400,,,,,,,,
400,,,,,,,,
400,,,,,,,,
400,,,,,,,,
400,,,,,,,,
400,,,,,,,,
400,,,,,,,,
400,,,,,,,,
400,,,,,,,,
400,,,,,,,,
400,,,,,,,,
400,,,,,,,,
400,,,,,,,,
400,,,,,,,,
400,,,,,,,,
400,,,,,,,,
400,,,,,,,,
400,,,,,,,,
400,,,,,,,,
400,,,,,,,,
400,,,,,,,,
400,,,,,,,,
400,,,,,,,,
400,,,,,,,,
400,,,,,,,,
400,,,,,,,,
400,,,,,,,,
400,,,,,,,,
400,,,,,,,,
400,,,,,,,,
400,,,,,,,,
400,,,,,,,,
400,,,,,,,,
400,,,,,,,,
400,,,,,,,,
400,,,,,,,,
400,,,,,,,,
400,,,,,,,,
400,,,,,,,,
400,,,,,,,,
400,,,,,,,,
400,,,,,,,,
400,,,,,,,,
400,,,,,,,,
400,,,,,,,,
400,,,,,,,,
400,,,,,,,,
400,,,,,,,,
400,,,,,,,,
400,,,,,,,,
400,,,,,,,,
400,,,,,,,,
400,,,,,,,,
400,,,,,,,,
400,,,,,,,,
400,,,,,,,,
400,,,,,,,,
400,,,,,,,,
400,,,,,,,,
400,,,,,,,,
400,,,,,,,,
400,,,,,,,,
400,,,,,,,,
400,,,,,,,,
400,,,,,,,,
400,,,,,,,,
400,,,,,,,,
400,,,,,,,,
400,,,,,,,,
400,,,,,,,,
400,,,,,,,,
400,,,,,,,,
400,,,,,,,,
400,,,,,,,,
400,,,,,,,,
400,,,,,,,,
400,,,,,,,,
400,,,,,,,,
400,,,,,,,,
400,,,,,,,,
400,,,,,,,,
400,,,,,,,,
400,,,,,,,,
400,,,,,,,,
400,,,,,,,,
400,,,,,,,,
400,,,,,,,,
400,,,,,,,,
400,,,,,,,,
400,,,,,,,,
400,,,,,,,,
400,,,,,,,,
400,,,,,,,,
400,,,,,,,,
400,,,,,,,,
400,,,,,,,,
400,,,,,,,,
400,,,,,,,,
400,,,,,,,,
400,,,,,,,,
400,,,,,,,,
400,,,,,,,,
400,,,,,,,,
400,,,,,,,,
400,,,,,,,,
400,,,,,,,,
400,,,,,,,,
400,,,,,,,,
400,,,,,,,,
400,,,,,,,,
400,,,,,,,,
400,,,,,,,,
400,,,,,,,,
400,,,,,,,,
400,,,,,,,,
400,,,,,,,,
400,,,,,,,,
400,,,,,,,,
400,,,,,,,,
400,,,,,,,,
400,,,,,,,,
400,,,,,,,,
400,,,,,,,,
400,,,,,,,,
400,,,,,,,,
400,,,,,,,,
400,,,,,,,,
400,,,,,,,,
400,,,,,,,,
400,,,,,,,,
400,,,,,,,,
400,,,,,,,,
400,,,,,,,,
400,,,,,,,,
400,,,,,,,,
400,,,,,,,,
400,,,,,,,,
400,,,,,,,,
400,,,,,,,,
400,,,,,,,,
400,,,,,,,,
400,,,,,,,,
400,,,,,,,,
400,,,,,,,,
400,,,,,,,,
400,,,,,,,,
400,,,,,,,,
400,,,,,,,,
400,,,,,,,,
400,,,,,,,,
400,,,,,,,,
400,,,,,,,,
400,,,,,,,,
400,,,,,,,,
400,,,,,,,,
400,,,,,,,,
400,,,,,,,,
400,,,,,,,,
400,,,,,,,,
400,,,,,,,,
400,,,,,,,,
400,,,,,,,,
400,,,,,,,,
400,,,,,,,,
400,,,,,,,,
400,,,,,,,,
400,,,,,,,,
400,,,,,,,,
400,,,,,,,,
400,,,,,,,,
400,,,,,,,,
400,,,,,,,,
400,,,,,,,,
400,,,,,,,,
400,,,,,,,,
400,,,,,,,,
400,,,,,,,,
400,,,,,,,,
400,,,,,,,,
400,,,,,,,,
400,,,,,,,,
400,,,,,,,,
400,,,,,,,,
400,,,,,,,,
400,,,,,,,,
400,,,,,,,,
400,,,,,,,,
400,,,,,,,,
400,,,,,,,,
400,,,,,,,,
400,,,,,,,,
400,,,,,,,,
400,,,,,,,,
400,,,,,,,,
400,,,,,,,,
400,,,,,,,,
400,,,,,,,,
400,,,,,,,,
400,,,,,,,,
400,,,,,,,,
400,,,,,,,,
400,,,,,,,,
400,,,,,,,,
400,,,,,,,,
400,,,,,,,,
400,,,,,,,,
400,,,,,,,,
400,,,,,,,,
400,,,,,,,,
400,,,,,,,,
400,,,,,,,,
400,,,,,,,,
400,,,,,,,,
400,,,,,,,,
400,,,,,,,,
400,,,,,,,,
400,,,,,,,,
400,,,,,,,,
400,,,,,,,,
400,,,,,,,,
400,,,,,,,,
400,,,,,,,,
400,,,,,,,,
400,,,,,,,,
400,,,,,,,,
400,,,,,,,,
400,,,,,,,,
400,,,,,,,,
400,,,,,,,,
400,,,,,,,,
400,,,,,,,,
400,,,,,,,,
400,,,,,,,,
400,,,,,,,,
400,,,,,,,,
400,,,,,,,,
400,,,,,,,,
400,,,,,,,,
400,,,,,,,,
400,,,,,,,,
400,,,,,,,,
400,,,,,,,,
400,,,,,,,,
400,,,,,,,,
400,,,,,,,,
400,,,,,,,,
400,,,,,,,,
400,,,,,,,,
400,,,,,,,,
400,,,,,,,,
400,,,,,,,,
400,,,,,,,,
400,,,,,,,,
400,,,,,,,,
400,,,,,,,,
400,,,,,,,,
400,,,,,,,,
400,,,,,,,,
400,,,,,,,,
400,,,,,,,,
400,,,,,,,,
400,,,,,,,,
400,,,,,,,,
400,,,,,,,,
400,,,,,,,,
400,,,,,,,,
400,,,,,,,,
400,,,,,,,,
400,,,,,,,,
400,,,,,,,,
400,,,,,,,,
400,,,,,,,,
400,,,,,,,,
400,,,,,,,,
400,,,,,,,,
400,,,,,,,,
400,,,,,,,,
400,,,,,,,,
400,,,,,,,,
400,,,,,,,,
400,,,,,,,,
400,,,,,,,,
400,,,,,,,,
400,,,,,,,,
400,,,,,,,,
400,,,,,,,,
400,,,,,,,,
400,,,,,,,,
400,,,,,,,,
400,,,,,,,,
400,,,,,,,,
400,,,,,,,,
400,,,,,,,,
400,,,,,,,,
400,,,,,,,,
400,,,,,,,,
400,,,,,,,,
400,,,,,,,,
400,,,,,,,,
400,,,,,,,,
400,,,,,,,,
400,,,,,,,,
400,,,,,,,,
400,,,,,,,,
400,,,,,,,,
400,,,,,,,,
400,,,,,,,,
400,,,,,,,,
400,,,,,,,,
400,,,,,,,,
400,,,,,,,,
400,,,,,,,,
400,,,,,,,,
400,,,,,,,,
400,,,,,,,,
400,,,,,,,,
400,,,,,,,,
400,,,,,,,,
400,,,,,,,,
400,,,,,,,,
400,,,,,,,,
400,,,,,,,,
400,,,,,,,,
400,,,,,,,,
400,,,,,,,,
400,,,,,,,,
400,,,,,,,,
400,,,,,,,,
400,,,,,,,,
400,,,,,,,,
400,,,,,,,,
400,,,,,,,,
400,,,,,,,,
400,,,,,,,,
400,,,,,,,,
400,,,,,,,,
400,,,,,,,,
400,,,,,,,,
400,,,,,,,,
400,,,,,,,,
400,,,,,,,,
400,,,,,,,,
400,,,,,,,,
400,,,,,,,,
400,,,,,,,,
400,,,,,,,,
400,,,,,,,,
400,,,,,,,,
400,,,,,,,,
400,,,,,,,,
400,,,,,,,,
400,,,,,,,,
400,,,,,,,,
400,,,,,,,,
400,,,,,,,,
400,,,,,,,,
400,,,,,,,,
400,,,,,,,,
400,,,,,,,,
400,,,,,,,,
400,,,,,,,,
400,,,,,,,,
400,,,,,,,,
400,,,,,,,,
400,,,,,,,,
400,,,,,,,,
400,,,,,,,,
400,,,,,,,,
400,,,,,,,,
400,,,,,,,,
400,,,,,,,,
400,,,,,,,,
400,,,,,,,,
400,,,,,,,,
400,,,,,,,,
400,,,,,,,,
400,,,,,,,,
400,,,,,,,,
400,,,,,,,,
400,,,,,,,,
400,,,,,,,,
400,,,,,,,,
400,,,,,,,,
400,,,,,,,,
400,,,,,,,,
400,,,,,,,,
400,,,,,,,,
400,,,,,,,,
400,,,,,,,,
400,,,,,,,,
400,,,,,,,,
400,,,,,,,,
400,,,,,,,,
400,,,,,,,,
400,,,,,,,,
400,,,,,,,,
400,,,,,,,,
400,,,,,,,,
400,,,,,,,,
400,,,,,,,,
400,,,,,,,,
400,,,,,,,,
400,,,,,,,,
400,,,,,,,,
400,,,,,,,,
400,,,,,,,,
400,,,,,,,,
400,,,,,,,,
400,,,,,,,,
400,,,,,,,,
400,,,,,,,,
400,,,,,,,,
400,,,,,,,,
400,,,,,,,,
400,,,,,,,,
400,,,,,,,,
400,,,,,,,,
400,,,,,,,,
400,,,,,,,,
400,,,,,,,,
400,,,,,,,,
400,,,,,,,,
400,,,,,,,,
400,,,,,,,,
400,,,,,,,,
400,,,,,,,,
400,,,,,,,,
400,,,,,,,,
400,,,,,,,,
400,,,,,,,,
400,,,,,,,,
400,,,,,,,,
400,,,,,,,,
400,,,,,,,,
400,,,,,,,,
400,,,,,,,,
400,,,,,,,,
400,,,,,,,,
400,,,,,,,,
400,,,,,,,,
400,,,,,,,,
400,,,,,,,,
400,,,,,,,,
400,,,,,,,,
400,,,,,,,,
400,,,,,,,,
400,,,,,,,,
400,,,,,,,,
400,,,,,,,,
400,,,,,,,,
400,,,,,,,,
400,,,,,,,,
400,,,,,,,,
400,,,,,,,,
400,,,,,,,,
400,,,,,,,,
400,,,,,,,,
400,,,,,,,,
400,,,,,,,,
400,,,,,,,,
400,,,,,,,,
400,,,,,,,,
400,,,,,,,,
400,,,,,,,,
400,,,,,,,,
400,,,,,,,,
400,,,,,,,,
400,,,,,,,,
400,,,,,,,,
400,,,,,,,,
400,,,,,,,,
400,,,,,,,,
400,,,,,,,,
400,,,,,,,,
400,,,,,,,,
400,,,,,,,,
400,,,,,,,,
400,,,,,,,,
400,,,,,,,,
400,,,,,,,,
400,,,,,,,,
400,,,,,,,,
400,,,,,,,,
400,,,,,,,,
400,,,,,,,,
400,,,,,,,,
400,,,,,,,,
400,,,,,,,,
400,,,,,,,,
400,,,,,,,,
400,,,,,,,,
400,,,,,,,,
400,,,,,,,,
400,,,,,,,,
400,,,,,,,,
400,,,,,,,,
400,,,,,,,,
400,,,,,,,,
400,,,,,,,,
400,,,,,,,,
400,,,,,,,,
400,,,,,,,,
400,,,,,,,,
400,,,,,,,,
400,,,,,,,,
400,,,,,,,,
400,,,,,,,,
400,,,,,,,,
400,,,,,,,,
400,,,,,,,,
400,,,,,,,,
400,,,,,,,,
400,,,,,,,,
400,,,,,,,,
400,,,,,,,,
400,,,,,,,,
400,,,,,,,,
400,,,,,,,,
400,,,,,,,,
400,,,,,,,,
400,,,,,,,,
400,,,,,,,,
400,,,,,,,,
400,,,,,,,,
400,,,,,,,,
400,,,,,,,,
400,,,,,,,,
400,,,,,,,,
400,,,,,,,,
400,,,,,,,,
400,,,,,,,,
400,,,,,,,,
400,,,,,,,,
400,,,,,,,,
400,,,,,,,,
400,,,,,,,,
400,,,,,,,,
400,,,,,,,,
400,,,,,,,,
400,,,,,,,,
400,,,,,,,,
400,,,,,,,,
400,,,,,,,,
400,,,,,,,,
400,,,,,,,,
400,,,,,,,,
400,,,,,,,,
400,,,,,,,,
400,,,,,,,,
400,,,,,,,,
400,,,,,,,,
400,,,,,,,,
400,,,,,,,,
400,,,,,,,,
400,,,,,,,,
400,,,,,,,,
400,,,,,,,,
400,,,,,,,,
400,,,,,,,,
400,,,,,,,,
400,,,,,,,,
400,,,,,,,,
400,,,,,,,,
400,,,,,,,,
400,,,,,,,,
400,,,,,,,,
400,,,,,,,,
400,,,,,,,,
400,,,,,,,,
400,,,,,,,,
400,,,,,,,,
400,,,,,,,,
400,,,,,,,,
400,,,,,,,,
400,,,,,,,,
400,,,,,,,,
400,,,,,,,,
400,,,,,,,,
400,,,,,,,,
400,,,,,,,,
400,,,,,,,,
400,,,,,,,,
400,,,,,,,,
400,,,,,,,,
400,,,,,,,,
400,,,,,,,,
400,,,,,,,,
400,,,,,,,,
400,,,,,,,,
400,,,,,,,,
400,,,,,,,,
400,,,,,,,,
400,,,,,,,,
400,,,,,,,,
400,,,,,,,,
400,,,,,,,,
400,,,,,,,,
400,,,,,,,,
400,,,,,,,,
400,,,,,,,,
400,,,,,,,,
400,,,,,,,,
400,,,,,,,,
400,,,,,,,,
400,,,,,,,,
400,,,,,,,,
400,,,,,,,,
400,,,,,,,,
400,,,,,,,,
400,,,,,,,,
400,,,,,,,,
400,,,,,,,,
400,,,,,,,,
400,,,,,,,,
400,,,,,,,,
400,,,,,,,,
400,,,,,,,,
400,,,,,,,,
400,,,,,,,,
400,,,,,,,,
400,,,,,,,,
400,,,,,,,,
400,,,,,,,,
400,,,,,,,,
400,,,,,,,,
400,,,,,,,,
400,,,,,,,,
400,,,,,,,,
400,,,,,,,,
400,,,,,,,,
400,,,,,,,,
400,,,,,,,,
400,,,,,,,,
400,,,,,,,,
400,,,,,,,,
400,,,,,,,,
400,,,,,,,,
400,,,,,,,,
400,,,,,,,,
400,,,,,,,,
400,,,,,,,,
400,,,,,,,,
400,,,,,,,,
400,,,,,,,,
400,,,,,,,,
400,,,,,,,,
400,,,,,,,,
400,,,,,,,,
400,,,,,,,,
400,,,,,,,,
400,,,,,,,,
400,,,,,,,,
400,,,,,,,,
400,,,,,,,,
400,,,,,,,,
400,,,,,,,,
400,,,,,,,,
400,,,,,,,,
400,,,,,,,,
400,,,,,,,,
400,,,,,,,,
400,,,,,,,,
400,,,,,,,,
400,,,,,,,,
400,,,,,,,,
400,,,,,,,,
400,,,,,,,,
400,,,,,,,,
400,,,,,,,,
400,,,,,,,,
400,,,,,,,,
400,,,,,,,,
400,,,,,,,,
400,,,,,,,,
400,,,,,,,,
400,,,,,,,,
400,,,,,,,,
400,,,,,,,,
400,,,,,,,,
400,,,,,,,,
400,,,,,,,,
400,,,,,,,,
400,,,,,,,,
400,,,,,,,,
400,,,,,,,,
400,,,,,,,,
400,,,,,,,,
400,,,,,,,,
400,,,,,,,,
400,,,,,,,,
400,,,,,,,,
400,,,,,,,,
400,,,,,,,,
400,,,,,,,,
400,,,,,,,,
400,,,,,,,,
400,,,,,,,,
400,,,,,,,,
400,,,,,,,,
400,,,,,,,,
400,,,,,,,,
400,,,,,,,,
400,,,,,,,,
400,,,,,,,,
400,,,,,,,,
400,,,,,,,,
400,,,,,,,,
400,,,,,,,,
400,,,,,,,,
400,,,,,,,,
400,,,,,,,,
400,,,,,,,,
400,,,,,,,,
400,,,,,,,,
400,,,,,,,,
400,,,,,,,,
400,,,,,,,,
400,,,,,,,,
400,,,,,,,,
400,,,,,,,,
400,,,,,,,,
400,,,,,,,,
400,,,,,,,,
400,,,,,,,,
400,,,,,,,,
400,,,,,,,,
400,,,,,,,,
400,,,,,,,,
400,,,,,,,,
400,,,,,,,,
400,,,,,,,,
400,,,,,,,,
400,,,,,,,,
400,,,,,,,,
400,,,,,,,,
400,,,,,,,,
400,,,,,,,,
400,,,,,,,,
400,,,,,,,,
400,,,,,,,,
400,,,,,,,,
400,,,,,,,,
400,,,,,,,,
400,,,,,,,,
400,,,,,,,,
400,,,,,,,,
400,,,,,,,,
400,,,,,,,,
400,,,,,,,,
400,,,,,,,,
400,,,,,,,,
400,,,,,,,,
400,,,,,,,,
400,,,,,,,,
400,,,,,,,,
400,,,,,,,,
400,,,,,,,,
400,,,,,,,,
400,,,,,,,,
400,,,,,,,,
400,,,,,,,,
400,,,,,,,,
400,,,,,,,,
400,,,,,,,,
400,,,,,,,,
400,,,,,,,,
400,,,,,,,,
400,,,,,,,,
400,,,,,,,,
400,,,,,,,,
400,,,,,,,,
400,,,,,,,,
400,,,,,,,,
400,,,,,,,,
400,,,,,,,,
400,,,,,,,,
400,,,,,,,,
400,,,,,,,,
400,,,,,,,,
400,,,,,,,,
400,,,,,,,,
400,,,,,,,,
400,,,,,,,,
400,,,,,,,,
400,,,,,,,,
400,,,,,,,,
400,,,,,,,,
400,,,,,,,,
400,,,,,,,,
400,,,,,,,,
400,,,,,,,,
400,,,,,,,,
400,,,,,,,,
400,,,,,,,,
400,,,,,,,,
400,,,,,,,,
400,,,,,,,,
400,,,,,,,,
400,,,,,,,,
400,,,,,,,,
400,,,,,,,,
400,,,,,,,,
400,,,,,,,,
400,,,,,,,,
400,,,,,,,,
400,,,,,,,,
400,,,,,,,,
400,,,,,,,,
400,,,,,,,,
400,,,,,,,,
400,,,,,,,,
400,,,,,,,,
400,,,,,,,,
400,,,,,,,,
400,,,,,,,,
400,,,,,,,,
400,,,,,,,,
400,,,,,,,,
400,,,,,,,,
400,,,,,,,,
400,,,,,,,,
400,,,,,,,,
400,,,,,,,,
400,,,,,,,,
400,,,,,,,,
400,,,,,,,,
400,,,,,,,,
400,,,,,,,,
400,,,,,,,,
400,,,,,,,,
400,,,,,,,,
400,,,,,,,,
400,,,,,,,,
400,,,,,,,,
400,,,,,,,,
400,,,,,,,,
400,,,,,,,,
400,,,,,,,,
400,,,,,,,,
400,,,,,,,,
400,,,,,,,,
400,,,,,,,,
400,,,,,,,,
400,,,,,,,,
400,,,,,,,,
400,,,,,,,,
400,,,,,,,,
400,,,,,,,,
400,,,,,,,,
400,,,,,,,,
400,,,,,,,,
400,,,,,,,,
400,,,,,,,,
400,,,,,,,,
400,,,,,,,,
400,,,,,,,,
400,,,,,,,,
400,,,,,,,,
400,,,,,,,,
400,,,,,,,,
400,,,,,,,,
400,,,,,,,,
400,,,,,,,,
400,,,,,,,,
400,,,,,,,,
400,,,,,,,,
400,,,,,,,,
400,,,,,,,,
400,,,,,,,,
400,,,,,,,,
400,,,,,,,,
400,,,,,,,,
400,,,,,,,,
400,,,,,,,,
400,,,,,,,,
400,,,,,,,,
400,,,,,,,,
400,,,,,,,,
400,,,,,,,,
400,,,,,,,,
400,,,,,,,,
400,,,,,,,,
400,,,,,,,,
400,,,,,,,,
400,,,,,,,,
400,,,,,,,,
400,,,,,,,,
400,,,,,,,,
400,,,,,,,,
400,,,,,,,,
400,,,,,,,,
400,,,,,,,,
400,,,,,,,,
400,,,,,,,,
400,,,,,,,,
400,,,,,,,,
400,,,,,,,,
400,,,,,,,,
400,,,,,,,,
400,,,,,,,,
400,,,,,,,,
400,,,,,,,,
400,,,,,,,,
400,,,,,,,,
400,,,,,,,,
400,,,,,,,,
400,,,,,,,,
400,,,,,,,,
400,,,,,,,,
400,,,,,,,,
400,,,,,,,,
400,,,,,,,,
400,,,,,,,,
400,,,,,,,,
400,,,,,,,,
400,,,,,,,,
400,,,,,,,,
400,,,,,,,,
400,,,,,,,,
400,,,,,,,,
400,,,,,,,,
400,,,,,,,,
400,,,,,,,,
400,,,,,,,,
400,,,,,,,,
400,,,,,,,,
400,,,,,,,,
400,,,,,,,,
400,,,,,,,,
400,,,,,,,,
400,,,,,,,,
400,,,,,,,,
400,,,,,,,,
400,,,,,,,,
400,,,,,,,,
400,,,,,,,,
400,,,,,,,,
400,,,,,,,,
400,,,,,,,,
400,,,,,,,,
400,,,,,,,,
400,,,,,,,,
400,,,,,,,,
400,,,,,,,,
400,,,,,,,,
400,,,,,,,,
400,,,,,,,,
400,,,,,,,,
400,,,,,,,,
400,,,,,,,,
400,,,,,,,,
400,,,,,,,,
400,,,,,,,,
400,,,,,,,,
400,,,,,,,,
400,,,,,,,,
400,,,,,,,,
400,,,,,,,,
400,,,,,,,,
400,,,,,,,,
400,,,,,,,,
400,,,,,,,,
400,,,,,,,,
400,,,,,,,,
400,,,,,,,,
400,,,,,,,,
400,,,,,,,,
400,,,,,,,,
400,,,,,,,,
400,,,,,,,,
400,,,,,,,,
400,,,,,,,,
400,,,,,,,,
400,,,,,,,,
400,,,,,,,,
400,,,,,,,,
400,,,,,,,,
400,,,,,,,,
400,,,,,,,,
400,,,,,,,,
400,,,,,,,,
400,,,,,,,,
400,,,,,,,,
400,,,,,,,,
400,,,,,,,,
400,,,,,,,,
400,,,,,,,,
400,,,,,,,,
400,,,,,,,,
400,,,,,,,,
400,,,,,,,,
400,,,,,,,,
400,,,,,,,,
400,,,,,,,,
400,,,,,,,,
400,,,,,,,,
400,,,,,,,,
400,,,,,,,,
400,,,,,,,,
400,,,,,,,,
400,,,,,,,,
400,,,,,,,,
400,,,,,,,,
400,,,,,,,,
400,,,,,,,,
400,,,,,,,,
400,,,,,,,,
400,,,,,,,,
400,,,,,,,,
400,,,,,,,,
400,,,,,,,,
400,,,,,,,,
400,,,,,,,,
400,,,,,,,,
400,,,,,,,,
400,,,,,,,,
400,,,,,,,,
400,,,,,,,,
400,,,,,,,,
400,,,,,,,,
400,,,,,,,,
400,,,,,,,,
400,,,,,,,,
400,,,,,,,,
400,,,,,,,,
400,,,,,,,,
400,,,,,,,,
400,,,,,,,,
400,,,,,,,,
400,,,,,,,,
400,,,,,,,,
400,,,,,,,,
400,,,,,,,,
400,,,,,,,,
400,,,,,,,,
400,,,,,,,,
400,,,,,,,,
400,,,,,,,,
400,,,,,,,,
400,,,,,,,,
400,,,,,,,,
400,,,,,,,,
400,,,,,,,,
400,,,,,,,,
400,,,,,,,,
400,,,,,,,,
400,,,,,,,,
400,,,,,,,,
400,,,,,,,,
400,,,,,,,,
400,,,,,,,,
400,,,,,,,,
400,,,,,,,,
400,,,,,,,,
400,,,,,,,,
400,,,,,,,,
400,,,,,,,,
400,,,,,,,,
400,,,,,,,,
400,,,,,,,,
400,,,,,,,,
400,,,,,,,,
400,,,,,,,,
400,,,,,,,,
400,,,,,,,,
400,,,,,,,,
400,,,,,,,,
400,,,,,,,,
400,,,,,,,,
400,,,,,,,,
400,,,,,,,,
400,,,,,,,,
400,,,,,,,,
400,,,,,,,,
400,,,,,,,,
400,,,,,,,,
400,,,,,,,,
400,,,,,,,,
400,,,,,,,,
400,,,,,,,,
400,,,,,,,,
400,,,,,,,,
400,,,,,,,,
400,,,,,,,,
400,,,,,,,,
400,,,,,,,,
400,,,,,,,,
400,,,,,,,,
400,,,,,,,,
400,,,,,,,,
400,,,,,,,,
400,,,,,,,,
400,,,,,,,,
400,,,,,,,,
400,,,,,,,,
400,,,,,,,,
400,,,,,,,,
400,,,,,,,,
400,,,,,,,,
400,,,,,,,,
400,,,,,,,,
400,,,,,,,,
400,,,,,,,,
400,,,,,,,,
400,,,,,,,,
400,,,,,,,,
400,,,,,,,,
400,,,,,,,,
400,,,,,,,,
400,,,,,,,,
400,,,,,,,,
400,,,,,,,,
400,,,,,,,,
400,,,,,,,,
400,,,,,,,,
400,,,,,,,,
400,,,,,,,,
400,,,,,,,,
400,,,,,,,,
400,,,,,,,,
400,,,,,,,,
400,,,,,,,,
400,,,,,,,,
400,,,,,,,,
400,,,,,,,,
400,,,,,,,,
400,,,,,,,,
400,,,,,,,,
400,,,,,,,,
400,,,,,,,,
400,,,,,,,,
400,,,,,,,,
400,,,,,,,,
400,,,,,,,,
400,,,,,,,,
400,,,,,,,,
400,,,,,,,,
400,,,,,,,,
400,,,,,,,,
400,,,,,,,,
400,,,,,,,,
400,,,,,,,,
400,,,,,,,,
400,,,,,,,,
400,,,,,,,,
400,,,,,,,,
400,,,,,,,,
400,,,,,,,,
400,,,,,,,,
400,,,,,,,,
400,,,,,,,,
400,,,,,,,,
400,,,,,,,,
400,,,,,,,,
400,,,,,,,,
400,,,,,,,,
400,,,,,,,,
400,,,,,,,,
400,,,,,,,,
400,,,,,,,,
400,,,,,,,,
400,,,,,,,,
400,,,,,,,,
400,,,,,,,,
400,,,,,,,,
400,,,,,,,,
400,,,,,,,,
400,,,,,,,,
400,,,,,,,,
400,,,,,,,,
400,,,,,,,,
400,,,,,,,,
400,,,,,,,,
400,,,,,,,,
400,,,,,,,,
400,,,,,,,,
400,,,,,,,,
400,,,,,,,,
400,,,,,,,,
400,,,,,,,,
400,,,,,,,,
400,,,,,,,,
400,,,,,,,,
400,,,,,,,,
400,,,,,,,,
400,,,,,,,,
400,,,,,,,,
400,,,,,,,,
400,,,,,,,,
400,,,,,,,,
400,,,,,,,,
400,,,,,,,,
400,,,,,,,,
400,,,,,,,,
400,,,,,,,,
400,,,,,,,,
400,,,,,,,,
400,,,,,,,,
400,,,,,,,,
400,,,,,,,,
400,,,,,,,,
400,,,,,,,,
400,,,,,,,,
400,,,,,,,,
400,,,,,,,,
400,,,,,,,,
400,,,,,,,,
400,,,,,,,,
400,,,,,,,,
400,,,,,,,,
400,,,,,,,,
400,,,,,,,,
400,,,,,,,,
400,,,,,,,,
400,,,,,,,,
400,,,,,,,,
400,,,,,,,,
400,,,,,,,,
400,,,,,,,,
400,,,,,,,,
400,,,,,,,,
400,,,,,,,,
400,,,,,,,,
400,,,,,,,,
400,,,,,,,,
400,,,,,,,,
400,,,,,,,,
400,,,,,,,,
400,,,,,,,,
400,,,,,,,,
400,,,,,,,,
400,,,,,,,,
400,,,,,,,,
400,,,,,,,,
400,,,,,,,,
400,,,,,,,,
400,,,,,,,,
400,,,,,,,,
400,,,,,,,,
400,,,,,,,,
400,,,,,,,,
400,,,,,,,,
400,,,,,,,,
400,,,,,,,,
400,,,,,,,,
400,,,,,,,,
400,,,,,,,,
400,,,,,,,,
400,,,,,,,,
400,,,,,,,,
400,,,,,,,,
400,,,,,,,,
400,,,,,,,,
400,,,,,,,,
400,,,,,,,,
400,,,,,,,,
400,,,,,,,,
400,,,,,,,,
400,,,,,,,,
400,,,,,,,,
400,,,,,,,,
400,,,,,,,,
400,,,,,,,,
400,,,,,,,,
400,,,,,,,,
400,,,,,,,,
400,,,,,,,,
400,,,,,,,,
400,,,,,,,,
400,,,,,,,,
400,,,,,,,,
400,,,,,,,,
400,,,,,,,,
400,,,,,,,,
400,,,,,,,,
400,,,,,,,,
400,,,,,,,,
400,,,,,,,,
400,,,,,,,,
400,,,,,,,,
400,,,,,,,,
400,,,,,,,,
400,,,,,,,,
400,,,,,,,,
400,,,,,,,,
400,,,,,,,,
400,,,,,,,,
400,,,,,,,,
400,,,,,,,,
400,,,,,,,,
400,,,,,,,,
400,,,,,,,,
400,,,,,,,,
400,,,,,,,,
400,,,,,,,,
400,,,,,,,,
400,,,,,,,,
400,,,,,,,,
400,,,,,,,,
400,,,,,,,,
400,,,,,,,,
400,,,,,,,,
400,,,,,,,,
400,,,,,,,,
400,,,,,,,,
400,,,,,,,,
400,,,,,,,,
400,,,,,,,,
400,,,,,,,,
400,,,,,,,,
400,,,,,,,,
400,,,,,,,,
400,,,,,,,,
400,,,,,,,,
400,,,,,,,,
400,,,,,,,,
400,,,,,,,,
400,,,,,,,,
400,,,,,,,,
400,,,,,,,,
400,,,,,,,,
400,,,,,,,,
400,,,,,,,,
400,,,,,,,,
400,,,,,,,,
400,,,,,,,,
400,,,,,,,,
400,,,,,,,,
400,,,,,,,,
400,,,,,,,,
400,,,,,,,,
400,,,,,,,,
400,,,,,,,,
400,,,,,,,,
400,,,,,,,,
400,,,,,,,,
400,,,,,,,,
400,,,,,,,,
400,,,,,,,,
400,,,,,,,,
400,,,,,,,,
400,,,,,,,,
400,,,,,,,,
400,,,,,,,,
400,,,,,,,,
400,,,,,,,,
400,,,,,,,,
400,,,,,,,,
400,,,,,,,,
400,,,,,,,,
400,,,,,,,,
400,,,,,,,,
400,,,,,,,,
400,,,,,,,,
400,,,,,,,,
400,,,,,,,,
400,,,,,,,,
400,,,,,,,,
400,,,,,,,,
400,,,,,,,,
400,,,,,,,,
400,,,,,,,,
400,,,,,,,,
400,,,,,,,,
400,,,,,,,,
400,,,,,,,,
400,,,,,,,,
400,,,,,,,,
400,,,,,,,,
400,,,,,,,,
400,,,,,,,,
400,,,,,,,,
400,,,,,,,,
400,,,,,,,,
400,,,,,,,,
400,,,,,,,,
400,,,,,,,,
400,,,,,,,,
400,,,,,,,,
400,,,,,,,,
400,,,,,,,,
400,,,,,,,,
400,,,,,,,,
400,,,,,,,,
400,,,,,,,,
400,,,,,,,,
400,,,,,,,,
400,,,,,,,,
400,,,,,,,,
400,,,,,,,,
400,,,,,,,,
400,,,,,,,,
400,,,,,,,,
400,,,,,,,,
400,,,,,,,,
400,,,,,,,,
400,,,,,,,,
400,,,,,,,,
400,,,,,,,,
400,,,,,,,,
400,,,,,,,,
400,,,,,,,,
400,,,,,,,,
400,,,,,,,,
400,,,,,,,,
400,,,,,,,,
400,,,,,,,,
400,,,,,,,,
400,,,,,,,,
400,,,,,,,,
400,,,,,,,,
400,,,,,,,,
400,,,,,,,,
400,,,,,,,,
400,,,,,,,,
400,,,,,,,,
400,,,,,,,,
400,,,,,,,,
400,,,,,,,,
400,,,,,,,,
400,,,,,,,,
400,,,,,,,,
400,,,,,,,,
400,,,,,,,,
400,,,,,,,,
400,,,,,,,,
400,,,,,,,,
400,,,,,,,,
400,,,,,,,,
400,,,,,,,,
400,,,,,,,,
400,,,,,,,,
400,,,,,,,,
400,,,,,,,,
400,,,,,,,,
400,,,,,,,,
400,,,,,,,,
400,,,,,,,,
400,,,,,,,,
400,,,,,,,,
400,,,,,,,,
400,,,,,,,,
400,,,,,,,,
400,,,,,,,,
400,,,,,,,,
400,,,,,,,,
400,,,,,,,,
400,,,,,,,,
400,,,,,,,,
400,,,,,,,,
400,,,,,,,,
400,,,,,,,,
400,,,,,,,,
400,,,,,,,,
400,,,,,,,,
400,,,,,,,,
400,,,,,,,,
400,,,,,,,,
400,,,,,,,,
400,,,,,,,,
400,,,,,,,,
400,,,,,,,,
400,,,,,,,,
400,,,,,,,,
400,,,,,,,,
400,,,,,,,,
400,,,,,,,,
400,,,,,,,,
400,,,,,,,,
400,,,,,,,,
400,,,,,,,,
400,,,,,,,,
400,,,,,,,,
400,,,,,,,,
400,,,,,,,,
400,,,,,,,,
400,,,,,,,,
400,,,,,,,,
400,,,,,,,,
400,,,,,,,,
400,,,,,,,,
400,,,,,,,,
400,,,,,,,,
400,,,,,,,,
400,,,,,,,,
400,,,,,,,,
400,,,,,,,,
400,,,,,,,,
400,,,,,,,,
400,,,,,,,,
400,,,,,,,,
400,,,,,,,,
400,,,,,,,,
400,,,,,,,,
400,,,,,,,,
400,,,,,,,,
400,,,,,,,,
400,,,,,,,,
400,,,,,,,,
400,,,,,,,,
400,,,,,,,,
400,,,,,,,,
400,,,,,,,,
400,,,,,,,,
400,,,,,,,,
400,,,,,,,,
400,,,,,,,,
400,,,,,,,,
400,,,,,,,,
400,,,,,,,,
400,,,,,,,,
400,,,,,,,,
400,,,,,,,,
400,,,,,,,,
400,,,,,,,,
400,,,,,,,,
400,,,,,,,,
400,,,,,,,,
400,,,,,,,,
400,,,,,,,,
400,,,,,,,,
400,,,,,,,,
400,,,,,,,,
400,,,,,,,,
400,,,,,,,,
400,,,,,,,,
400,,,,,,,,
400,,,,,,,,
400,,,,,,,,
400,,,,,,,,
400,,,,,,,,
400,,,,,,,,
400,,,,,,,,
400,,,,,,,,
400,,,,,,,,
400,,,,,,,,
400,,,,,,,,
400,,,,,,,,
400,,,,,,,,
400,,,,,,,,
400,,,,,,,,
400,,,,,,,,
400,,,,,,,,
400,,,,,,,,
400,,,,,,,,
400,,,,,,,,
400,,,,,,,,
400,,,,,,,,
400,,,,,,,,
400,,,,,,,,
400,,,,,,,,
400,,,,,,,,
400,,,,,,,,
400,,,,,,,,
400,,,,,,,,
400,,,,,,,,
400,,,,,,,,
400,,,,,,,,
400,,,,,,,,
400,,,,,,,,
400,,,,,,,,
400,,,,,,,,
400,,,,,,,,
400,,,,,,,,
400,,,,,,,,
400,,,,,,,,
400,,,,,,,,
400,,,,,,,,
400,,,,,,,,
400,,,,,,,,
400,,,,,,,,
400,,,,,,,,
400,,,,,,,,
400,,,,,,,,
400,,,,,,,,
400,,,,,,,,
400,,,,,,,,
400,,,,,,,,
400,,,,,,,,
400,,,,,,,,
400,,,,,,,,
400,,,,,,,,
400,,,,,,,,
400,,,,,,,,
400,,,,,,,,
400,,,,,,,,
400,,,,,,,,
400,,,,,,,,
400,,,,,,,,
400,,,,,,,,
400,,,,,,,,
400,,,,,,,,
400,,,,,,,,
400,,,,,,,,
400,,,,,,,,
400,,,,,,,,
400,,,,,,,,
400,,,,,,,,
400,,,,,,,,
400,,,,,,,,
400,,,,,,,,
400,,,,,,,,
400,,,,,,,,
400,,,,,,,,
400,,,,,,,,
400,,,,,,,,
400,,,,,,,,
400,,,,,,,,
400,,,,,,,,
400,,,,,,,,
400,,,,,,,,
400,,,,,,,,
400,,,,,,,,
400,,,,,,,,
400,,,,,,,,
400,,,,,,,,
400,,,,,,,,
400,,,,,,,,
400,,,,,,,,
400,,,,,,,,
400,,,,,,,,
400,,,,,,,,
400,,,,,,,,
400,,,,,,,,
400,,,,,,,,
400,,,,,,,,
400,,,,,,,,
400,,,,,,,,
400,,,,,,,,
400,,,,,,,,
400,,,,,,,,
400,,,,,,,,
400,,,,,,,,
400,,,,,,,,
400,,,,,,,,
400,,,,,,,,
400,,,,,,,,
400,,,,,,,,
400,,,,,,,,
400,,,,,,,,
400,,,,,,,,
400,,,,,,,,
400,,,,,,,,
400,,,,,,,,
400,,,,,,,,
400,,,,,,,,
400,,,,,,,,
400,,,,,,,,
400,,,,,,,,
400,,,,,,,,
400,,,,,,,,
400,,,,,,,,
400,,,,,,,,
400,,,,,,,,
400,,,,,,,,
400,,,,,,,,
400,,,,,,,,
400,,,,,,,,
400,,,,,,,,
400,,,,,,,,
400,,,,,,,,
400,,,,,,,,
400,,,,,,,,
400,,,,,,,,
400,,,,,,,,
400,,,,,,,,
400,,,,,,,,
400,,,,,,,,
400,,,,,,,,
400,,,,,,,,
400,,,,,,,,
400,,,,,,,,
400,,,,,,,,
400,,,,,,,,
400,,,,,,,,
400,,,,,,,,
400,,,,,,,,
400,,,,,,,,
400,,,,,,,,
400,,,,,,,,
400,,,,,,,,
400,,,,,,,,
400,,,,,,,,
400,,,,,,,,
400,,,,,,,,
400,,,,,,,,
400,,,,,,,,
400,,,,,,,,
400,,,,,,,,
400,,,,,,,,
400,,,,,,,,
400,,,,,,,,
400,,,,,,,,
400,,,,,,,,
400,,,,,,,,
400,,,,,,,,
400,,,,,,,,
400,,,,,,,,
400,,,,,,,,
400,,,,,,,,
400,,,,,,,,
400,,,,,,,,
400,,,,,,,,
400,,,,,,,,
400,,,,,,,,
400,,,,,,,,
400,,,,,,,,
400,,,,,,,,
400,,,,,,,,
400,,,,,,,,
400,,,,,,,,
400,,,,,,,,
400,,,,,,,,
400,,,,,,,,
400,,,,,,,,
400,,,,,,,,
400,,,,,,,,
400,,,,,,,,
400,,,,,,,,
400,,,,,,,,
400,,,,,,,,
400,,,,,,,,
400,,,,,,,,
400,,,,,,,,
400,,,,,,,,
400,,,,,,,,
400,,,,,,,,
400,,,,,,,,
400,,,,,,,,
400,,,,,,,,
400,,,,,,,,
400,,,,,,,,
400,,,,,,,,
400,,,,,,,,
400,,,,,,,,
400,,,,,,,,
400,,,,,,,,
400,,,,,,,,
400,,,,,,,,
400,,,,,,,,
400,,,,,,,,
400,,,,,,,,
400,,,,,,,,
400,,,,,,,,
400,,,,,,,,
400,,,,,,,,
400,,,,,,,,
400,,,,,,,,
400,,,,,,,,
400,,,,,,,,
400,,,,,,,,
400,,,,,,,,
400,,,,,,,,
400,,,,,,,,
400,,,,,,,,
400,,,,,,,,
400,,,,,,,,
400,,,,,,,,
400,,,,,,,,
400,,,,,,,,
400,,,,,,,,
400,,,,,,,,
400,,,,,,,,
400,,,,,,,,
400,,,,,,,,
400,,,,,,,,
400,,,,,,,,
400,,,,,,,,
400,,,,,,,,
400,,,,,,,,
400,,,,,,,,
400,,,,,,,,
400,,,,,,,,
400,,,,,,,,
400,,,,,,,,
400,,,,,,,,
400,,,,,,,,
400,,,,,,,,
400,,,,,,,,
400,,,,,,,,
400,,,,,,,,
400,,,,,,,,
400,,,,,,,,
400,,,,,,,,
400,,,,,,,,
400,,,,,,,,
400,,,,,,,,
400,,,,,,,,
400,,,,,,,,
400,,,,,,,,
400,,,,,,,,
400,,,,,,,,
400,,,,,,,,
400,,,,,,,,
400,,,,,,,,
400,,,,,,,,
400,,,,,,,,
400,,,,,,,,
400,,,,,,,,
400,,,,,,,,
400,,,,,,,,
400,,,,,,,,
400,,,,,,,,
400,,,,,,,,
400,,,,,,,,
400,,,,,,,,
400,,,,,,,,
400,,,,,,,,
400,,,,,,,,
400,,,,,,,,
400,,,,,,,,
400,,,,,,,,
400,,,,,,,,
400,,,,,,,,
400,,,,,,,,
400,,,,,,,,
400,,,,,,,,
400,,,,,,,,
400,,,,,,,,
400,,,,,,,,
400,,,,,,,,
400,,,,,,,,
400,,,,,,,,
400,,,,,,,,
400,,,,,,,,
400,,,,,,,,
400,,,,,,,,
400,,,,,,,,
400,,,,,,,,
400,,,,,,,,
400,,,,,,,,
400,,,,,,,,
400,,,,,,,,
400,,,,,,,,
400,,,,,,,,
400,,,,,,,,
400,,,,,,,,
400,,,,,,,,
400,,,,,,,,
400,,,,,,,,
400,,,,,,,,
400,,,,,,,,
400,,,,,,,,
400,,,,,,,,
400,,,,,,,,
400,,,,,,,,
400,,,,,,,,
400,,,,,,,,
400,,,,,,,,
400,,,,,,,,
400,,,,,,,,
400,,,,,,,,
400,,,,,,,,
400,,,,,,,,
400,,,,,,,,
400,,,,,,,,
400,,,,,,,,
400,,,,,,,,
400,,,,,,,,
400,,,,,,,,
400,,,,,,,,
400,,,,,,,,
400,,,,,,,,
400,,,,,,,,
400,,,,,,,,
400,,,,,,,,
400,,,,,,,,
400,,,,,,,,
400,,,,,,,,
400,,,,,,,,
400,,,,,,,,
400,,,,,,,,
400,,,,,,,,
400,,,,,,,,
400,,,,,,,,
400,,,,,,,,
400,,,,,,,,
400,,,,,,,,
400,,,,,,,,
400,,,,,,,,
400,,,,,,,,
400,,,,,,,,
400,,,,,,,,
400,,,,,,,,
400,,,,,,,,
400,,,,,,,,
400,,,,,,,,
400,,,,,,,,
400,,,,,,,,
400,,,,,,,,
400,,,,,,,,
400,,,,,,,,
400,,,,,,,,
400,,,,,,,,
400,,,,,,,,
400,,,,,,,,
400,,,,,,,,
400,,,,,,,,
400,,,,,,,,
400,,,,,,,,
400,,,,,,,,
400,,,,,,,,
400,,,,,,,,
400,,,,,,,,
400,,,,,,,,
400,,,,,,,,
400,,,,,,,,
400,,,,,,,,
400,,,,,,,,
400,,,,,,,,
400,,,,,,,,
400,,,,,,,,
400,,,,,,,,
400,,,,,,,,
400,,,,,,,,
400,,,,,,,,
400,,,,,,,,
400,,,,,,,,
400,,,,,,,,
400,,,,,,,,
400,,,,,,,,
400,,,,,,,,
400,,,,,,,,
400,,,,,,,,
400,,,,,,,,
400,,,,,,,,
400,,,,,,,,
400,,,,,,,,
400,,,,,,,,
400,,,,,,,,
400,,,,,,,,
400,,,,,,,,
400,,,,,,,,
400,,,,,,,,
400,,,,,,,,
400,,,,,,,,
400,,,,,,,,
400,,,,,,,,
400,,,,,,,,
400,,,,,,,,
400,,,,,,,,
400,,,,,,,,
400,,,,,,,,
400,,,,,,,,
400,,,,,,,,
400,,,,,,,,
400,,,,,,,,
400,,,,,,,,
400,,,,,,,,
400,,,,,,,,
400,,,,,,,,
400,,,,,,,,
400,,,,,,,,
400,,,,,,,,
400,,,,,,,,
400,,,,,,,,
400,,,,,,,,
400,,,,,,,,
400,,,,,,,,
400,,,,,,,,
400,,,,,,,,
400,,,,,,,,
400,,,,,,,,
400,,,,,,,,
400,,,,,,,,
400,,,,,,,,
400,,,,,,,,
400,,,,,,,,
400,,,,,,,,
400,,,,,,,,
400,,,,,,,,
400,,,,,,,,
400,,,,,,,,
400,,,,,,,,
400,,,,,,,,
400,,,,,,,,
400,,,,,,,,
400,,,,,,,,
400,,,,,,,,
400,,,,,,,,
400,,,,,,,,
400,,,,,,,,
400,,,,,,,,
400,,,,,,,,
400,,,,,,,,
400,,,,,,,,
400,,,,,,,,
400,,,,,,,,
400,,,,,,,,
400,,,,,,,,
400,,,,,,,,
400,,,,,,,,
400,,,,,,,,
400,,,,,,,,
400,,,,,,,,
400,,,,,,,,
400,,,,,,,,
400,,,,,,,,
400,,,,,,,,
400,,,,,,,,
400,,,,,,,,
400,,,,,,,,
400,,,,,,,,
400,,,,,,,,
400,,,,,,,,
400,,,,,,,,
400,,,,,,,,
400,,,,,,,,
400,,,,,,,,
400,,,,,,,,
400,,,,,,,,
400,,,,,,,,
400,,,,,,,,
400,,,,,,,,
400,,,,,,,,
400,,,,,,,,
400,,,,,,,,
400,,,,,,,,
400,,,,,,,,
400,,,,,,,,
400,,,,,,,,
400,,,,,,,,
400,,,,,,,,
400,,,,,,,,
400,,,,,,,,
400,,,,,,,,
400,,,,,,,,
400,,,,,,,,
400,,,,,,,,
400,,,,,,,,
400,,,,,,,,
400,,,,,,,,
400,,,,,,,,
400,,,,,,,,
400,,,,,,,,
400,,,,,,,,
400,,,,,,,,
400,,,,,,,,
400,,,,,,,,
400,,,,,,,,
400,,,,,,,,
400,,,,,,,,
400,,,,,,,,
400,,,,,,,,
400,,,,,,,,
400,,,,,,,,
400,,,,,,,,
400,,,,,,,,
400,,,,,,,,
400,,,,,,,,
400,,,,,,,,
400,,,,,,,,
400,,,,,,,,
400,,,,,,,,
400,,,,,,,,
400,,,,,,,,
400,,,,,,,,
400,,,,,,,,
400,,,,,,,,
400,,,,,,,,
400,,,,,,,,
400,,,,,,,,
400,,,,,,,,
400,,,,,,,,
400,,,,,,,,
400,,,,,,,,
400,,,,,,,,
400,,,,,,,,
400,,,,,,,,
400,,,,,,,,
400,,,,,,,,
400,,,,,,,,
400,,,,,,,,
400,,,,,,,,
400,,,,,,,,
400,,,,,,,,
400,,,,,,,,
400,,,,,,,,
400,,,,,,,,
400,,,,,,,,
400,,,,,,,,
400,,,,,,,,
400,,,,,,,,
400,,,,,,,,
400,,,,,,,,
400,,,,,,,,
400,,,,,,,,
400,,,,,,,,
400,,,,,,,,
400,,,,,,,,
400,,,,,,,,
400,,,,,,,,
400,,,,,,,,
400,,,,,,,,
400,,,,,,,,
400,,,,,,,,
400,,,,,,,,
400,,,,,,,,
400,,,,,,,,
400,,,,,,,,
400,,,,,,,,
400,,,,,,,,
400,,,,,,,,
400,,,,,,,,
400,,,,,,,,
400,,,,,,,,
400,,,,,,,,
400,,,,,,,,
400,,,,,,,,
400,,,,,,,,
400,,,,,,,,
400,,,,,,,,
400,,,,,,,,
400,,,,,,,,
400,,,,,,,,
400,,,,,,,,
400,,,,,,,,
400,,,,,,,,
400,,,,,,,,
400,,,,,,,,
400,,,,,,,,
400,,,,,,,,
400,,,,,,,,
400,,,,,,,,
400,,,,,,,,
400,,,,,,,,
400,,,,,,,,
400,,,,,,,,
400,,,,,,,,
400,,,,,,,,
400,,,,,,,,
400,,,,,,,,
400,,,,,,,,
400,,,,,,,,
400,,,,,,,,
400,,,,,,,,
400,,,,,,,,
400,,,,,,,,
400,,,,,,,,
400,,,,,,,,
400,,,,,,,,
400,,,,,,,,
400,,,,,,,,
400,,,,,,,,
400,,,,,,,,
400,,,,,,,,
400,,,,,,,,
400,,,,,,,,
400,,,,,,,,
400,,,,,,,,
400,,,,,,,,
400,,,,,,,,
400,,,,,,,,
400,,,,,,,,
400,,,,,,,,
400,,,,,,,,
400,,,,,,,,
400,,,,,,,,
400,,,,,,,,
400,,,,,,,,
400,,,,,,,,
400,,,,,,,,
400,,,,,,,,
400,,,,,,,,
400,,,,,,,,
400,,,,,,,,
400,,,,,,,,
400,,,,,,,,
400,,,,,,,,
400,,,,,,,,
400,,,,,,,,
400,,,,,,,,
400,,,,,,,,
400,,,,,,,,
400,,,,,,,,
400,,,,,,,,
400,,,,,,,,
400,,,,,,,,
400,,,,,,,,
400,,,,,,,,
400,,,,,,,,
400,,,,,,,,
400,,,,,,,,
400,,,,,,,,
400,,,,,,,,
400,,,,,,,,
400,,,,,,,,
400,,,,,,,,
400,,,,,,,,
400,,,,,,,,
400,,,,,,,,
400,,,,,,,,
400,,,,,,,,
400,,,,,,,,
400,,,,,,,,
400,,,,,,,,
400,,,,,,,,
400,,,,,,,,
400,,,,,,,,
400,,,,,,,,
400,,,,,,,,
400,,,,,,,,
400,,,,,,,,
400,,,,,,,,
400,,,,,,,,
400,,,,,,,,
400,,,,,,,,
400,,,,,,,,
400,,,,,,,,
400,,,,,,,,
400,,,,,,,,
400,,,,,,,,
400,,,,,,,,
400,,,,,,,,
400,,,,,,,,
400,,,,,,,,
400,,,,,,,,
400,,,,,,,,
400,,,,,,,,
400,,,,,,,,
400,,,,,,,,
400,,,,,,,,
400,,,,,,,,
400,,,,,,,,
400,,,,,,,,
400,,,,,,,,
400,,,,,,,,
400,,,,,,,,
400,,,,,,,,
400,,,,,,,,
400,,,,,,,,
400,,,,,,,,
400,,,,,,,,
400,,,,,,,,
400,,,,,,,,
400,,,,,,,,
400,,,,,,,,
400,,,,,,,,
400,,,,,,,,
400,,,,,,,,
400,,,,,,,,
400,,,,,,,,
400,,,,,,,,
400,,,,,,,,
400,,,,,,,,
400,,,,,,,,
400,,,,,,,,
400,,,,,,,,
400,,,,,,,,
400,,,,,,,,
400,,,,,,,,
400,,,,,,,,
400,,,,,,,,
400,,,,,,,,
400,,,,,,,,
400,,,,,,,,
400,,,,,,,,
400,,,,,,,,
400,,,,,,,,
400,,,,,,,,
400,,,,,,,,
400,,,,,,,,
400,,,,,,,,
400,,,,,,,,
400,,,,,,,,
400,,,,,,,,
400,,,,,,,,
400,,,,,,,,
400,,,,,,,,
400,,,,,,,,
400,,,,,,,,
400,,,,,,,,
400,,,,,,,,
400,,,,,,,,
400,,,,,,,,
400,,,,,,,,
400,,,,,,,,
400,,,,,,,,
400,,,,,,,,
400,,,,,,,,
400,,,,,,,,
400,,,,,,,,
400,,,,,,,,
400,,,,,,,,
400,,,,,,,,
400,,,,,,,,
400,,,,,,,,
400,,,,,,,,
400,,,,,,,,
400,,,,,,,,
400,,,,,,,,
400,,,,,,,,
400,,,,,,,,
400,,,,,,,,
400,,,,,,,,
400,,,,,,,,
400,,,,,,,,
400,,,,,,,,
400,,,,,,,,
400,,,,,,,,
400,,,,,,,,
400,,,,,,,,
400,,,,,,,,
400,,,,,,,,
400,,,,,,,,
400,,,,,,,,
400,,,,,,,,
400,,,,,,,,
400,,,,,,,,
400,,,,,,,,
400,,,,,,,,
400,,,,,,,,
400,,,,,,,,
400,,,,,,,,
400,,,,,,,,
400,,,,,,,,
400,,,,,,,,
400,,,,,,,,
400,,,,,,,,
400,,,,,,,,
400,,,,,,,,
400,,,,,,,,
400,,,,,,,,
400,,,,,,,,
400,,,,,,,,
400,,,,,,,,
400,,,,,,,,
400,,,,,,,,
400,,,,,,,,
400,,,,,,,,
400,,,,,,,,
400,,,,,,,,
400,,,,,,,,
400,,,,,,,,
400,,,,,,,,
400,,,,,,,,
400,,,,,,,,
400,,,,,,,,
400,,,,,,,,
400,,,,,,,,
400,,,,,,,,
400,,,,,,,,
400,,,,,,,,
400,,,,,,,,
400,,,,,,,,
400,,,,,,,,
400,,,,,,,,
400,,,,,,,,
400,,,,,,,,
400,,,,,,,,
400,,,,,,,,
400,,,,,,,,
400,,,,,,,,
400,,,,,,,,
400,,,,,,,,
400,,,,,,,,
400,,,,,,,,
400,,,,,,,,
400,,,,,,,,
400,,,,,,,,
400,,,,,,,,
400,,,,,,,,
400,,,,,,,,
400,,,,,,,,
400,,,,,,,,
400,,,,,,,,
400,,,,,,,,
400,,,,,,,,
400,,,,,,,,
400,,,,,,,,
400,,,,,,,,
400,,,,,,,,
400,,,,,,,,
400,,,,,,,,
400,,,,,,,,
400,,,,,,,,
400,,,,,,,,
400,,,,,,,,
400,,,,,,,,
400,,,,,,,,
400,,,,,,,,
400,,,,,,,,
400,,,,,,,,
400,,,,,,,,
400,,,,,,,,
400,,,,,,,,
400,,,,,,,,
400,,,,,,,,
400,,,,,,,,
400,,,,,,,,
400,,,,,,,,
400,,,,,,,,
400,,,,,,,,
400,,,,,,,,
400,,,,,,,,
400,,,,,,,,
400,,,,,,,,
400,,,,,,,,
400,,,,,,,,
400,,,,,,,,
400,,,,,,,,
400,,,,,,,,
400,,,,,,,,
400,,,,,,,,
400,,,,,,,,
400,,,,,,,,
400,,,,,,,,
400,,,,,,,,
400,,,,,,,,
400,,,,,,,,
400,,,,,,,,
400,,,,,,,,
400,,,,,,,,
400,,,,,,,,
400,,,,,,,,
400,,,,,,,,
400,,,,,,,,
400,,,,,,,,
400,,,,,,,,
400,,,,,,,,
400,,,,,,,,
400,,,,,,,,
400,,,,,,,,
400,,,,,,,,
400,,,,,,,,
400,,,,,,,,
400,,,,,,,,
400,,,,,,,,
400,,,,,,,,
400,,,,,,,,
400,,,,,,,,
400,,,,,,,,
400,,,,,,,,
400,,,,,,,,
400,,,,,,,,
400,,,,,,,,
400,,,,,,,,
400,,,,,,,,
400,,,,,,,,
400,,,,,,,,
400,,,,,,,,
400,,,,,,,,
400,,,,,,,,
400,,,,,,,,
400,,,,,,,,
400,,,,,,,,
400,,,,,,,,
400,,,,,,,,
400,,,,,,,,
400,,,,,,,,
400,,,,,,,,
400,,,,,,,,
400,,,,,,,,
400,,,,,,,,
400,,,,,,,,
400,,,,,,,,
400,,,,,,,,
400,,,,,,,,
400,,,,,,,,
400,,,,,,,,
400,,,,,,,,
400,,,,,,,,
400,,,,,,,,
400,,,,,,,,
400,,,,,,,,
400,,,,,,,,
400,,,,,,,,
400,,,,,,,,
400,,,,,,,,
400,,,,,,,,
400,,,,,,,,
400,,,,,,,,
400,,,,,,,,
400,,,,,,,,
400,,,,,,,,
400,,,,,,,,
400,,,,,,,,
400,,,,,,,,
400,,,,,,,,
400,,,,,,,,
400,,,,,,,,
400,,,,,,,,
400,,,,,,,,
400,,,,,,,,
400,,,,,,,,
400,,,,,,,,
400,,,,,,,,
400,,,,,,,,
400,,,,,,,,
400,,,,,,,,
400,,,,,,,,
400,,,,,,,,
400,,,,,,,,
400,,,,,,,,
400,,,,,,,,
400,,,,,,,,
400,,,,,,,,
400,,,,,,,,
400,,,,,,,,
400,,,,,,,,
400,,,,,,,,
400,,,,,,,,
400,,,,,,,,
400,,,,,,,,
400,,,,,,,,
400,,,,,,,,
400,,,,,,,,
400,,,,,,,,
400,,,,,,,,
400,,,,,,,,
400,,,,,,,,
400,,,,,,,,
400,,,,,,,,
400,,,,,,,,
400,,,,,,,,
400,,,,,,,,
400,,,,,,,,
400,,,,,,,,
400,,,,,,,,
400,,,,,,,,
400,,,,,,,,
400,,,,,,,,
400,,,,,,,,
400,,,,,,,,
400,,,,,,,,
400,,,,,,,,
400,,,,,,,,
400,,,,,,,,
400,,,,,,,,
400,,,,,,,,
400,,,,,,,,
400,,,,,,,,
400,,,,,,,,
400,,,,,,,,
400,,,,,,,,
400,,,,,,,,
400,,,,,,,,
400,,,,,,,,
400,,,,,,,,
400,,,,,,,,
400,,,,,,,,
400,,,,,,,,
400,,,,,,,,
400,,,,,,,,
400,,,,,,,,
400,,,,,,,,
400,,,,,,,,
400,,,,,,,,
400,,,,,,,,
400,,,,,,,,
400,,,,,,,,
400,,,,,,,,
400,,,,,,,,
400,,,,,,,,
400,,,,,,,,
400,,,,,,,,
400,,,,,,,,
400,,,,,,,,
400,,,,,,,,
400,,,,,,,,
400,,,,,,,,
400,,,,,,,,
400,,,,,,,,
400,,,,,,,,
400,,,,,,,,
400,,,,,,,,
400,,,,,,,,
400,,,,,,,,
400,,,,,,,,
400,,,,,,,,
400,,,,,,,,
400,,,,,,,,
400,,,,,,,,
400,,,,,,,,
400,,,,,,,,
400,,,,,,,,
400,,,,,,,,
400,,,,,,,,
400,,,,,,,,
400,,,,,,,,
400,,,,,,,,
400,,,,,,,,
400,,,,,,,,
400,,,,,,,,
400,,,,,,,,
400,,,,,,,,
400,,,,,,,,
400,,,,,,,,
400,,,,,,,,
400,,,,,,,,
400,,,,,,,,
400,,,,,,,,
400,,,,,,,,
400,,,,,,,,
400,,,,,,,,
400,,,,,,,,
400,,,,,,,,
400,,,,,,,,
400,,,,,,,,
400,,,,,,,,
400,,,,,,,,
400,,,,,,,,
400,,,,,,,,
400,,,,,,,,
400,,,,,,,,
400,,,,,,,,
400,,,,,,,,
400,,,,,,,,
400,,,,,,,,
400,,,,,,,,
400,,,,,,,,
400,,,,,,,,
400,,,,,,,,
400,,,,,,,,
400,,,,,,,,
400,,,,,,,,
400,,,,,,,,
400,,,,,,,,
400,,,,,,,,
400,,,,,,,,
400,,,,,,,,
400,,,,,,,,
400,,,,,,,,
400,,,,,,,,
400,,,,,,,,
400,,,,,,,,
400,,,,,,,,
400,,,,,,,,
400,,,,,,,,
400,,,,,,,,
400,,,,,,,,
400,,,,,,,,
400,,,,,,,,
400,,,,,,,,
400,,,,,,,,
400,,,,,,,,
400,,,,,,,,
400,,,,,,,,
400,,,,,,,,
400,,,,,,,,
400,,,,,,,,
400,,,,,,,,
400,,,,,,,,
400,,,,,,,,
400,,,,,,,,
400,,,,,,,,
400,,,,,,,,
400,,,,,,,,
400,,,,,,,,
400,,,,,,,,
400,,,,,,,,
400,,,,,,,,
400,,,,,,,,
400,,,,,,,,
400,,,,,,,,
400,,,,,,,,
400,,,,,,,,
400,,,,,,,,
400,,,,,,,,
400,,,,,,,,
400,,,,,,,,
400,,,,,,,,
400,,,,,,,,
400,,,,,,,,
400,,,,,,,,
400,,,,,,,,
400,,,,,,,,
400,,,,,,,,
400,,,,,,,,
400,,,,,,,,
400,,,,,,,,
400,,,,,,,,
400,,,,,,,,
400,,,,,,,,
400,,,,,,,,
400,,,,,,,,
400,,,,,,,,
400,,,,,,,,
400,,,,,,,,
400,,,,,,,,
400,,,,,,,,
400,,,,,,,,
400,,,,,,,,
400,,,,,,,,
400,,,,,,,,
400,,,,,,,,
400,,,,,,,,
400,,,,,,,,
400,,,,,,,,
400,,,,,,,,
400,,,,,,,,
400,,,,,,,,
400,,,,,,,,
400,,,,,,,,
400,,,,,,,,
400,,,,,,,,
400,,,,,,,,
400,,,,,,,,
400,,,,,,,,
400,,,,,,,,
400,,,,,,,,
400,,,,,,,,
400,,,,,,,,
400,,,,,,,,
400,,,,,,,,
400,,,,,,,,
400,,,,,,,,
400,,,,,,,,
400,,,,,,,,
400,,,,,,,,
400,,,,,,,,
400,,,,,,,,
400,,,,,,,,
400,,,,,,,,
400,,,,,,,,
400,,,,,,,,
400,,,,,,,,
400,,,,,,,,
400,,,,,,,,
400,,,,,,,,
400,,,,,,,,
400,,,,,,,,
400,,,,,,,,
400,,,,,,,,
400,,,,,,,,
400,,,,,,,,
400,,,,,,,,
400,,,,,,,,
400,,,,,,,,
400,,,,,,,,
400,,,,,,,,
400,,,,,,,,
400,,,,,,,,
400,,,,,,,,
400,,,,,,,,
400,,,,,,,,
400,,,,,,,,
400,,,,,,,,
400,,,,,,,,
400,,,,,,,,
400,,,,,,,,
400,,,,,,,,
400,,,,,,,,
400,,,,,,,,
400,,,,,,,,
400,,,,,,,,
400,,,,,,,,
400,,,,,,,,
400,,,,,,,,
400,,,,,,,,
400,,,,,,,,
400,,,,,,,,
400,,,,,,,,
400,,,,,,,,
400,,,,,,,,
400,,,,,,,,
400,,,,,,,,
400,,,,,,,,
400,,,,,,,,
400,,,,,,,,
400,,,,,,,,
400,,,,,,,,
400,,,,,,,,
400,,,,,,,,
400,,,,,,,,
400,,,,,,,,
400,,,,,,,,
400,,,,,,,,
400,,,,,,,,
400,,,,,,,,
400,,,,,,,,
400,,,,,,,,
400,,,,,,,,
400,,,,,,,,
400,,,,,,,,
400,,,,,,,,
400,,,,,,,,
400,,,,,,,,
400,,,,,,,,
400,,,,,,,,
400,,,,,,,,
400,,,,,,,,
400,,,,,,,,
400,,,,,,,,
400,,,,,,,,
400,,,,,,,,
400,,,,,,,,
400,,,,,,,,
400,,,,,,,,
400,,,,,,,,
400,,,,,,,,
400,,,,,,,,
400,,,,,,,,
400,,,,,,,,
400,,,,,,,,
400,,,,,,,,
400,,,,,,,,
400,,,,,,,,
400,,,,,,,,
400,,,,,,,,
400,,,,,,,,
400,,,,,,,,
400,,,,,,,,
400,,,,,,,,
400,,,,,,,,
400,,,,,,,,
400,,,,,,,,
400,,,,,,,,
400,,,,,,,,
400,,,,,,,,
400,,,,,,,,
400,,,,,,,,
400,,,,,,,,
400,,,,,,,,
400,,,,,,,,
400,,,,,,,,
400,,,,,,,,
400,,,,,,,,
400,,,,,,,,
400,,,,,,,,
400,,,,,,,,
400,,,,,,,,
400,,,,,,,,
400,,,,,,,,
400,,,,,,,,
400,,,,,,,,
400,,,,,,,,
400,,,,,,,,
400,,,,,,,,
400,,,,,,,,
400,,,,,,,,
400,,,,,,,,
400,,,,,,,,
400,,,,,,,,
400,,,,,,,,
400,,,,,,,,
400,,,,,,,,
400,,,,,,,,
400,,,,,,,,
400,,,,,,,,
400,,,,,,,,
400,,,,,,,,
400,,,,,,,,
400,,,,,,,,
400,,,,,,,,
400,,,,,,,,
400,,,,,,,,
400,,,,,,,,
400,,,,,,,,
400,,,,,,,,
400,,,,,,,,
400,,,,,,,,
400,,,,,,,,
400,,,,,,,,
400,,,,,,,,
400,,,,,,,,
400,,,,,,,,
400,,,,,,,,
400,,,,,,,,
400,,,,,,,,
400,,,,,,,,
400,,,,,,,,
400,,,,,,,,
400,,,,,,,,
400,,,,,,,,
400,,,,,,,,
400,,,,,,,,
400,,,,,,,,
400,,,,,,,,
400,,,,,,,,
400,,,,,,,,
400,,,,,,,,
400,,,,,,,,
400,,,,,,,,
400,,,,,,,,
400,,,,,,,,
400,,,,,,,,
400,,,,,,,,
400,,,,,,,,
400,,,,,,,,
400,,,,,,,,
400,,,,,,,,
400,,,,,,,,
400,,,,,,,,
400,,,,,,,,
400,,,,,,,,
400,,,,,,,,
400,,,,,,,,
400,,,,,,,,
400,,,,,,,,
400,,,,,,,,
400,,,,,,,,
400,,,,,,,,
400,,,,,,,,
400,,,,,,,,
400,,,,,,,,
400,,,,,,,,
400,,,,,,,,
400,,,,,,,,
400,,,,,,,,
400,,,,,,,,
400,,,,,,,,
400,,,,,,,,
400,,,,,,,,
400,,,,,,,,
400,,,,,,,,
400,,,,,,,,
400,,,,,,,,
400,,,,,,,,
400,,,,,,,,
400,,,,,,,,
400,,,,,,,,
400,,,,,,,,
400,,,,,,,,
400,,,,,,,,
400,,,,,,,,
400,,,,,,,,
400,,,,,,,,
400,,,,,,,,
400,,,,,,,,
400,,,,,,,,
400,,,,,,,,
400,,,,,,,,
400,,,,,,,,
400,,,,,,,,
400,,,,,,,,
400,,,,,,,,
400,,,,,,,,
400,,,,,,,,
400,,,,,,,,
400,,,,,,,,
400,,,,,,,,
400,,,,,,,,
400,,,,,,,,
400,,,,,,,,
400,,,,,,,,
400,,,,,,,,
400,,,,,,,,
400,,,,,,,,
400,,,,,,,,
400,,,,,,,,
400,,,,,,,,
400,,,,,,,,
400,,,,,,,,
400,,,,,,,,
400,,,,,,,,
400,,,,,,,,
400,,,,,,,,
400,,,,,,,,
400,,,,,,,,
400,,,,,,,,
400,,,,,,,,
400,,,,,,,,
400,,,,,,,,
400,,,,,,,,
400,,,,,,,,
400,,,,,,,,
400,,,,,,,,
400,,,,,,,,
400,,,,,,,,
400,,,,,,,,
400,,,,,,,,
400,,,,,,,,
400,,,,,,,,
400,,,,,,,,
400,,,,,,,,
400,,,,,,,,
400,,,,,,,,
400,,,,,,,,
400,,,,,,,,
400,,,,,,,,
400,,,,,,,,
400,,,,,,,,
400,,,,,,,,
400,,,,,,,,
400,,,,,,,,
400,,,,,,,,
400,,,,,,,,
400,,,,,,,,
400,,,,,,,,
400,,,,,,,,
400,,,,,,,,
400,,,,,,,,
400,,,,,,,,
400,,,,,,,,
400,,,,,,,,
400,,,,,,,,
400,,,,,,,,
400,,,,,,,,
400,,,,,,,,
400,,,,,,,,
400,,,,,,,,
400,,,,,,,,
400,,,,,,,,
400,,,,,,,,
400,,,,,,,,
400,,,,,,,,
400,,,,,,,,
400,,,,,,,,
400,,,,,,,,
400,,,,,,,,
400,,,,,,,,
400,,,,,,,,
400,,,,,,,,
400,,,,,,,,
400,,,,,,,,
400,,,,,,,,
400,,,,,,,,
400,,,,,,,,
400,,,,,,,,
400,,,,,,,,
400,,,,,,,,
400,,,,,,,,
400,,,,,,,,
400,,,,,,,,
400,,,,,,,,
400,,,,,,,,
400,,,,,,,,
400,,,,,,,,
400,,,,,,,,
400,,,,,,,,
400,,,,,,,,
400,,,,,,,,
400,,,,,,,,
400,,,,,,,,
400,,,,,,,,
400,,,,,,,,
400,,,,,,,,
400,,,,,,,,
400,,,,,,,,
400,,,,,,,,
400,,,,,,,,
400,,,,,,,,
400,,,,,,,,
400,,,,,,,,
400,,,,,,,,
400,,,,,,,,
400,,,,,,,,
400,,,,,,,,
400,,,,,,,,
400,,,,,,,,
400,,,,,,,,
400,,,,,,,,
400,,,,,,,,
400,,,,,,,,
400,,,,,,,,
400,,,,,,,,
400,,,,,,,,
400,,,,,,,,
400,,,,,,,,
400,,,,,,,,
400,,,,,,,,
400,,,,,,,,
400,,,,,,,,
400,,,,,,,,
400,,,,,,,,
400,,,,,,,,
400,,,,,,,,
400,,,,,,,,
400,,,,,,,,
400,,,,,,,,
400,,,,,,,,
400,,,,,,,,
400,,,,,,,,
400,,,,,,,,
400,,,,,,,,
400,,,,,,,,
400,,,,,,,,
400,,,,,,,,
400,,,,,,,,
400,,,,,,,,
400,,,,,,,,
400,,,,,,,,
400,,,,,,,,
400,,,,,,,,
400,,,,,,,,
400,,,,,,,,
400,,,,,,,,
400,,,,,,,,
400,,,,,,,,
400,,,,,,,,
400,,,,,,,,
400,,,,,,,,
400,,,,,,,,
400,,,,,,,,
400,,,,,,,,
400,,,,,,,,
400,,,,,,,,
400,,,,,,,,
400,,,,,,,,
400,,,,,,,,
400,,,,,,,,
400,,,,,,,,
400,,,,,,,,
400,,,,,,,,
400,,,,,,,,
400,,,,,,,,
400,,,,,,,,
400,,,,,,,,
400,,,,,,,,
400,,,,,,,,
400,,,,,,,,
400,,,,,,,,
400,,,,,,,,
400,,,,,,,,
400,,,,,,,,
400,,,,,,,,
400,,,,,,,,
400,,,,,,,,
400,,,,,,,,
400,,,,,,,,
400,,,,,,,,
400,,,,,,,,
400,,,,,,,,
400,,,,,,,,
400,,,,,,,,
400,,,,,,,,
400,,,,,,,,
400,,,,,,,,
400,,,,,,,,
400,,,,,,,,
400,,,,,,,,
400,,,,,,,,
400,,,,,,,,
400,,,,,,,,
400,,,,,,,,
400,,,,,,,,
400,,,,,,,,
400,,,,,,,,
400,,,,,,,,
400,,,,,,,,
400,,,,,,,,
400,,,,,,,,
400,,,,,,,,
400,,,,,,,,
400,,,,,,,,
400,,,,,,,,
400,,,,,,,,
400,,,,,,,,
400,,,,,,,,
400,,,,,,,,
400,,,,,,,,
400,,,,,,,,
400,,,,,,,,
400,,,,,,,,
400,,,,,,,,
400,,,,,,,,
400,,,,,,,,
400,,,,,,,,
400,,,,,,,,
400,,,,,,,,
400,,,,,,,,
400,,,,,,,,
400,,,,,,,,
400,,,,,,,,
400,,,,,,,,
400,,,,,,,,
400,,,,,,,,
400,,,,,,,,
400,,,,,,,,
400,,,,,,,,
400,,,,,,,,
400,,,,,,,,
400,,,,,,,,
400,,,,,,,,
400,,,,,,,,
400,,,,,,,,
400,,,,,,,,
400,,,,,,,,
400,,,,,,,,
400,,,,,,,,
400,,,,,,,,
400,,,,,,,,
400,,,,,,,,
400,,,,,,,,
400,,,,,,,,
400,,,,,,,,
400,,,,,,,,
400,,,,,,,,
400,,,,,,,,
400,,,,,,,,
400,,,,,,,,
400,,,,,,,,
400,,,,,,,,
400,,,,,,,,
400,,,,,,,,
400,,,,,,,,
400,,,,,,,,
400,,,,,,,,
400,,,,,,,,
400,,,,,,,,
400,,,,,,,,
400,,,,,,,,
400,,,,,,,,
400,,,,,,,,
400,,,,,,,,
400,,,,,,,,
400,,,,,,,,
400,,,,,,,,
400,,,,,,,,
400,,,,,,,,
400,,,,,,,,
400,,,,,,,,
400,,,,,,,,
400,,,,,,,,
400,,,,,,,,
400,,,,,,,,
400,,,,,,,,
400,,,,,,,,
400,,,,,,,,
400,,,,,,,,
400,,,,,,,,
400,,,,,,,,
400,,,,,,,,
400,,,,,,,,
400,,,,,,,,
400,,,,,,,,
400,,,,,,,,
400,,,,,,,,
400,,,,,,,,
400,,,,,,,,
400,,,,,,,,
400,,,,,,,,
400,,,,,,,,
400,,,,,,,,
400,,,,,,,,
400,,,,,,,,
400,,,,,,,,
400,,,,,,,,
400,,,,,,,,
400,,,,,,,,
400,,,,,,,,
400,,,,,,,,
400,,,,,,,,
400,,,,,,,,
400,,,,,,,,
400,,,,,,,,
400,,,,,,,,
400,,,,,,,,
400,,,,,,,,
400,,,,,,,,
400,,,,,,,,
400,,,,,,,,
400,,,,,,,,
400,,,,,,,,
400,,,,,,,,
400,,,,,,,,
400,,,,,,,,
400,,,,,,,,
400,,,,,,,,
400,,,,,,,,
400,,,,,,,,
400,,,,,,,,
400,,,,,,,,
400,,,,,,,,
400,,,,,,,,
400,,,,,,,,
400,,,,,,,,
400,,,,,,,,
400,,,,,,,,
400,,,,,,,,
400,,,,,,,,
400,,,,,,,,
400,,,,,,,,
400,,,,,,,,
400,,,,,,,,
400,,,,,,,,
400,,,,,,,,
400,,,,,,,,
400,,,,,,,,
400,,,,,,,,
400,,,,,,,,
400,,,,,,,,
400,,,,,,,,
400,,,,,,,,
400,,,,,,,,
400,,,,,,,,
400,,,,,,,,
400,,,,,,,,
400,,,,,,,,
400,,,,,,,,
400,,,,,,,,
400,,,,,,,,
400,,,,,,,,
400,,,,,,,,
400,,,,,,,,
400,,,,,,,,
400,,,,,,,,
400,,,,,,,,
400,,,,,,,,
400,,,,,,,,
400,,,,,,,,
400,,,,,,,,
400,,,,,,,,
400,,,,,,,,
400,,,,,,,,
400,,,,,,,,
400,,,,,,,,
400,,,,,,,,
400,,,,,,,,
400,,,,,,,,
400,,,,,,,,
400,,,,,,,,
400,,,,,,,,
400,,,,,,,,
400,,,,,,,,
400,,,,,,,,
400,,,,,,,,
400,,,,,,,,
400,,,,,,,,
400,,,,,,,,
400,,,,,,,,
400,,,,,,,,
400,,,,,,,,
400,,,,,,,,
400,,,,,,,,
400,,,,,,,,
400,,,,,,,,
400,,,,,,,,
400,,,,,,,,
400,,,,,,,,
400,,,,,,,,
400,,,,,,,,
400,,,,,,,,
400,,,,,,,,
400,,,,,,,,
400,,,,,,,,
400,,,,,,,,
400,,,,,,,,
400,,,,,,,,
400,,,,,,,,
400,,,,,,,,
400,,,,,,,,
400,,,,,,,,
400,,,,,,,,
400,,,,,,,,
400,,,,,,,,
400,,,,,,,,
400,,,,,,,,
400,,,,,,,,
400,,,,,,,,
400,,,,,,,,
400,,,,,,,,
400,,,,,,,,
400,,,,,,,,
400,,,,,,,,
400,,,,,,,,
400,,,,,,,,
400,,,,,,,,
400,,,,,,,,
400,,,,,,,,
400,,,,,,,,
400,,,,,,,,
400,,,,,,,,
400,,,,,,,,
400,,,,,,,,
400,,,,,,,,
400,,,,,,,,
400,,,,,,,,
400,,,,,,,,
400,,,,,,,,
400,,,,,,,,
400,,,,,,,,
400,,,,,,,,
400,,,,,,,,
400,,,,,,,,
400,,,,,,,,
400,,,,,,,,
400,,,,,,,,
400,,,,,,,,
400,,,,,,,,
400,,,,,,,,
400,,,,,,,,
400,,,,,,,,
400,,,,,,,,
400,,,,,,,,
400,,,,,,,,
400,,,,,,,,
400,,,,,,,,
400,,,,,,,,
400,,,,,,,,
400,,,,,,,,
400,,,,,,,,
400,,,,,,,,
400,,,,,,,,
400,,,,,,,,
400,,,,,,,,
400,,,,,,,,
400,,,,,,,,
400,,,,,,,,
400,,,,,,,,
400,,,,,,,,
400,,,,,,,,
400,,,,,,,,
400,,,,,,,,
400,,,,,,,,
400,,,,,,,,
400,,,,,,,,
400,,,,,,,,
400,,,,,,,,
400,,,,,,,,
400,,,,,,,,
400,,,,,,,,
400,,,,,,,,
400,,,,,,,,
400,,,,,,,,
400,,,,,,,,
400,,,,,,,,
400,,,,,,,,
400,,,,,,,,
400,,,,,,,,
400,,,,,,,,
400,,,,,,,,
400,,,,,,,,
400,,,,,,,,
400,,,,,,,,
400,,,,,,,,
400,,,,,,,,
400,,,,,,,,
400,,,,,,,,
400,,,,,,,,
400,,,,,,,,
400,,,,,,,,
400,,,,,,,,
400,,,,,,,,
400,,,,,,,,
400,,,,,,,,
400,,,,,,,,
400,,,,,,,,
400,,,,,,,,
400,,,,,,,,
400,,,,,,,,
400,,,,,,,,
400,,,,,,,,
400,,,,,,,,
400,,,,,,,,
400,,,,,,,,
400,,,,,,,,
400,,,,,,,,
400,,,,,,,,
400,,,,,,,,
400,,,,,,,,
400,,,,,,,,
400,,,,,,,,
400,,,,,,,,
400,,,,,,,,
400,,,,,,,,
400,,,,,,,,
400,,,,,,,,
400,,,,,,,,
400,,,,,,,,
400,,,,,,,,
400,,,,,,,,
400,,,,,,,,
400,,,,,,,,
400,,,,,,,,
400,,,,,,,,
400,,,,,,,,
400,,,,,,,,
400,,,,,,,,
400,,,,,,,,
400,,,,,,,,
400,,,,,,,,
400,,,,,,,,
400,,,,,,,,
400,,,,,,,,
400,,,,,,,,
400,,,,,,,,
400,,,,,,,,
400,,,,,,,,
400,,,,,,,,
400,,,,,,,,
400,,,,,,,,
400,,,,,,,,
400,,,,,,,,
400,,,,,,,,
400,,,,,,,,
400,,,,,,,,
400,,,,,,,,
400,,,,,,,,
400,,,,,,,,
400,,,,,,,,
400,,,,,,,,
400,,,,,,,,
400,,,,,,,,
400,,,,,,,,
400,,,,,,,,
400,,,,,,,,
400,,,,,,,,
400,,,,,,,,
400,,,,,,,,
400,,,,,,,,
400,,,,,,,,
400,,,,,,,,
400,,,,,,,,
400,,,,,,,,
400,,,,,,,,
400,,,,,,,,
400,,,,,,,,
400,,,,,,,,
400,,,,,,,,
400,,,,,,,,
400,,,,,,,,
400,,,,,,,,
400,,,,,,,,
400,,,,,,,,
400,,,,,,,,
400,,,,,,,,
400,,,,,,,,
400,,,,,,,,
400,,,,,,,,
400,,,,,,,,
400,,,,,,,,
400,,,,,,,,
400,,,,,,,,
400,,,,,,,,
400,,,,,,,,
400,,,,,,,,
400,,,,,,,,
400,,,,,,,,
400,,,,,,,,
400,,,,,,,,
400,,,,,,,,
400,,,,,,,,
400,,,,,,,,
400,,,,,,,,
400,,,,,,,,
400,,,,,,,,
400,,,,,,,,
400,,,,,,,,
400,,,,,,,,
400,,,,,,,,
400,,,,,,,,
400,,,,,,,,
400,,,,,,,,
400,,,,,,,,
400,,,,,,,,
400,,,,,,,,
400,,,,,,,,
400,,,,,,,,
400,,,,,,,,
400,,,,,,,,
400,,,,,,,,
400,,,,,,,,
400,,,,,,,,
400,,,,,,,,
400,,,,,,,,
400,,,,,,,,
400,,,,,,,,
400,,,,,,,,
400,,,,,,,,
400,,,,,,,,
400,,,,,,,,
400,,,,,,,,
400,,,,,,,,
400,,,,,,,,
400,,,,,,,,
400,,,,,,,,
400,,,,,,,,
400,,,,,,,,
400,,,,,,,,
400,,,,,,,,
400,,,,,,,,
400,,,,,,,,
400,,,,,,,,
400,,,,,,,,
400,,,,,,,,
400,,,,,,,,
400,,,,,,,,
400,,,,,,,,
400,,,,,,,,
400,,,,,,,,
400,,,,,,,,
400,,,,,,,,
400,,,,,,,,
400,,,,,,,,
400,,,,,,,,
400,,,,,,,,
400,,,,,,,,
400,,,,,,,,
400,,,,,,,,
400,,,,,,,,
400,,,,,,,,
400,,,,,,,,
400,,,,,,,,
400,,,,,,,,
400,,,,,,,,
400,,,,,,,,
400,,,,,,,,
400,,,,,,,,
400,,,,,,,,
400,,,,,,,,
400,,,,,,,,
400,,,,,,,,
400,,,,,,,,
400,,,,,,,,
400,,,,,,,,
400,,,,,,,,
400,,,,,,,,
400,,,,,,,,
400,,,,,,,,
400,,,,,,,,
400,,,,,,,,
400,,,,,,,,
400,,,,,,,,
400,,,,,,,,
400,,,,,,,,
400,,,,,,,,
400,,,,,,,,
400,,,,,,,,
400,,,,,,,,
400,,,,,,,,
400,,,,,,,,
400,,,,,,,,
400,,,,,,,,
400,,,,,,,,
400,,,,,,,,
400,,,,,,,,
400,,,,,,,,
400,,,,,,,,
400,,,,,,,,
400,,,,,,,,
400,,,,,,,,
400,,,,,,,,
400,,,,,,,,
400,,,,,,,,
400,,,,,,,,
400,,,,,,,,
400,,,,,,,,
400,,,,,,,,
400,,,,,,,,
400,,,,,,,,
400,,,,,,,,
400,,,,,,,,
400,,,,,,,,
400,,,,,,,,
400,,,,,,,,
400,,,,,,,,
400,,,,,,,,
400,,,,,,,,
400,,,,,,,,
400,,,,,,,,
400,,,,,,,,
400,,,,,,,,
400,,,,,,,,
400,,,,,,,,
400,,,,,,,,
400,,,,,,,,
400,,,,,,,,
400,,,,,,,,
400,,,,,,,,
400,,,,,,,,
400,,,,,,,,
400,,,,,,,,
400,,,,,,,,
400,,,,,,,,
400,,,,,,,,
400,,,,,,,,
400,,,,,,,,
400,,,,,,,,
400,,,,,,,,
400,,,,,,,,
400,,,,,,,,
400,,,,,,,,
400,,,,,,,,
400,,,,,,,,
400,,,,,,,,
400,,,,,,,,
400,,,,,,,,
400,,,,,,,,
400,,,,,,,,
400,,,,,,,,
400,,,,,,,,
400,,,,,,,,
400,,,,,,,,
400,,,,,,,,
400,,,,,,,,
400,,,,,,,,
400,,,,,,,,
400,,,,,,,,
400,,,,,,,,
400,,,,,,,,
400,,,,,,,,
400,,,,,,,,
400,,,,,,,,
400,,,,,,,,
400,,,,,,,,
400,,,,,,,,
400,,,,,,,,
400,,,,,,,,
400,,,,,,,,
400,,,,,,,,
400,,,,,,,,
400,,,,,,,,
400,,,,,,,,
400,,,,,,,,
400,,,,,,,,
400,,,,,,,,
400,,,,,,,,
400,,,,,,,,
400,,,,,,,,
400,,,,,,,,
400,,,,,,,,
400,,,,,,,,
400,,,,,,,,
400,,,,,,,,
400,,,,,,,,
400,,,,,,,,
400,,,,,,,,
400,,,,,,,,
400,,,,,,,,
400,,,,,,,,
400,,,,,,,,
400,,,,,,,,
400,,,,,,,,
400,,,,,,,,
400,,,,,,,,
400,,,,,,,,
400,,,,,,,,
400,,,,,,,,
400,,,,,,,,
400,,,,,,,,
400,,,,,,,,
400,,,,,,,,
400,,,,,,,,
400,,,,,,,,
400,,,,,,,,
400,,,,,,,,
400,,,,,,,,
400,,,,,,,,
400,,,,,,,,
400,,,,,,,,
400,,,,,,,,
400,,,,,,,,
400,,,,,,,,
400,,,,,,,,
400,,,,,,,,
400,,,,,,,,
400,,,,,,,,
400,,,,,,,,
400,,,,,,,,
400,,,,,,,,
400,,,,,,,,
400,,,,,,,,
400,,,,,,,,
400,,,,,,,,
400,,,,,,,,
400,,,,,,,,
400,,,,,,,,
400,,,,,,,,
400,,,,,,,,
400,,,,,,,,
400,,,,,,,,
400,,,,,,,,
400,,,,,,,,
400,,,,,,,,
400,,,,,,,,
400,,,,,,,,
400,,,,,,,,
400,,,,,,,,
400,,,,,,,,
400,,,,,,,,
400,,,,,,,,
400,,,,,,,,
400,,,,,,,,
400,,,,,,,,
400,,,,,,,,
400,,,,,,,,
400,,,,,,,,
400,,,,,,,,
400,,,,,,,,
400,,,,,,,,
400,,,,,,,,
400,,,,,,,,
400,,,,,,,,
400,,,,,,,,
400,,,,,,,,
400,,,,,,,,
400,,,,,,,,
400,,,,,,,,
400,,,,,,,,
400,,,,,,,,
400,,,,,,,,
400,,,,,,,,
400,,,,,,,,
400,,,,,,,,
400,,,,,,,,
400,,,,,,,,
400,,,,,,,,
400,,,,,,,,
400,,,,,,,,
400,,,,,,,,
400,,,,,,,,
400,,,,,,,,
400,,,,,,,,
400,,,,,,,,
400,,,,,,,,
400,,,,,,,,
400,,,,,,,,
400,,,,,,,,
400,,,,,,,,
400,,,,,,,,
400,,,,,,,,
400,,,,,,,,
400,,,,,,,,
400,,,,,,,,
400,,,,,,,,
400,,,,,,,,
400,,,,,,,,
400,,,,,,,,
400,,,,,,,,
400,,,,,,,,
400,,,,,,,,
400,,,,,,,,
400,,,,,,,,
400,,,,,,,,
400,,,,,,,,
400,,,,,,,,
400,,,,,,,,
400,,,,,,,,
400,,,,,,,,
400,,,,,,,,
400,,,,,,,,
400,,,,,,,,
400,,,,,,,,
400,,,,,,,,
400,,,,,,,,
400,,,,,,,,
400,,,,,,,,
400,,,,,,,,
400,,,,,,,,
400,,,,,,,,
400,,,,,,,,
400,,,,,,,,
400,,,,,,,,
400,,,,,,,,
400,,,,,,,,
400,,,,,,,,
400,,,,,,,,
400,,,,,,,,
400,,,,,,,,
400,,,,,,,,
400,,,,,,,,
400,,,,,,,,
400,,,,,,,,
400,,,,,,,,
400,,,,,,,,
400,,,,,,,,
400,,,,,,,,
400,,,,,,,,
400,,,,,,,,
400,,,,,,,,
400,,,,,,,,
400,,,,,,,,
400,,,,,,,,
400,,,,,,,,
400,,,,,,,,
400,,,,,,,,
400,,,,,,,,
400,,,,,,,,
400,,,,,,,,
400,,,,,,,,
400,,,,,,,,
400,,,,,,,,
400,,,,,,,,
400,,,,,,,,
400,,,,,,,,
400,,,,,,,,
400,,,,,,,,
400,,,,,,,,
400,,,,,,,,
400,,,,,,,,
400,,,,,,,,
400,,,,,,,,
400,,,,,,,,
400,,,,,,,,
400,,,,,,,,
400,,,,,,,,
400,,,,,,,,
400,,,,,,,,
400,,,,,,,,
400,,,,,,,,
400,,,,,,,,
400,,,,,,,,
400,,,,,,,,
400,,,,,,,,
400,,,,,,,,
400,,,,,,,,
400,,,,,,,,
400,,,,,,,,
400,,,,,,,,
400,,,,,,,,
400,,,,,,,,
400,,,,,,,,
400,,,,,,,,
400,,,,,,,,
400,,,,,,,,
400,,,,,,,,
400,,,,,,,,
400,,,,,,,,
400,,,,,,,,
400,,,,,,,,
400,,,,,,,,
400,,,,,,,,
400,,,,,,,,
400,,,,,,,,
400,,,,,,,,
400,,,,,,,,
400,,,,,,,,
400,,,,,,,,
400,,,,,,,,
400,,,,,,,,
400,,,,,,,,
400,,,,,,,,
400,,,,,,,,
400,,,,,,,,
400,,,,,,,,
400,,,,,,,,
400,,,,,,,,
400,,,,,,,,
400,,,,,,,,
400,,,,,,,,
400,,,,,,,,
400,,,,,,,,
400,,,,,,,,
400,,,,,,,,
400,,,,,,,,
400,,,,,,,,
400,,,,,,,,
400,,,,,,,,
400,,,,,,,,
400,,,,,,,,
400,,,,,,,,
400,,,,,,,,
400,,,,,,,,
400,,,,,,,,
400,,,,,,,,
400,,,,,,,,
400,,,,,,,,
400,,,,,,,,
400,,,,,,,,
400,,,,,,,,
400,,,,,,,,
400,,,,,,,,
400,,,,,,,,
400,,,,,,,,
400,,,,,,,,
400,,,,,,,,
400,,,,,,,,
400,,,,,,,,
400,,,,,,,,
400,,,,,,,,
400,,,,,,,,
400,,,,,,,,
400,,,,,,,,
400,,,,,,,,
400,,,,,,,,
400,,,,,,,,
400,,,,,,,,
400,,,,,,,,
400,,,,,,,,
400,,,,,,,,
400,,,,,,,,
400,,,,,,,,
400,,,,,,,,
400,,,,,,,,
400,,,,,,,,
400,,,,,,,,
400,,,,,,,,
400,,,,,,,,
400,,,,,,,,
400,,,,,,,,
400,,,,,,,,
400,,,,,,,,
400,,,,,,,,
400,,,,,,,,
400,,,,,,,,
400,,,,,,,,
400,,,,,,,,
400,,,,,,,,
400,,,,,,,,
400,,,,,,,,
400,,,,,,,,
400,,,,,,,,
400,,,,,,,,
400,,,,,,,,
400,,,,,,,,
400,,,,,,,,
400,,,,,,,,
400,,,,,,,,
400,,,,,,,,
400,,,,,,,,
400,,,,,,,,
400,,,,,,,,
400,,,,,,,,
400,,,,,,,,
400,,,,,,,,
400,,,,,,,,
400,,,,,,,,
400,,,,,,,,
400,,,,,,,,
400,,,,,,,,
400,,,,,,,,
400,,,,,,,,
400,,,,,,,,
400,,,,,,,,
400,,,,,,,,
400,,,,,,,,
400,,,,,,,,
400,,,,,,,,
400,,,,,,,,
400,,,,,,,,
400,,,,,,,,
400,,,,,,,,
400,,,,,,,,
400,,,,,,,,
400,,,,,,,,
400,,,,,,,,
400,,,,,,,,
400,,,,,,,,
400,,,,,,,,
400,,,,,,,,
400,,,,,,,,
400,,,,,,,,
400,,,,,,,,
400,,,,,,,,
400,,,,,,,,
400,,,,,,,,
400,,,,,,,,
400,,,,,,,,
400,,,,,,,,
400,,,,,,,,
400,,,,,,,,
400,,,,,,,,
400,,,,,,,,
400,,,,,,,,
400,,,,,,,,
400,,,,,,,,
400,,,,,,,,
400,,,,,,,,
400,,,,,,,,
400,,,,,,,,
400,,,,,,,,
400,,,,,,,,
400,,,,,,,,
400,,,,,,,,
400,,,,,,,,
400,,,,,,,,
400,,,,,,,,
400,,,,,,,,
400,,,,,,,,
400,,,,,,,,
400,,,,,,,,
400,,,,,,,,
400,,,,,,,,
400,,,,,,,,
400,,,,,,,,
400,,,,,,,,
400,,,,,,,,
400,,,,,,,,
400,,,,,,,,
400,,,,,,,,
400,,,,,,,,
400,,,,,,,,
400,,,,,,,,
400,,,,,,,,
400,,,,,,,,
400,,,,,,,,
400,,,,,,,,
400,,,,,,,,
400,,,,,,,,
400,,,,,,,,
400,,,,,,,,
400,,,,,,,,
400,,,,,,,,
400,,,,,,,,
400,,,,,,,,
400,,,,,,,,
400,,,,,,,,
400,,,,,,,,
400,,,,,,,,
400,,,,,,,,
400,,,,,,,,
400,,,,,,,,
400,,,,,,,,
400,,,,,,,,
400,,,,,,,,
400,,,,,,,,
400,,,,,,,,
400,,,,,,,,
400,,,,,,,,
400,,,,,,,,
400,,,,,,,,
400,,,,,,,,
400,,,,,,,,
400,,,,,,,,
400,,,,,,,,
400,,,,,,,,
400,,,,,,,,
400,,,,,,,,
400,,,,,,,,
400,,,,,,,,
400,,,,,,,,
400,,,,,,,,
400,,,,,,,,
400,,,,,,,,
400,,,,,,,,
400,,,,,,,,
400,,,,,,,,
400,,,,,,,,
400,,,,,,,,
400,,,,,,,,
400,,,,,,,,
400,,,,,,,,
400,,,,,,,,
400,,,,,,,,
400,,,,,,,,
400,,,,,,,,
400,,,,,,,,
400,,,,,,,,
400,,,,,,,,
400,,,,,,,,
400,,,,,,,,
400,,,,,,,,
400,,,,,,,,
400,,,,,,,,
400,,,,,,,,
400,,,,,,,,
400,,,,,,,,
400,,,,,,,,
400,,,,,,,,
400,,,,,,,,
400,,,,,,,,
400,,,,,,,,
400,,,,,,,,
400,,,,,,,,
400,,,,,,,,
400,,,,,,,,
400,,,,,,,,
400,,,,,,,,
400,,,,,,,,
400,,,,,,,,
400,,,,,,,,
400,,,,,,,,
400,,,,,,,,
400,,,,,,,,
400,,,,,,,,
400,,,,,,,,
400,,,,,,,,
400,,,,,,,,
400,,,,,,,,
400,,,,,,,,
400,,,,,,,,
400,,,,,,,,
400,,,,,,,,
400,,,,,,,,
400,,,,,,,,
400,,,,,,,,
400,,,,,,,,
400,,,,,,,,
400,,,,,,,,
400,,,,,,,,
400,,,,,,,,
400,,,,,,,,
400,,,,,,,,
400,,,,,,,,
400,,,,,,,,
400,,,,,,,,
400,,,,,,,,
400,,,,,,,,
400,,,,,,,,
400,,,,,,,,
400,,,,,,,,
400,,,,,,,,
400,,,,,,,,
400,,,,,,,,
400,,,,,,,,
400,,,,,,,,
400,,,,,,,,
400,,,,,,,,
400,,,,,,,,
400,,,,,,,,
400,,,,,,,,
400,,,,,,,,
400,,,,,,,,
400,,,,,,,,
400,,,,,,,,
400,,,,,,,,
400,,,,,,,,
400,,,,,,,,
400,,,,,,,,
400,,,,,,,,
400,,,,,,,,
400,,,,,,,,
400,,,,,,,,
400,,,,,,,,
400,,,,,,,,
400,,,,,,,,
400,,,,,,,,
400,,,,,,,,
400,,,,,,,,
400,,,,,,,,
400,,,,,,,,
400,,,,,,,,
400,,,,,,,,
400,,,,,,,,
400,,,,,,,,
400,,,,,,,,
400,,,,,,,,
400,,,,,,,,
400,,,,,,,,
400,,,,,,,,
400,,,,,,,,
400,,,,,,,,
400,,,,,,,,
400,,,,,,,,
400,,,,,,,,
400,,,,,,,,
400,,,,,,,,
400,,,,,,,,
400,,,,,,,,
400,,,,,,,,
400,,,,,,,,
400,,,,,,,,
400,,,,,,,,
400,,,,,,,,
400,,,,,,,,
400,,,,,,,,
400,,,,,,,,
400,,,,,,,,
400,,,,,,,,
400,,,,,,,,
400,,,,,,,,
400,,,,,,,,
400,,,,,,,,
400,,,,,,,,
400,,,,,,,,
400,,,,,,,,
400,,,,,,,,
400,,,,,,,,
400,,,,,,,,
400,,,,,,,,
400,,,,,,,,
400,,,,,,,,
400,,,,,,,,
400,,,,,,,,
400,,,,,,,,
400,,,,,,,,
400,,,,,,,,
400,,,,,,,,
400,,,,,,,,
400,,,,,,,,
400,,,,,,,,
400,,,,,,,,
400,,,,,,,,
400,,,,,,,,
400,,,,,,,,
400,,,,,,,,
400,,,,,,,,
400,,,,,,,,
400,,,,,,,,
400,,,,,,,,
400,,,,,,,,
400,,,,,,,,
400,,,,,,,,
400,,,,,,,,
400,,,,,,,,
400,,,,,,,,
400,,,,,,,,
400,,,,,,,,
400,,,,,,,,
400,,,,,,,,
400,,,,,,,,
400,,,,,,,,
400,,,,,,,,
400,,,,,,,,
400,,,,,,,,
400,,,,,,,,
400,,,,,,,,
400,,,,,,,,
400,,,,,,,,
400,,,,,,,,
400,,,,,,,,
400,,,,,,,,
400,,,,,,,,
400,,,,,,,,
400,,,,,,,,
400,,,,,,,,
400,,,,,,,,
400,,,,,,,,
400,,,,,,,,
400,,,,,,,,
400,,,,,,,,
400,,,,,,,,
400,,,,,,,,
400,,,,,,,,
400,,,,,,,,
400,,,,,,,,
400,,,,,,,,
400,,,,,,,,
400,,,,,,,,
400,,,,,,,,
400,,,,,,,,
400,,,,,,,,
400,,,,,,,,
400,,,,,,,,
400,,,,,,,,
400,,,,,,,,
400,,,,,,,,
400,,,,,,,,
400,,,,,,,,
400,,,,,,,,
400,,,,,,,,
400,,,,,,,,
400,,,,,,,,
400,,,,,,,,
400,,,,,,,,
400,,,,,,,,
400,,,,,,,,
400,,,,,,,,
400,,,,,,,,
400,,,,,,,,
400,,,,,,,,
400,,,,,,,,
400,,,,,,,,
400,,,,,,,,
400,,,,,,,,
400,,,,,,,,
400,,,,,,,,
400,,,,,,,,
400,,,,,,,,
400,,,,,,,,
400,,,,,,,,
400,,,,,,,,
400,,,,,,,,
400,,,,,,,,
400,,,,,,,,
400,,,,,,,,
400,,,,,,,,
400,,,,,,,,
400,,,,,,,,
400,,,,,,,,
400,,,,,,,,
400,,,,,,,,
400,,,,,,,,
400,,,,,,,,
400,,,,,,,,
400,,,,,,,,
400,,,,,,,,
400,,,,,,,,
400,,,,,,,,
400,,,,,,,,
400,,,,,,,,
400,,,,,,,,
400,,,,,,,,
400,,,,,,,,
400,,,,,,,,
400,,,,,,,,
400,,,,,,,,
400,,,,,,,,
400,,,,,,,,
400,,,,,,,,
400,,,,,,,,
400,,,,,,,,
400,,,,,,,,
400,,,,,,,,
400,,,,,,,,
400,,,,,,,,
400,,,,,,,,
400,,,,,,,,
400,,,,,,,,
400,,,,,,,,
400,,,,,,,,
400,,,,,,,,
400,,,,,,,,
400,,,,,,,,
400,,,,,,,,
400,,,,,,,,
400,,,,,,,,
400,,,,,,,,
400,,,,,,,,
400,,,,,,,,
400,,,,,,,,
400,,,,,,,,
400,,,,,,,,
400,,,,,,,,
400,,,,,,,,
400,,,,,,,,
400,,,,,,,,
400,,,,,,,,
400,,,,,,,,
400,,,,,,,,
400,,,,,,,,
400,,,,,,,,
400,,,,,,,,
400,,,,,,,,
400,,,,,,,,
400,,,,,,,,
400,,,,,,,,
400,,,,,,,,
400,,,,,,,,
400,,,,,,,,
400,,,,,,,,
400,,,,,,,,
400,,,,,,,,
400,,,,,,,,
400,,,,,,,,
400,,,,,,,,
400,,,,,,,,
400,,,,,,,,
400,,,,,,,,
400,,,,,,,,
400,,,,,,,,
400,,,,,,,,
400,,,,,,,,
400,,,,,,,,
400,,,,,,,,
400,,,,,,,,
400,,,,,,,,
400,,,,,,,,
400,,,,,,,,
400,,,,,,,,
400,,,,,,,,
400,,,,,,,,
400,,,,,,,,
400,,,,,,,,
400,,,,,,,,
400,,,,,,,,
400,,,,,,,,
400,,,,,,,,
400,,,,,,,,
400,,,,,,,,
400,,,,,,,,
400,,,,,,,,
400,,,,,,,,
400,,,,,,,,
400,,,,,,,,
400,,,,,,,,
400,,,,,,,,
400,,,,,,,,
400,,,,,,,,
400,,,,,,,,
400,,,,,,,,
400,,,,,,,,
400,,,,,,,,
400,,,,,,,,
400,,,,,,,,
400,,,,,,,,
400,,,,,,,,
400,,,,,,,,
400,,,,,,,,
400,,,,,,,,
400,,,,,,,,
400,,,,,,,,
400,,,,,,,,
400,,,,,,,,
400,,,,,,,,
400,,,,,,,,
400,,,,,,,,
400,,,,,,,,
400,,,,,,,,
400,,,,,,,,
400,,,,,,,,
400,,,,,,,,
400,,,,,,,,
400,,,,,,,,
400,,,,,,,,
400,,,,,,,,
400,,,,,,,,
400,,,,,,,,
400,,,,,,,,
400,,,,,,,,
400,,,,,,,,
400,,,,,,,,
400,,,,,,,,
400,,,,,,,,
400,,,,,,,,
400,,,,,,,,
400,,,,,,,,
400,,,,,,,,
400,,,,,,,,
400,,,,,,,,
400,,,,,,,,
400,,,,,,,,
400,,,,,,,,
400,,,,,,,,
400,,,,,,,,
400,,,,,,,,
400,,,,,,,,
400,,,,,,,,
400,,,,,,,,
400,,,,,,,,
400,,,,,,,,
400,,,,,,,,
400,,,,,,,,
400,,,,,,,,
400,,,,,,,,
400,,,,,,,,
400,,,,,,,,
400,,,,,,,,
400,,,,,,,,
400,,,,,,,,
400,,,,,,,,
400,,,,,,,,
400,,,,,,,,
400,,,,,,,,
400,,,,,,,,
400,,,,,,,,
400,,,,,,,,
400,,,,,,,,
400,,,,,,,,
400,,,,,,,,
400,,,,,,,,
400,,,,,,,,
400,,,,,,,,
400,,,,,,,,
400,,,,,,,,
400,,,,,,,,
400,,,,,,,,
400,,,,,,,,
400,,,,,,,,
400,,,,,,,,
400,,,,,,,,
400,,,,,,,,
400,,,,,,,,
400,,,,,,,,
400,,,,,,,,
400,,,,,,,,
400,,,,,,,,
400,,,,,,,,
400,,,,,,,,
400,,,,,,,,
400,,,,,,,,
400,,,,,,,,
400,,,,,,,,
400,,,,,,,,
400,,,,,,,,
400,,,,,,,,
400,,,,,,,,
400,,,,,,,,
400,,,,,,,,
400,,,,,,,,
400,,,,,,,,
400,,,,,,,,
400,,,,,,,,
400,,,,,,,,
400,,,,,,,,
400,,,,,,,,
400,,,,,,,,
400,,,,,,,,
400,,,,,,,,
400,,,,,,,,
400,,,,,,,,
400,,,,,,,,
400,,,,,,,,
400,,,,,,,,
400,,,,,,,,
400,,,,,,,,
400,,,,,,,,
400,,,,,,,,
400,,,,,,,,
400,,,,,,,,
400,,,,,,,,
400,,,,,,,,
400,,,,,,,,
400,,,,,,,,
400,,,,,,,,
400,,,,,,,,
400,,,,,,,,
400,,,,,,,,
400,,,,,,,,
400,,,,,,,,
400,,,,,,,,
400,,,,,,,,
400,,,,,,,,
400,,,,,,,,
400,,,,,,,,
400,,,,,,,,
400,,,,,,,,
400,,,,,,,,
400,,,,,,,,
400,,,,,,,,
400,,,,,,,,
400,,,,,,,,
400,,,,,,,,
400,,,,,,,,
400,,,,,,,,
400,,,,,,,,
400,,,,,,,,
400,,,,,,,,
400,,,,,,,,
400,,,,,,,,
400,,,,,,,,
400,,,,,,,,
400,,,,,,,,
400,,,,,,,,
400,,,,,,,,
400,,,,,,,,
400,,,,,,,,
400,,,,,,,,
400,,,,,,,,
400,,,,,,,,
400,,,,,,,,
400,,,,,,,,
400,,,,,,,,
400,,,,,,,,
400,,,,,,,,
400,,,,,,,,
400,,,,,,,,
400,,,,,,,,
400,,,,,,,,
400,,,,,,,,
400,,,,,,,,
400,,,,,,,,
400,,,,,,,,
400,,,,,,,,
400,,,,,,,,
400,,,,,,,,
400,,,,,,,,
400,,,,,,,,
400,,,,,,,,
400,,,,,,,,
400,,,,,,,,
400,,,,,,,,
400,,,,,,,,
400,,,,,,,,
400,,,,,,,,
400,,,,,,,,
400,,,,,,,,
400,,,,,,,,
400,,,,,,,,
400,,,,,,,,
400,,,,,,,,
400,,,,,,,,
400,,,,,,,,
400,,,,,,,,
400,,,,,,,,
400,,,,,,,,
400,,,,,,,,
400,,,,,,,,
400,,,,,,,,
400,,,,,,,,
400,,,,,,,,
400,,,,,,,,
400,,,,,,,,
400,,,,,,,,
400,,,,,,,,
400,,,,,,,,
400,,,,,,,,
400,,,,,,,,
400,,,,,,,,
400,,,,,,,,
400,,,,,,,,
400,,,,,,,,
400,,,,,,,,
400,,,,,,,,
400,,,,,,,,
400,,,,,,,,
400,,,,,,,,
400,,,,,,,,
400,,,,,,,,
400,,,,,,,,
400,,,,,,,,
400,,,,,,,,
400,,,,,,,,
400,,,,,,,,
400,,,,,,,,
400,,,,,,,,
400,,,,,,,,
400,,,,,,,,
400,,,,,,,,
400,,,,,,,,
400,,,,,,,,
400,,,,,,,,
400,,,,,,,,
400,,,,,,,,
400,,,,,,,,
400,,,,,,,,
400,,,,,,,,
400,,,,,,,,
400,,,,,,,,
400,,,,,,,,
400,,,,,,,,
400,,,,,,,,
400,,,,,,,,
400,,,,,,,,
400,,,,,,,,
400,,,,,,,,
400,,,,,,,,
400,,,,,,,,
400,,,,,,,,
400,,,,,,,,
400,,,,,,,,
400,,,,,,,,
400,,,,,,,,
400,,,,,,,,
400,,,,,,,,
400,,,,,,,,
400,,,,,,,,
400,,,,,,,,
400,,,,,,,,
400,,,,,,,,
400,,,,,,,,
400,,,,,,,,
400,,,,,,,,
400,,,,,,,,
400,,,,,,,,
400,,,,,,,,
400,,,,,,,,
400,,,,,,,,
400,,,,,,,,
400,,,,,,,,
400,,,,,,,,
400,,,,,,,,
400,,,,,,,,
400,,,,,,,,
400,,,,,,,,
400,,,,,,,,
400,,,,,,,,
400,,,,,,,,
400,,,,,,,,
400,,,,,,,,
400,,,,,,,,
400,,,,,,,,
400,,,,,,,,
400,,,,,,,,
400,,,,,,,,
400,,,,,,,,
400,,,,,,,,
400,,,,,,,,
400,,,,,,,,
400,,,,,,,,
400,,,,,,,,
400,,,,,,,,
400,,,,,,,,
400,,,,,,,,
400,,,,,,,,
400,,,,,,,,
400,,,,,,,,
400,,,,,,,,
400,,,,,,,,
400,,,,,,,,
400,,,,,,,,
400,,,,,,,,
400,,,,,,,,
400,,,,,,,,
400,,,,,,,,
400,,,,,,,,
400,,,,,,,,
400,,,,,,,,
400,,,,,,,,
400,,,,,,,,
400,,,,,,,,
400,,,,,,,,
400,,,,,,,,
400,,,,,,,,
400,,,,,,,,
400,,,,,,,,
400,,,,,,,,
400,,,,,,,,
400,,,,,,,,
400,,,,,,,,
400,,,,,,,,
400,,,,,,,,
400,,,,,,,,
400,,,,,,,,
400,,,,,,,,
400,,,,,,,,
400,,,,,,,,
400,,,,,,,,
400,,,,,,,,
400,,,,,,,,
400,,,,,,,,
400,,,,,,,,
400,,,,,,,,
400,,,,,,,,
400,,,,,,,,
400,,,,,,,,
400,,,,,,,,
400,,,,,,,,
400,,,,,,,,
400,,,,,,,,
400,,,,,,,,
400,,,,,,,,
400,,,,,,,,
400,,,,,,,,
400,,,,,,,,
400,,,,,,,,
400,,,,,,,,
400,,,,,,,,
400,,,,,,,,
400,,,,,,,,
400,,,,,,,,
400,,,,,,,,
400,,,,,,,,
400,,,,,,,,
400,,,,,,,,
400,,,,,,,,
400,,,,,,,,
400,,,,,,,,
400,,,,,,,,
400,,,,,,,,
400,,,,,,,,
400,,,,,,,,
400,,,,,,,,
400,,,,,,,,
400,,,,,,,,
400,,,,,,,,
400,,,,,,,,
400,,,,,,,,
400,,,,,,,,
400,,,,,,,,
400,,,,,,,,
400,,,,,,,,
400,,,,,,,,
400,,,,,,,,
400,,,,,,,,
400,,,,,,,,
400,,,,,,,,
400,,,,,,,,
400,,,,,,,,
400,,,,,,,,
400,,,,,,,,
400,,,,,,,,
400,,,,,,,,
400,,,,,,,,
400,,,,,,,,
400,,,,,,,,
400,,,,,,,,
400,,,,,,,,
400,,,,,,,,
400,,,,,,,,
400,,,,,,,,
400,,,,,,,,
400,,,,,,,,
400,,,,,,,,
400,,,,,,,,
400,,,,,,,,
400,,,,,,,,
400,,,,,,,,
400,,,,,,,,
400,,,,,,,,
400,,,,,,,,
400,,,,,,,,
400,,,,,,,,
400,,,,,,,,
400,,,,,,,,
400,,,,,,,,
400,,,,,,,,
400,,,,,,,,
400,,,,,,,,
400,,,,,,,,
400,,,,,,,,
400,,,,,,,,
400,,,,,,,,
400,,,,,,,,
400,,,,,,,,
400,,,,,,,,
400,,,,,,,,
400,,,,,,,,
400,,,,,,,,
400,,,,,,,,
400,,,,,,,,
400,,,,,,,,
400,,,,,,,,
400,,,,,,,,
400,,,,,,,,
400,,,,,,,,
400,,,,,,,,
400,,,,,,,,
400,,,,,,,,
400,,,,,,,,
400,,,,,,,,
400,,,,,,,,
400,,,,,,,,
400,,,,,,,,
400,,,,,,,,
400,,,,,,,,
400,,,,,,,,
400,,,,,,,,
400,,,,,,,,
400,,,,,,,,
400,,,,,,,,
400,,,,,,,,
400,,,,,,,,
400,,,,,,,,
400,,,,,,,,
400,,,,,,,,
400,,,,,,,,
400,,,,,,,,
400,,,,,,,,
400,,,,,,,,
400,,,,,,,,
400,,,,,,,,
400,,,,,,,,
400,,,,,,,,
400,,,,,,,,
400,,,,,,,,
400,,,,,,,,
400,,,,,,,,
400,,,,,,,,
400,,,,,,,,
400,,,,,,,,
400,,,,,,,,
400,,,,,,,,
400,,,,,,,,
400,,,,,,,,
400,,,,,,,,
400,,,,,,,,
400,,,,,,,,
400,,,,,,,,
400,,,,,,,,
400,,,,,,,,
400,,,,,,,,
400,,,,,,,,
400,,,,,,,,
400,,,,,,,,
400,,,,,,,,
400,,,,,,,,
400,,,,,,,,
400,,,,,,,,
400,,,,,,,,
400,,,,,,,,
400,,,,,,,,
400,,,,,,,,
400,,,,,,,,
400,,,,,,,,
400,,,,,,,,
400,,,,,,,,
400,,,,,,,,
400,,,,,,,,
400,,,,,,,,
400,,,,,,,,
400,,,,,,,,
400,,,,,,,,
400,,,,,,,,
400,,,,,,,,
400,,,,,,,,
400,,,,,,,,
400,,,,,,,,
400,,,,,,,,
400,,,,,,,,
400,,,,,,,,
400,,,,,,,,
400,,,,,,,,
400,,,,,,,,
400,,,,,,,,
400,,,,,,,,
400,,,,,,,,
400,,,,,,,,
400,,,,,,,,
400,,,,,,,,
400,,,,,,,,
400,,,,,,,,
400,,,,,,,,
400,,,,,,,,
400,,,,,,,,
400,,,,,,,,
400,,,,,,,,
400,,,,,,,,
400,,,,,,,,
400,,,,,,,,
400,,,,,,,,
400,,,,,,,,
400,,,,,,,,
400,,,,,,,,
400,,,,,,,,
400,,,,,,,,
400,,,,,,,,
400,,,,,,,,
400,,,,,,,,
400,,,,,,,,
400,,,,,,,,
400,,,,,,,,
400,,,,,,,,
400,,,,,,,,
400,,,,,,,,
400,,,,,,,,
400,,,,,,,,
400,,,,,,,,
400,,,,,,,,
400,,,,,,,,
400,,,,,,,,
400,,,,,,,,
400,,,,,,,,
400,,,,,,,,
400,,,,,,,,
400,,,,,,,,
400,,,,,,,,
400,,,,,,,,
400,,,,,,,,
400,,,,,,,,
400,,,,,,,,
400,,,,,,,,
400,,,,,,,,
400,,,,,,,,
400,,,,,,,,
400,,,,,,,,
400,,,,,,,,
400,,,,,,,,
400,,,,,,,,
400,,,,,,,,
400,,,,,,,,
400,,,,,,,,
400,,,,,,,,
400,,,,,,,,
400,,,,,,,,
400,,,,,,,,
400,,,,,,,,
400,,,,,,,,
400,,,,,,,,
400,,,,,,,,
400,,,,,,,,
400,,,,,,,,
400,,,,,,,,
400,,,,,,,,
400,,,,,,,,
400,,,,,,,,
400,,,,,,,,
400,,,,,,,,
400,,,,,,,,
400,,,,,,,,
400,,,,,,,,
400,,,,,,,,
400,,,,,,,,
400,,,,,,,,
400,,,,,,,,
400,,,,,,,,
400,,,,,,,,
400,,,,,,,,
400,,,,,,,,
400,,,,,,,,
400,,,,,,,,
400,,,,,,,,
400,,,,,,,,
400,,,,,,,,
400,,,,,,,,
400,,,,,,,,
400,,,,,,,,
400,,,,,,,,
400,,,,,,,,
400,,,,,,,,
400,,,,,,,,
400,,,,,,,,
400,,,,,,,,
400,,,,,,,,
400,,,,,,,,
400,,,,,,,,
400,,,,,,,,
400,,,,,,,,
400,,,,,,,,
400,,,,,,,,
400,,,,,,,,
400,,,,,,,,
400,,,,,,,,
400,,,,,,,,
400,,,,,,,,
400,,,,,,,,
400,,,,,,,,
400,,,,,,,,
400,,,,,,,,
400,,,,,,,,
400,,,,,,,,
400,,,,,,,,
400,,,,,,,,
400,,,,,,,,
400,,,,,,,,
400,,,,,,,,
400,,,,,,,,
400,,,,,,,,
400,,,,,,,,
400,,,,,,,,
400,,,,,,,,
400,,,,,,,,
400,,,,,,,,
400,,,,,,,,
400,,,,,,,,
400,,,,,,,,
400,,,,,,,,
400,,,,,,,,
400,,,,,,,,
400,,,,,,,,
400,,,,,,,,
400,,,,,,,,
400,,,,,,,,
400,,,,,,,,
400,,,,,,,,
400,,,,,,,,
400,,,,,,,,
400,,,,,,,,
400,,,,,,,,
400,,,,,,,,
400,,,,,,,,
400,,,,,,,,
400,,,,,,,,
400,,,,,,,,
400,,,,,,,,
400,,,,,,,,
400,,,,,,,,
400,,,,,,,,
400,,,,,,,,
400,,,,,,,,
400,,,,,,,,
400,,,,,,,,
400,,,,,,,,
400,,,,,,,,
400,,,,,,,,
400,,,,,,,,
400,,,,,,,,
400,,,,,,,,
400,,,,,,,,
400,,,,,,,,
400,,,,,,,,
400,,,,,,,,
400,,,,,,,,
400,,,,,,,,
400,,,,,,,,
400,,,,,,,,
400,,,,,,,,
400,,,,,,,,
400,,,,,,,,
400,,,,,,,,
400,,,,,,,,
400,,,,,,,,
400,,,,,,,,
400,,,,,,,,
400,,,,,,,,
400,,,,,,,,
400,,,,,,,,
400,,,,,,,,
400,,,,,,,,
400,,,,,,,,
400,,,,,,,,
400,,,,,,,,
400,,,,,,,,
400,,,,,,,,
400,,,,,,,,
400,,,,,,,,
400,,,,,,,,
400,,,,,,,,
400,,,,,,,,
400,,,,,,,,
400,,,,,,,,
400,,,,,,,,
400,,,,,,,,
400,,,,,,,,
400,,,,,,,,
400,,,,,,,,
400,,,,,,,,
400,,,,,,,,
400,,,,,,,,
400,,,,,,,,
400,,,,,,,,
400,,,,,,,,
400,,,,,,,,
400,,,,,,,,
400,,,,,,,,
400,,,,,,,,
400,,,,,,,,
400,,,,,,,,
400,,,,,,,,
400,,,,,,,,
400,,,,,,,,
400,,,,,,,,
400,,,,,,,,
400,,,,,,,,
400,,,,,,,,
400,,,,,,,,
400,,,,,,,,
400,,,,,,,,
400,,,,,,,,
400,,,,,,,,
400,,,,,,,,
400,,,,,,,,
400,,,,,,,,
400,,,,,,,,
400,,,,,,,,
400,,,,,,,,
400,,,,,,,,
400,,,,,,,,
400,,,,,,,,
400,,,,,,,,
400,,,,,,,,
400,,,,,,,,
400,,,,,,,,
400,,,,,,,,
400,,,,,,,,
400,,,,,,,,
400,,,,,,,,
400,,,,,,,,
400,,,,,,,,
400,,,,,,,,
400,,,,,,,,
400,,,,,,,,
400,,,,,,,,
400,,,,,,,,
400,,,,,,,,
400,,,,,,,,
400,,,,,,,,
400,,,,,,,,
400,,,,,,,,
400,,,,,,,,
400,,,,,,,,
400,,,,,,,,
400,,,,,,,,
400,,,,,,,,
400,,,,,,,,
400,,,,,,,,
400,,,,,,,,
400,,,,,,,,
400,,,,,,,,
400,,,,,,,,
400,,,,,,,,
400,,,,,,,,
400,,,,,,,,
400,,,,,,,,
400,,,,,,,,
400,,,,,,,,
400,,,,,,,,
400,,,,,,,,
400,,,,,,,,
400,,,,,,,,
400,,,,,,,,
400,,,,,,,,
400,,,,,,,,
400,,,,,,,,
400,,,,,,,,
400,,,,,,,,
400,,,,,,,,
400,,,,,,,,
400,,,,,,,,
400,,,,,,,,
400,,,,,,,,
400,,,,,,,,
400,,,,,,,,
400,,,,,,,,
400,,,,,,,,
400,,,,,,,,
400,,,,,,,,
400,,,,,,,,
400,,,,,,,,
400,,,,,,,,
400,,,,,,,,
400,,,,,,,,
400,,,,,,,,
400,,,,,,,,
400,,,,,,,,
400,,,,,,,,
400,,,,,,,,
400,,,,,,,,
400,,,,,,,,
400,,,,,,,,
400,,,,,,,,
400,,,,,,,,
400,,,,,,,,
400,,,,,,,,
400,,,,,,,,
400,,,,,,,,
400,,,,,,,,
400,,,,,,,,
400,,,,,,,,
400,,,,,,,,
400,,,,,,,,
400,,,,,,,,
400,,,,,,,,
400,,,,,,,,
400,,,,,,,,
400,,,,,,,,
400,,,,,,,,
400,,,,,,,,
400,,,,,,,,
400,,,,,,,,
400,,,,,,,,
400,,,,,,,,
400,,,,,,,,
400,,,,,,,,
400,,,,,,,,
400,,,,,,,,
400,,,,,,,,
400,,,,,,,,
400,,,,,,,,
400,,,,,,,,
400,,,,,,,,
400,,,,,,,,
400,,,,,,,,
400,,,,,,,,
400,,,,,,,,
400,,,,,,,,
400,,,,,,,,
400,,,,,,,,
400,,,,,,,,
400,,,,,,,,
400,,,,,,,,
400,,,,,,,,
400,,,,,,,,
400,,,,,,,,
400,,,,,,,,
400,,,,,,,,
400,,,,,,,,
400,,,,,,,,
400,,,,,,,,
400,,,,,,,,
400,,,,,,,,
400,,,,,,,,
400,,,,,,,,
400,,,,,,,,
400,,,,,,,,
400,,,,,,,,
400,,,,,,,,
400,,,,,,,,
400,,,,,,,,
400,,,,,,,,
400,,,,,,,,
400,,,,,,,,
400,,,,,,,,
400,,,,,,,,
400,,,,,,,,
400,,,,,,,,
400,,,,,,,,
400,,,,,,,,
400,,,,,,,,
400,,,,,,,,
400,,,,,,,,
400,,,,,,,,
400,,,,,,,,
400,,,,,,,,
400,,,,,,,,
400,,,,,,,,
400,,,,,,,,
400,,,,,,,,
400,,,,,,,,
400,,,,,,,,
400,,,,,,,,
400,,,,,,,,
400,,,,,,,,
400,,,,,,,,
400,,,,,,,,
400,,,,,,,,
400,,,,,,,,
400,,,,,,,,
400,,,,,,,,
400,,,,,,,,
400,,,,,,,,
400,,,,,,,,
400,,,,,,,,
400,,,,,,,,
400,,,,,,,,
400,,,,,,,,
400,,,,,,,,
400,,,,,,,,
400,,,,,,,,
400,,,,,,,,
400,,,,,,,,
400,,,,,,,,
400,,,,,,,,
400,,,,,,,,
400,,,,,,,,
400,,,,,,,,
400,,,,,,,,
400,,,,,,,,
400,,,,,,,,
400,,,,,,,,
400,,,,,,,,
400,,,,,,,,
400,,,,,,,,
400,,,,,,,,
400,,,,,,,,
400,,,,,,,,
400,,,,,,,,
400,,,,,,,,
400,,,,,,,,
400,,,,,,,,
400,,,,,,,,
400,,,,,,,,
400,,,,,,,,
400,,,,,,,,
400,,,,,,,,
400,,,,,,,,
400,,,,,,,,
400,,,,,,,,
400,,,,,,,,
400,,,,,,,,
400,,,,,,,,
400,,,,,,,,
400,,,,,,,,
400,,,,,,,,
400,,,,,,,,
400,,,,,,,,
400,,,,,,,,
400,,,,,,,,
400,,,,,,,,
400,,,,,,,,
400,,,,,,,,
400,,,,,,,,
400,,,,,,,,
400,,,,,,,,
400,,,,,,,,
400,,,,,,,,
400,,,,,,,,
400,,,,,,,,
400,,,,,,,,
400,,,,,,,,
400,,,,,,,,
400,,,,,,,,
400,,,,,,,,
400,,,,,,,,
400,,,,,,,,
400,,,,,,,,
400,,,,,,,,
400,,,,,,,,
400,,,,,,,,
400,,,,,,,,
400,,,,,,,,
400,,,,,,,,
400,,,,,,,,
400,,,,,,,,
400,,,,,,,,
400,,,,,,,,
400,,,,,,,,
400,,,,,,,,
400,,,,,,,,
400,,,,,,,,
400,,,,,,,,
400,,,,,,,,
400,,,,,,,,
400,,,,,,,,
400,,,,,,,,
400,,,,,,,,
400,,,,,,,,
400,,,,,,,,
400,,,,,,,,
400,,,,,,,,
400,,,,,,,,
400,,,,,,,,
400,,,,,,,,
400,,,,,,,,
400,,,,,,,,
400,,,,,,,,
400,,,,,,,,
400,,,,,,,,
400,,,,,,,,
400,,,,,,,,
400,,,,,,,,
400,,,,,,,,
400,,,,,,,,
400,,,,,,,,
400,,,,,,,,
400,,,,,,,,
400,,,,,,,,
400,,,,,,,,
400,,,,,,,,
400,,,,,,,,
400,,,,,,,,
400,,,,,,,,
400,,,,,,,,
400,,,,,,,,
400,,,,,,,,
400,,,,,,,,
400,,,,,,,,
400,,,,,,,,
400,,,,,,,,
400,,,,,,,,
400,,,,,,,,
400,,,,,,,,
400,,,,,,,,
400,,,,,,,,
400,,,,,,,,
400,,,,,,,,
400,,,,,,,,
400,,,,,,,,
400,,,,,,,,
400,,,,,,,,
400,,,,,,,,
400,,,,,,,,
400,,,,,,,,
400,,,,,,,,
400,,,,,,,,
400,,,,,,,,
400,,,,,,,,
400,,,,,,,,
400,,,,,,,,
400,,,,,,,,
400,,,,,,,,
400,,,,,,,,
400,,,,,,,,
400,,,,,,,,
400,,,,,,,,
400,,,,,,,,
400,,,,,,,,
400,,,,,,,,
400,,,,,,,,
400,,,,,,,,
400,,,,,,,,
400,,,,,,,,
400,,,,,,,,
400,,,,,,,,
400,,,,,,,,
400,,,,,,,,
400,,,,,,,,
400,,,,,,,,
400,,,,,,,,
400,,,,,,,,
400,,,,,,,,
400,,,,,,,,
400,,,,,,,,
400,,,,,,,,
400,,,,,,,,
400,,,,,,,,
400,,,,,,,,
400,,,,,,,,
400,,,,,,,,
400,,,,,,,,
400,,,,,,,,
400,,,,,,,,
400,,,,,,,,
400,,,,,,,,
400,,,,,,,,
400,,,,,,,,
400,,,,,,,,
400,,,,,,,,
400,,,,,,,,
400,,,,,,,,
400,,,,,,,,
400,,,,,,,,
400,,,,,,,,
400,,,,,,,,
400,,,,,,,,
400,,,,,,,,
400,,,,,,,,
400,,,,,,,,
400,,,,,,,,
400,,,,,,,,
400,,,,,,,,
400,,,,,,,,
400,,,,,,,,
400,,,,,,,,
400,,,,,,,,
400,,,,,,,,
400,,,,,,,,
400,,,,,,,,
400,,,,,,,,
400,,,,,,,,
400,,,,,,,,
400,,,,,,,,
400,,,,,,,,
400,,,,,,,,
400,,,,,,,,
400,,,,,,,,
400,,,,,,,,
400,,,,,,,,
400,,,,,,,,
400,,,,,,,,
400,,,,,,,,
400,,,,,,,,
400,,,,,,,,
400,,,,,,,,
400,,,,,,,,
400,,,,,,,,
400,,,,,,,,
400,,,,,,,,
400,,,,,,,,
400,,,,,,,,
400,,,,,,,,
400,,,,,,,,
400,,,,,,,,
400,,,,,,,,
400,,,,,,,,
400,,,,,,,,
400,,,,,,,,
400,,,,,,,,
400,,,,,,,,
400,,,,,,,,
400,,,,,,,,
400,,,,,,,,
400,,,,,,,,
400,,,,,,,,
400,,,,,,,,
400,,,,,,,,
400,,,,,,,,
400,,,,,,,,
400,,,,,,,,
400,,,,,,,,
400,,,,,,,,
400,,,,,,,,
400,,,,,,,,
400,,,,,,,,
400,,,,,,,,
400,,,,,,,,
400,,,,,,,,
400,,,,,,,,
400,,,,,,,,
400,,,,,,,,
400,,,,,,,,
400,,,,,,,,
400,,,,,,,,
400,,,,,,,,
400,,,,,,,,
400,,,,,,,,
400,,,,,,,,
400,,,,,,,,
400,,,,,,,,
400,,,,,,,,
400,,,,,,,,
400,,,,,,,,
400,,,,,,,,
400,,,,,,,,
400,,,,,,,,
400,,,,,,,,
400,,,,,,,,
400,,,,,,,,
400,,,,,,,,
400,,,,,,,,
400,,,,,,,,
400,,,,,,,,
400,,,,,,,,
400,,,,,,,,
400,,,,,,,,
400,,,,,,,,
400,,,,,,,,
400,,,,,,,,
400,,,,,,,,
400,,,,,,,,
400,,,,,,,,
400,,,,,,,,
400,,,,,,,,
400,,,,,,,,
400,,,,,,,,
400,,,,,,,,
400,,,,,,,,
400,,,,,,,,
400,,,,,,,,
400,,,,,,,,
400,,,,,,,,
400,,,,,,,,
400,,,,,,,,
400,,,,,,,,
400,,,,,,,,
400,,,,,,,,
400,,,,,,,,
400,,,,,,,,
400,,,,,,,,
400,,,,,,,,
400,,,,,,,,
400,,,,,,,,
400,,,,,,,,
400,,,,,,,,
400,,,,,,,,
400,,,,,,,,
400,,,,,,,,
400,,,,,,,,
400,,,,,,,,
400,,,,,,,,
400,,,,,,,,
400,,,,,,,,
400,,,,,,,,
400,,,,,,,,
400,,,,,,,,
400,,,,,,,,
400,,,,,,,,
400,,,,,,,,
400,,,,,,,,
400,,,,,,,,
400,,,,,,,,
400,,,,,,,,
400,,,,,,,,
400,,,,,,,,
400,,,,,,,,
400,,,,,,,,
400,,,,,,,,
400,,,,,,,,
400,,,,,,,,
400,,,,,,,,
400,,,,,,,,
400,,,,,,,,
400,,,,,,,,
400,,,,,,,,
400,,,,,,,,
400,,,,,,,,
400,,,,,,,,
400,,,,,,,,
400,,,,,,,,
400,,,,,,,,
400,,,,,,,,
400,,,,,,,,
400,,,,,,,,
400,,,,,,,,
400,,,,,,,,
400,,,,,,,,
400,,,,,,,,
400,,,,,,,,
400,,,,,,,,
400,,,,,,,,
400,,,,,,,,
400,,,,,,,,
400,,,,,,,,
400,,,,,,,,
400,,,,,,,,
400,,,,,,,,
400,,,,,,,,
400,,,,,,,,
400,,,,,,,,
400,,,,,,,,
400,,,,,,,,
400,,,,,,,,
400,,,,,,,,
400,,,,,,,,
400,,,,,,,,
400,,,,,,,,
400,,,,,,,,
400,,,,,,,,
400,,,,,,,,
400,,,,,,,,
400,,,,,,,,
400,,,,,,,,
400,,,,,,,,
400,,,,,,,,
400,,,,,,,,
400,,,,,,,,
400,,,,,,,,
400,,,,,,,,
400,,,,,,,,
400,,,,,,,,
400,,,,,,,,
400,,,,,,,,
400,,,,,,,,
400,,,,,,,,
400,,,,,,,,
400,,,,,,,,
400,,,,,,,,
400,,,,,,,,
400,,,,,,,,
400,,,,,,,,
400,,,,,,,,
400,,,,,,,,
400,,,,,,,,
400,,,,,,,,
400,,,,,,,,
400,,,,,,,,
400,,,,,,,,
400,,,,,,,,
400,,,,,,,,
400,,,,,,,,
400,,,,,,,,
400,,,,,,,,
400,,,,,,,,
400,,,,,,,,
400,,,,,,,,
400,,,,,,,,
400,,,,,,,,
400,,,,,,,,
400,,,,,,,,
400,,,,,,,,
400,,,,,,,,
400,,,,,,,,
400,,,,,,,,
400,,,,,,,,
400,,,,,,,,
400,,,,,,,,
400,,,,,,,,
400,,,,,,,,
400,,,,,,,,
400,,,,,,,,
400,,,,,,,,
400,,,,,,,,
400,,,,,,,,
400,,,,,,,,
400,,,,,,,,
400,,,,,,,,
400,,,,,,,,
400,,,,,,,,
400,,,,,,,,
400,,,,,,,,
400,,,,,,,,
400,,,,,,,,
400,,,,,,,,
400,,,,,,,,
400,,,,,,,,
400,,,,,,,,
400,,,,,,,,
400,,,,,,,,
400,,,,,,,,
400,,,,,,,,
400,,,,,,,,
400,,,,,,,,
400,,,,,,,,
400,,,,,,,,
400,,,,,,,,
400,,,,,,,,
400,,,,,,,,
400,,,,,,,,
400,,,,,,,,
400,,,,,,,,
400,,,,,,,,
400,,,,,,,,
400,,,,,,,,
400,,,,,,,,
400,,,,,,,,
400,,,,,,,,
400,,,,,,,,
400,,,,,,,,
400,,,,,,,,
400,,,,,,,,
400,,,,,,,,
400,,,,,,,,
400,,,,,,,,
400,,,,,,,,
400,,,,,,,,
400,,,,,,,,
400,,,,,,,,
400,,,,,,,,
400,,,,,,,,
400,,,,,,,,
400,,,,,,,,
400,,,,,,,,
400,,,,,,,,
400,,,,,,,,
400,,,,,,,,
400,,,,,,,,
400,,,,,,,,
400,,,,,,,,
400,,,,,,,,
400,,,,,,,,
400,,,,,,,,
400,,,,,,,,
400,,,,,,,,
400,,,,,,,,
400,,,,,,,,
400,,,,,,,,
400,,,,,,,,
400,,,,,,,,
400,,,,,,,,
400,,,,,,,,
400,,,,,,,,
400,,,,,,,,
400,,,,,,,,
400,,,,,,,,
400,,,,,,,,
400,,,,,,,,
400,,,,,,,,
400,,,,,,,,
400,,,,,,,,
400,,,,,,,,
400,,,,,,,,
400,,,,,,,,
400,,,,,,,,
400,,,,,,,,
400,,,,,,,,
400,,,,,,,,
400,,,,,,,,
400,,,,,,,,
400,,,,,,,,
400,,,,,,,,
400,,,,,,,,
400,,,,,,,,
400,,,,,,,,
400,,,,,,,,
400,,,,,,,,
400,,,,,,,,
400,,,,,,,,
400,,,,,,,,
400,,,,,,,,
400,,,,,,,,
400,,,,,,,,
400,,,,,,,,
400,,,,,,,,
400,,,,,,,,
400,,,,,,,,
400,,,,,,,,
400,,,,,,,,
400,,,,,,,,
400,,,,,,,,
400,,,,,,,,
400,,,,,,,,
400,,,,,,,,
400,,,,,,,,
400,,,,,,,,
400,,,,,,,,
400,,,,,,,,
400,,,,,,,,
400,,,,,,,,
400,,,,,,,,
400,,,,,,,,
400,,,,,,,,
400,,,,,,,,
400,,,,,,,,
400,,,,,,,,
400,,,,,,,,
400,,,,,,,,
400,,,,,,,,
400,,,,,,,,
400,,,,,,,,
400,,,,,,,,
400,,,,,,,,
400,,,,,,,,
400,,,,,,,,
400,,,,,,,,
400,,,,,,,,
400,,,,,,,,
400,,,,,,,,
400,,,,,,,,
400,,,,,,,,
400,,,,,,,,
400,,,,,,,,
400,,,,,,,,
400,,,,,,,,
400,,,,,,,,
400,,,,,,,,
400,,,,,,,,
400,,,,,,,,
400,,,,,,,,
400,,,,,,,,
400,,,,,,,,
400,,,,,,,,
400,,,,,,,,
400,,,,,,,,
400,,,,,,,,
400,,,,,,,,
400,,,,,,,,
400,,,,,,,,
400,,,,,,,,
400,,,,,,,,
400,,,,,,,,
400,,,,,,,,
400,,,,,,,,
400,,,,,,,,
400,,,,,,,,
400,,,,,,,,
400,,,,,,,,
400,,,,,,,,
400,,,,,,,,
400,,,,,,,,
400,,,,,,,,
400,,,,,,,,
400,,,,,,,,
400,,,,,,,,
400,,,,,,,,
400,,,,,,,,
400,,,,,,,,
400,,,,,,,,
400,,,,,,,,
400,,,,,,,,
400,,,,,,,,
400,,,,,,,,
400,,,,,,,,
400,,,,,,,,
400,,,,,,,,
400,,,,,,,,
400,,,,,,,,
400,,,,,,,,
400,,,,,,,,
400,,,,,,,,
400,,,,,,,,
400,,,,,,,,
400,,,,,,,,
400,,,,,,,,
400,,,,,,,,
400,,,,,,,,
400,,,,,,,,
400,,,,,,,,
400,,,,,,,,
400,,,,,,,,
400,,,,,,,,
400,,,,,,,,
400,,,,,,,,
400,,,,,,,,
400,,,,,,,,
400,,,,,,,,
400,,,,,,,,
400,,,,,,,,
400,,,,,,,,
400,,,,,,,,
400,,,,,,,,
400,,,,,,,,
400,,,,,,,,
400,,,,,,,,
400,,,,,,,,
400,,,,,,,,
400,,,,,,,,
400,,,,,,,,
400,,,,,,,,
400,,,,,,,,
400,,,,,,,,
400,,,,,,,,
400,,,,,,,,
400,,,,,,,,
400,,,,,,,,
400,,,,,,,,
400,,,,,,,,
400,,,,,,,,
400,,,,,,,,
400,,,,,,,,
400,,,,,,,,
400,,,,,,,,
400,,,,,,,,
400,,,,,,,,
400,,,,,,,,
400,,,,,,,,
400,,,,,,,,
400,,,,,,,,
400,,,,,,,,
400,,,,,,,,
400,,,,,,,,
400,,,,,,,,
400,,,,,,,,
400,,,,,,,,
400,,,,,,,,
400,,,,,,,,
400,,,,,,,,
400,,,,,,,,
400,,,,,,,,
400,,,,,,,,
400,,,,,,,,
400,,,,,,,,
400,,,,,,,,
400,,,,,,,,
400,,,,,,,,
400,,,,,,,,
400,,,,,,,,
400,,,,,,,,
400,,,,,,,,
400,,,,,,,,
400,,,,,,,,
400,,,,,,,,
400,,,,,,,,
400,,,,,,,,
400,,,,,,,,
400,,,,,,,,
400,,,,,,,,
400,,,,,,,,
400,,,,,,,,
400,,,,,,,,
400,,,,,,,,
400,,,,,,,,
400,,,,,,,,
400,,,,,,,,
400,,,,,,,,
400,,,,,,,,
400,,,,,,,,
400,,,,,,,,
400,,,,,,,,
400,,,,,,,,
400,,,,,,,,
400,,,,,,,,
400,,,,,,,,
400,,,,,,,,
400,,,,,,,,
400,,,,,,,,
400,,,,,,,,
400,,,,,,,,
400,,,,,,,,
400,,,,,,,,
400,,,,,,,,
400,,,,,,,,
400,,,,,,,,
400,,,,,,,,
400,,,,,,,,
400,,,,,,,,
400,,,,,,,,
400,,,,,,,,
400,,,,,,,,
400,,,,,,,,
400,,,,,,,,
400,,,,,,,,
400,,,,,,,,
400,,,,,,,,
400,,,,,,,,
400,,,,,,,,
400,,,,,,,,
400,,,,,,,,
400,,,,,,,,
400,,,,,,,,
400,,,,,,,,
400,,,,,,,,
400,,,,,,,,
400,,,,,,,,
400,,,,,,,,
400,,,,,,,,
400,,,,,,,,
400,,,,,,,,
400,,,,,,,,
400,,,,,,,,
400,,,,,,,,
400,,,,,,,,
400,,,,,,,,
400,,,,,,,,
400,,,,,,,,
400,,,,,,,,
400,,,,,,,,
400,,,,,,,,
400,,,,,,,,
400,,,,,,,,
400,,,,,,,,
400,,,,,,,,
400,,,,,,,,
400,,,,,,,,
400,,,,,,,,
400,,,,,,,,
400,,,,,,,,
400,,,,,,,,
400,,,,,,,,
400,,,,,,,,
400,,,,,,,,
400,,,,,,,,
400,,,,,,,,
400,,,,,,,,
400,,,,,,,,
400,,,,,,,,
400,,,,,,,,
400,,,,,,,,
400,,,,,,,,
400,,,,,,,,
400,,,,,,,,
400,,,,,,,,
400,,,,,,,,
400,,,,,,,,
400,,,,,,,,
400,,,,,,,,
400,,,,,,,,
400,,,,,,,,
400,,,,,,,,
400,,,,,,,,
400,,,,,,,,
400,,,,,,,,
400,,,,,,,,
400,,,,,,,,
400,,,,,,,,
400,,,,,,,,
400,,,,,,,,
400,,,,,,,,
400,,,,,,,,
400,,,,,,,,
400,,,,,,,,
400,,,,,,,,
400,,,,,,,,
400,,,,,,,,
400,,,,,,,,
400,,,,,,,,
400,,,,,,,,
400,,,,,,,,
400,,,,,,,,
400,,,,,,,,
400,,,,,,,,
400,,,,,,,,
400,,,,,,,,
400,,,,,,,,
400,,,,,,,,
400,,,,,,,,
400,,,,,,,,
400,,,,,,,,
400,,,,,,,,
400,,,,,,,,
400,,,,,,,,
400,,,,,,,,
400,,,,,,,,
400,,,,,,,,
400,,,,,,,,
400,,,,,,,,
400,,,,,,,,
400,,,,,,,,
400,,,,,,,,
400,,,,,,,,
400,,,,,,,,
400,,,,,,,,
400,,,,,,,,
400,,,,,,,,
400,,,,,,,,
400,,,,,,,,
400,,,,,,,,
400,,,,,,,,
400,,,,,,,,
400,,,,,,,,
400,,,,,,,,
400,,,,,,,,
400,,,,,,,,
400,,,,,,,,
400,,,,,,,,
400,,,,,,,,
400,,,,,,,,
400,,,,,,,,
400,,,,,,,,
400,,,,,,,,
400,,,,,,,,
400,,,,,,,,
400,,,,,,,,
400,,,,,,,,
400,,,,,,,,
400,,,,,,,,
400,,,,,,,,
400,,,,,,,,
400,,,,,,,,
400,,,,,,,,
400,,,,,,,,
400,,,,,,,,
400,,,,,,,,
400,,,,,,,,
400,,,,,,,,
400,,,,,,,,
400,,,,,,,,
400,,,,,,,,
400,,,,,,,,
400,,,,,,,,
400,,,,,,,,
400,,,,,,,,
400,,,,,,,,
400,,,,,,,,
400,,,,,,,,
400,,,,,,,,
400,,,,,,,,
400,,,,,,,,
400,,,,,,,,
400,,,,,,,,
400,,,,,,,,
400,,,,,,,,
400,,,,,,,,
400,,,,,,,,
400,,,,,,,,
400,,,,,,,,
400,,,,,,,,
400,,,,,,,,
400,,,,,,,,
400,,,,,,,,
400,,,,,,,,
400,,,,,,,,
400,,,,,,,,
400,,,,,,,,
400,,,,,,,,
400,,,,,,,,
400,,,,,,,,
400,,,,,,,,
400,,,,,,,,
400,,,,,,,,
400,,,,,,,,
400,,,,,,,,
400,,,,,,,,
400,,,,,,,,
400,,,,,,,,
400,,,,,,,,
400,,,,,,,,
400,,,,,,,,
400,,,,,,,,
400,,,,,,,,
400,,,,,,,,
400,,,,,,,,
400,,,,,,,,
400,,,,,,,,
400,,,,,,,,
400,,,,,,,,
400,,,,,,,,
400,,,,,,,,
400,,,,,,,,
400,,,,,,,,
400,,,,,,,,
400,,,,,,,,
400,,,,,,,,
400,,,,,,,,
400,,,,,,,,
400,,,,,,,,
400,,,,,,,,
400,,,,,,,,
400,,,,,,,,
400,,,,,,,,
400,,,,,,,,
400,,,,,,,,
400,,,,,,,,
400,,,,,,,,
400,,,,,,,,
400,,,,,,,,
400,,,,,,,,
400,,,,,,,,
400,,,,,,,,
400,,,,,,,,
400,,,,,,,,
400,,,,,,,,
400,,,,,,,,
400,,,,,,,,
400,,,,,,,,
400,,,,,,,,
400,,,,,,,,
400,,,,,,,,
400,,,,,,,,
400,,,,,,,,
400,,,,,,,,
400,,,,,,,,
400,,,,,,,,
400,,,,,,,,
400,,,,,,,,
400,,,,,,,,
400,,,,,,,,
400,,,,,,,,
400,,,,,,,,
400,,,,,,,,
400,,,,,,,,
400,,,,,,,,
400,,,,,,,,
400,,,,,,,,
400,,,,,,,,
400,,,,,,,,
400,,,,,,,,
400,,,,,,,,
400,,,,,,,,
400,,,,,,,,
400,,,,,,,,
400,,,,,,,,
400,,,,,,,,
400,,,,,,,,
400,,,,,,,,
400,,,,,,,,
400,,,,,,,,
400,,,,,,,,
400,,,,,,,,
400,,,,,,,,
400,,,,,,,,
400,,,,,,,,
400,,,,,,,,
400,,,,,,,,
400,,,,,,,,
400,,,,,,,,
400,,,,,,,,
400,,,,,,,,
400,,,,,,,,
400,,,,,,,,
400,,,,,,,,
400,,,,,,,,
400,,,,,,,,
400,,,,,,,,
400,,,,,,,,
400,,,,,,,,
400,,,,,,,,
400,,,,,,,,
400,,,,,,,,
400,,,,,,,,
400,,,,,,,,
400,,,,,,,,
400,,,,,,,,
400,,,,,,,,
400,,,,,,,,
400,,,,,,,,
400,,,,,,,,
400,,,,,,,,
400,,,,,,,,
400,,,,,,,,
400,,,,,,,,
400,,,,,,,,
400,,,,,,,,
400,,,,,,,,
400,,,,,,,,
400,,,,,,,,
400,,,,,,,,
400,,,,,,,,
400,,,,,,,,
400,,,,,,,,
400,,,,,,,,
400,,,,,,,,
400,,,,,,,,
400,,,,,,,,
400,,,,,,,,
400,,,,,,,,
400,,,,,,,,
400,,,,,,,,
400,,,,,,,,
400,,,,,,,,
400,,,,,,,,
400,,,,,,,,
400,,,,,,,,
400,,,,,,,,
400,,,,,,,,
400,,,,,,,,
400,,,,,,,,
400,,,,,,,,
400,,,,,,,,
400,,,,,,,,
400,,,,,,,,
400,,,,,,,,
400,,,,,,,,
400,,,,,,,,
400,,,,,,,,
400,,,,,,,,
400,,,,,,,,
400,,,,,,,,
400,,,,,,,,
400,,,,,,,,
400,,,,,,,,
400,,,,,,,,
400,,,,,,,,
400,,,,,,,,
400,,,,,,,,
400,,,,,,,,
400,,,,,,,,
400,,,,,,,,
400,,,,,,,,
400,,,,,,,,
400,,,,,,,,
400,,,,,,,,
400,,,,,,,,
400,,,,,,,,
400,,,,,,,,
400,,,,,,,,
400,,,,,,,,
400,,,,,,,,
400,,,,,,,,
400,,,,,,,,
400,,,,,,,,
400,,,,,,,,
400,,,,,,,,
400,,,,,,,,
400,,,,,,,,
400,,,,,,,,
400,,,,,,,,
400,,,,,,,,
400,,,,,,,,
400,,,,,,,,
400,,,,,,,,
400,,,,,,,,
400,,,,,,,,
400,,,,,,,,
400,,,,,,,,
400,,,,,,,,
400,,,,,,,,
400,,,,,,,,
400,,,,,,,,
400,,,,,,,,
400,,,,,,,,
400,,,,,,,,
400,,,,,,,,
400,,,,,,,,
400,,,,,,,,
400,,,,,,,,
400,,,,,,,,
400,,,,,,,,
400,,,,,,,,
400,,,,,,,,
400,,,,,,,,
400,,,,,,,,
400,,,,,,,,
400,,,,,,,,
400,,,,,,,,
400,,,,,,,,
400,,,,,,,,
400,,,,,,,,
400,,,,,,,,
400,,,,,,,,
400,,,,,,,,
400,,,,,,,,
400,,,,,,,,
400,,,,,,,,
400,,,,,,,,
400,,,,,,,,
400,,,,,,,,
400,,,,,,,,
400,,,,,,,,
400,,,,,,,,
400,,,,,,,,
400,,,,,,,,
400,,,,,,,,
400,,,,,,,,
400,,,,,,,,
400,,,,,,,,
400,,,,,,,,
400,,,,,,,,
400,,,,,,,,
400,,,,,,,,
400,,,,,,,,
400,,,,,,,,
400,,,,,,,,
400,,,,,,,,
400,,,,,,,,
400,,,,,,,,
400,,,,,,,,
400,,,,,,,,
400,,,,,,,,
400,,,,,,,,
400,,,,,,,,
400,,,,,,,,
400,,,,,,,,
400,,,,,,,,
400,,,,,,,,
400,,,,,,,,
400,,,,,,,,
400,,,,,,,,
400,,,,,,,,
400,,,,,,,,
400,,,,,,,,
400,,,,,,,,
400,,,,,,,,
400,,,,,,,,
400,,,,,,,,
400,,,,,,,,
400,,,,,,,,
400,,,,,,,,
400,,,,,,,,
400,,,,,,,,
400,,,,,,,,
400,,,,,,,,
400,,,,,,,,
400,,,,,,,,
400,,,,,,,,
400,,,,,,,,
400,,,,,,,,
400,,,,,,,,
400,,,,,,,,
400,,,,,,,,
400,,,,,,,,
400,,,,,,,,
400,,,,,,,,
400,,,,,,,,
400,,,,,,,,
400,,,,,,,,
400,,,,,,,,
400,,,,,,,,
400,,,,,,,,
400,,,,,,,,
400,,,,,,,,
400,,,,,,,,
400,,,,,,,,
400,,,,,,,,
400,,,,,,,,
400,,,,,,,,
400,,,,,,,,
400,,,,,,,,
400,,,,,,,,
400,,,,,,,,
400,,,,,,,,
400,,,,,,,,
400,,,,,,,,
400,,,,,,,,
400,,,,,,,,
400,,,,,,,,
400,,,,,,,,
400,,,,,,,,
400,,,,,,,,
400,,,,,,,,
400,,,,,,,,
400,,,,,,,,
400,,,,,,,,
400,,,,,,,,
400,,,,,,,,
400,,,,,,,,
400,,,,,,,,
400,,,,,,,,
400,,,,,,,,
400,,,,,,,,
400,,,,,,,,
400,,,,,,,,
400,,,,,,,,
400,,,,,,,,
400,,,,,,,,
400,,,,,,,,
400,,,,,,,,
400,,,,,,,,
400,,,,,,,,
400,,,,,,,,
400,,,,,,,,
400,,,,,,,,
400,,,,,,,,
400,,,,,,,,
400,,,,,,,,
400,,,,,,,,
400,,,,,,,,
400,,,,,,,,
400,,,,,,,,
400,,,,,,,,
400,,,,,,,,
400,,,,,,,,
400,,,,,,,,
400,,,,,,,,
400,,,,,,,,
400,,,,,,,,
400,,,,,,,,
400,,,,,,,,
400,,,,,,,,
400,,,,,,,,
400,,,,,,,,
400,,,,,,,,
400,,,,,,,,
400,,,,,,,,
400,,,,,,,,
400,,,,,,,,
400,,,,,,,,
400,,,,,,,,
400,,,,,,,,
400,,,,,,,,
400,,,,,,,,
400,,,,,,,,
400,,,,,,,,
400,,,,,,,,
400,,,,,,,,
400,,,,,,,,
400,,,,,,,,
400,,,,,,,,
400,,,,,,,,
400,,,,,,,,
400,,,,,,,,
400,,,,,,,,
400,,,,,,,,
400,,,,,,,,
400,,,,,,,,
400,,,,,,,,
400,,,,,,,,
400,,,,,,,,
400,,,,,,,,
400,,,,,,,,
400,,,,,,,,
400,,,,,,,,
400,,,,,,,,
400,,,,,,,,
400,,,,,,,,
400,,,,,,,,
400,,,,,,,,
400,,,,,,,,
400,,,,,,,,
400,,,,,,,,
400,,,,,,,,
400,,,,,,,,
400,,,,,,,,
400,,,,,,,,
400,,,,,,,,
400,,,,,,,,
400,,,,,,,,
400,,,,,,,,
400,,,,,,,,
400,,,,,,,,
400,,,,,,,,
400,,,,,,,,
400,,,,,,,,
400,,,,,,,,
400,,,,,,,,
400,,,,,,,,
400,,,,,,,,
400,,,,,,,,
400,,,,,,,,
400,,,,,,,,
400,,,,,,,,
400,,,,,,,,
400,,,,,,,,
400,,,,,,,,
400,,,,,,,,
400,,,,,,,,
400,,,,,,,,
400,,,,,,,,
400,,,,,,,,
400,,,,,,,,
400,,,,,,,,
400,,,,,,,,
400,,,,,,,,
400,,,,,,,,
400,,,,,,,,
400,,,,,,,,
400,,,,,,,,
400,,,,,,,,
400,,,,,,,,
400,,,,,,,,
400,,,,,,,,
400,,,,,,,,
400,,,,,,,,
400,,,,,,,,
400,,,,,,,,
400,,,,,,,,
400,,,,,,,,
400,,,,,,,,
400,,,,,,,,
400,,,,,,,,
400,,,,,,,,
400,,,,,,,,
400,,,,,,,,
400,,,,,,,,
400,,,,,,,,
400,,,,,,,,
400,,,,,,,,
400,,,,,,,,
400,,,,,,,,
400,,,,,,,,
400,,,,,,,,
400,,,,,,,,
400,,,,,,,,
400,,,,,,,,
400,,,,,,,,
400,,,,,,,,
400,,,,,,,,
400,,,,,,,,
400,,,,,,,,
400,,,,,,,,
400,,,,,,,,
400,,,,,,,,
400,,,,,,,,
400,,,,,,,,
400,,,,,,,,
400,,,,,,,,
400,,,,,,,,
400,,,,,,,,
400,,,,,,,,
400,,,,,,,,
400,,,,,,,,
400,,,,,,,,
400,,,,,,,,
400,,,,,,,,
400,,,,,,,,
400,,,,,,,,
400,,,,,,,,
400,,,,,,,,
400,,,,,,,,
400,,,,,,,,
400,,,,,,,,
400,,,,,,,,
400,,,,,,,,
400,,,,,,,,
400,,,,,,,,
400,,,,,,,,
400,,,,,,,,
400,,,,,,,,
400,,,,,,,,
400,,,,,,,,
400,,,,,,,,
400,,,,,,,,
400,,,,,,,,
400,,,,,,,,
400,,,,,,,,
400,,,,,,,,
400,,,,,,,,
400,,,,,,,,
400,,,,,,,,
400,,,,,,,,
400,,,,,,,,
400,,,,,,,,
400,,,,,,,,
400,,,,,,,,
400,,,,,,,,
400,,,,,,,,
400,,,,,,,,
400,,,,,,,,
400,,,,,,,,
400,,,,,,,,
400,,,,,,,,
400,,,,,,,,
400,,,,,,,,
400,,,,,,,,
400,,,,,,,,
400,,,,,,,,
400,,,,,,,,
400,,,,,,,,
400,,,,,,,,
400,,,,,,,,
400,,,,,,,,
400,,,,,,,,
400,,,,,,,,
400,,,,,,,,
400,,,,,,,,
400,,,,,,,,
400,,,,,,,,
400,,,,,,,,
400,,,,,,,,
400,,,,,,,,
400,,,,,,,,
400,,,,,,,,
400,,,,,,,,
400,,,,,,,,
400,,,,,,,,
400,,,,,,,,
400,,,,,,,,
400,,,,,,,,
400,,,,,,,,
400,,,,,,,,
400,,,,,,,,
400,,,,,,,,
400,,,,,,,,
400,,,,,,,,
400,,,,,,,,
400,,,,,,,,
400,,,,,,,,
400,,,,,,,,
400,,,,,,,,
400,,,,,,,,
400,,,,,,,,
400,,,,,,,,
400,,,,,,,,
400,,,,,,,,
400,,,,,,,,
400,,,,,,,,
400,,,,,,,,
400,,,,,,,,
400,,,,,,,,
400,,,,,,,,
400,,,,,,,,
400,,,,,,,,
400,,,,,,,,
400,,,,,,,,
400,,,,,,,,
400,,,,,,,,
400,,,,,,,,
400,,,,,,,,
400,,,,,,,,
400,,,,,,,,
400,,,,,,,,
400,,,,,,,,
400,,,,,,,,
400,,,,,,,,
400,,,,,,,,
400,,,,,,,,
400,,,,,,,,
400,,,,,,,,
400,,,,,,,,
400,,,,,,,,
400,,,,,,,,
400,,,,,,,,
400,,,,,,,,
400,,,,,,,,
400,,,,,,,,
400,,,,,,,,
400,,,,,,,,
400,,,,,,,,
400,,,,,,,,
400,,,,,,,,
400,,,,,,,,
400,,,,,,,,
400,,,,,,,,
400,,,,,,,,
400,,,,,,,,
400,,,,,,,,
400,,,,,,,,
400,,,,,,,,
400,,,,,,,,
400,,,,,,,,
400,,,,,,,,
400,,,,,,,,
400,,,,,,,,
400,,,,,,,,
400,,,,,,,,
400,,,,,,,,
400,,,,,,,,
400,,,,,,,,
400,,,,,,,,
400,,,,,,,,
400,,,,,,,,
400,,,,,,,,
400,,,,,,,,
400,,,,,,,,
400,,,,,,,,
400,,,,,,,,
400,,,,,,,,
400,,,,,,,,
400,,,,,,,,
400,,,,,,,,
400,,,,,,,,
400,,,,,,,,
400,,,,,,,,
400,,,,,,,,
400,,,,,,,,
400,,,,,,,,
400,,,,,,,,
400,,,,,,,,
400,,,,,,,,
400,,,,,,,,
400,,,,,,,,
400,,,,,,,,
400,,,,,,,,
400,,,,,,,,
400,,,,,,,,
400,,,,,,,,
400,,,,,,,,
400,,,,,,,,
400,,,,,,,,
400,,,,,,,,
400,,,,,,,,
400,,,,,,,,
400,,,,,,,,
400,,,,,,,,
400,,,,,,,,
400,,,,,,,,
400,,,,,,,,
400,,,,,,,,
400,,,,,,,,
400,,,,,,,,
400,,,,,,,,
400,,,,,,,,
400,,,,,,,,
400,,,,,,,,
400,,,,,,,,
400,,,,,,,,
400,,,,,,,,
400,,,,,,,,
400,,,,,,,,
400,,,,,,,,
400,,,,,,,,
400,,,,,,,,
400,,,,,,,,
400,,,,,,,,
400,,,,,,,,
400,,,,,,,,
400,,,,,,,,
400,,,,,,,,
400,,,,,,,,
400,,,,,,,,
400,,,,,,,,
400,,,,,,,,
400,,,,,,,,
400,,,,,,,,
400,,,,,,,,
400,,,,,,,,
400,,,,,,,,
400,,,,,,,,
400,,,,,,,,
400,,,,,,,,
400,,,,,,,,
400,,,,,,,,
400,,,,,,,,
400,,,,,,,,
400,,,,,,,,
400,,,,,,,,
400,,,,,,,,
400,,,,,,,,
400,,,,,,,,
400,,,,,,,,
400,,,,,,,,
400,,,,,,,,
400,,,,,,,,
400,,,,,,,,
400,,,,,,,,
400,,,,,,,,
400,,,,,,,,
400,,,,,,,,
400,,,,,,,,
400,,,,,,,,
400,,,,,,,,
400,,,,,,,,
400,,,,,,,,
400,,,,,,,,
400,,,,,,,,
400,,,,,,,,
400,,,,,,,,
400,,,,,,,,
400,,,,,,,,
400,,,,,,,,
400,,,,,,,,
400,,,,,,,,
400,,,,,,,,
400,,,,,,,,
400,,,,,,,,
400,,,,,,,,
400,,,,,,,,
400,,,,,,,,
400,,,,,,,,
400,,,,,,,,
400,,,,,,,,
400,,,,,,,,
400,,,,,,,,
400,,,,,,,,
400,,,,,,,,
400,,,,,,,,
400,,,,,,,,
400,,,,,,,,
400,,,,,,,,
400,,,,,,,,
400,,,,,,,,
400,,,,,,,,
400,,,,,,,,
400,,,,,,,,
400,,,,,,,,
400,,,,,,,,
400,,,,,,,,
400,,,,,,,,
400,,,,,,,,
400,,,,,,,,
400,,,,,,,,
400,,,,,,,,
400,,,,,,,,
400,,,,,,,,
400,,,,,,,,
400,,,,,,,,
400,,,,,,,,
400,,,,,,,,
400,,,,,,,,
400,,,,,,,,
400,,,,,,,,
400,,,,,,,,
400,,,,,,,,
400,,,,,,,,
400,,,,,,,,
400,,,,,,,,
400,,,,,,,,
400,,,,,,,,
400,,,,,,,,
400,,,,,,,,
400,,,,,,,,
400,,,,,,,,
400,,,,,,,,
400,,,,,,,,
400,,,,,,,,
400,,,,,,,,
400,,,,,,,,
400,,,,,,,,
400,,,,,,,,
400,,,,,,,,
400,,,,,,,,
400,,,,,,,,
400,,,,,,,,
400,,,,,,,,
400,,,,,,,,
400,,,,,,,,
400,,,,,,,,
400,,,,,,,,
400,,,,,,,,
400,,,,,,,,
400,,,,,,,,
400,,,,,,,,
400,,,,,,,,
400,,,,,,,,
400,,,,,,,,
400,,,,,,,,
400,,,,,,,,
400,,,,,,,,
400,,,,,,,,
400,,,,,,,,
400,,,,,,,,
400,,,,,,,,
400,,,,,,,,
400,,,,,,,,
400,,,,,,,,
400,,,,,,,,
400,,,,,,,,
400,,,,,,,,
400,,,,,,,,
400,,,,,,,,
400,,,,,,,,
400,,,,,,,,
400,,,,,,,,
400,,,,,,,,
400,,,,,,,,
400,,,,,,,,
400,,,,,,,,
400,,,,,,,,
400,,,,,,,,
400,,,,,,,,
400,,,,,,,,
400,,,,,,,,
400,,,,,,,,
400,,,,,,,,
400,,,,,,,,
400,,,,,,,,
400,,,,,,,,
400,,,,,,,,
400,,,,,,,,
400,,,,,,,,
400,,,,,,,,
400,,,,,,,,
400,,,,,,,,
400,,,,,,,,
400,,,,,,,,
400,,,,,,,,
400,,,,,,,,
400,,,,,,,,
400,,,,,,,,
400,,,,,,,,
400,,,,,,,,
400,,,,,,,,
400,,,,,,,,
400,,,,,,,,
400,,,,,,,,
400,,,,,,,,
400,,,,,,,,
400,,,,,,,,
400,,,,,,,,
400,,,,,,,,
400,,,,,,,,
400,,,,,,,,
400,,,,,,,,
400,,,,,,,,
400,,,,,,,,
400,,,,,,,,
400,,,,,,,,
400,,,,,,,,
400,,,,,,,,
400,,,,,,,,
400,,,,,,,,
400,,,,,,,,
400,,,,,,,,
400,,,,,,,,
400,,,,,,,,
400,,,,,,,,
400,,,,,,,,
400,,,,,,,,
400,,,,,,,,
400,,,,,,,,
400,,,,,,,,
400,,,,,,,,
400,,,,,,,,
400,,,,,,,,
400,,,,,,,,
400,,,,,,,,
400,,,,,,,,
400,,,,,,,,
400,,,,,,,,
400,,,,,,,,
400,,,,,,,,
400,,,,,,,,
400,,,,,,,,
400,,,,,,,,
400,,,,,,,,
400,,,,,,,,
400,,,,,,,,
400,,,,,,,,
400,,,,,,,,
400,,,,,,,,
400,,,,,,,,
400,,,,,,,,
400,,,,,,,,
400,,,,,,,,
400,,,,,,,,
400,,,,,,,,
400,,,,,,,,
400,,,,,,,,
400,,,,,,,,
400,,,,,,,,
400,,,,,,,,
400,,,,,,,,
400,,,,,,,,
400,,,,,,,,
400,,,,,,,,
400,,,,,,,,
400,,,,,,,,
400,,,,,,,,
400,,,,,,,,
400,,,,,,,,
400,,,,,,,,
400,,,,,,,,
400,,,,,,,,
400,,,,,,,,
400,,,,,,,,
400,,,,,,,,
400,,,,,,,,
400,,,,,,,,
400,,,,,,,,
400,,,,,,,,
400,,,,,,,,
400,,,,,,,,
400,,,,,,,,
400,,,,,,,,
400,,,,,,,,
400,,,,,,,,
400,,,,,,,,
400,,,,,,,,
400,,,,,,,,
400,,,,,,,,
400,,,,,,,,
400,,,,,,,,
400,,,,,,,,
400,,,,,,,,
400,,,,,,,,
400,,,,,,,,
400,,,,,,,,
400,,,,,,,,
400,,,,,,,,
400,,,,,,,,
400,,,,,,,,
400,,,,,,,,
400,,,,,,,,
400,,,,,,,,
400,,,,,,,,
400,,,,,,,,
400,,,,,,,,
400,,,,,,,,
400,,,,,,,,
400,,,,,,,,
400,,,,,,,,
400,,,,,,,,
400,,,,,,,,
400,,,,,,,,
400,,,,,,,,
400,,,,,,,,
400,,,,,,,,
400,,,,,,,,
400,,,,,,,,
400,,,,,,,,
400,,,,,,,,
400,,,,,,,,
400,,,,,,,,
400,,,,,,,,
400,,,,,,,,
400,,,,,,,,
400,,,,,,,,
400,,,,,,,,
400,,,,,,,,
400,,,,,,,,
400,,,,,,,,
400,,,,,,,,
400,,,,,,,,
400,,,,,,,,
400,,,,,,,,
400,,,,,,,,
400,,,,,,,,
400,,,,,,,,
400,,,,,,,,
400,,,,,,,,
400,,,,,,,,
400,,,,,,,,
400,,,,,,,,
400,,,,,,,,
400,,,,,,,,
400,,,,,,,,
400,,,,,,,,
400,,,,,,,,
400,,,,,,,,
400,,,,,,,,
400,,,,,,,,
400,,,,,,,,
400,,,,,,,,
400,,,,,,,,
400,,,,,,,,
400,,,,,,,,
400,,,,,,,,
400,,,,,,,,
400,,,,,,,,
400,,,,,,,,
400,,,,,,,,
400,,,,,,,,
400,,,,,,,,
400,,,,,,,,
400,,,,,,,,
400,,,,,,,,
400,,,,,,,,
400,,,,,,,,
400,,,,,,,,
400,,,,,,,,
400,,,,,,,,
400,,,,,,,,
400,,,,,,,,
400,,,,,,,,
400,,,,,,,,
400,,,,,,,,
400,,,,,,,,
400,,,,,,,,
400,,,,,,,,
400,,,,,,,,
400,,,,,,,,
400,,,,,,,,
400,,,,,,,,
400,,,,,,,,
400,,,,,,,,
400,,,,,,,,
400,,,,,,,,
400,,,,,,,,
400,,,,,,,,
400,,,,,,,,
400,,,,,,,,
400,,,,,,,,
400,,,,,,,,
400,,,,,,,,
400,,,,,,,,
400,,,,,,,,
400,,,,,,,,
400,,,,,,,,
400,,,,,,,,
400,,,,,,,,
400,,,,,,,,
400,,,,,,,,
400,,,,,,,,
400,,,,,,,,
400,,,,,,,,
400,,,,,,,,
400,,,,,,,,
400,,,,,,,,
400,,,,,,,,
400,,,,,,,,
400,,,,,,,,
400,,,,,,,,
400,,,,,,,,
400,,,,,,,,
400,,,,,,,,
400,,,,,,,,
400,,,,,,,,
400,,,,,,,,
400,,,,,,,,
400,,,,,,,,
400,,,,,,,,
400,,,,,,,,
400,,,,,,,,
400,,,,,,,,
400,,,,,,,,
400,,,,,,,,
400,,,,,,,,
400,,,,,,,,
400,,,,,,,,
400,,,,,,,,
400,,,,,,,,
400,,,,,,,,
400,,,,,,,,
400,,,,,,,,
400,,,,,,,,
400,,,,,,,,
400,,,,,,,,
400,,,,,,,,
400,,,,,,,,
400,,,,,,,,
400,,,,,,,,
400,,,,,,,,
400,,,,,,,,
400,,,,,,,,
400,,,,,,,,
400,,,,,,,,
400,,,,,,,,
400,,,,,,,,
400,,,,,,,,
400,,,,,,,,
400,,,,,,,,
400,,,,,,,,
400,,,,,,,,
400,,,,,,,,
400,,,,,,,,
400,,,,,,,,
400,,,,,,,,
400,,,,,,,,
400,,,,,,,,
400,,,,,,,,
400,,,,,,,,
400,,,,,,,,
400,,,,,,,,
400,,,,,,,,
400,,,,,,,,
400,,,,,,,,
400,,,,,,,,
400,,,,,,,,
400,,,,,,,,
400,,,,,,,,
400,,,,,,,,
400,,,,,,,,
400,,,,,,,,
400,,,,,,,,
400,,,,,,,,
400,,,,,,,,
400,,,,,,,,
400,,,,,,,,
400,,,,,,,,
400,,,,,,,,
400,,,,,,,,
400,,,,,,,,
400,,,,,,,,
400,,,,,,,,
400,,,,,,,,
400,,,,,,,,
400,,,,,,,,
400,,,,,,,,
400,,,,,,,,
400,,,,,,,,
400,,,,,,,,
400,,,,,,,,
400,,,,,,,,
400,,,,,,,,
400,,,,,,,,
400,,,,,,,,
400,,,,,,,,
400,,,,,,,,
400,,,,,,,,
400,,,,,,,,
400,,,,,,,,
400,,,,,,,,
400,,,,,,,,
400,,,,,,,,
400,,,,,,,,
400,,,,,,,,
400,,,,,,,,
400,,,,,,,,
400,,,,,,,,
400,,,,,,,,
400,,,,,,,,
400,,,,,,,,
400,,,,,,,,
400,,,,,,,,
400,,,,,,,,
400,,,,,,,,
400,,,,,,,,
400,,,,,,,,
400,,,,,,,,
400,,,,,,,,
400,,,,,,,,
400,,,,,,,,
400,,,,,,,,
400,,,,,,,,
400,,,,,,,,
400,,,,,,,,
400,,,,,,,,
400,,,,,,,,
400,,,,,,,,
400,,,,,,,,
400,,,,,,,,
400,,,,,,,,
400,,,,,,,,
400,,,,,,,,
400,,,,,,,,
400,,,,,,,,
400,,,,,,,,
400,,,,,,,,
400,,,,,,,,
400,,,,,,,,
400,,,,,,,,
400,,,,,,,,
400,,,,,,,,
400,,,,,,,,
400,,,,,,,,
400,,,,,,,,
400,,,,,,,,
400,,,,,,,,
400,,,,,,,,
400,,,,,,,,
400,,,,,,,,
400,,,,,,,,
400,,,,,,,,
400,,,,,,,,
400,,,,,,,,
400,,,,,,,,
400,,,,,,,,
400,,,,,,,,
400,,,,,,,,
400,,,,,,,,
400,,,,,,,,
400,,,,,,,,
400,,,,,,,,
400,,,,,,,,
400,,,,,,,,
400,,,,,,,,
400,,,,,,,,
400,,,,,,,,
400,,,,,,,,
400,,,,,,,,
400,,,,,,,,
400,,,,,,,,
400,,,,,,,,
400,,,,,,,,
400,,,,,,,,
400,,,,,,,,
400,,,,,,,,
400,,,,,,,,
400,,,,,,,,
400,,,,,,,,
400,,,,,,,,
400,,,,,,,,
400,,,,,,,,
400,,,,,,,,
400,,,,,,,,
400,,,,,,,,
400,,,,,,,,
400,,,,,,,,
400,,,,,,,,
400,,,,,,,,
400,,,,,,,,
400,,,,,,,,
400,,,,,,,,
400,,,,,,,,
400,,,,,,,,
400,,,,,,,,
400,,,,,,,,
400,,,,,,,,
400,,,,,,,,
400,,,,,,,,
400,,,,,,,,
400,,,,,,,,
400,,,,,,,,
400,,,,,,,,
400,,,,,,,,
400,,,,,,,,
400,,,,,,,,
400,,,,,,,,
400,,,,,,,,
400,,,,,,,,
400,,,,,,,,
400,,,,,,,,
400,,,,,,,,
400,,,,,,,,
400,,,,,,,,
400,,,,,,,,
400,,,,,,,,
400,,,,,,,,
400,,,,,,,,
400,,,,,,,,
400,,,,,,,,
400,,,,,,,,
400,,,,,,,,
400,,,,,,,,
400,,,,,,,,
400,,,,,,,,
400,,,,,,,,
400,,,,,,,,
400,,,,,,,,
400,,,,,,,,
400,,,,,,,,
400,,,,,,,,
400,,,,,,,,
400,,,,,,,,
400,,,,,,,,
400,,,,,,,,
400,,,,,,,,
400,,,,,,,,
400,,,,,,,,
400,,,,,,,,
400,,,,,,,,
400,,,,,,,,
400,,,,,,,,
400,,,,,,,,
400,,,,,,,,
400,,,,,,,,
400,,,,,,,,
400,,,,,,,,
400,,,,,,,,
400,,,,,,,,
400,,,,,,,,
400,,,,,,,,
400,,,,,,,,
400,,,,,,,,
400,,,,,,,,
400,,,,,,,,
400,,,,,,,,
400,,,,,,,,
400,,,,,,,,
400,,,,,,,,
400,,,,,,,,
400,,,,,,,,
400,,,,,,,,
400,,,,,,,,
400,,,,,,,,
400,,,,,,,,
400,,,,,,,,
400,,,,,,,,
400,,,,,,,,
400,,,,,,,,
400,,,,,,,,
400,,,,,,,,
400,,,,,,,,
400,,,,,,,,
400,,,,,,,,
400,,,,,,,,
400,,,,,,,,
400,,,,,,,,
400,,,,,,,,
400,,,,,,,,
400,,,,,,,,
400,,,,,,,,
400,,,,,,,,
400,,,,,,,,
400,,,,,,,,
400,,,,,,,,
400,,,,,,,,
400,,,,,,,,
400,,,,,,,,
400,,,,,,,,
400,,,,,,,,
400,,,,,,,,
400,,,,,,,,
400,,,,,,,,
400,,,,,,,,
400,,,,,,,,
400,,,,,,,,
400,,,,,,,,
400,,,,,,,,
400,,,,,,,,
400,,,,,,,,
400,,,,,,,,
400,,,,,,,,
400,,,,,,,,
400,,,,,,,,
400,,,,,,,,
400,,,,,,,,
400,,,,,,,,
400,,,,,,,,
400,,,,,,,,
400,,,,,,,,
400,,,,,,,,
400,,,,,,,,
400,,,,,,,,
400,,,,,,,,
400,,,,,,,,
400,,,,,,,,
400,,,,,,,,
400,,,,,,,,
400,,,,,,,,
400,,,,,,,,
400,,,,,,,,
400,,,,,,,,
400,,,,,,,,
400,,,,,,,,
400,,,,,,,,
400,,,,,,,,
400,,,,,,,,
400,,,,,,,,
400,,,,,,,,
400,,,,,,,,
400,,,,,,,,
400,,,,,,,,
400,,,,,,,,
400,,,,,,,,
400,,,,,,,,
400,,,,,,,,
400,,,,,,,,
400,,,,,,,,
400,,,,,,,,
400,,,,,,,,
400,,,,,,,,
400,,,,,,,,
400,,,,,,,,
400,,,,,,,,
400,,,,,,,,
400,,,,,,,,
400,,,,,,,,
400,,,,,,,,
400,,,,,,,,
400,,,,,,,,
400,,,,,,,,
400,,,,,,,,
400,,,,,,,,
400,,,,,,,,
400,,,,,,,,
400,,,,,,,,
400,,,,,,,,
400,,,,,,,,
400,,,,,,,,
400,,,,,,,,
400,,,,,,,,
400,,,,,,,,
400,,,,,,,,
400,,,,,,,,
400,,,,,,,,
400,,,,,,,,
400,,,,,,,,
400,,,,,,,,
400,,,,,,,,
400,,,,,,,,
400,,,,,,,,
400,,,,,,,,
400,,,,,,,,
400,,,,,,,,
400,,,,,,,,
400,,,,,,,,
400,,,,,,,,
400,,,,,,,,
400,,,,,,,,
400,,,,,,,,
400,,,,,,,,
400,,,,,,,,
400,,,,,,,,
400,,,,,,,,
400,,,,,,,,
400,,,,,,,,
400,,,,,,,,
400,,,,,,,,
400,,,,,,,,
400,,,,,,,,
400,,,,,,,,
400,,,,,,,,
400,,,,,,,,
400,,,,,,,,
400,,,,,,,,
400,,,,,,,,
400,,,,,,,,
400,,,,,,,,
400,,,,,,,,
400,,,,,,,,
400,,,,,,,,
400,,,,,,,,
400,,,,,,,,
400,,,,,,,,
400,,,,,,,,
400,,,,,,,,
400,,,,,,,,
400,,,,,,,,
400,,,,,,,,
400,,,,,,,,
400,,,,,,,,
400,,,,,,,,
400,,,,,,,,
400,,,,,,,,
400,,,,,,,,
400,,,,,,,,
400,,,,,,,,
400,,,,,,,,
400,,,,,,,,
400,,,,,,,,
400,,,,,,,,
400,,,,,,,,
400,,,,,,,,
400,,,,,,,,
400,,,,,,,,
400,,,,,,,,
400,,,,,,,,
400,,,,,,,,
400,,,,,,,,
400,,,,,,,,
400,,,,,,,,
400,,,,,,,,
400,,,,,,,,
400,,,,,,,,
400,,,,,,,,
400,,,,,,,,
400,,,,,,,,
400,,,,,,,,
400,,,,,,,,
400,,,,,,,,
400,,,,,,,,
400,,,,,,,,
400,,,,,,,,
400,,,,,,,,
400,,,,,,,,
400,,,,,,,,
400,,,,,,,,
400,,,,,,,,
400,,,,,,,,
400,,,,,,,,
400,,,,,,,,
400,,,,,,,,
400,,,,,,,,
400,,,,,,,,
400,,,,,,,,
400,,,,,,,,
400,,,,,,,,
400,,,,,,,,
400,,,,,,,,
400,,,,,,,,
400,,,,,,,,
400,,,,,,,,
400,,,,,,,,
400,,,,,,,,
400,,,,,,,,
400,,,,,,,,
400,,,,,,,,
400,,,,,,,,
400,,,,,,,,
400,,,,,,,,
400,,,,,,,,
400,,,,,,,,
400,,,,,,,,
400,,,,,,,,
400,,,,,,,,
400,,,,,,,,
400,,,,,,,,
400,,,,,,,,
400,,,,,,,,
400,,,,,,,,
400,,,,,,,,
400,,,,,,,,
400,,,,,,,,
400,,,,,,,,
400,,,,,,,,
400,,,,,,,,
400,,,,,,,,
400,,,,,,,,
400,,,,,,,,
400,,,,,,,,
400,,,,,,,,
400,,,,,,,,
400,,,,,,,,
400,,,,,,,,
400,,,,,,,,
400,,,,,,,,
400,,,,,,,,
400,,,,,,,,
400,,,,,,,,
400,,,,,,,,
400,,,,,,,,
400,,,,,,,,
400,,,,,,,,
400,,,,,,,,
400,,,,,,,,
400,,,,,,,,
400,,,,,,,,
400,,,,,,,,
400,,,,,,,,
400,,,,,,,,
400,,,,,,,,
400,,,,,,,,
400,,,,,,,,
400,,,,,,,,
400,,,,,,,,
400,,,,,,,,
400,,,,,,,,
400,,,,,,,,
400,,,,,,,,
400,,,,,,,,
400,,,,,,,,
400,,,,,,,,
400,,,,,,,,
400,,,,,,,,
400,,,,,,,,
400,,,,,,,,
400,,,,,,,,
400,,,,,,,,
400,,,,,,,,
400,,,,,,,,
400,,,,,,,,
400,,,,,,,,
400,,,,,,,,
400,,,,,,,,
400,,,,,,,,
400,,,,,,,,
400,,,,,,,,
400,,,,,,,,
400,,,,,,,,
400,,,,,,,,
400,,,,,,,,
400,,,,,,,,
400,,,,,,,,
400,,,,,,,,
400,,,,,,,,
400,,,,,,,,
400,,,,,,,,
400,,,,,,,,
400,,,,,,,,
400,,,,,,,,
400,,,,,,,,
400,,,,,,,,
400,,,,,,,,
400,,,,,,,,
400,,,,,,,,
400,,,,,,,,
400,,,,,,,,
400,,,,,,,,
400,,,,,,,,
400,,,,,,,,
400,,,,,,,,
400,,,,,,,,
400,,,,,,,,
400,,,,,,,,
400,,,,,,,,
400,,,,,,,,
400,,,,,,,,
400,,,,,,,,
400,,,,,,,,
400,,,,,,,,
400,,,,,,,,
400,,,,,,,,
400,,,,,,,,
400,,,,,,,,
400,,,,,,,,
400,,,,,,,,
400,,,,,,,,
400,,,,,,,,
400,,,,,,,,
400,,,,,,,,
400,,,,,,,,
400,,,,,,,,
400,,,,,,,,
400,,,,,,,,
400,,,,,,,,
400,,,,,,,,
400,,,,,,,,
400,,,,,,,,
400,,,,,,,,
400,,,,,,,,
400,,,,,,,,
400,,,,,,,,
400,,,,,,,,
400,,,,,,,,
400,,,,,,,,
400,,,,,,,,
400,,,,,,,,
400,,,,,,,,
400,,,,,,,,
400,,,,,,,,
400,,,,,,,,
400,,,,,,,,
400,,,,,,,,
400,,,,,,,,
400,,,,,,,,
400,,,,,,,,
400,,,,,,,,
400,,,,,,,,
400,,,,,,,,
400,,,,,,,,
400,,,,,,,,
400,,,,,,,,
400,,,,,,,,
400,,,,,,,,
400,,,,,,,,
400,,,,,,,,
400,,,,,,,,
400,,,,,,,,
400,,,,,,,,
400,,,,,,,,
400,,,,,,,,
400,,,,,,,,
400,,,,,,,,
400,,,,,,,,
400,,,,,,,,
400,,,,,,,,
400,,,,,,,,
400,,,,,,,,
400,,,,,,,,
400,,,,,,,,
400,,,,,,,,
400,,,,,,,,
400,,,,,,,,
400,,,,,,,,
400,,,,,,,,
400,,,,,,,,
400,,,,,,,,
400,,,,,,,,
400,,,,,,,,
400,,,,,,,,
400,,,,,,,,
400,,,,,,,,
400,,,,,,,,
400,,,,,,,,
400,,,,,,,,
400,,,,,,,,
400,,,,,,,,
400,,,,,,,,
400,,,,,,,,
400,,,,,,,,
400,,,,,,,,
400,,,,,,,,
400,,,,,,,,
400,,,,,,,,
400,,,,,,,,
400,,,,,,,,
400,,,,,,,,
400,,,,,,,,
400,,,,,,,,
400,,,,,,,,
400,,,,,,,,
400,,,,,,,,
400,,,,,,,,
400,,,,,,,,
400,,,,,,,,
400,,,,,,,,
400,,,,,,,,
400,,,,,,,,
400,,,,,,,,
400,,,,,,,,
400,,,,,,,,
400,,,,,,,,
400,,,,,,,,
400,,,,,,,,
400,,,,,,,,
400,,,,,,,,
400,,,,,,,,
400,,,,,,,,
400,,,,,,,,
400,,,,,,,,
400,,,,,,,,
400,,,,,,,,
400,,,,,,,,
400,,,,,,,,
400,,,,,,,,
400,,,,,,,,
400,,,,,,,,
400,,,,,,,,
400,,,,,,,,
400,,,,,,,,
400,,,,,,,,
400,,,,,,,,
400,,,,,,,,
400,,,,,,,,
400,,,,,,,,
400,,,,,,,,
400,,,,,,,,
400,,,,,,,,
400,,,,,,,,
400,,,,,,,,
400,,,,,,,,
400,,,,,,,,
400,,,,,,,,
400,,,,,,,,
400,,,,,,,,
400,,,,,,,,
400,,,,,,,,
400,,,,,,,,
400,,,,,,,,
400,,,,,,,,
400,,,,,,,,
400,,,,,,,,
400,,,,,,,,
400,,,,,,,,
400,,,,,,,,
400,,,,,,,,
400,,,,,,,,
400,,,,,,,,
400,,,,,,,,
400,,,,,,,,
400,,,,,,,,
400,,,,,,,,
400,,,,,,,,
400,,,,,,,,
400,,,,,,,,
400,,,,,,,,
400,,,,,,,,
400,,,,,,,,
400,,,,,,,,
400,,,,,,,,
400,,,,,,,,
400,,,,,,,,
400,,,,,,,,
400,,,,,,,,
400,,,,,,,,
400,,,,,,,,
400,,,,,,,,
400,,,,,,,,
400,,,,,,,,
400,,,,,,,,
400,,,,,,,,
400,,,,,,,,
400,,,,,,,,
400,,,,,,,,
400,,,,,,,,
400,,,,,,,,
400,,,,,,,,
400,,,,,,,,
400,,,,,,,,
400,,,,,,,,
400,,,,,,,,
400,,,,,,,,
400,,,,,,,,
400,,,,,,,,
400,,,,,,,,
400,,,,,,,,
400,,,,,,,,
400,,,,,,,,
400,,,,,,,,
400,,,,,,,,
400,,,,,,,,
400,,,,,,,,
400,,,,,,,,
400,,,,,,,,
400,,,,,,,,
400,,,,,,,,
400,,,,,,,,
400,,,,,,,,
400,,,,,,,,
400,,,,,,,,
400,,,,,,,,
400,,,,,,,,
400,,,,,,,,
400,,,,,,,,
400,,,,,,,,
400,,,,,,,,
400,,,,,,,,
400,,,,,,,,
400,,,,,,,,
400,,,,,,,,
400,,,,,,,,
400,,,,,,,,
400,,,,,,,,
400,,,,,,,,
400,,,,,,,,
400,,,,,,,,
400,,,,,,,,
400,,,,,,,,
400,,,,,,,,
400,,,,,,,,
400,,,,,,,,
400,,,,,,,,
400,,,,,,,,
400,,,,,,,,
400,,,,,,,,
400,,,,,,,,
400,,,,,,,,
400,,,,,,,,
400,,,,,,,,
400,,,,,,,,
400,,,,,,,,
400,,,,,,,,
400,,,,,,,,
400,,,,,,,,
400,,,,,,,,
400,,,,,,,,
400,,,,,,,,
400,,,,,,,,
400,,,,,,,,
400,,,,,,,,
400,,,,,,,,
400,,,,,,,,
400,,,,,,,,
400,,,,,,,,
400,,,,,,,,
400,,,,,,,,
400,,,,,,,,
400,,,,,,,,
400,,,,,,,,
400,,,,,,,,
400,,,,,,,,
400,,,,,,,,
400,,,,,,,,
400,,,,,,,,
400,,,,,,,,
400,,,,,,,,
400,,,,,,,,
400,,,,,,,,
400,,,,,,,,
400,,,,,,,,
400,,,,,,,,
400,,,,,,,,
400,,,,,,,,
400,,,,,,,,
400,,,,,,,,
400,,,,,,,,
400,,,,,,,,
400,,,,,,,,
400,,,,,,,,
400,,,,,,,,
400,,,,,,,,
400,,,,,,,,
400,,,,,,,,
400,,,,,,,,
400,,,,,,,,
400,,,,,,,,
400,,,,,,,,
400,,,,,,,,
400,,,,,,,,
400,,,,,,,,
400,,,,,,,,
400,,,,,,,,
400,,,,,,,,
400,,,,,,,,
400,,,,,,,,
400,,,,,,,,
400,,,,,,,,
400,,,,,,,,
400,,,,,,,,
400,,,,,,,,
400,,,,,,,,
400,,,,,,,,
400,,,,,,,,
400,,,,,,,,
400,,,,,,,,
400,,,,,,,,
400,,,,,,,,
400,,,,,,,,
400,,,,,,,,
400,,,,,,,,
400,,,,,,,,
400,,,,,,,,
400,,,,,,,,
400,,,,,,,,
400,,,,,,,,
400,,,,,,,,
400,,,,,,,,
400,,,,,,,,
400,,,,,,,,
400,,,,,,,,
400,,,,,,,,
400,,,,,,,,
400,,,,,,,,
400,,,,,,,,
400,,,,,,,,
400,,,,,,,,
400,,,,,,,,
400,,,,,,,,
400,,,,,,,,
400,,,,,,,,
400,,,,,,,,
400,,,,,,,,
400,,,,,,,,
400,,,,,,,,
400,,,,,,,,
400,,,,,,,,
400,,,,,,,,
400,,,,,,,,
400,,,,,,,,
400,,,,,,,,
400,,,,,,,,
400,,,,,,,,
400,,,,,,,,
400,,,,,,,,
400,,,,,,,,
400,,,,,,,,
400,,,,,,,,
400,,,,,,,,
400,,,,,,,,
400,,,,,,,,
400,,,,,,,,
400,,,,,,,,
400,,,,,,,,
400,,,,,,,,
400,,,,,,,,
400,,,,,,,,
400,,,,,,,,
400,,,,,,,,
400,,,,,,,,
400,,,,,,,,
400,,,,,,,,
400,,,,,,,,
400,,,,,,,,
400,,,,,,,,
400,,,,,,,,
400,,,,,,,,
400,,,,,,,,
400,,,,,,,,
400,,,,,,,,
400,,,,,,,,
400,,,,,,,,
400,,,,,,,,
400,,,,,,,,
400,,,,,,,,
400,,,,,,,,
400,,,,,,,,
400,,,,,,,,
400,,,,,,,,
400,,,,,,,,
400,,,,,,,,
400,,,,,,,,
400,,,,,,,,
400,,,,,,,,
400,,,,,,,,
400,,,,,,,,
400,,,,,,,,
400,,,,,,,,
400,,,,,,,,
400,,,,,,,,
400,,,,,,,,
400,,,,,,,,
400,,,,,,,,
400,,,,,,,,
400,,,,,,,,
400,,,,,,,,
400,,,,,,,,
400,,,,,,,,
400,,,,,,,,
400,,,,,,,,
400,,,,,,,,
400,,,,,,,,
400,,,,,,,,
400,,,,,,,,
400,,,,,,,,
400,,,,,,,,
400,,,,,,,,
400,,,,,,,,
400,,,,,,,,
400,,,,,,,,
400,,,,,,,,
400,,,,,,,,
400,,,,,,,,
400,,,,,,,,
400,,,,,,,,
400,,,,,,,,
400,,,,,,,,
400,,,,,,,,
400,,,,,,,,
400,,,,,,,,
400,,,,,,,,
400,,,,,,,,
400,,,,,,,,
400,,,,,,,,
400,,,,,,,,
400,,,,,,,,
400,,,,,,,,
400,,,,,,,,
400,,,,,,,,
400,,,,,,,,
400,,,,,,,,
400,,,,,,,,
400,,,,,,,,
400,,,,,,,,
400,,,,,,,,
400,,,,,,,,
400,,,,,,,,
400,,,,,,,,
400,,,,,,,,
400,,,,,,,,
400,,,,,,,,
400,,,,,,,,
400,,,,,,,,
400,,,,,,,,
400,,,,,,,,
400,,,,,,,,
400,,,,,,,,
400,,,,,,,,
400,,,,,,,,
400,,,,,,,,
400,,,,,,,,
400,,,,,,,,
400,,,,,,,,
400,,,,,,,,
400,,,,,,,,
400,,,,,,,,
400,,,,,,,,
400,,,,,,,,
400,,,,,,,,
400,,,,,,,,
400,,,,,,,,
400,,,,,,,,
400,,,,,,,,
400,,,,,,,,
400,,,,,,,,
400,,,,,,,,
400,,,,,,,,
400,,,,,,,,
400,,,,,,,,
400,,,,,,,,
400,,,,,,,,
400,,,,,,,,
400,,,,,,,,
400,,,,,,,,
400,,,,,,,,
400,,,,,,,,
400,,,,,,,,
400,,,,,,,,
400,,,,,,,,
400,,,,,,,,
400,,,,,,,,
400,,,,,,,,
400,,,,,,,,
400,,,,,,,,
400,,,,,,,,
400,,,,,,,,
400,,,,,,,,
400,,,,,,,,
400,,,,,,,,
400,,,,,,,,
400,,,,,,,,
400,,,,,,,,
400,,,,,,,,
400,,,,,,,,
400,,,,,,,,
400,,,,,,,,
400,,,,,,,,
400,,,,,,,,
400,,,,,,,,
400,,,,,,,,
400,,,,,,,,
400,,,,,,,,
400,,,,,,,,
400,,,,,,,,
400,,,,,,,,
400,,,,,,,,
400,,,,,,,,
400,,,,,,,,
400,,,,,,,,
400,,,,,,,,
400,,,,,,,,
400,,,,,,,,
400,,,,,,,,
400,,,,,,,,
400,,,,,,,,
400,,,,,,,,
400,,,,,,,,
400,,,,,,,,
400,,,,,,,,
400,,,,,,,,
400,,,,,,,,
400,,,,,,,,
400,,,,,,,,
400,,,,,,,,
400,,,,,,,,
400,,,,,,,,
400,,,,,,,,
400,,,,,,,,
400,,,,,,,,
400,,,,,,,,
400,,,,,,,,
400,,,,,,,,
400,,,,,,,,
400,,,,,,,,
400,,,,,,,,
400,,,,,,,,
400,,,,,,,,
400,,,,,,,,
400,,,,,,,,
400,,,,,,,,
400,,,,,,,,
400,,,,,,,,
400,,,,,,,,
400,,,,,,,,
400,,,,,,,,
400,,,,,,,,
400,,,,,,,,
400,,,,,,,,
400,,,,,,,,
400,,,,,,,,
400,,,,,,,,
400,,,,,,,,
400,,,,,,,,
400,,,,,,,,
400,,,,,,,,
400,,,,,,,,
400,,,,,,,,
400,,,,,,,,
400,,,,,,,,
400,,,,,,,,
400,,,,,,,,
400,,,,,,,,
400,,,,,,,,
400,,,,,,,,
400,,,,,,,,
400,,,,,,,,
400,,,,,,,,
400,,,,,,,,
400,,,,,,,,
400,,,,,,,,
400,,,,,,,,
400,,,,,,,,
400,,,,,,,,
400,,,,,,,,
400,,,,,,,,
400,,,,,,,,
400,,,,,,,,
400,,,,,,,,
400,,,,,,,,
400,,,,,,,,
400,,,,,,,,
400,,,,,,,,
400,,,,,,,,
400,,,,,,,,
400,,,,,,,,
400,,,,,,,,
400,,,,,,,,
400,,,,,,,,
400,,,,,,,,
400,,,,,,,,
400,,,,,,,,
400,,,,,,,,
400,,,,,,,,
400,,,,,,,,
400,,,,,,,,
400,,,,,,,,
400,,,,,,,,
400,,,,,,,,
400,,,,,,,,
400,,,,,,,,
400,,,,,,,,
400,,,,,,,,
400,,,,,,,,
400,,,,,,,,
400,,,,,,,,
400,,,,,,,,
400,,,,,,,,
400,,,,,,,,
400,,,,,,,,
400,,,,,,,,
400,,,,,,,,
400,,,,,,,,
400,,,,,,,,
400,,,,,,,,
400,,,,,,,,
400,,,,,,,,
400,,,,,,,,
400,,,,,,,,
400,,,,,,,,
400,,,,,,,,
400,,,,,,,,
400,,,,,,,,
400,,,,,,,,
400,,,,,,,,
400,,,,,,,,
400,,,,,,,,
400,,,,,,,,
400,,,,,,,,
400,,,,,,,,
400,,,,,,,,
400,,,,,,,,
400,,,,,,,,
400,,,,,,,,
400,,,,,,,,
400,,,,,,,,
400,,,,,,,,
400,,,,,,,,
400,,,,,,,,
400,,,,,,,,
400,,,,,,,,
400,,,,,,,,
400,,,,,,,,
400,,,,,,,,
400,,,,,,,,
400,,,,,,,,
400,,,,,,,,
400,,,,,,,,
400,,,,,,,,
400,,,,,,,,
400,,,,,,,,
400,,,,,,,,
400,,,,,,,,
400,,,,,,,,
400,,,,,,,,
400,,,,,,,,
400,,,,,,,,
400,,,,,,,,
400,,,,,,,,
400,,,,,,,,
400,,,,,,,,
400,,,,,,,,
400,,,,,,,,
400,,,,,,,,
400,,,,,,,,
400,,,,,,,,
400,,,,,,,,
400,,,,,,,,
400,,,,,,,,
400,,,,,,,,
400,,,,,,,,
400,,,,,,,,
400,,,,,,,,
400,,,,,,,,
400,,,,,,,,
400,,,,,,,,
400,,,,,,,,
400,,,,,,,,
400,,,,,,,,
400,,,,,,,,
400,,,,,,,,
400,,,,,,,,
400,,,,,,,,
400,,,,,,,,
400,,,,,,,,
400,,,,,,,,
400,,,,,,,,
400,,,,,,,,
400,,,,,,,,
400,,,,,,,,
400,,,,,,,,
400,,,,,,,,
400,,,,,,,,
400,,,,,,,,
400,,,,,,,,
400,,,,,,,,
400,,,,,,,,
400,,,,,,,,
400,,,,,,,,
400,,,,,,,,
400,,,,,,,,
400,,,,,,,,
400,,,,,,,,
400,,,,,,,,
400,,,,,,,,
400,,,,,,,,
400,,,,,,,,
400,,,,,,,,
400,,,,,,,,
400,,,,,,,,
400,,,,,,,,
400,,,,,,,,
400,,,,,,,,
400,,,,,,,,
400,,,,,,,,
400,,,,,,,,
400,,,,,,,,
400,,,,,,,,
400,,,,,,,,
400,,,,,,,,
400,,,,,,,,
400,,,,,,,,
400,,,,,,,,
400,,,,,,,,
400,,,,,,,,
400,,,,,,,,
400,,,,,,,,
400,,,,,,,,
400,,,,,,,,
400,,,,,,,,
400,,,,,,,,
400,,,,,,,,
400,,,,,,,,
400,,,,,,,,
400,,,,,,,,
400,,,,,,,,
400,,,,,,,,
400,,,,,,,,
400,,,,,,,,
400,,,,,,,,
400,,,,,,,,
400,,,,,,,,
400,,,,,,,,
400,,,,,,,,
400,,,,,,,,
400,,,,,,,,
400,,,,,,,,
400,,,,,,,,
400,,,,,,,,
400,,,,,,,,
400,,,,,,,,
400,,,,,,,,
400,,,,,,,,
400,,,,,,,,
400,,,,,,,,
400,,,,,,,,
400,,,,,,,,
400,,,,,,,,
400,,,,,,,,
400,,,,,,,,
400,,,,,,,,
400,,,,,,,,
400,,,,,,,,
400,,,,,,,,
400,,,,,,,,
400,,,,,,,,
400,,,,,,,,
400,,,,,,,,
400,,,,,,,,
400,,,,,,,,
400,,,,,,,,
400,,,,,,,,
400,,,,,,,,
400,,,,,,,,
400,,,,,,,,
400,,,,,,,,
400,,,,,,,,
400,,,,,,,,
400,,,,,,,,
400,,,,,,,,
400,,,,,,,,
400,,,,,,,,
400,,,,,,,,
400,,,,,,,,
400,,,,,,,,
400,,,,,,,,
400,,,,,,,,
400,,,,,,,,
400,,,,,,,,
400,,,,,,,,
400,,,,,,,,
400,,,,,,,,
400,,,,,,,,
400,,,,,,,,
400,,,,,,,,
400,,,,,,,,
400,,,,,,,,
400,,,,,,,,
400,,,,,,,,
400,,,,,,,,
400,,,,,,,,
400,,,,,,,,
400,,,,,,,,
400,,,,,,,,
400,,,,,,,,
400,,,,,,,,
400,,,,,,,,
400,,,,,,,,
400,,,,,,,,
400,,,,,,,,
400,,,,,,,,
400,,,,,,,,
400,,,,,,,,
400,,,,,,,,
400,,,,,,,,
400,,,,,,,,
400,,,,,,,,
400,,,,,,,,
400,,,,,,,,
400,,,,,,,,
400,,,,,,,,
400,,,,,,,,
400,,,,,,,,
400,,,,,,,,
400,,,,,,,,
400,,,,,,,,
400,,,,,,,,
400,,,,,,,,
400,,,,,,,,
400,,,,,,,,
400,,,,,,,,
400,,,,,,,,
400,,,,,,,,
400,,,,,,,,
400,,,,,,,,
400,,,,,,,,
400,,,,,,,,
400,,,,,,,,
400,,,,,,,,
400,,,,,,,,
400,,,,,,,,
400,,,,,,,,
400,,,,,,,,
400,,,,,,,,
400,,,,,,,,
400,,,,,,,,
400,,,,,,,,
400,,,,,,,,
400,,,,,,,,
400,,,,,,,,
400,,,,,,,,
400,,,,,,,,
400,,,,,,,,
400,,,,,,,,
400,,,,,,,,
400,,,,,,,,
400,,,,,,,,
400,,,,,,,,
400,,,,,,,,
400,,,,,,,,
400,,,,,,,,
400,,,,,,,,
400,,,,,,,,
400,,,,,,,,
400,,,,,,,,
400,,,,,,,,
400,,,,,,,,
400,,,,,,,,
400,,,,,,,,
400,,,,,,,,
400,,,,,,,,
400,,,,,,,,
400,,,,,,,,
400,,,,,,,,
400,,,,,,,,
400,,,,,,,,
400,,,,,,,,
400,,,,,,,,
400,,,,,,,,
400,,,,,,,,
400,,,,,,,,
400,,,,,,,,
400,,,,,,,,
400,,,,,,,,
400,,,,,,,,
400,,,,,,,,
400,,,,,,,,
400,,,,,,,,
400,,,,,,,,
400,,,,,,,,
400,,,,,,,,
400,,,,,,,,
400,,,,,,,,
400,,,,,,,,
400,,,,,,,,
400,,,,,,,,
400,,,,,,,,
400,,,,,,,,
400,,,,,,,,
400,,,,,,,,
400,,,,,,,,
400,,,,,,,,
400,,,,,,,,
400,,,,,,,,
400,,,,,,,,
400,,,,,,,,
400,,,,,,,,
400,,,,,,,,
400,,,,,,,,
400,,,,,,,,
400,,,,,,,,
400,,,,,,,,
400,,,,,,,,
400,,,,,,,,
400,,,,,,,,
400,,,,,,,,
400,,,,,,,,
400,,,,,,,,
400,,,,,,,,
400,,,,,,,,
400,,,,,,,,
400,,,,,,,,
400,,,,,,,,
400,,,,,,,,
400,,,,,,,,
400,,,,,,,,
400,,,,,,,,
400,,,,,,,,
400,,,,,,,,
400,,,,,,,,
400,,,,,,,,
400,,,,,,,,
400,,,,,,,,
400,,,,,,,,
400,,,,,,,,
400,,,,,,,,
400,,,,,,,,
400,,,,,,,,
400,,,,,,,,
400,,,,,,,,
400,,,,,,,,
400,,,,,,,,
400,,,,,,,,
400,,,,,,,,
400,,,,,,,,
400,,,,,,,,
400,,,,,,,,
400,,,,,,,,
400,,,,,,,,
400,,,,,,,,
400,,,,,,,,
400,,,,,,,,
400,,,,,,,,
400,,,,,,,,
400,,,,,,,,
400,,,,,,,,
400,,,,,,,,
400,,,,,,,,
400,,,,,,,,
400,,,,,,,,
400,,,,,,,,
400,,,,,,,,
400,,,,,,,,
400,,,,,,,,
400,,,,,,,,
400,,,,,,,,
400,,,,,,,,
400,,,,,,,,
400,,,,,,,,
400,,,,,,,,
400,,,,,,,,
400,,,,,,,,
400,,,,,,,,
400,,,,,,,,
400,,,,,,,,
400,,,,,,,,
400,,,,,,,,
400,,,,,,,,
400,,,,,,,,
400,,,,,,,,
400,,,,,,,,
400,,,,,,,,
400,,,,,,,,
400,,,,,,,,
400,,,,,,,,
400,,,,,,,,
400,,,,,,,,
400,,,,,,,,
400,,,,,,,,
400,,,,,,,,
400,,,,,,,,
400,,,,,,,,
400,,,,,,,,
400,,,,,,,,
400,,,,,,,,
400,,,,,,,,
400,,,,,,,,
400,,,,,,,,
400,,,,,,,,
400,,,,,,,,
400,,,,,,,,
400,,,,,,,,
400,,,,,,,,
400,,,,,,,,
400,,,,,,,,
400,,,,,,,,
400,,,,,,,,
400,,,,,,,,
400,,,,,,,,
400,,,,,,,,
400,,,,,,,,
400,,,,,,,,
400,,,,,,,,
400,,,,,,,,
400,,,,,,,,
400,,,,,,,,
400,,,,,,,,
400,,,,,,,,
400,,,,,,,,
400,,,,,,,,
400,,,,,,,,
400,,,,,,,,
400,,,,,,,,
400,,,,,,,,
400,,,,,,,,
400,,,,,,,,
400,,,,,,,,
400,,,,,,,,
400,,,,,,,,
400,,,,,,,,
400,,,,,,,,
400,,,,,,,,
400,,,,,,,,
400,,,,,,,,
400,,,,,,,,
400,,,,,,,,
400,,,,,,,,
400,,,,,,,,
400,,,,,,,,
400,,,,,,,,
400,,,,,,,,
400,,,,,,,,
400,,,,,,,,
400,,,,,,,,
400,,,,,,,,
400,,,,,,,,
400,,,,,,,,
400,,,,,,,,
400,,,,,,,,
400,,,,,,,,
400,,,,,,,,
400,,,,,,,,
400,,,,,,,,
400,,,,,,,,
400,,,,,,,,
400,,,,,,,,
400,,,,,,,,
400,,,,,,,,
400,,,,,,,,
400,,,,,,,,
400,,,,,,,,
400,,,,,,,,
400,,,,,,,,
400,,,,,,,,
400,,,,,,,,
400,,,,,,,,
400,,,,,,,,
400,,,,,,,,
400,,,,,,,,
400,,,,,,,,
400,,,,,,,,
400,,,,,,,,
400,,,,,,,,
400,,,,,,,,
400,,,,,,,,
400,,,,,,,,
400,,,,,,,,
400,,,,,,,,
400,,,,,,,,
400,,,,,,,,
400,,,,,,,,
400,,,,,,,,
400,,,,,,,,
400,,,,,,,,
400,,,,,,,,
400,,,,,,,,
400,,,,,,,,
400,,,,,,,,
400,,,,,,,,
400,,,,,,,,
400,,,,,,,,
400,,,,,,,,
400,,,,,,,,
400,,,,,,,,
400,,,,,,,,
400,,,,,,,,
400,,,,,,,,
400,,,,,,,,
400,,,,,,,,
400,,,,,,,,
400,,,,,,,,
400,,,,,,,,
400,,,,,,,,
400,,,,,,,,
400,,,,,,,,
400,,,,,,,,
400,,,,,,,,
400,,,,,,,,
400,,,,,,,,
400,,,,,,,,
400,,,,,,,,
400,,,,,,,,
400,,,,,,,,
400,,,,,,,,
400,,,,,,,,
400,,,,,,,,
400,,,,,,,,
400,,,,,,,,
400,,,,,,,,
400,,,,,,,,
400,,,,,,,,
400,,,,,,,,
400,,,,,,,,
400,,,,,,,,
400,,,,,,,,
400,,,,,,,,
400,,,,,,,,
400,,,,,,,,
400,,,,,,,,
400,,,,,,,,
400,,,,,,,,
400,,,,,,,,
400,,,,,,,,
400,,,,,,,,
400,,,,,,,,
400,,,,,,,,
400,,,,,,,,
400,,,,,,,,
400,,,,,,,,
400,,,,,,,,
400,,,,,,,,
400,,,,,,,,
400,,,,,,,,
400,,,,,,,,
400,,,,,,,,
400,,,,,,,,
400,,,,,,,,
400,,,,,,,,
400,,,,,,,,
400,,,,,,,,
400,,,,,,,,
400,,,,,,,,
400,,,,,,,,
400,,,,,,,,
400,,,,,,,,
400,,,,,,,,
400,,,,,,,,
400,,,,,,,,
400,,,,,,,,
400,,,,,,,,
400,,,,,,,,
400,,,,,,,,
400,,,,,,,,
400,,,,,,,,
400,,,,,,,,
400,,,,,,,,
400,,,,,,,,
400,,,,,,,,
400,,,,,,,,
400,,,,,,,,
400,,,,,,,,
400,,,,,,,,
400,,,,,,,,
400,,,,,,,,
400,,,,,,,,
400,,,,,,,,
400,,,,,,,,
400,,,,,,,,
400,,,,,,,,
400,,,,,,,,
400,,,,,,,,
400,,,,,,,,
400,,,,,,,,
400,,,,,,,,
400,,,,,,,,
400,,,,,,,,
400,,,,,,,,
400,,,,,,,,
400,,,,,,,,
400,,,,,,,,
400,,,,,,,,
400,,,,,,,,
400,,,,,,,,
400,,,,,,,,
400,,,,,,,,
400,,,,,,,,
400,,,,,,,,
400,,,,,,,,
400,,,,,,,,
400,,,,,,,,
400,,,,,,,,
400,,,,,,,,
400,,,,,,,,
400,,,,,,,,
400,,,,,,,,
400,,,,,,,,
400,,,,,,,,
400,,,,,,,,
400,,,,,,,,
400,,,,,,,,
400,,,,,,,,
400,,,,,,,,
400,,,,,,,,
400,,,,,,,,
400,,,,,,,,
400,,,,,,,,
400,,,,,,,,
400,,,,,,,,
400,,,,,,,,
400,,,,,,,,
400,,,,,,,,
400,,,,,,,,
400,,,,,,,,
400,,,,,,,,
400,,,,,,,,
400,,,,,,,,
400,,,,,,,,
400,,,,,,,,
400,,,,,,,,
400,,,,,,,,
400,,,,,,,,
400,,,,,,,,
400,,,,,,,,
400,,,,,,,,
400,,,,,,,,
400,,,,,,,,
400,,,,,,,,
400,,,,,,,,
400,,,,,,,,
400,,,,,,,,
400,,,,,,,,
400,,,,,,,,
400,,,,,,,,
400,,,,,,,,
400,,,,,,,,
400,,,,,,,,
400,,,,,,,,
400,,,,,,,,
400,,,,,,,,
400,,,,,,,,
400,,,,,,,,
400,,,,,,,,
400,,,,,,,,
400,,,,,,,,
400,,,,,,,,
400,,,,,,,,
400,,,,,,,,
400,,,,,,,,
400,,,,,,,,
400,,,,,,,,
400,,,,,,,,
400,,,,,,,,
400,,,,,,,,
400,,,,,,,,
400,,,,,,,,
400,,,,,,,,
400,,,,,,,,
400,,,,,,,,
400,,,,,,,,
400,,,,,,,,
400,,,,,,,,
400,,,,,,,,
400,,,,,,,,
400,,,,,,,,
400,,,,,,,,
400,,,,,,,,
400,,,,,,,,
400,,,,,,,,
400,,,,,,,,
400,,,,,,,,
400,,,,,,,,
400,,,,,,,,
400,,,,,,,,
400,,,,,,,,
400,,,,,,,,
400,,,,,,,,
400,,,,,,,,
400,,,,,,,,
400,,,,,,,,
400,,,,,,,,
400,,,,,,,,
400,,,,,,,,
400,,,,,,,,
400,,,,,,,,
400,,,,,,,,
400,,,,,,,,
400,,,,,,,,
400,,,,,,,,
400,,,,,,,,
400,,,,,,,,
400,,,,,,,,
400,,,,,,,,
400,,,,,,,,
400,,,,,,,,
400,,,,,,,,
400,,,,,,,,
400,,,,,,,,
400,,,,,,,,
400,,,,,,,,
400,,,,,,,,
400,,,,,,,,
400,,,,,,,,
400,,,,,,,,
400,,,,,,,,
400,,,,,,,,
400,,,,,,,,
400,,,,,,,,
400,,,,,,,,
400,,,,,,,,
400,,,,,,,,
400,,,,,,,,
400,,,,,,,,
400,,,,,,,,
400,,,,,,,,
400,,,,,,,,
400,,,,,,,,
400,,,,,,,,
400,,,,,,,,
400,,,,,,,,
400,,,,,,,,
400,,,,,,,,
400,,,,,,,,
400,,,,,,,,
400,,,,,,,,
400,,,,,,,,
400,,,,,,,,
400,,,,,,,,
400,,,,,,,,
400,,,,,,,,
400,,,,,,,,
400,,,,,,,,
400,,,,,,,,
400,,,,,,,,
400,,,,,,,,
400,,,,,,,,
400,,,,,,,,
400,,,,,,,,
400,,,,,,,,
400,,,,,,,,
400,,,,,,,,
400,,,,,,,,
400,,,,,,,,
400,,,,,,,,
400,,,,,,,,
400,,,,,,,,
400,,,,,,,,
400,,,,,,,,
400,,,,,,,,
400,,,,,,,,
400,,,,,,,,
400,,,,,,,,
400,,,,,,,,
400,,,,,,,,
400,,,,,,,,
400,,,,,,,,
400,,,,,,,,
400,,,,,,,,
400,,,,,,,,
400,,,,,,,,
400,,,,,,,,
400,,,,,,,,
400,,,,,,,,
400,,,,,,,,
400,,,,,,,,
400,,,,,,,,
400,,,,,,,,
400,,,,,,,,
400,,,,,,,,
400,,,,,,,,
400,,,,,,,,
400,,,,,,,,
400,,,,,,,,
400,,,,,,,,
400,,,,,,,,
400,,,,,,,,
400,,,,,,,,
400,,,,,,,,
400,,,,,,,,
400,,,,,,,,
400,,,,,,,,
400,,,,,,,,
400,,,,,,,,
400,,,,,,,,
400,,,,,,,,
400,,,,,,,,
400,,,,,,,,
400,,,,,,,,
400,,,,,,,,
400,,,,,,,,
400,,,,,,,,
400,,,,,,,,
400,,,,,,,,
400,,,,,,,,
400,,,,,,,,
400,,,,,,,,
400,,,,,,,,
400,,,,,,,,
400,,,,,,,,
400,,,,,,,,
400,,,,,,,,
400,,,,,,,,
400,,,,,,,,
400,,,,,,,,
400,,,,,,,,
400,,,,,,,,
400,,,,,,,,
400,,,,,,,,
400,,,,,,,,
400,,,,,,,,
400,,,,,,,,
400,,,,,,,,
400,,,,,,,,
400,,,,,,,,
400,,,,,,,,
400,,,,,,,,
400,,,,,,,,
400,,,,,,,,
400,,,,,,,,
400,,,,,,,,
400,,,,,,,,
400,,,,,,,,
400,,,,,,,,
400,,,,,,,,
400,,,,,,,,
400,,,,,,,,
400,,,,,,,,
400,,,,,,,,
400,,,,,,,,
400,,,,,,,,
400,,,,,,,,
400,,,,,,,,
400,,,,,,,,
400,,,,,,,,
400,,,,,,,,
400,,,,,,,,
400,,,,,,,,
400,,,,,,,,
400,,,,,,,,
400,,,,,,,,
400,,,,,,,,
400,,,,,,,,
400,,,,,,,,
400,,,,,,,,
400,,,,,,,,
400,,,,,,,,
400,,,,,,,,
400,,,,,,,,
400,,,,,,,,
400,,,,,,,,
400,,,,,,,,
400,,,,,,,,
400,,,,,,,,
400,,,,,,,,
400,,,,,,,,
400,,,,,,,,
400,,,,,,,,
400,,,,,,,,
400,,,,,,,,
400,,,,,,,,
400,,,,,,,,
400,,,,,,,,
400,,,,,,,,
400,,,,,,,,
400,,,,,,,,
400,,,,,,,,
400,,,,,,,,
400,,,,,,,,
400,,,,,,,,
400,,,,,,,,
400,,,,,,,,
400,,,,,,,,
400,,,,,,,,
400,,,,,,,,
400,,,,,,,,
400,,,,,,,,
400,,,,,,,,
400,,,,,,,,
400,,,,,,,,
400,,,,,,,,
400,,,,,,,,
400,,,,,,,,
400,,,,,,,,
400,,,,,,,,
400,,,,,,,,
400,,,,,,,,
400,,,,,,,,
400,,,,,,,,
400,,,,,,,,
400,,,,,,,,
400,,,,,,,,
400,,,,,,,,
400,,,,,,,,
400,,,,,,,,
400,,,,,,,,
400,,,,,,,,
400,,,,,,,,
400,,,,,,,,
400,,,,,,,,
400,,,,,,,,
400,,,,,,,,
400,,,,,,,,
400,,,,,,,,
400,,,,,,,,
400,,,,,,,,
400,,,,,,,,
400,,,,,,,,
400,,,,,,,,
400,,,,,,,,
400,,,,,,,,
400,,,,,,,,
400,,,,,,,,
400,,,,,,,,
400,,,,,,,,
400,,,,,,,,
400,,,,,,,,
400,,,,,,,,
400,,,,,,,,
400,,,,,,,,
400,,,,,,,,
400,,,,,,,,
400,,,,,,,,
400,,,,,,,,
400,,,,,,,,
400,,,,,,,,
400,,,,,,,,
400,,,,,,,,
400,,,,,,,,
400,,,,,,,,
400,,,,,,,,
400,,,,,,,,
400,,,,,,,,
400,,,,,,,,
400,,,,,,,,
400,,,,,,,,
400,,,,,,,,
400,,,,,,,,
400,,,,,,,,
400,,,,,,,,
400,,,,,,,,
400,,,,,,,,
400,,,,,,,,
400,,,,,,,,
400,,,,,,,,
400,,,,,,,,
400,,,,,,,,
400,,,,,,,,
400,,,,,,,,
400,,,,,,,,
400,,,,,,,,
400,,,,,,,,
400,,,,,,,,
400,,,,,,,,
400,,,,,,,,
400,,,,,,,,
400,,,,,,,,
400,,,,,,,,
400,,,,,,,,
400,,,,,,,,
400,,,,,,,,
400,,,,,,,,
400,,,,,,,,
400,,,,,,,,
400,,,,,,,,
400,,,,,,,,
400,,,,,,,,
400,,,,,,,,
400,,,,,,,,
400,,,,,,,,
400,,,,,,,,
400,,,,,,,,
400,,,,,,,,
400,,,,,,,,
400,,,,,,,,
400,,,,,,,,
400,,,,,,,,
400,,,,,,,,
400,,,,,,,,
400,,,,,,,,
400,,,,,,,,
400,,,,,,,,
400,,,,,,,,
400,,,,,,,,
400,,,,,,,,
400,,,,,,,,
400,,,,,,,,
400,,,,,,,,
400,,,,,,,,
400,,,,,,,,
400,,,,,,,,
400,,,,,,,,
400,,,,,,,,
400,,,,,,,,
400,,,,,,,,
400,,,,,,,,
400,,,,,,,,
400,,,,,,,,
400,,,,,,,,
400,,,,,,,,
400,,,,,,,,
400,,,,,,,,
400,,,,,,,,
400,,,,,,,,
400,,,,,,,,
400,,,,,,,,
400,,,,,,,,
400,,,,,,,,
400,,,,,,,,
400,,,,,,,,
400,,,,,,,,
400,,,,,,,,
400,,,,,,,,
400,,,,,,,,
400,,,,,,,,
400,,,,,,,,
400,,,,,,,,
400,,,,,,,,
400,,,,,,,,
400,,,,,,,,
400,,,,,,,,
400,,,,,,,,
400,,,,,,,,
400,,,,,,,,
400,,,,,,,,
400,,,,,,,,
400,,,,,,,,
400,,,,,,,,
400,,,,,,,,
400,,,,,,,,
400,,,,,,,,
400,,,,,,,,
400,,,,,,,,
400,,,,,,,,
400,,,,,,,,
400,,,,,,,,
400,,,,,,,,
400,,,,,,,,
400,,,,,,,,
400,,,,,,,,
400,,,,,,,,
400,,,,,,,,
400,,,,,,,,
400,,,,,,,,
400,,,,,,,,
400,,,,,,,,
400,,,,,,,,
400,,,,,,,,
400,,,,,,,,
400,,,,,,,,
400,,,,,,,,
400,,,,,,,,
400,,,,,,,,
400,,,,,,,,
400,,,,,,,,
400,,,,,,,,
400,,,,,,,,
400,,,,,,,,
400,,,,,,,,
400,,,,,,,,
400,,,,,,,,
400,,,,,,,,
400,,,,,,,,
400,,,,,,,,
400,,,,,,,,
400,,,,,,,,
400,,,,,,,,
400,,,,,,,,
400,,,,,,,,
400,,,,,,,,
400,,,,,,,,
400,,,,,,,,
400,,,,,,,,
400,,,,,,,,
400,,,,,,,,
400,,,,,,,,
400,,,,,,,,
400,,,,,,,,
400,,,,,,,,
400,,,,,,,,
400,,,,,,,,
400,,,,,,,,
400,,,,,,,,
400,,,,,,,,
400,,,,,,,,
400,,,,,,,,
400,,,,,,,,
400,,,,,,,,
400,,,,,,,,
400,,,,,,,,
400,,,,,,,,
400,,,,,,,,
400,,,,,,,,
400,,,,,,,,
400,,,,,,,,
400,,,,,,,,
400,,,,,,,,
400,,,,,,,,
400,,,,,,,,
400,,,,,,,,
400,,,,,,,,
400,,,,,,,,
400,,,,,,,,
400,,,,,,,,
400,,,,,,,,
400,,,,,,,,
400,,,,,,,,
400,,,,,,,,
400,,,,,,,,
400,,,,,,,,
400,,,,,,,,
400,,,,,,,,
400,,,,,,,,
400,,,,,,,,
400,,,,,,,,
400,,,,,,,,
400,,,,,,,,
400,,,,,,,,
400,,,,,,,,
400,,,,,,,,
400,,,,,,,,
400,,,,,,,,
400,,,,,,,,
400,,,,,,,,
400,,,,,,,,
400,,,,,,,,
400,,,,,,,,
400,,,,,,,,
400,,,,,,,,
400,,,,,,,,
400,,,,,,,,
400,,,,,,,,
400,,,,,,,,
400,,,,,,,,
400,,,,,,,,
400,,,,,,,,
400,,,,,,,,
400,,,,,,,,
400,,,,,,,,
400,,,,,,,,
400,,,,,,,,
400,,,,,,,,
400,,,,,,,,
400,,,,,,,,
400,,,,,,,,
400,,,,,,,,
400,,,,,,,,
400,,,,,,,,
400,,,,,,,,
400,,,,,,,,
400,,,,,,,,
400,,,,,,,,
400,,,,,,,,
400,,,,,,,,
400,,,,,,,,
400,,,,,,,,
400,,,,,,,,
400,,,,,,,,
400,,,,,,,,
400,,,,,,,,
400,,,,,,,,
400,,,,,,,,
400,,,,,,,,
400,,,,,,,,
400,,,,,,,,
400,,,,,,,,
400,,,,,,,,
400,,,,,,,,
400,,,,,,,,
400,,,,,,,,
400,,,,,,,,
400,,,,,,,,
400,,,,,,,,
400,,,,,,,,
400,,,,,,,,
400,,,,,,,,
400,,,,,,,,
400,,,,,,,,
400,,,,,,,,
400,,,,,,,,
400,,,,,,,,
400,,,,,,,,
400,,,,,,,,
400,,,,,,,,
400,,,,,,,,
400,,,,,,,,
400,,,,,,,,
400,,,,,,,,
400,,,,,,,,
400,,,,,,,,
400,,,,,,,,
400,,,,,,,,
400,,,,,,,,
400,,,,,,,,
400,,,,,,,,
400,,,,,,,,
400,,,,,,,,
400,,,,,,,,
400,,,,,,,,
400,,,,,,,,
400,,,,,,,,
400,,,,,,,,
400,,,,,,,,
400,,,,,,,,
400,,,,,,,,
400,,,,,,,,
400,,,,,,,,
400,,,,,,,,
400,,,,,,,,
400,,,,,,,,
400,,,,,,,,
400,,,,,,,,
400,,,,,,,,
400,,,,,,,,
400,,,,,,,,
400,,,,,,,,
400,,,,,,,,
400,,,,,,,,
400,,,,,,,,
400,,,,,,,,
400,,,,,,,,
400,,,,,,,,
400,,,,,,,,
400,,,,,,,,
400,,,,,,,,
400,,,,,,,,
400,,,,,,,,
400,,,,,,,,
400,,,,,,,,
400,,,,,,,,
400,,,,,,,,
400,,,,,,,,
400,,,,,,,,
400,,,,,,,,
400,,,,,,,,
400,,,,,,,,
400,,,,,,,,
400,,,,,,,,
400,,,,,,,,
400,,,,,,,,
400,,,,,,,,
400,,,,,,,,
400,,,,,,,,
400,,,,,,,,
400,,,,,,,,
400,,,,,,,,
400,,,,,,,,
400,,,,,,,,
400,,,,,,,,
400,,,,,,,,
400,,,,,,,,
400,,,,,,,,
400,,,,,,,,
400,,,,,,,,
400,,,,,,,,
400,,,,,,,,
400,,,,,,,,
400,,,,,,,,
400,,,,,,,,
400,,,,,,,,
400,,,,,,,,
400,,,,,,,,
400,,,,,,,,
400,,,,,,,,
400,,,,,,,,
400,,,,,,,,
400,,,,,,,,
400,,,,,,,,
400,,,,,,,,
400,,,,,,,,
400,,,,,,,,
400,,,,,,,,
400,,,,,,,,
400,,,,,,,,
400,,,,,,,,
400,,,,,,,,
400,,,,,,,,
400,,,,,,,,
400,,,,,,,,
400,,,,,,,,
400,,,,,,,,
400,,,,,,,,
400,,,,,,,,
400,,,,,,,,
400,,,,,,,,
400,,,,,,,,
400,,,,,,,,
400,,,,,,,,
400,,,,,,,,
400,,,,,,,,
400,,,,,,,,
400,,,,,,,,
400,,,,,,,,
400,,,,,,,,
400,,,,,,,,
400,,,,,,,,
400,,,,,,,,
400,,,,,,,,
400,,,,,,,,
400,,,,,,,,
400,,,,,,,,
400,,,,,,,,
400,,,,,,,,
400,,,,,,,,
400,,,,,,,,
400,,,,,,,,
400,,,,,,,,
400,,,,,,,,
400,,,,,,,,
400,,,,,,,,
400,,,,,,,,
400,,,,,,,,
400,,,,,,,,
400,,,,,,,,
400,,,,,,,,
400,,,,,,,,
400,,,,,,,,
400,,,,,,,,
400,,,,,,,,
400,,,,,,,,
400,,,,,,,,
400,,,,,,,,
400,,,,,,,,
400,,,,,,,,
400,,,,,,,,
400,,,,,,,,
400,,,,,,,,
400,,,,,,,,
400,,,,,,,,
400,,,,,,,,
400,,,,,,,,
400,,,,,,,,
400,,,,,,,,
400,,,,,,,,
400,,,,,,,,
400,,,,,,,,
400,,,,,,,,
400,,,,,,,,
400,,,,,,,,
400,,,,,,,,
400,,,,,,,,
400,,,,,,,,
400,,,,,,,,
400,,,,,,,,
400,,,,,,,,
400,,,,,,,,
400,,,,,,,,
400,,,,,,,,
400,,,,,,,,
400,,,,,,,,
400,,,,,,,,
400,,,,,,,,
400,,,,,,,,
400,,,,,,,,
400,,,,,,,,
400,,,,,,,,
400,,,,,,,,
400,,,,,,,,
400,,,,,,,,
400,,,,,,,,
400,,,,,,,,
400,,,,,,,,
400,,,,,,,,
400,,,,,,,,
400,,,,,,,,
400,,,,,,,,
400,,,,,,,,
400,,,,,,,,
400,,,,,,,,
400,,,,,,,,
400,,,,,,,,
400,,,,,,,,
400,,,,,,,,
400,,,,,,,,
400,,,,,,,,
400,,,,,,,,
400,,,,,,,,
400,,,,,,,,
400,,,,,,,,
400,,,,,,,,
400,,,,,,,,
400,,,,,,,,
400,,,,,,,,
400,,,,,,,,
400,,,,,,,,
400,,,,,,,,
400,,,,,,,,
400,,,,,,,,
400,,,,,,,,
400,,,,,,,,
400,,,,,,,,
400,,,,,,,,
400,,,,,,,,
400,,,,,,,,
400,,,,,,,,
400,,,,,,,,
400,,,,,,,,
400,,,,,,,,
400,,,,,,,,
400,,,,,,,,
400,,,,,,,,
400,,,,,,,,
400,,,,,,,,
400,,,,,,,,
400,,,,,,,,
400,,,,,,,,
400,,,,,,,,
400,,,,,,,,
400,,,,,,,,
400,,,,,,,,
400,,,,,,,,
400,,,,,,,,
400,,,,,,,,
400,,,,,,,,
400,,,,,,,,
400,,,,,,,,
400,,,,,,,,
400,,,,,,,,
400,,,,,,,,
400,,,,,,,,
400,,,,,,,,
400,,,,,,,,
400,,,,,,,,
400,,,,,,,,
400,,,,,,,,
400,,,,,,,,
400,,,,,,,,
400,,,,,,,,
400,,,,,,,,
400,,,,,,,,
400,,,,,,,,
400,,,,,,,,
400,,,,,,,,
400,,,,,,,,
400,,,,,,,,
400,,,,,,,,
400,,,,,,,,
400,,,,,,,,
400,,,,,,,,
400,,,,,,,,
400,,,,,,,,
400,,,,,,,,
400,,,,,,,,
400,,,,,,,,
400,,,,,,,,
400,,,,,,,,
400,,,,,,,,
400,,,,,,,,
400,,,,,,,,
400,,,,,,,,
400,,,,,,,,
400,,,,,,,,
400,,,,,,,,
400,,,,,,,,
400,,,,,,,,
400,,,,,,,,
400,,,,,,,,
400,,,,,,,,
400,,,,,,,,
400,,,,,,,,
400,,,,,,,,
400,,,,,,,,
400,,,,,,,,
400,,,,,,,,
400,,,,,,,,
400,,,,,,,,
400,,,,,,,,
400,,,,,,,,
400,,,,,,,,
400,,,,,,,,
400,,,,,,,,
400,,,,,,,,
400,,,,,,,,
400,,,,,,,,
400,,,,,,,,
400,,,,,,,,
400,,,,,,,,
400,,,,,,,,
400,,,,,,,,
400,,,,,,,,
400,,,,,,,,
400,,,,,,,,
400,,,,,,,,
400,,,,,,,,
400,,,,,,,,
400,,,,,,,,
400,,,,,,,,
400,,,,,,,,
400,,,,,,,,
400,,,,,,,,
400,,,,,,,,
400,,,,,,,,
400,,,,,,,,
400,,,,,,,,
400,,,,,,,,
400,,,,,,,,
400,,,,,,,,
400,,,,,,,,
400,,,,,,,,
400,,,,,,,,
400,,,,,,,,
400,,,,,,,,
400,,,,,,,,
400,,,,,,,,
400,,,,,,,,
400,,,,,,,,
400,,,,,,,,
400,,,,,,,,
400,,,,,,,,
400,,,,,,,,
400,,,,,,,,
400,,,,,,,,
400,,,,,,,,
400,,,,,,,,
400,,,,,,,,
400,,,,,,,,
400,,,,,,,,
400,,,,,,,,
400,,,,,,,,
400,,,,,,,,
400,,,,,,,,
400,,,,,,,,
400,,,,,,,,
400,,,,,,,,
400,,,,,,,,
400,,,,,,,,
400,,,,,,,,
400,,,,,,,,
400,,,,,,,,
400,,,,,,,,
400,,,,,,,,
400,,,,,,,,
400,,,,,,,,
400,,,,,,,,
400,,,,,,,,
400,,,,,,,,
400,,,,,,,,
400,,,,,,,,
400,,,,,,,,
400,,,,,,,,
400,,,,,,,,
400,,,,,,,,
400,,,,,,,,
400,,,,,,,,
400,,,,,,,,
400,,,,,,,,
400,,,,,,,,
400,,,,,,,,
400,,,,,,,,
400,,,,,,,,
400,,,,,,,,
400,,,,,,,,
400,,,,,,,,
400,,,,,,,,
400,,,,,,,,
400,,,,,,,,
400,,,,,,,,
400,,,,,,,,
400,,,,,,,,
400,,,,,,,,
400,,,,,,,,
400,,,,,,,,
400,,,,,,,,
400,,,,,,,,
400,,,,,,,,
400,,,,,,,,
400,,,,,,,,
400,,,,,,,,
400,,,,,,,,
400,,,,,,,,
400,,,,,,,,
400,,,,,,,,
400,,,,,,,,
400,,,,,,,,
400,,,,,,,,
400,,,,,,,,
400,,,,,,,,
400,,,,,,,,
400,,,,,,,,
400,,,,,,,,
400,,,,,,,,
400,,,,,,,,
400,,,,,,,,
400,,,,,,,,
400,,,,,,,,
400,,,,,,,,
400,,,,,,,,
400,,,,,,,,
400,,,,,,,,
400,,,,,,,,
400,,,,,,,,
400,,,,,,,,
400,,,,,,,,
400,,,,,,,,
400,,,,,,,,
400,,,,,,,,
400,,,,,,,,
400,,,,,,,,
400,,,,,,,,
400,,,,,,,,
400,,,,,,,,
400,,,,,,,,
400,,,,,,,,
400,,,,,,,,
400,,,,,,,,
400,,,,,,,,
400,,,,,,,,
400,,,,,,,,
400,,,,,,,,
400,,,,,,,,
400,,,,,,,,
400,,,,,,,,
400,,,,,,,,
400,,,,,,,,
400,,,,,,,,
400,,,,,,,,
400,,,,,,,,
400,,,,,,,,
400,,,,,,,,
400,,,,,,,,
400,,,,,,,,
400,,,,,,,,
400,,,,,,,,
400,,,,,,,,
400,,,,,,,,
400,,,,,,,,
400,,,,,,,,
400,,,,,,,,
400,,,,,,,,
400,,,,,,,,
400,,,,,,,,
400,,,,,,,,
400,,,,,,,,
400,,,,,,,,
400,,,,,,,,
400,,,,,,,,
400,,,,,,,,
400,,,,,,,,
400,,,,,,,,
400,,,,,,,,
400,,,,,,,,
400,,,,,,,,
400,,,,,,,,
400,,,,,,,,
400,,,,,,,,
400,,,,,,,,
400,,,,,,,,
400,,,,,,,,
400,,,,,,,,
400,,,,,,,,
400,,,,,,,,
400,,,,,,,,
400,,,,,,,,
400,,,,,,,,
400,,,,,,,,
400,,,,,,,,
400,,,,,,,,
400,,,,,,,,
400,,,,,,,,
400,,,,,,,,
400,,,,,,,,
400,,,,,,,,
400,,,,,,,,
400,,,,,,,,
400,,,,,,,,
400,,,,,,,,
400,,,,,,,,
400,,,,,,,,
400,,,,,,,,
400,,,,,,,,
400,,,,,,,,
400,,,,,,,,
400,,,,,,,,
400,,,,,,,,
400,,,,,,,,
400,,,,,,,,
400,,,,,,,,
400,,,,,,,,
400,,,,,,,,
400,,,,,,,,
400,,,,,,,,
400,,,,,,,,
400,,,,,,,,
400,,,,,,,,
400,,,,,,,,
400,,,,,,,,
400,,,,,,,,
400,,,,,,,,
400,,,,,,,,
400,,,,,,,,
400,,,,,,,,
400,,,,,,,,
400,,,,,,,,
400,,,,,,,,
400,,,,,,,,
400,,,,,,,,
400,,,,,,,,
400,,,,,,,,
400,,,,,,,,
400,,,,,,,,
400,,,,,,,,
400,,,,,,,,
400,,,,,,,,
400,,,,,,,,
400,,,,,,,,
400,,,,,,,,
400,,,,,,,,
400,,,,,,,,
400,,,,,,,,
400,,,,,,,,
400,,,,,,,,
400,,,,,,,,
400,,,,,,,,
400,,,,,,,,
400,,,,,,,,
400,,,,,,,,
400,,,,,,,,
400,,,,,,,,
400,,,,,,,,
400,,,,,,,,
400,,,,,,,,
400,,,,,,,,
400,,,,,,,,
400,,,,,,,,
400,,,,,,,,
400,,,,,,,,
400,,,,,,,,
400,,,,,,,,
400,,,,,,,,
400,,,,,,,,
400,,,,,,,,
400,,,,,,,,
400,,,,,,,,
400,,,,,,,,
400,,,,,,,,
400,,,,,,,,
400,,,,,,,,
400,,,,,,,,
400,,,,,,,,
400,,,,,,,,
400,,,,,,,,
400,,,,,,,,
400,,,,,,,,
400,,,,,,,,
400,,,,,,,,
400,,,,,,,,
400,,,,,,,,
400,,,,,,,,
400,,,,,,,,
400,,,,,,,,
400,,,,,,,,
400,,,,,,,,
400,,,,,,,,
400,,,,,,,,
400,,,,,,,,
400,,,,,,,,
400,,,,,,,,
400,,,,,,,,
400,,,,,,,,
400,,,,,,,,
400,,,,,,,,
400,,,,,,,,
400,,,,,,,,
400,,,,,,,,
400,,,,,,,,
400,,,,,,,,
400,,,,,,,,
400,,,,,,,,
400,,,,,,,,
400,,,,,,,,
400,,,,,,,,
400,,,,,,,,
400,,,,,,,,
400,,,,,,,,
400,,,,,,,,
400,,,,,,,,
400,,,,,,,,
400,,,,,,,,
400,,,,,,,,
400,,,,,,,,
400,,,,,,,,
400,,,,,,,,
400,,,,,,,,
400,,,,,,,,
400,,,,,,,,
400,,,,,,,,
400,,,,,,,,
400,,,,,,,,
400,,,,,,,,
400,,,,,,,,
400,,,,,,,,
400,,,,,,,,
400,,,,,,,,
400,,,,,,,,
400,,,,,,,,
400,,,,,,,,
400,,,,,,,,
400,,,,,,,,
400,,,,,,,,
400,,,,,,,,
400,,,,,,,,
400,,,,,,,,
400,,,,,,,,
400,,,,,,,,
400,,,,,,,,
400,,,,,,,,
400,,,,,,,,
400,,,,,,,,
400,,,,,,,,
400,,,,,,,,
400,,,,,,,,
400,,,,,,,,
400,,,,,,,,
400,,,,,,,,
400,,,,,,,,
400,,,,,,,,
400,,,,,,,,
400,,,,,,,,
400,,,,,,,,
400,,,,,,,,
400,,,,,,,,
400,,,,,,,,
400,,,,,,,,
400,,,,,,,,
400,,,,,,,,
400,,,,,,,,
400,,,,,,,,
400,,,,,,,,
400,,,,,,,,
400,,,,,,,,
400,,,,,,,,
400,,,,,,,,
400,,,,,,,,
400,,,,,,,,
400,,,,,,,,
400,,,,,,,,
400,,,,,,,,
400,,,,,,,,
400,,,,,,,,
400,,,,,,,,
400,,,,,,,,
400,,,,,,,,
400,,,,,,,,
400,,,,,,,,
400,,,,,,,,
400,,,,,,,,
400,,,,,,,,
400,,,,,,,,
400,,,,,,,,
400,,,,,,,,
400,,,,,,,,
400,,,,,,,,
400,,,,,,,,
400,,,,,,,,
400,,,,,,,,
400,,,,,,,,
400,,,,,,,,
400,,,,,,,,
400,,,,,,,,
400,,,,,,,,
400,,,,,,,,
400,,,,,,,,
400,,,,,,,,
400,,,,,,,,
400,,,,,,,,
400,,,,,,,,
400,,,,,,,,
400,,,,,,,,
400,,,,,,,,
400,,,,,,,,
400,,,,,,,,
400,,,,,,,,
400,,,,,,,,
400,,,,,,,,
400,,,,,,,,
400,,,,,,,,
400,,,,,,,,
400,,,,,,,,
400,,,,,,,,
400,,,,,,,,
400,,,,,,,,
400,,,,,,,,
400,,,,,,,,
400,,,,,,,,
400,,,,,,,,
400,,,,,,,,
400,,,,,,,,
400,,,,,,,,
400,,,,,,,,
400,,,,,,,,
400,,,,,,,,
400,,,,,,,,
400,,,,,,,,
400,,,,,,,,
400,,,,,,,,
400,,,,,,,,
400,,,,,,,,
400,,,,,,,,
400,,,,,,,,
400,,,,,,,,
400,,,,,,,,
400,,,,,,,,
400,,,,,,,,
400,,,,,,,,
400,,,,,,,,
400,,,,,,,,
400,,,,,,,,
400,,,,,,,,
400,,,,,,,,
400,,,,,,,,
400,,,,,,,,
400,,,,,,,,
400,,,,,,,,
400,,,,,,,,
400,,,,,,,,
400,,,,,,,,
400,,,,,,,,
400,,,,,,,,
400,,,,,,,,
400,,,,,,,,
400,,,,,,,,
400,,,,,,,,
400,,,,,,,,
400,,,,,,,,
400,,,,,,,,
400,,,,,,,,
400,,,,,,,,
400,,,,,,,,
400,,,,,,,,
400,,,,,,,,
400,,,,,,,,
400,,,,,,,,
400,,,,,,,,
400,,,,,,,,
400,,,,,,,,
400,,,,,,,,
400,,,,,,,,
400,,,,,,,,
400,,,,,,,,
400,,,,,,,,
400,,,,,,,,
400,,,,,,,,
400,,,,,,,,
400,,,,,,,,
400,,,,,,,,
400,,,,,,,,
400,,,,,,,,
400,,,,,,,,
400,,,,,,,,
400,,,,,,,,
400,,,,,,,,
400,,,,,,,,
400,,,,,,,,
400,,,,,,,,
400,,,,,,,,
400,,,,,,,,
400,,,,,,,,
400,,,,,,,,
400,,,,,,,,
400,,,,,,,,
400,,,,,,,,
400,,,,,,,,
400,,,,,,,,
400,,,,,,,,
400,,,,,,,,
400,,,,,,,,
400,,,,,,,,
400,,,,,,,,
400,,,,,,,,
400,,,,,,,,
400,,,,,,,,
400,,,,,,,,
400,,,,,,,,
400,,,,,,,,
400,,,,,,,,
400,,,,,,,,
400,,,,,,,,
400,,,,,,,,
400,,,,,,,,
400,,,,,,,,
400,,,,,,,,
400,,,,,,,,
400,,,,,,,,
400,,,,,,,,
400,,,,,,,,
400,,,,,,,,
400,,,,,,,,
400,,,,,,,,
400,,,,,,,,
400,,,,,,,,
400,,,,,,,,
400,,,,,,,,
400,,,,,,,,
400,,,,,,,,
400,,,,,,,,
400,,,,,,,,
400,,,,,,,,
400,,,,,,,,
400,,,,,,,,
400,,,,,,,,
400,,,,,,,,
400,,,,,,,,
400,,,,,,,,
400,,,,,,,,
400,,,,,,,,
400,,,,,,,,
400,,,,,,,,
400,,,,,,,,
400,,,,,,,,
400,,,,,,,,
400,,,,,,,,
400,,,,,,,,
400,,,,,,,,
400,,,,,,,,
400,,,,,,,,
400,,,,,,,,
400,,,,,,,,
400,,,,,,,,
400,,,,,,,,
400,,,,,,,,
400,,,,,,,,
400,,,,,,,,
400,,,,,,,,
400,,,,,,,,
400,,,,,,,,
400,,,,,,,,
400,,,,,,,,
400,,,,,,,,
400,,,,,,,,
400,,,,,,,,
400,,,,,,,,
400,,,,,,,,
400,,,,,,,,
400,,,,,,,,
400,,,,,,,,
400,,,,,,,,
400,,,,,,,,
400,,,,,,,,
400,,,,,,,,
400,,,,,,,,
400,,,,,,,,
400,,,,,,,,
400,,,,,,,,
400,,,,,,,,
400,,,,,,,,
400,,,,,,,,
400,,,,,,,,
400,,,,,,,,
400,,,,,,,,
400,,,,,,,,
400,,,,,,,,
400,,,,,,,,
400,,,,,,,,
400,,,,,,,,
400,,,,,,,,
400,,,,,,,,
400,,,,,,,,
400,,,,,,,,
400,,,,,,,,
400,,,,,,,,
400,,,,,,,,
400,,,,,,,,
400,,,,,,,,
400,,,,,,,,
400,,,,,,,,
400,,,,,,,,
400,,,,,,,,
400,,,,,,,,
400,,,,,,,,
400,,,,,,,,
400,,,,,,,,
400,,,,,,,,
400,,,,,,,,
400,,,,,,,,
400,,,,,,,,
400,,,,,,,,
400,,,,,,,,
400,,,,,,,,
400,,,,,,,,
400,,,,,,,,
400,,,,,,,,
400,,,,,,,,
400,,,,,,,,
400,,,,,,,,
400,,,,,,,,
400,,,,,,,,
400,,,,,,,,
400,,,,,,,,
400,,,,,,,,
400,,,,,,,,
400,,,,,,,,
400,,,,,,,,
400,,,,,,,,
400,,,,,,,,
400,,,,,,,,
400,,,,,,,,
400,,,,,,,,
400,,,,,,,,
400,,,,,,,,
400,,,,,,,,
400,,,,,,,,
400,,,,,,,,
400,,,,,,,,
400,,,,,,,,
400,,,,,,,,
400,,,,,,,,
400,,,,,,,,
400,,,,,,,,
400,,,,,,,,
400,,,,,,,,
400,,,,,,,,
400,,,,,,,,
400,,,,,,,,
400,,,,,,,,
400,,,,,,,,
400,,,,,,,,
400,,,,,,,,
400,,,,,,,,
400,,,,,,,,
400,,,,,,,,
400,,,,,,,,
400,,,,,,,,
400,,,,,,,,
400,,,,,,,,
400,,,,,,,,
400,,,,,,,,
400,,,,,,,,
400,,,,,,,,
400,,,,,,,,
400,,,,,,,,
400,,,,,,,,
400,,,,,,,,
400,,,,,,,,
400,,,,,,,,
400,,,,,,,,
400,,,,,,,,
400,,,,,,,,
400,,,,,,,,
400,,,,,,,,
400,,,,,,,,
400,,,,,,,,
400,,,,,,,,
400,,,,,,,,
400,,,,,,,,
400,,,,,,,,
400,,,,,,,,
400,,,,,,,,
400,,,,,,,,
400,,,,,,,,
400,,,,,,,,
400,,,,,,,,
400,,,,,,,,
400,,,,,,,,
400,,,,,,,,
400,,,,,,,,
400,,,,,,,,
400,,,,,,,,
400,,,,,,,,
400,,,,,,,,
400,,,,,,,,
400,,,,,,,,
400,,,,,,,,
400,,,,,,,,
400,,,,,,,,
400,,,,,,,,
400,,,,,,,,
400,,,,,,,,
400,,,,,,,,
400,,,,,,,,
400,,,,,,,,
400,,,,,,,,
400,,,,,,,,
400,,,,,,,,
400,,,,,,,,
400,,,,,,,,
400,,,,,,,,
400,,,,,,,,
400,,,,,,,,
400,,,,,,,,
400,,,,,,,,
400,,,,,,,,
400,,,,,,,,
400,,,,,,,,
400,,,,,,,,
400,,,,,,,,
400,,,,,,,,
400,,,,,,,,
400,,,,,,,,
400,,,,,,,,
400,,,,,,,,
400,,,,,,,,
400,,,,,,,,
400,,,,,,,,
400,,,,,,,,
400,,,,,,,,
400,,,,,,,,
400,,,,,,,,
400,,,,,,,,
400,,,,,,,,
400,,,,,,,,
400,,,,,,,,
400,,,,,,,,
400,,,,,,,,
400,,,,,,,,
400,,,,,,,,
400,,,,,,,,
400,,,,,,,,
400,,,,,,,,
400,,,,,,,,
400,,,,,,,,
400,,,,,,,,
400,,,,,,,,
400,,,,,,,,
400,,,,,,,,
400,,,,,,,,
400,,,,,,,,
400,,,,,,,,
400,,,,,,,,
400,,,,,,,,
400,,,,,,,,
400,,,,,,,,
400,,,,,,,,
400,,,,,,,,
400,,,,,,,,
400,,,,,,,,
400,,,,,,,,
400,,,,,,,,
400,,,,,,,,
400,,,,,,,,
400,,,,,,,,
400,,,,,,,,
400,,,,,,,,
400,,,,,,,,
400,,,,,,,,
400,,,,,,,,
400,,,,,,,,
400,,,,,,,,
400,,,,,,,,
400,,,,,,,,
400,,,,,,,,
400,,,,,,,,
400,,,,,,,,
400,,,,,,,,
400,,,,,,,,
400,,,,,,,,
400,,,,,,,,
400,,,,,,,,
400,,,,,,,,
400,,,,,,,,
400,,,,,,,,
400,,,,,,,,
400,,,,,,,,
400,,,,,,,,
400,,,,,,,,
400,,,,,,,,
400,,,,,,,,
400,,,,,,,,
400,,,,,,,,
400,,,,,,,,
400,,,,,,,,
400,,,,,,,,
400,,,,,,,,
400,,,,,,,,
400,,,,,,,,
400,,,,,,,,
400,,,,,,,,
400,,,,,,,,
400,,,,,,,,
400,,,,,,,,
400,,,,,,,,
400,,,,,,,,
400,,,,,,,,
400,,,,,,,,
400,,,,,,,,
400,,,,,,,,
400,,,,,,,,
400,,,,,,,,
400,,,,,,,,
400,,,,,,,,
400,,,,,,,,
400,,,,,,,,
400,,,,,,,,
400,,,,,,,,
400,,,,,,,,
400,,,,,,,,
400,,,,,,,,
400,,,,,,,,
400,,,,,,,,
400,,,,,,,,
400,,,,,,,,
400,,,,,,,,
400,,,,,,,,
400,,,,,,,,
400,,,,,,,,
400,,,,,,,,
400,,,,,,,,
400,,,,,,,,
400,,,,,,,,
400,,,,,,,,
400,,,,,,,,
400,,,,,,,,
400,,,,,,,,
400,,,,,,,,
400,,,,,,,,
400,,,,,,,,
400,,,,,,,,
400,,,,,,,,
400,,,,,,,,
400,,,,,,,,
400,,,,,,,,
400,,,,,,,,
400,,,,,,,,
400,,,,,,,,
400,,,,,,,,
400,,,,,,,,
400,,,,,,,,
400,,,,,,,,
400,,,,,,,,
400,,,,,,,,
400,,,,,,,,
400,,,,,,,,
400,,,,,,,,
400,,,,,,,,
400,,,,,,,,
400,,,,,,,,
400,,,,,,,,
400,,,,,,,,
400,,,,,,,,
400,,,,,,,,
400,,,,,,,,
400,,,,,,,,
400,,,,,,,,
400,,,,,,,,
400,,,,,,,,
400,,,,,,,,
400,,,,,,,,
400,,,,,,,,
400,,,,,,,,
400,,,,,,,,
400,,,,,,,,
400,,,,,,,,
400,,,,,,,,
400,,,,,,,,
400,,,,,,,,
400,,,,,,,,
400,,,,,,,,
400,,,,,,,,
400,,,,,,,,
400,,,,,,,,
400,,,,,,,,
400,,,,,,,,
400,,,,,,,,
400,,,,,,,,
400,,,,,,,,
400,,,,,,,,
400,,,,,,,,
400,,,,,,,,
400,,,,,,,,
400,,,,,,,,
400,,,,,,,,
400,,,,,,,,
400,,,,,,,,
400,,,,,,,,
400,,,,,,,,
400,,,,,,,,
400,,,,,,,,
400,,,,,,,,
400,,,,,,,,
400,,,,,,,,
400,,,,,,,,
400,,,,,,,,
400,,,,,,,,
400,,,,,,,,
400,,,,,,,,
400,,,,,,,,
400,,,,,,,,
400,,,,,,,,
400,,,,,,,,
400,,,,,,,,
400,,,,,,,,
400,,,,,,,,
400,,,,,,,,
400,,,,,,,,
400,,,,,,,,
400,,,,,,,,
400,,,,,,,,
400,,,,,,,,
400,,,,,,,,
400,,,,,,,,
400,,,,,,,,
400,,,,,,,,
400,,,,,,,,
400,,,,,,,,
400,,,,,,,,
400,,,,,,,,
400,,,,,,,,
400,,,,,,,,
400,,,,,,,,
400,,,,,,,,
400,,,,,,,,
400,,,,,,,,
400,,,,,,,,
400,,,,,,,,
400,,,,,,,,
400,,,,,,,,
400,,,,,,,,
400,,,,,,,,
400,,,,,,,,
400,,,,,,,,
400,,,,,,,,
400,,,,,,,,
400,,,,,,,,
400,,,,,,,,
400,,,,,,,,
400,,,,,,,,
400,,,,,,,,
400,,,,,,,,
400,,,,,,,,
400,,,,,,,,
400,,,,,,,,
400,,,,,,,,
400,,,,,,,,
400,,,,,,,,
400,,,,,,,,
400,,,,,,,,
400,,,,,,,,
400,,,,,,,,
400,,,,,,,,
400,,,,,,,,
400,,,,,,,,
400,,,,,,,,
400,,,,,,,,
400,,,,,,,,
400,,,,,,,,
400,,,,,,,,
400,,,,,,,,
400,,,,,,,,
400,,,,,,,,
400,,,,,,,,
400,,,,,,,,
400,,,,,,,,
400,,,,,,,,
400,,,,,,,,
400,,,,,,,,
400,,,,,,,,
400,,,,,,,,
400,,,,,,,,
400,,,,,,,,
400,,,,,,,,
400,,,,,,,,
400,,,,,,,,
400,,,,,,,,
400,,,,,,,,
400,,,,,,,,
400,,,,,,,,
400,,,,,,,,
400,,,,,,,,
400,,,,,,,,
400,,,,,,,,
400,,,,,,,,
400,,,,,,,,
400,,,,,,,,
400,,,,,,,,
400,,,,,,,,
400,,,,,,,,
400,,,,,,,,
400,,,,,,,,
400,,,,,,,,
400,,,,,,,,
400,,,,,,,,
400,,,,,,,,
400,,,,,,,,
400,,,,,,,,
400,,,,,,,,
400,,,,,,,,
400,,,,,,,,
400,,,,,,,,
400,,,,,,,,
400,,,,,,,,
400,,,,,,,,
400,,,,,,,,
400,,,,,,,,
400,,,,,,,,
400,,,,,,,,
400,,,,,,,,
400,,,,,,,,
400,,,,,,,,
400,,,,,,,,
400,,,,,,,,
400,,,,,,,,
400,,,,,,,,
400,,,,,,,,
400,,,,,,,,
400,,,,,,,,
400,,,,,,,,
400,,,,,,,,
400,,,,,,,,
400,,,,,,,,
400,,,,,,,,
400,,,,,,,,
400,,,,,,,,
400,,,,,,,,
400,,,,,,,,
400,,,,,,,,
400,,,,,,,,
400,,,,,,,,
400,,,,,,,,
400,,,,,,,,
400,,,,,,,,
400,,,,,,,,
400,,,,,,,,
400,,,,,,,,
400,,,,,,,,
400,,,,,,,,
400,,,,,,,,
400,,,,,,,,
400,,,,,,,,
400,,,,,,,,
400,,,,,,,,
400,,,,,,,,
400,,,,,,,,
400,,,,,,,,
400,,,,,,,,
400,,,,,,,,
400,,,,,,,,
400,,,,,,,,
400,,,,,,,,
400,,,,,,,,
400,,,,,,,,
400,,,,,,,,
400,,,,,,,,
400,,,,,,,,
400,,,,,,,,
400,,,,,,,,
400,,,,,,,,
400,,,,,,,,
400,,,,,,,,
400,,,,,,,,
400,,,,,,,,
400,,,,,,,,
400,,,,,,,,
400,,,,,,,,
400,,,,,,,,
400,,,,,,,,
400,,,,,,,,
400,,,,,,,,
400,,,,,,,,
400,,,,,,,,
400,,,,,,,,
400,,,,,,,,
400,,,,,,,,
400,,,,,,,,
400,,,,,,,,
400,,,,,,,,
400,,,,,,,,
400,,,,,,,,
400,,,,,,,,
400,,,,,,,,
400,,,,,,,,
400,,,,,,,,
400,,,,,,,,
400,,,,,,,,
400,,,,,,,,
400,,,,,,,,
400,,,,,,,,
400,,,,,,,,
400,,,,,,,,
400,,,,,,,,
400,,,,,,,,
400,,,,,,,,
400,,,,,,,,
400,,,,,,,,
400,,,,,,,,
400,,,,,,,,
400,,,,,,,,
400,,,,,,,,
400,,,,,,,,
400,,,,,,,,
400,,,,,,,,
400,,,,,,,,
400,,,,,,,,
400,,,,,,,,
400,,,,,,,,
400,,,,,,,,
400,,,,,,,,
400,,,,,,,,
400,,,,,,,,
400,,,,,,,,
400,,,,,,,,
400,,,,,,,,
400,,,,,,,,
400,,,,,,,,
400,,,,,,,,
400,,,,,,,,
400,,,,,,,,
400,,,,,,,,
400,,,,,,,,
400,,,,,,,,
400,,,,,,,,
400,,,,,,,,
400,,,,,,,,
400,,,,,,,,
400,,,,,,,,
400,,,,,,,,
400,,,,,,,,
400,,,,,,,,
400,,,,,,,,
400,,,,,,,,
400,,,,,,,,
400,,,,,,,,
400,,,,,,,,
400,,,,,,,,
400,,,,,,,,
400,,,,,,,,
400,,,,,,,,
400,,,,,,,,
400,,,,,,,,
400,,,,,,,,
400,,,,,,,,
400,,,,,,,,
400,,,,,,,,
400,,,,,,,,
400,,,,,,,,
400,,,,,,,,
400,,,,,,,,
400,,,,,,,,
400,,,,,,,,
400,,,,,,,,
400,,,,,,,,
400,,,,,,,,
400,,,,,,,,
400,,,,,,,,
400,,,,,,,,
400,,,,,,,,
400,,,,,,,,
400,,,,,,,,
400,,,,,,,,
400,,,,,,,,
400,,,,,,,,
400,,,,,,,,
400,,,,,,,,
400,,,,,,,,
400,,,,,,,,
400,,,,,,,,
400,,,,,,,,
400,,,,,,,,
400,,,,,,,,
400,,,,,,,,
400,,,,,,,,
400,,,,,,,,
400,,,,,,,,
400,,,,,,,,
400,,,,,,,,
400,,,,,,,,
400,,,,,,,,
400,,,,,,,,
400,,,,,,,,
400,,,,,,,,
400,,,,,,,,
400,,,,,,,,
400,,,,,,,,
400,,,,,,,,
400,,,,,,,,
400,,,,,,,,
400,,,,,,,,
400,,,,,,,,
400,,,,,,,,
400,,,,,,,,
400,,,,,,,,
400,,,,,,,,
400,,,,,,,,
400,,,,,,,,
400,,,,,,,,
400,,,,,,,,
400,,,,,,,,
400,,,,,,,,
400,,,,,,,,
400,,,,,,,,
400,,,,,,,,
400,,,,,,,,
400,,,,,,,,
400,,,,,,,,
400,,,,,,,,
400,,,,,,,,
400,,,,,,,,
400,,,,,,,,
400,,,,,,,,
400,,,,,,,,
400,,,,,,,,
400,,,,,,,,
400,,,,,,,,
400,,,,,,,,
400,,,,,,,,
400,,,,,,,,
400,,,,,,,,
400,,,,,,,,
400,,,,,,,,
400,,,,,,,,
400,,,,,,,,
400,,,,,,,,
400,,,,,,,,
400,,,,,,,,
400,,,,,,,,
400,,,,,,,,
400,,,,,,,,
400,,,,,,,,
400,,,,,,,,
400,,,,,,,,
400,,,,,,,,
400,,,,,,,,
400,,,,,,,,
400,,,,,,,,
400,,,,,,,,
400,,,,,,,,
400,,,,,,,,
400,,,,,,,,
400,,,,,,,,
400,,,,,,,,
400,,,,,,,,
400,,,,,,,,
400,,,,,,,,
400,,,,,,,,
400,,,,,,,,
400,,,,,,,,
400,,,,,,,,
400,,,,,,,,
400,,,,,,,,
400,,,,,,,,
400,,,,,,,,
400,,,,,,,,
400,,,,,,,,
400,,,,,,,,
400,,,,,,,,
400,,,,,,,,
400,,,,,,,,
400,,,,,,,,
400,,,,,,,,
400,,,,,,,,
400,,,,,,,,
400,,,,,,,,
400,,,,,,,,
400,,,,,,,,
400,,,,,,,,
400,,,,,,,,
400,,,,,,,,
400,,,,,,,,
400,,,,,,,,
400,,,,,,,,
400,,,,,,,,
400,,,,,,,,
400,,,,,,,,
400,,,,,,,,
400,,,,,,,,
400,,,,,,,,
400,,,,,,,,
400,,,,,,,,
400,,,,,,,,
400,,,,,,,,
400,,,,,,,,
400,,,,,,,,
400,,,,,,,,
400,,,,,,,,
400,,,,,,,,
400,,,,,,,,
400,,,,,,,,
400,,,,,,,,
400,,,,,,,,
400,,,,,,,,
400,,,,,,,,
400,,,,,,,,
400,,,,,,,,
400,,,,,,,,
400,,,,,,,,
400,,,,,,,,
400,,,,,,,,
400,,,,,,,,
400,,,,,,,,
400,,,,,,,,
400,,,,,,,,
400,,,,,,,,
400,,,,,,,,
400,,,,,,,,
400,,,,,,,,
400,,,,,,,,
400,,,,,,,,
400,,,,,,,,
400,,,,,,,,
400,,,,,,,,
400,,,,,,,,
400,,,,,,,,
400,,,,,,,,
400,,,,,,,,
400,,,,,,,,
400,,,,,,,,
400,,,,,,,,
400,,,,,,,,
400,,,,,,,,
400,,,,,,,,
400,,,,,,,,
400,,,,,,,,
400,,,,,,,,
400,,,,,,,,
400,,,,,,,,
400,,,,,,,,
400,,,,,,,,
400,,,,,,,,
400,,,,,,,,
400,,,,,,,,
400,,,,,,,,
400,,,,,,,,
400,,,,,,,,
400,,,,,,,,
400,,,,,,,,
400,,,,,,,,
400,,,,,,,,
400,,,,,,,,
400,,,,,,,,
400,,,,,,,,
400,,,,,,,,
400,,,,,,,,
400,,,,,,,,
400,,,,,,,,
400,,,,,,,,
400,,,,,,,,
400,,,,,,,,
400,,,,,,,,
400,,,,,,,,
400,,,,,,,,
400,,,,,,,,
400,,,,,,,,
400,,,,,,,,
400,,,,,,,,
400,,,,,,,,
400,,,,,,,,
400,,,,,,,,
400,,,,,,,,
400,,,,,,,,
400,,,,,,,,
400,,,,,,,,
400,,,,,,,,
400,,,,,,,,
400,,,,,,,,
400,,,,,,,,
400,,,,,,,,
400,,,,,,,,
400,,,,,,,,
400,,,,,,,,
400,,,,,,,,
400,,,,,,,,
400,,,,,,,,
400,,,,,,,,
400,,,,,,,,
400,,,,,,,,
400,,,,,,,,
400,,,,,,,,
400,,,,,,,,
400,,,,,,,,
400,,,,,,,,
400,,,,,,,,
400,,,,,,,,
400,,,,,,,,
400,,,,,,,,
400,,,,,,,,
400,,,,,,,,
400,,,,,,,,
400,,,,,,,,
400,,,,,,,,
400,,,,,,,,
400,,,,,,,,
400,,,,,,,,
400,,,,,,,,
400,,,,,,,,
400,,,,,,,,
400,,,,,,,,
400,,,,,,,,
400,,,,,,,,
400,,,,,,,,
400,,,,,,,,
400,,,,,,,,
400,,,,,,,,
400,,,,,,,,
400,,,,,,,,
400,,,,,,,,
400,,,,,,,,
400,,,,,,,,
400,,,,,,,,
400,,,,,,,,
400,,,,,,,,
400,,,,,,,,
400,,,,,,,,
400,,,,,,,,
400,,,,,,,,
400,,,,,,,,
400,,,,,,,,
400,,,,,,,,
400,,,,,,,,
400,,,,,,,,
400,,,,,,,,
400,,,,,,,,
400,,,,,,,,
400,,,,,,,,
400,,,,,,,,
400,,,,,,,,
400,,,,,,,,
400,,,,,,,,
400,,,,,,,,
400,,,,,,,,
400,,,,,,,,
400,,,,,,,,
400,,,,,,,,
400,,,,,,,,
400,,,,,,,,
400,,,,,,,,
400,,,,,,,,
400,,,,,,,,
400,,,,,,,,
400,,,,,,,,
400,,,,,,,,
400,,,,,,,,
400,,,,,,,,
400,,,,,,,,
400,,,,,,,,
400,,,,,,,,
400,,,,,,,,
400,,,,,,,,
400,,,,,,,,
400,,,,,,,,
400,,,,,,,,
400,,,,,,,,
400,,,,,,,,
400,,,,,,,,
400,,,,,,,,
400,,,,,,,,
400,,,,,,,,
400,,,,,,,,
400,,,,,,,,
400,,,,,,,,
400,,,,,,,,
400,,,,,,,,
400,,,,,,,,
400,,,,,,,,
400,,,,,,,,
400,,,,,,,,
400,,,,,,,,
400,,,,,,,,
400,,,,,,,,
400,,,,,,,,
400,,,,,,,,
400,,,,,,,,
400,,,,,,,,
400,,,,,,,,
400,,,,,,,,
400,,,,,,,,
400,,,,,,,,
400,,,,,,,,
400,,,,,,,,
400,,,,,,,,
400,,,,,,,,
400,,,,,,,,
400,,,,,,,,
400,,,,,,,,
400,,,,,,,,
400,,,,,,,,
400,,,,,,,,
400,,,,,,,,
400,,,,,,,,
400,,,,,,,,
400,,,,,,,,
400,,,,,,,,
400,,,,,,,,
400,,,,,,,,
400,,,,,,,,
400,,,,,,,,
400,,,,,,,,
400,,,,,,,,
400,,,,,,,,
400,,,,,,,,
400,,,,,,,,
400,,,,,,,,
400,,,,,,,,
400,,,,,,,,
400,,,,,,,,
400,,,,,,,,
400,,,,,,,,
400,,,,,,,,
400,,,,,,,,
400,,,,,,,,
400,,,,,,,,
400,,,,,,,,
400,,,,,,,,
400,,,,,,,,
400,,,,,,,,
400,,,,,,,,
400,,,,,,,,
400,,,,,,,,
400,,,,,,,,
400,,,,,,,,
400,,,,,,,,
400,,,,,,,,
400,,,,,,,,
400,,,,,,,,
400,,,,,,,,
400,,,,,,,,
400,,,,,,,,
400,,,,,,,,
400,,,,,,,,
400,,,,,,,,
400,,,,,,,,
400,,,,,,,,
400,,,,,,,,
400,,,,,,,,
400,,,,,,,,
400,,,,,,,,
400,,,,,,,,
400,,,,,,,,
400,,,,,,,,
400,,,,,,,,
400,,,,,,,,
400,,,,,,,,
400,,,,,,,,
400,,,,,,,,
400,,,,,,,,
400,,,,,,,,
400,,,,,,,,
400,,,,,,,,
400,,,,,,,,
400,,,,,,,,
400,,,,,,,,
400,,,,,,,,
400,,,,,,,,
400,,,,,,,,
400,,,,,,,,
400,,,,,,,,
400,,,,,,,,
400,,,,,,,,
400,,,,,,,,
400,,,,,,,,
400,,,,,,,,
400,,,,,,,,
400,,,,,,,,
400,,,,,,,,
400,,,,,,,,
400,,,,,,,,
400,,,,,,,,
400,,,,,,,,
400,,,,,,,,
400,,,,,,,,
400,,,,,,,,
400,,,,,,,,
400,,,,,,,,
400,,,,,,,,
400,,,,,,,,
400,,,,,,,,
400,,,,,,,,
400,,,,,,,,
400,,,,,,,,
400,,,,,,,,
400,,,,,,,,
400,,,,,,,,
400,,,,,,,,
400,,,,,,,,
400,,,,,,,,
400,,,,,,,,
400,,,,,,,,
400,,,,,,,,
400,,,,,,,,
400,,,,,,,,
400,,,,,,,,
400,,,,,,,,
400,,,,,,,,
400,,,,,,,,
400,,,,,,,,
400,,,,,,,,
400,,,,,,,,
400,,,,,,,,
400,,,,,,,,
400,,,,,,,,
400,,,,,,,,
400,,,,,,,,
400,,,,,,,,
400,,,,,,,,
400,,,,,,,,
400,,,,,,,,
400,,,,,,,,
400,,,,,,,,
400,,,,,,,,
400,,,,,,,,
400,,,,,,,,
400,,,,,,,,
400,,,,,,,,
400,,,,,,,,
400,,,,,,,,
400,,,,,,,,
400,,,,,,,,
400,,,,,,,,
400,,,,,,,,
400,,,,,,,,
400,,,,,,,,
400,,,,,,,,
400,,,,,,,,
400,,,,,,,,
400,,,,,,,,
400,,,,,,,,
400,,,,,,,,
400,,,,,,,,
400,,,,,,,,
400,,,,,,,,
400,,,,,,,,
400,,,,,,,,
400,,,,,,,,
400,,,,,,,,
400,,,,,,,,
400,,,,,,,,
400,,,,,,,,
400,,,,,,,,
400,,,,,,,,
400,,,,,,,,
400,,,,,,,,
400,,,,,,,,
400,,,,,,,,
400,,,,,,,,
400,,,,,,,,
400,,,,,,,,
400,,,,,,,,
400,,,,,,,,
400,,,,,,,,
400,,,,,,,,
400,,,,,,,,
400,,,,,,,,
400,,,,,,,,
400,,,,,,,,
400,,,,,,,,
400,,,,,,,,
400,,,,,,,,
400,,,,,,,,
400,,,,,,,,
400,,,,,,,,
400,,,,,,,,
400,,,,,,,,
400,,,,,,,,
400,,,,,,,,
400,,,,,,,,
400,,,,,,,,
400,,,,,,,,
400,,,,,,,,
400,,,,,,,,
400,,,,,,,,
400,,,,,,,,
400,,,,,,,,
400,,,,,,,,
400,,,,,,,,
400,,,,,,,,
400,,,,,,,,
400,,,,,,,,
400,,,,,,,,
400,,,,,,,,
400,,,,,,,,
400,,,,,,,,
400,,,,,,,,
400,,,,,,,,
400,,,,,,,,
400,,,,,,,,
400,,,,,,,,
400,,,,,,,,
400,,,,,,,,
400,,,,,,,,
400,,,,,,,,
400,,,,,,,,
400,,,,,,,,
400,,,,,,,,
400,,,,,,,,
400,,,,,,,,
400,,,,,,,,
400,,,,,,,,
400,,,,,,,,
400,,,,,,,,
400,,,,,,,,
400,,,,,,,,
400,,,,,,,,
400,,,,,,,,
400,,,,,,,,
400,,,,,,,,
400,,,,,,,,
400,,,,,,,,
400,,,,,,,,
400,,,,,,,,
400,,,,,,,,
400,,,,,,,,
400,,,,,,,,
400,,,,,,,,
400,,,,,,,,
400,,,,,,,,
400,,,,,,,,
400,,,,,,,,
400,,,,,,,,
400,,,,,,,,
400,,,,,,,,
400,,,,,,,,
400,,,,,,,,
400,,,,,,,,
400,,,,,,,,
400,,,,,,,,
400,,,,,,,,
400,,,,,,,,
400,,,,,,,,
400,,,,,,,,
400,,,,,,,,
400,,,,,,,,
400,,,,,,,,
400,,,,,,,,
400,,,,,,,,
400,,,,,,,,
400,,,,,,,,
400,,,,,,,,
400,,,,,,,,
400,,,,,,,,
400,,,,,,,,
400,,,,,,,,
400,,,,,,,,
400,,,,,,,,
400,,,,,,,,
400,,,,,,,,
400,,,,,,,,
400,,,,,,,,
400,,,,,,,,
400,,,,,,,,
400,,,,,,,,
400,,,,,,,,
400,,,,,,,,
400,,,,,,,,
400,,,,,,,,
400,,,,,,,,
400,,,,,,,,
400,,,,,,,,
400,,,,,,,,
400,,,,,,,,
400,,,,,,,,
400,,,,,,,,
400,,,,,,,,
400,,,,,,,,
400,,,,,,,,
400,,,,,,,,
400,,,,,,,,
400,,,,,,,,
400,,,,,,,,
400,,,,,,,,
400,,,,,,,,
400,,,,,,,,
400,,,,,,,,
400,,,,,,,,
400,,,,,,,,
400,,,,,,,,
400,,,,,,,,
400,,,,,,,,
400,,,,,,,,
400,,,,,,,,
400,,,,,,,,
400,,,,,,,,
400,,,,,,,,
400,,,,,,,,
400,,,,,,,,
400,,,,,,,,
400,,,,,,,,
400,,,,,,,,
400,,,,,,,,
400,,,,,,,,
400,,,,,,,,
400,,,,,,,,
400,,,,,,,,
400,,,,,,,,
400,,,,,,,,
400,,,,,,,,
400,,,,,,,,
400,,,,,,,,
400,,,,,,,,
400,,,,,,,,
400,,,,,,,,
400,,,,,,,,
400,,,,,,,,
400,,,,,,,,
400,,,,,,,,
400,,,,,,,,
400,,,,,,,,
400,,,,,,,,
400,,,,,,,,
400,,,,,,,,
400,,,,,,,,
400,,,,,,,,
400,,,,,,,,
400,,,,,,,,
400,,,,,,,,
400,,,,,,,,
400,,,,,,,,
400,,,,,,,,
400,,,,,,,,
400,,,,,,,,
400,,,,,,,,
400,,,,,,,,
400,,,,,,,,
400,,,,,,,,
400,,,,,,,,
400,,,,,,,,
400,,,,,,,,
400,,,,,,,,
400,,,,,,,,
400,,,,,,,,
400,,,,,,,,
400,,,,,,,,
400,,,,,,,,
400,,,,,,,,
400,,,,,,,,
400,,,,,,,,
400,,,,,,,,
400,,,,,,,,
400,,,,,,,,
400,,,,,,,,
400,,,,,,,,
400,,,,,,,,
400,,,,,,,,
400,,,,,,,,
400,,,,,,,,
400,,,,,,,,
400,,,,,,,,
400,,,,,,,,
400,,,,,,,,
400,,,,,,,,
400,,,,,,,,
400,,,,,,,,
400,,,,,,,,
400,,,,,,,,
400,,,,,,,,
400,,,,,,,,
400,,,,,,,,
400,,,,,,,,
400,,,,,,,,
400,,,,,,,,
400,,,,,,,,
400,,,,,,,,
400,,,,,,,,
400,,,,,,,,
400,,,,,,,,
400,,,,,,,,
400,,,,,,,,
400,,,,,,,,
400,,,,,,,,
400,,,,,,,,
400,,,,,,,,
400,,,,,,,,
400,,,,,,,,
400,,,,,,,,
400,,,,,,,,
400,,,,,,,,
400,,,,,,,,
400,,,,,,,,
400,,,,,,,,
400,,,,,,,,
400,,,,,,,,
400,,,,,,,,
400,,,,,,,,
400,,,,,,,,
400,,,,,,,,
400,,,,,,,,
400,,,,,,,,
400,,,,,,,,
400,,,,,,,,
400,,,,,,,,
400,,,,,,,,
400,,,,,,,,
400,,,,,,,,
400,,,,,,,,
400,,,,,,,,
400,,,,,,,,
400,,,,,,,,
400,,,,,,,,
400,,,,,,,,
400,,,,,,,,
400,,,,,,,,
400,,,,,,,,
400,,,,,,,,
400,,,,,,,,
400,,,,,,,,
400,,,,,,,,
400,,,,,,,,
400,,,,,,,,
400,,,,,,,,
400,,,,,,,,
400,,,,,,,,
400,,,,,,,,
400,,,,,,,,
400,,,,,,,,
400,,,,,,,,
400,,,,,,,,
400,,,,,,,,
400,,,,,,,,
400,,,,,,,,
400,,,,,,,,
400,,,,,,,,
400,,,,,,,,
400,,,,,,,,
400,,,,,,,,
400,,,,,,,,
400,,,,,,,,
400,,,,,,,,
400,,,,,,,,
400,,,,,,,,
400,,,,,,,,
400,,,,,,,,
400,,,,,,,,
400,,,,,,,,
400,,,,,,,,
400,,,,,,,,
400,,,,,,,,
400,,,,,,,,
400,,,,,,,,
400,,,,,,,,
400,,,,,,,,
400,,,,,,,,
400,,,,,,,,
400,,,,,,,,
400,,,,,,,,
400,,,,,,,,
400,,,,,,,,
400,,,,,,,,
400,,,,,,,,
400,,,,,,,,
400,,,,,,,,
400,,,,,,,,
400,,,,,,,,
400,,,,,,,,
400,,,,,,,,
400,,,,,,,,
400,,,,,,,,
400,,,,,,,,
400,,,,,,,,
400,,,,,,,,
400,,,,,,,,
400,,,,,,,,
400,,,,,,,,
400,,,,,,,,
400,,,,,,,,
400,,,,,,,,
400,,,,,,,,
400,,,,,,,,
400,,,,,,,,
400,,,,,,,,
400,,,,,,,,
400,,,,,,,,
400,,,,,,,,
400,,,,,,,,
400,,,,,,,,
400,,,,,,,,
400,,,,,,,,
400,,,,,,,,
400,,,,,,,,
400,,,,,,,,
400,,,,,,,,
400,,,,,,,,
400,,,,,,,,
400,,,,,,,,
400,,,,,,,,
400,,,,,,,,
400,,,,,,,,
400,,,,,,,,
400,,,,,,,,
400,,,,,,,,
400,,,,,,,,
400,,,,,,,,
400,,,,,,,,
400,,,,,,,,
400,,,,,,,,
400,,,,,,,,
400,,,,,,,,
400,,,,,,,,
400,,,,,,,,
400,,,,,,,,
400,,,,,,,,
400,,,,,,,,
400,,,,,,,,
400,,,,,,,,
400,,,,,,,,
400,,,,,,,,
400,,,,,,,,
400,,,,,,,,
400,,,,,,,,
400,,,,,,,,
400,,,,,,,,
400,,,,,,,,
400,,,,,,,,
400,,,,,,,,
400,,,,,,,,
400,,,,,,,,
400,,,,,,,,
400,,,,,,,,
400,,,,,,,,
400,,,,,,,,
400,,,,,,,,
400,,,,,,,,
400,,,,,,,,
400,,,,,,,,
400,,,,,,,,
400,,,,,,,,
400,,,,,,,,
400,,,,,,,,
400,,,,,,,,
400,,,,,,,,
400,,,,,,,,
400,,,,,,,,
400,,,,,,,,
400,,,,,,,,
400,,,,,,,,
400,,,,,,,,
400,,,,,,,,
400,,,,,,,,
400,,,,,,,,
400,,,,,,,,
400,,,,,,,,
400,,,,,,,,
400,,,,,,,,
400,,,,,,,,
400,,,,,,,,
400,,,,,,,,
400,,,,,,,,
400,,,,,,,,
400,,,,,,,,
400,,,,,,,,
400,,,,,,,,
400,,,,,,,,
400,,,,,,,,
400,,,,,,,,
400,,,,,,,,
400,,,,,,,,
400,,,,,,,,
400,,,,,,,,
400,,,,,,,,
400,,,,,,,,
400,,,,,,,,
400,,,,,,,,
400,,,,,,,,
400,,,,,,,,
400,,,,,,,,
400,,,,,,,,
400,,,,,,,,
400,,,,,,,,
400,,,,,,,,
400,,,,,,,,
400,,,,,,,,
400,,,,,,,,
400,,,,,,,,
400,,,,,,,,
400,,,,,,,,
400,,,,,,,,
400,,,,,,,,
400,,,,,,,,
400,,,,,,,,
400,,,,,,,,
400,,,,,,,,
400,,,,,,,,
400,,,,,,,,
400,,,,,,,,
400,,,,,,,,
400,,,,,,,,
400,,,,,,,,
400,,,,,,,,
400,,,,,,,,
400,,,,,,,,
400,,,,,,,,
400,,,,,,,,
400,,,,,,,,
400,,,,,,,,
400,,,,,,,,
400,,,,,,,,
400,,,,,,,,
400,,,,,,,,
400,,,,,,,,
400,,,,,,,,
400,,,,,,,,
400,,,,,,,,
400,,,,,,,,
400,,,,,,,,
400,,,,,,,,
400,,,,,,,,
400,,,,,,,,
400,,,,,,,,
400,,,,,,,,
400,,,,,,,,
400,,,,,,,,
400,,,,,,,,
400,,,,,,,,
400,,,,,,,,
400,,,,,,,,
400,,,,,,,,
400,,,,,,,,
400,,,,,,,,
400,,,,,,,,
400,,,,,,,,
400,,,,,,,,
400,,,,,,,,
400,,,,,,,,
400,,,,,,,,
400,,,,,,,,
400,,,,,,,,
400,,,,,,,,
400,,,,,,,,
400,,,,,,,,
400,,,,,,,,
400,,,,,,,,
400,,,,,,,,
400,,,,,,,,
400,,,,,,,,
400,,,,,,,,
400,,,,,,,,
400,,,,,,,,
400,,,,,,,,
400,,,,,,,,
400,,,,,,,,
400,,,,,,,,
400,,,,,,,,
400,,,,,,,,
400,,,,,,,,
400,,,,,,,,
400,,,,,,,,
400,,,,,,,,
400,,,,,,,,
400,,,,,,,,
400,,,,,,,,
400,,,,,,,,
400,,,,,,,,
400,,,,,,,,
400,,,,,,,,
400,,,,,,,,
400,,,,,,,,
400,,,,,,,,
400,,,,,,,,
400,,,,,,,,
400,,,,,,,,
400,,,,,,,,
400,,,,,,,,
400,,,,,,,,
400,,,,,,,,
400,,,,,,,,
400,,,,,,,,
400,,,,,,,,
400,,,,,,,,
400,,,,,,,,
400,,,,,,,,
400,,,,,,,,
400,,,,,,,,
400,,,,,,,,
400,,,,,,,,
400,,,,,,,,
400,,,,,,,,
400,,,,,,,,
400,,,,,,,,
400,,,,,,,,
400,,,,,,,,
400,,,,,,,,
400,,,,,,,,
400,,,,,,,,
400,,,,,,,,
400,,,,,,,,
400,,,,,,,,
400,,,,,,,,
400,,,,,,,,
400,,,,,,,,
400,,,,,,,,
400,,,,,,,,
400,,,,,,,,
400,,,,,,,,
400,,,,,,,,
400,,,,,,,,
400,,,,,,,,
400,,,,,,,,
400,,,,,,,,
400,,,,,,,,
400,,,,,,,,
400,,,,,,,,
400,,,,,,,,
400,,,,,,,,
400,,,,,,,,
400,,,,,,,,
400,,,,,,,,
400,,,,,,,,
400,,,,,,,,
400,,,,,,,,
400,,,,,,,,
400,,,,,,,,
400,,,,,,,,
400,,,,,,,,
400,,,,,,,,
400,,,,,,,,
400,,,,,,,,
400,,,,,,,,
400,,,,,,,,
400,,,,,,,,
400,,,,,,,,
400,,,,,,,,
400,,,,,,,,
400,,,,,,,,
400,,,,,,,,
400,,,,,,,,
400,,,,,,,,
400,,,,,,,,
400,,,,,,,,
400,,,,,,,,
400,,,,,,,,
400,,,,,,,,
400,,,,,,,,
400,,,,,,,,
400,,,,,,,,
400,,,,,,,,
400,,,,,,,,
400,,,,,,,,
400,,,,,,,,
400,,,,,,,,
400,,,,,,,,
400,,,,,,,,
400,,,,,,,,
400,,,,,,,,
400,,,,,,,,
400,,,,,,,,
400,,,,,,,,
400,,,,,,,,
400,,,,,,,,
400,,,,,,,,
400,,,,,,,,
400,,,,,,,,
400,,,,,,,,
400,,,,,,,,
400,,,,,,,,
400,,,,,,,,
400,,,,,,,,
400,,,,,,,,
400,,,,,,,,
400,,,,,,,,
400,,,,,,,,
400,,,,,,,,
400,,,,,,,,
400,,,,,,,,
400,,,,,,,,
400,,,,,,,,
400,,,,,,,,
400,,,,,,,,
400,,,,,,,,
400,,,,,,,,
400,,,,,,,,
400,,,,,,,,
400,,,,,,,,
400,,,,,,,,
400,,,,,,,,
400,,,,,,,,
400,,,,,,,,
400,,,,,,,,
400,,,,,,,,
400,,,,,,,,
400,,,,,,,,
400,,,,,,,,
400,,,,,,,,
400,,,,,,,,
400,,,,,,,,
400,,,,,,,,
400,,,,,,,,
400,,,,,,,,
400,,,,,,,,
400,,,,,,,,
400,,,,,,,,
400,,,,,,,,
400,,,,,,,,
400,,,,,,,,
400,,,,,,,,
400,,,,,,,,
400,,,,,,,,
400,,,,,,,,
400,,,,,,,,
400,,,,,,,,
400,,,,,,,,
400,,,,,,,,
400,,,,,,,,
400,,,,,,,,
400,,,,,,,,
400,,,,,,,,
400,,,,,,,,
400,,,,,,,,
400,,,,,,,,
400,,,,,,,,
400,,,,,,,,
400,,,,,,,,
400,,,,,,,,
400,,,,,,,,
400,,,,,,,,
400,,,,,,,,
400,,,,,,,,
400,,,,,,,,
400,,,,,,,,
400,,,,,,,,
400,,,,,,,,
400,,,,,,,,
400,,,,,,,,
400,,,,,,,,
400,,,,,,,,
400,,,,,,,,
400,,,,,,,,
400,,,,,,,,
400,,,,,,,,
400,,,,,,,,
400,,,,,,,,
400,,,,,,,,
400,,,,,,,,
400,,,,,,,,
400,,,,,,,,
400,,,,,,,,
400,,,,,,,,
400,,,,,,,,
400,,,,,,,,
400,,,,,,,,
400,,,,,,,,
400,,,,,,,,
400,,,,,,,,
400,,,,,,,,
400,,,,,,,,
400,,,,,,,,
400,,,,,,,,
400,,,,,,,,
400,,,,,,,,
400,,,,,,,,
400,,,,,,,,
400,,,,,,,,
400,,,,,,,,
400,,,,,,,,
400,,,,,,,,
400,,,,,,,,
400,,,,,,,,
400,,,,,,,,
400,,,,,,,,
400,,,,,,,,
400,,,,,,,,
400,,,,,,,,
400,,,,,,,,
400,,,,,,,,
400,,,,,,,,
400,,,,,,,,
400,,,,,,,,
400,,,,,,,,
400,,,,,,,,
400,,,,,,,,
400,,,,,,,,
400,,,,,,,,
400,,,,,,,,
400,,,,,,,,
400,,,,,,,,
400,,,,,,,,
400,,,,,,,,
400,,,,,,,,
400,,,,,,,,
400,,,,,,,,
400,,,,,,,,
400,,,,,,,,
400,,,,,,,,
400,,,,,,,,
400,,,,,,,,
400,,,,,,,,
400,,,,,,,,
400,,,,,,,,
400,,,,,,,,
400,,,,,,,,
400,,,,,,,,
400,,,,,,,,
400,,,,,,,,
400,,,,,,,,
400,,,,,,,,
400,,,,,,,,
400,,,,,,,,
400,,,,,,,,
400,,,,,,,,
400,,,,,,,,
400,,,,,,,,
400,,,,,,,,
400,,,,,,,,
400,,,,,,,,
400,,,,,,,,
400,,,,,,,,
400,,,,,,,,
400,,,,,,,,
400,,,,,,,,
400,,,,,,,,
400,,,,,,,,
400,,,,,,,,
400,,,,,,,,
400,,,,,,,,
400,,,,,,,,
400,,,,,,,,
400,,,,,,,,
400,,,,,,,,
400,,,,,,,,
400,,,,,,,,
400,,,,,,,,
400,,,,,,,,
400,,,,,,,,
400,,,,,,,,
400,,,,,,,,
400,,,,,,,,
400,,,,,,,,
400,,,,,,,,
400,,,,,,,,
400,,,,,,,,
400,,,,,,,,
400,,,,,,,,
400,,,,,,,,
400,,,,,,,,
400,,,,,,,,
400,,,,,,,,
400,,,,,,,,
400,,,,,,,,
400,,,,,,,,
400,,,,,,,,
400,,,,,,,,
400,,,,,,,,
400,,,,,,,,
400,,,,,,,,
400,,,,,,,,
400,,,,,,,,
400,,,,,,,,
400,,,,,,,,
400,,,,,,,,
400,,,,,,,,
400,,,,,,,,
400,,,,,,,,
400,,,,,,,,
400,,,,,,,,
400,,,,,,,,
400,,,,,,,,
400,,,,,,,,
400,,,,,,,,
400,,,,,,,,
400,,,,,,,,
400,,,,,,,,
400,,,,,,,,
400,,,,,,,,
400,,,,,,,,
400,,,,,,,,
400,,,,,,,,
400,,,,,,,,
400,,,,,,,,
400,,,,,,,,
400,,,,,,,,
400,,,,,,,,
400,,,,,,,,
400,,,,,,,,
400,,,,,,,,
400,,,,,,,,
400,,,,,,,,
400,,,,,,,,
400,,,,,,,,
400,,,,,,,,
400,,,,,,,,
400,,,,,,,,
400,,,,,,,,
400,,,,,,,,
400,,,,,,,,
400,,,,,,,,
400,,,,,,,,
400,,,,,,,,
400,,,,,,,,
400,,,,,,,,
400,,,,,,,,
400,,,,,,,,
400,,,,,,,,
400,,,,,,,,
400,,,,,,,,
400,,,,,,,,
400,,,,,,,,
400,,,,,,,,
400,,,,,,,,
400,,,,,,,,
400,,,,,,,,
400,,,,,,,,
400,,,,,,,,
400,,,,,,,,
400,,,,,,,,
400,,,,,,,,
400,,,,,,,,
400,,,,,,,,
400,,,,,,,,
400,,,,,,,,
400,,,,,,,,
400,,,,,,,,
400,,,,,,,,
400,,,,,,,,
400,,,,,,,,
400,,,,,,,,
400,,,,,,,,
400,,,,,,,,
400,,,,,,,,
400,,,,,,,,
400,,,,,,,,
400,,,,,,,,
400,,,,,,,,
400,,,,,,,,
400,,,,,,,,
400,,,,,,,,
400,,,,,,,,
400,,,,,,,,
400,,,,,,,,
400,,,,,,,,
400,,,,,,,,
400,,,,,,,,
400,,,,,,,,
400,,,,,,,,
400,,,,,,,,
400,,,,,,,,
400,,,,,,,,
400,,,,,,,,
400,,,,,,,,
400,,,,,,,,
400,,,,,,,,
400,,,,,,,,
400,,,,,,,,
400,,,,,,,,
400,,,,,,,,
400,,,,,,,,
400,,,,,,,,
400,,,,,,,,
400,,,,,,,,
400,,,,,,,,
400,,,,,,,,
400,,,,,,,,
400,,,,,,,,
400,,,,,,,,
400,,,,,,,,
400,,,,,,,,
400,,,,,,,,
400,,,,,,,,
400,,,,,,,,
400,,,,,,,,
400,,,,,,,,
400,,,,,,,,
400,,,,,,,,
400,,,,,,,,
400,,,,,,,,
400,,,,,,,,
400,,,,,,,,
400,,,,,,,,
400,,,,,,,,
400,,,,,,,,
400,,,,,,,,
400,,,,,,,,
400,,,,,,,,
400,,,,,,,,
400,,,,,,,,
400,,,,,,,,
400,,,,,,,,
400,,,,,,,,
400,,,,,,,,
400,,,,,,,,
400,,,,,,,,
400,,,,,,,,
400,,,,,,,,
400,,,,,,,,
400,,,,,,,,
400,,,,,,,,
400,,,,,,,,
400,,,,,,,,
400,,,,,,,,
400,,,,,,,,
400,,,,,,,,
400,,,,,,,,
400,,,,,,,,
400,,,,,,,,
400,,,,,,,,
400,,,,,,,,
400,,,,,,,,
400,,,,,,,,
400,,,,,,,,
400,,,,,,,,
400,,,,,,,,
400,,,,,,,,
400,,,,,,,,
400,,,,,,,,
400,,,,,,,,
400,,,,,,,,
400,,,,,,,,
400,,,,,,,,
400,,,,,,,,
400,,,,,,,,
400,,,,,,,,
400,,,,,,,,
400,,,,,,,,
400,,,,,,,,
400,,,,,,,,
400,,,,,,,,
400,,,,,,,,
400,,,,,,,,
400,,,,,,,,
400,,,,,,,,
400,,,,,,,,
400,,,,,,,,
400,,,,,,,,
400,,,,,,,,
400,,,,,,,,
400,,,,,,,,
400,,,,,,,,
400,,,,,,,,
400,,,,,,,,
400,,,,,,,,
400,,,,,,,,
400,,,,,,,,
400,,,,,,,,
400,,,,,,,,
400,,,,,,,,
400,,,,,,,,
400,,,,,,,,
400,,,,,,,,
400,,,,,,,,
400,,,,,,,,
400,,,,,,,,
400,,,,,,,,
400,,,,,,,,
400,,,,,,,,
400,,,,,,,,
400,,,,,,,,
400,,,,,,,,
400,,,,,,,,
400,,,,,,,,
400,,,,,,,,
400,,,,,,,,
400,,,,,,,,
400,,,,,,,,
400,,,,,,,,
400,,,,,,,,
400,,,,,,,,
400,,,,,,,,
400,,,,,,,,
400,,,,,,,,
400,,,,,,,,
400,,,,,,,,
400,,,,,,,,
400,,,,,,,,
400,,,,,,,,
400,,,,,,,,
400,,,,,,,,
400,,,,,,,,
400,,,,,,,,
400,,,,,,,,
400,,,,,,,,
400,,,,,,,,
400,,,,,,,,
400,,,,,,,,
400,,,,,,,,
400,,,,,,,,
400,,,,,,,,
400,,,,,,,,
400,,,,,,,,
400,,,,,,,,
400,,,,,,,,
400,,,,,,,,
400,,,,,,,,
400,,,,,,,,
400,,,,,,,,
400,,,,,,,,
400,,,,,,,,
400,,,,,,,,
400,,,,,,,,
400,,,,,,,,
400,,,,,,,,
400,,,,,,,,
400,,,,,,,,
400,,,,,,,,
400,,,,,,,,
400,,,,,,,,
400,,,,,,,,
400,,,,,,,,
400,,,,,,,,
400,,,,,,,,
400,,,,,,,,
400,,,,,,,,
400,,,,,,,,
400,,,,,,,,
400,,,,,,,,
400,,,,,,,,
400,,,,,,,,
400,,,,,,,,
400,,,,,,,,
400,,,,,,,,
400,,,,,,,,
400,,,,,,,,
400,,,,,,,,
400,,,,,,,,
400,,,,,,,,
400,,,,,,,,
400,,,,,,,,
400,,,,,,,,
400,,,,,,,,
400,,,,,,,,
400,,,,,,,,
400,,,,,,,,
400,,,,,,,,
400,,,,,,,,
400,,,,,,,,
400,,,,,,,,
400,,,,,,,,
400,,,,,,,,
400,,,,,,,,
400,,,,,,,,
400,,,,,,,,
400,,,,,,,,
400,,,,,,,,
400,,,,,,,,
400,,,,,,,,
400,,,,,,,,
400,,,,,,,,
400,,,,,,,,
400,,,,,,,,
400,,,,,,,,
400,,,,,,,,
400,,,,,,,,
400,,,,,,,,
400,,,,,,,,
400,,,,,,,,
400,,,,,,,,
400,,,,,,,,
400,,,,,,,,
400,,,,,,,,
400,,,,,,,,
400,,,,,,,,
400,,,,,,,,
400,,,,,,,,
400,,,,,,,,
400,,,,,,,,
400,,,,,,,,
400,,,,,,,,
400,,,,,,,,
400,,,,,,,,
400,,,,,,,,
400,,,,,,,,
400,,,,,,,,
400,,,,,,,,
400,,,,,,,,
400,,,,,,,,
400,,,,,,,,
400,,,,,,,,
400,,,,,,,,
400,,,,,,,,
400,,,,,,,,
400,,,,,,,,
400,,,,,,,,
400,,,,,,,,
400,,,,,,,,
400,,,,,,,,
400,,,,,,,,
400,,,,,,,,
400,,,,,,,,
400,,,,,,,,
400,,,,,,,,
400,,,,,,,,
400,,,,,,,,
400,,,,,,,,
400,,,,,,,,
400,,,,,,,,
400,,,,,,,,
400,,,,,,,,
400,,,,,,,,
400,,,,,,,,
400,,,,,,,,
400,,,,,,,,
400,,,,,,,,
400,,,,,,,,
400,,,,,,,,
400,,,,,,,,
400,,,,,,,,
400,,,,,,,,
400,,,,,,,,
400,,,,,,,,
400,,,,,,,,
400,,,,,,,,
400,,,,,,,,
400,,,,,,,,
400,,,,,,,,
400,,,,,,,,
400,,,,,,,,
400,,,,,,,,
400,,,,,,,,
400,,,,,,,,
400,,,,,,,,
400,,,,,,,,
400,,,,,,,,
400,,,,,,,,
400,,,,,,,,
400,,,,,,,,
400,,,,,,,,
400,,,,,,,,
400,,,,,,,,
400,,,,,,,,
400,,,,,,,,
400,,,,,,,,
400,,,,,,,,
400,,,,,,,,
400,,,,,,,,
400,,,,,,,,
400,,,,,,,,
400,,,,,,,,
400,,,,,,,,
400,,,,,,,,
400,,,,,,,,
400,,,,,,,,
400,,,,,,,,
400,,,,,,,,
400,,,,,,,,
400,,,,,,,,
400,,,,,,,,
400,,,,,,,,
400,,,,,,,,
400,,,,,,,,
400,,,,,,,,
400,,,,,,,,
400,,,,,,,,
400,,,,,,,,
400,,,,,,,,
400,,,,,,,,
400,,,,,,,,
400,,,,,,,,
400,,,,,,,,
400,,,,,,,,
400,,,,,,,,
400,,,,,,,,
400,,,,,,,,
400,,,,,,,,
400,,,,,,,,
400,,,,,,,,
400,,,,,,,,
400,,,,,,,,
400,,,,,,,,
400,,,,,,,,
400,,,,,,,,
400,,,,,,,,
400,,,,,,,,
400,,,,,,,,
400,,,,,,,,
400,,,,,,,,
400,,,,,,,,
400,,,,,,,,
400,,,,,,,,
400,,,,,,,,
400,,,,,,,,
400,,,,,,,,
400,,,,,,,,
400,,,,,,,,
400,,,,,,,,
400,,,,,,,,
400,,,,,,,,
400,,,,,,,,
400,,,,,,,,
400,,,,,,,,
400,,,,,,,,
400,,,,,,,,
400,,,,,,,,
400,,,,,,,,
400,,,,,,,,
400,,,,,,,,
400,,,,,,,,
400,,,,,,,,
400,,,,,,,,
400,,,,,,,,
400,,,,,,,,
400,,,,,,,,
400,,,,,,,,
400,,,,,,,,
400,,,,,,,,
400,,,,,,,,
400,,,,,,,,
400,,,,,,,,
400,,,,,,,,
400,,,,,,,,
400,,,,,,,,
400,,,,,,,,
400,,,,,,,,
400,,,,,,,,
400,,,,,,,,
400,,,,,,,,
400,,,,,,,,
400,,,,,,,,
400,,,,,,,,
400,,,,,,,,
400,,,,,,,,
400,,,,,,,,
400,,,,,,,,
400,,,,,,,,
400,,,,,,,,
400,,,,,,,,
400,,,,,,,,
400,,,,,,,,
400,,,,,,,,
400,,,,,,,,
400,,,,,,,,
400,,,,,,,,
400,,,,,,,,
400,,,,,,,,
400,,,,,,,,
400,,,,,,,,
400,,,,,,,,
400,,,,,,,,
400,,,,,,,,
400,,,,,,,,
400,,,,,,,,
400,,,,,,,,
400,,,,,,,,
400,,,,,,,,
400,,,,,,,,
400,,,,,,,,
400,,,,,,,,
400,,,,,,,,
400,,,,,,,,
400,,,,,,,,
400,,,,,,,,
400,,,,,,,,
400,,,,,,,,
400,,,,,,,,
400,,,,,,,,
400,,,,,,,,
400,,,,,,,,
400,,,,,,,,
400,,,,,,,,
400,,,,,,,,
400,,,,,,,,
400,,,,,,,,
400,,,,,,,,
400,,,,,,,,
400,,,,,,,,
400,,,,,,,,
400,,,,,,,,
400,,,,,,,,
400,,,,,,,,
400,,,,,,,,
400,,,,,,,,
400,,,,,,,,
400,,,,,,,,
400,,,,,,,,
400,,,,,,,,
400,,,,,,,,
400,,,,,,,,
400,,,,,,,,
400,,,,,,,,
400,,,,,,,,
400,,,,,,,,
400,,,,,,,,
400,,,,,,,,
400,,,,,,,,
400,,,,,,,,
400,,,,,,,,
400,,,,,,,,
400,,,,,,,,
400,,,,,,,,
400,,,,,,,,
400,,,,,,,,
400,,,,,,,,
400,,,,,,,,
400,,,,,,,,
400,,,,,,,,
400,,,,,,,,
400,,,,,,,,
400,,,,,,,,
400,,,,,,,,
400,,,,,,,,
400,,,,,,,,
400,,,,,,,,
400,,,,,,,,
400,,,,,,,,
400,,,,,,,,
400,,,,,,,,
400,,,,,,,,
400,,,,,,,,
400,,,,,,,,
400,,,,,,,,
400,,,,,,,,
400,,,,,,,,
400,,,,,,,,
400,,,,,,,,
400,,,,,,,,
400,,,,,,,,
400,,,,,,,,
400,,,,,,,,
400,,,,,,,,
400,,,,,,,,
400,,,,,,,,
400,,,,,,,,
400,,,,,,,,
400,,,,,,,,
400,,,,,,,,
400,,,,,,,,
400,,,,,,,,
400,,,,,,,,
400,,,,,,,,
400,,,,,,,,
400,,,,,,,,
400,,,,,,,,
400,,,,,,,,
400,,,,,,,,
400,,,,,,,,
400,,,,,,,,
400,,,,,,,,
400,,,,,,,,
400,,,,,,,,
400,,,,,,,,
400,,,,,,,,
400,,,,,,,,
400,,,,,,,,
400,,,,,,,,
400,,,,,,,,
400,,,,,,,,
400,,,,,,,,
400,,,,,,,,
400,,,,,,,,
400,,,,,,,,
400,,,,,,,,
400,,,,,,,,
400,,,,,,,,
400,,,,,,,,
400,,,,,,,,
400,,,,,,,,
400,,,,,,,,
400,,,,,,,,
400,,,,,,,,
400,,,,,,,,
400,,,,,,,,
400,,,,,,,,
400,,,,,,,,
400,,,,,,,,
400,,,,,,,,
400,,,,,,,,
400,,,,,,,,
400,,,,,,,,
400,,,,,,,,
400,,,,,,,,
400,,,,,,,,
400,,,,,,,,
400,,,,,,,,
400,,,,,,,,
400,,,,,,,,
400,,,,,,,,
400,,,,,,,,
400,,,,,,,,
400,,,,,,,,
400,,,,,,,,
400,,,,,,,,
400,,,,,,,,
400,,,,,,,,
400,,,,,,,,
400,,,,,,,,
400,,,,,,,,
400,,,,,,,,
400,,,,,,,,
400,,,,,,,,
400,,,,,,,,
400,,,,,,,,
400,,,,,,,,
400,,,,,,,,
400,,,,,,,,
400,,,,,,,,
400,,,,,,,,
400,,,,,,,,
400,,,,,,,,
400,,,,,,,,
400,,,,,,,,
400,,,,,,,,
400,,,,,,,,
400,,,,,,,,
400,,,,,,,,
400,,,,,,,,
400,,,,,,,,
400,,,,,,,,
400,,,,,,,,
400,,,,,,,,
400,,,,,,,,
400,,,,,,,,
400,,,,,,,,
400,,,,,,,,
400,,,,,,,,
400,,,,,,,,
400,,,,,,,,
400,,,,,,,,
400,,,,,,,,
400,,,,,,,,
400,,,,,,,,
400,,,,,,,,
400,,,,,,,,
400,,,,,,,,
400,,,,,,,,
400,,,,,,,,
400,,,,,,,,
400,,,,,,,,
400,,,,,,,,
400,,,,,,,,
400,,,,,,,,
400,,,,,,,,
400,,,,,,,,
400,,,,,,,,
400,,,,,,,,
400,,,,,,,,
400,,,,,,,,
400,,,,,,,,
400,,,,,,,,
400,,,,,,,,
400,,,,,,,,
400,,,,,,,,
400,,,,,,,,
400,,,,,,,,
400,,,,,,,,
400,,,,,,,,
400,,,,,,,,
400,,,,,,,,
400,,,,,,,,
400,,,,,,,,
400,,,,,,,,
400,,,,,,,,
400,,,,,,,,
400,,,,,,,,
400,,,,,,,,
400,,,,,,,,
400,,,,,,,,
400,,,,,,,,
400,,,,,,,,
400,,,,,,,,
400,,,,,,,,
400,,,,,,,,
400,,,,,,,,
400,,,,,,,,
400,,,,,,,,
400,,,,,,,,
400,,,,,,,,
400,,,,,,,,
400,,,,,,,,
400,,,,,,,,
400,,,,,,,,
400,,,,,,,,
400,,,,,,,,
400,,,,,,,,
400,,,,,,,,
400,,,,,,,,
400,,,,,,,,
400,,,,,,,,
400,,,,,,,,
400,,,,,,,,
400,,,,,,,,
400,,,,,,,,
400,,,,,,,,
400,,,,,,,,
400,,,,,,,,
400,,,,,,,,
400,,,,,,,,
400,,,,,,,,
400,,,,,,,,
400,,,,,,,,
400,,,,,,,,
400,,,,,,,,
400,,,,,,,,
400,,,,,,,,
400,,,,,,,,
400,,,,,,,,
400,,,,,,,,
400,,,,,,,,
400,,,,,,,,
400,,,,,,,,
400,,,,,,,,
400,,,,,,,,
400,,,,,,,,
400,,,,,,,,
400,,,,,,,,
400,,,,,,,,
400,,,,,,,,
400,,,,,,,,
400,,,,,,,,
400,,,,,,,,
400,,,,,,,,
400,,,,,,,,
400,,,,,,,,
400,,,,,,,,
400,,,,,,,,
400,,,,,,,,
400,,,,,,,,
400,,,,,,,,
400,,,,,,,,
400,,,,,,,,
400,,,,,,,,
400,,,,,,,,
400,,,,,,,,
400,,,,,,,,
400,,,,,,,,
400,,,,,,,,
400,,,,,,,,
400,,,,,,,,
400,,,,,,,,
400,,,,,,,,
400,,,,,,,,
400,,,,,,,,
400,,,,,,,,
400,,,,,,,,
400,,,,,,,,
400,,,,,,,,
400,,,,,,,,
400,,,,,,,,
400,,,,,,,,
400,,,,,,,,
400,,,,,,,,
400,,,,,,,,
400,,,,,,,,
400,,,,,,,,
400,,,,,,,,
400,,,,,,,,
400,,,,,,,,
400,,,,,,,,
400,,,,,,,,
400,,,,,,,,
400,,,,,,,,
400,,,,,,,,
400,,,,,,,,
400,,,,,,,,
400,,,,,,,,
400,,,,,,,,
400,,,,,,,,
400,,,,,,,,
400,,,,,,,,
400,,,,,,,,
400,,,,,,,,
400,,,,,,,,
400,,,,,,,,
400,,,,,,,,
400,,,,,,,,
400,,,,,,,,
400,,,,,,,,
400,,,,,,,,
400,,,,,,,,
400,,,,,,,,
400,,,,,,,,
400,,,,,,,,
400,,,,,,,,
400,,,,,,,,
400,,,,,,,,
400,,,,,,,,
400,,,,,,,,
400,,,,,,,,
400,,,,,,,,
400,,,,,,,,
400,,,,,,,,
400,,,,,,,,
400,,,,,,,,
400,,,,,,,,
400,,,,,,,,
400,,,,,,,,
400,,,,,,,,
400,,,,,,,,
400,,,,,,,,
400,,,,,,,,
400,,,,,,,,
400,,,,,,,,
400,,,,,,,,
400,,,,,,,,
400,,,,,,,,
400,,,,,,,,
400,,,,,,,,
400,,,,,,,,
400,,,,,,,,
400,,,,,,,,
400,,,,,,,,
400,,,,,,,,
400,,,,,,,,
400,,,,,,,,
400,,,,,,,,
400,,,,,,,,
400,,,,,,,,
400,,,,,,,,
400,,,,,,,,
400,,,,,,,,
400,,,,,,,,
400,,,,,,,,
400,,,,,,,,
400,,,,,,,,
400,,,,,,,,
400,,,,,,,,
400,,,,,,,,
400,,,,,,,,
400,,,,,,,,
400,,,,,,,,
400,,,,,,,,
400,,,,,,,,
400,,,,,,,,
400,,,,,,,,
400,,,,,,,,
400,,,,,,,,
400,,,,,,,,
400,,,,,,,,
400,,,,,,,,
400,,,,,,,,
400,,,,,,,,
400,,,,,,,,
400,,,,,,,,
400,,,,,,,,
400,,,,,,,,
400,,,,,,,,
400,,,,,,,,
400,,,,,,,,
400,,,,,,,,
400,,,,,,,,
400,,,,,,,,
400,,,,,,,,
400,,,,,,,,
400,,,,,,,,
400,,,,,,,,
400,,,,,,,,
400,,,,,,,,
400,,,,,,,,
400,,,,,,,,
400,,,,,,,,
400,,,,,,,,
400,,,,,,,,
400,,,,,,,,
400,,,,,,,,
400,,,,,,,,
400,,,,,,,,
400,,,,,,,,
400,,,,,,,,
400,,,,,,,,
400,,,,,,,,
400,,,,,,,,
400,,,,,,,,
400,,,,,,,,
400,,,,,,,,
400,,,,,,,,
400,,,,,,,,
400,,,,,,,,
400,,,,,,,,
400,,,,,,,,
400,,,,,,,,
400,,,,,,,,
400,,,,,,,,
400,,,,,,,,
400,,,,,,,,
400,,,,,,,,
400,,,,,,,,
400,,,,,,,,
400,,,,,,,,
400,,,,,,,,
400,,,,,,,,
400,,,,,,,,
400,,,,,,,,
400,,,,,,,,
400,,,,,,,,
400,,,,,,,,
400,,,,,,,,
400,,,,,,,,
400,,,,,,,,
400,,,,,,,,
400,,,,,,,,
400,,,,,,,,
400,,,,,,,,
400,,,,,,,,
400,,,,,,,,
400,,,,,,,,
400,,,,,,,,
400,,,,,,,,
400,,,,,,,,
400,,,,,,,,
400,,,,,,,,
400,,,,,,,,
400,,,,,,,,
400,,,,,,,,
400,,,,,,,,
400,,,,,,,,
400,,,,,,,,
400,,,,,,,,
400,,,,,,,,
400,,,,,,,,
400,,,,,,,,
400,,,,,,,,
400,,,,,,,,
400,,,,,,,,
400,,,,,,,,
400,,,,,,,,
400,,,,,,,,
400,,,,,,,,
400,,,,,,,,
400,,,,,,,,
400,,,,,,,,
400,,,,,,,,
400,,,,,,,,
400,,,,,,,,
400,,,,,,,,
400,,,,,,,,
400,,,,,,,,
400,,,,,,,,
400,,,,,,,,
400,,,,,,,,
400,,,,,,,,
400,,,,,,,,
400,,,,,,,,
400,,,,,,,,
400,,,,,,,,
400,,,,,,,,
400,,,,,,,,
400,,,,,,,,
400,,,,,,,,
400,,,,,,,,
400,,,,,,,,
400,,,,,,,,
400,,,,,,,,
400,,,,,,,,
400,,,,,,,,
400,,,,,,,,
400,,,,,,,,
400,,,,,,,,
400,,,,,,,,
400,,,,,,,,
400,,,,,,,,
400,,,,,,,,
400,,,,,,,,
400,,,,,,,,
400,,,,,,,,
400,,,,,,,,
400,,,,,,,,
400,,,,,,,,
400,,,,,,,,
400,,,,,,,,
400,,,,,,,,
400,,,,,,,,
400,,,,,,,,
400,,,,,,,,
400,,,,,,,,
400,,,,,,,,
400,,,,,,,,
400,,,,,,,,
400,,,,,,,,
400,,,,,,,,
400,,,,,,,,
400,,,,,,,,
400,,,,,,,,
400,,,,,,,,
400,,,,,,,,
400,,,,,,,,
400,,,,,,,,
400,,,,,,,,
400,,,,,,,,
400,,,,,,,,
400,,,,,,,,
400,,,,,,,,
400,,,,,,,,
400,,,,,,,,
400,,,,,,,,
400,,,,,,,,
400,,,,,,,,
400,,,,,,,,
400,,,,,,,,
400,,,,,,,,
400,,,,,,,,
400,,,,,,,,
400,,,,,,,,
400,,,,,,,,
400,,,,,,,,
400,,,,,,,,
400,,,,,,,,
400,,,,,,,,
400,,,,,,,,
400,,,,,,,,
400,,,,,,,,
400,,,,,,,,
400,,,,,,,,
400,,,,,,,,
400,,,,,,,,
400,,,,,,,,
400,,,,,,,,
400,,,,,,,,
400,,,,,,,,
400,,,,,,,,
400,,,,,,,,
400,,,,,,,,
400,,,,,,,,
400,,,,,,,,
400,,,,,,,,
400,,,,,,,,
400,,,,,,,,
400,,,,,,,,
400,,,,,,,,
400,,,,,,,,
400,,,,,,,,
400,,,,,,,,
400,,,,,,,,
400,,,,,,,,
400,,,,,,,,
400,,,,,,,,
400,,,,,,,,
400,,,,,,,,
400,,,,,,,,
400,,,,,,,,
400,,,,,,,,
400,,,,,,,,
400,,,,,,,,
400,,,,,,,,
400,,,,,,,,
400,,,,,,,,
400,,,,,,,,
400,,,,,,,,
400,,,,,,,,
400,,,,,,,,
400,,,,,,,,
400,,,,,,,,
400,,,,,,,,
400,,,,,,,,
400,,,,,,,,
400,,,,,,,,
400,,,,,,,,
400,,,,,,,,
400,,,,,,,,
400,,,,,,,,
400,,,,,,,,
400,,,,,,,,
400,,,,,,,,
400,,,,,,,,
400,,,,,,,,
400,,,,,,,,
400,,,,,,,,
400,,,,,,,,
400,,,,,,,,
400,,,,,,,,
400,,,,,,,,
400,,,,,,,,
400,,,,,,,,
400,,,,,,,,
400,,,,,,,,
400,,,,,,,,
400,,,,,,,,
400,,,,,,,,
400,,,,,,,,
400,,,,,,,,
400,,,,,,,,
400,,,,,,,,
400,,,,,,,,
400,,,,,,,,
400,,,,,,,,
400,,,,,,,,
400,,,,,,,,
400,,,,,,,,
400,,,,,,,,
400,,,,,,,,
400,,,,,,,,
400,,,,,,,,
400,,,,,,,,
400,,,,,,,,
400,,,,,,,,
400,,,,,,,,
400,,,,,,,,
400,,,,,,,,
400,,,,,,,,
400,,,,,,,,
400,,,,,,,,
400,,,,,,,,
400,,,,,,,,
400,,,,,,,,
400,,,,,,,,
400,,,,,,,,
400,,,,,,,,
400,,,,,,,,
400,,,,,,,,
400,,,,,,,,
400,,,,,,,,
400,,,,,,,,
400,,,,,,,,
400,,,,,,,,
400,,,,,,,,
400,,,,,,,,
400,,,,,,,,
400,,,,,,,,
400,,,,,,,,
400,,,,,,,,
400,,,,,,,,
400,,,,,,,,
400,,,,,,,,
400,,,,,,,,
400,,,,,,,,
400,,,,,,,,
400,,,,,,,,
400,,,,,,,,
400,,,,,,,,
400,,,,,,,,
400,,,,,,,,
400,,,,,,,,
400,,,,,,,,
400,,,,,,,,
400,,,,,,,,
400,,,,,,,,
400,,,,,,,,
400,,,,,,,,
400,,,,,,,,
400,,,,,,,,
400,,,,,,,,
400,,,,,,,,
400,,,,,,,,
400,,,,,,,,
400,,,,,,,,
400,,,,,,,,
400,,,,,,,,
400,,,,,,,,
400,,,,,,,,
400,,,,,,,,
400,,,,,,,,
400,,,,,,,,
400,,,,,,,,
400,,,,,,,,
400,,,,,,,,
400,,,,,,,,
400,,,,,,,,
400,,,,,,,,
400,,,,,,,,
400,,,,,,,,
400,,,,,,,,
400,,,,,,,,
400,,,,,,,,
400,,,,,,,,
400,,,,,,,,
400,,,,,,,,
400,,,,,,,,
400,,,,,,,,
400,,,,,,,,
400,,,,,,,,
400,,,,,,,,
400,,,,,,,,
400,,,,,,,,
400,,,,,,,,
400,,,,,,,,
400,,,,,,,,
400,,,,,,,,
400,,,,,,,,
400,,,,,,,,
400,,,,,,,,
400,,,,,,,,
400,,,,,,,,
400,,,,,,,,
400,,,,,,,,
400,,,,,,,,
400,,,,,,,,
400,,,,,,,,
400,,,,,,,,
400,,,,,,,,
400,,,,,,,,
400,,,,,,,,
400,,,,,,,,
400,,,,,,,,
400,,,,,,,,
400,,,,,,,,
400,,,,,,,,
400,,,,,,,,
400,,,,,,,,
400,,,,,,,,
400,,,,,,,,
400,,,,,,,,
400,,,,,,,,
400,,,,,,,,
400,,,,,,,,
400,,,,,,,,
400,,,,,,,,
400,,,,,,,,
400,,,,,,,,
400,,,,,,,,
400,,,,,,,,
400,,,,,,,,
400,,,,,,,,
400,,,,,,,,
400,,,,,,,,
400,,,,,,,,
400,,,,,,,,
400,,,,,,,,
400,,,,,,,,
400,,,,,,,,
400,,,,,,,,
400,,,,,,,,
400,,,,,,,,
400,,,,,,,,
400,,,,,,,,
400,,,,,,,,
400,,,,,,,,
400,,,,,,,,
400,,,,,,,,
400,,,,,,,,
400,,,,,,,,
400,,,,,,,,
400,,,,,,,,
400,,,,,,,,
400,,,,,,,,
400,,,,,,,,
400,,,,,,,,
400,,,,,,,,
400,,,,,,,,
400,,,,,,,,
400,,,,,,,,
400,,,,,,,,
400,,,,,,,,
400,,,,,,,,
400,,,,,,,,
400,,,,,,,,
400,,,,,,,,
400,,,,,,,,
400,,,,,,,,
400,,,,,,,,
400,,,,,,,,
400,,,,,,,,
400,,,,,,,,
400,,,,,,,,
400,,,,,,,,
400,,,,,,,,
400,,,,,,,,
400,,,,,,,,
400,,,,,,,,
400,,,,,,,,
400,,,,,,,,
400,,,,,,,,
400,,,,,,,,
400,,,,,,,,
400,,,,,,,,
400,,,,,,,,
400,,,,,,,,
400,,,,,,,,
400,,,,,,,,
400,,,,,,,,
400,,,,,,,,
400,,,,,,,,
400,,,,,,,,
400,,,,,,,,
400,,,,,,,,
400,,,,,,,,
400,,,,,,,,
400,,,,,,,,
400,,,,,,,,
400,,,,,,,,
400,,,,,,,,
400,,,,,,,,
400,,,,,,,,
400,,,,,,,,
400,,,,,,,,
400,,,,,,,,
400,,,,,,,,
400,,,,,,,,
400,,,,,,,,
400,,,,,,,,
400,,,,,,,,
400,,,,,,,,
400,,,,,,,,
400,,,,,,,,
400,,,,,,,,
400,,,,,,,,
400,,,,,,,,
400,,,,,,,,
400,,,,,,,,
400,,,,,,,,
400,,,,,,,,
400,,,,,,,,
400,,,,,,,,
400,,,,,,,,
400,,,,,,,,
400,,,,,,,,
400,,,,,,,,
400,,,,,,,,
400,,,,,,,,
400,,,,,,,,
400,,,,,,,,
400,,,,,,,,
400,,,,,,,,
400,,,,,,,,
400,,,,,,,,
400,,,,,,,,
400,,,,,,,,
400,,,,,,,,
400,,,,,,,,
400,,,,,,,,
400,,,,,,,,
400,,,,,,,,
400,,,,,,,,
400,,,,,,,,
400,,,,,,,,
400,,,,,,,,
400,,,,,,,,
400,,,,,,,,
400,,,,,,,,
400,,,,,,,,
400,,,,,,,,
400,,,,,,,,
400,,,,,,,,
400,,,,,,,,
400,,,,,,,,
400,,,,,,,,
400,,,,,,,,
400,,,,,,,,
400,,,,,,,,
400,,,,,,,,
400,,,,,,,,
400,,,,,,,,
400,,,,,,,,
400,,,,,,,,
400,,,,,,,,
400,,,,,,,,
400,,,,,,,,
400,,,,,,,,
400,,,,,,,,
400,,,,,,,,
400,,,,,,,,
400,,,,,,,,
400,,,,,,,,
400,,,,,,,,
400,,,,,,,,
400,,,,,,,,
400,,,,,,,,
400,,,,,,,,
400,,,,,,,,
400,,,,,,,,
400,,,,,,,,
400,,,,,,,,
400,,,,,,,,
400,,,,,,,,
400,,,,,,,,
400,,,,,,,,
400,,,,,,,,
400,,,,,,,,
400,,,,,,,,
400,,,,,,,,
400,,,,,,,,
400,,,,,,,,
400,,,,,,,,
400,,,,,,,,
400,,,,,,,,
400,,,,,,,,
400,,,,,,,,
400,,,,,,,,
400,,,,,,,,
400,,,,,,,,
400,,,,,,,,
400,,,,,,,,
400,,,,,,,,
400,,,,,,,,
400,,,,,,,,
400,,,,,,,,
400,,,,,,,,
400,,,,,,,,
400,,,,,,,,
400,,,,,,,,
400,,,,,,,,
400,,,,,,,,
400,,,,,,,,
400,,,,,,,,
400,,,,,,,,
400,,,,,,,,
400,,,,,,,,
400,,,,,,,,
400,,,,,,,,
400,,,,,,,,
400,,,,,,,,
400,,,,,,,,
400,,,,,,,,
400,,,,,,,,
400,,,,,,,,
400,,,,,,,,
400,,,,,,,,
400,,,,,,,,
400,,,,,,,,
400,,,,,,,,
400,,,,,,,,
400,,,,,,,,
400,,,,,,,,
400,,,,,,,,
400,,,,,,,,
400,,,,,,,,
400,,,,,,,,
400,,,,,,,,
400,,,,,,,,
400,,,,,,,,
400,,,,,,,,
400,,,,,,,,
400,,,,,,,,
400,,,,,,,,
400,,,,,,,,
400,,,,,,,,
400,,,,,,,,
400,,,,,,,,
400,,,,,,,,
400,,,,,,,,
400,,,,,,,,
400,,,,,,,,
400,,,,,,,,
400,,,,,,,,
400,,,,,,,,
400,,,,,,,,
400,,,,,,,,
400,,,,,,,,
400,,,,,,,,
400,,,,,,,,
400,,,,,,,,
400,,,,,,,,
400,,,,,,,,
400,,,,,,,,
400,,,,,,,,
400,,,,,,,,
400,,,,,,,,
400,,,,,,,,
400,,,,,,,,
400,,,,,,,,
400,,,,,,,,
400,,,,,,,,
400,,,,,,,,
400,,,,,,,,
400,,,,,,,,
400,,,,,,,,
400,,,,,,,,
400,,,,,,,,
400,,,,,,,,
400,,,,,,,,
400,,,,,,,,
400,,,,,,,,
400,,,,,,,,
400,,,,,,,,
400,,,,,,,,
400,,,,,,,,
400,,,,,,,,
400,,,,,,,,
400,,,,,,,,
400,,,,,,,,
400,,,,,,,,
400,,,,,,,,
400,,,,,,,,
400,,,,,,,,
400,,,,,,,,
400,,,,,,,,
400,,,,,,,,
400,,,,,,,,
400,,,,,,,,
400,,,,,,,,
400,,,,,,,,
400,,,,,,,,
400,,,,,,,,
400,,,,,,,,
400,,,,,,,,
400,,,,,,,,
400,,,,,,,,
400,,,,,,,,
400,,,,,,,,
400,,,,,,,,
400,,,,,,,,
400,,,,,,,,
400,,,,,,,,
400,,,,,,,,
400,,,,,,,,
400,,,,,,,,
400,,,,,,,,
400,,,,,,,,
400,,,,,,,,
400,,,,,,,,
400,,,,,,,,
400,,,,,,,,
400,,,,,,,,
400,,,,,,,,
400,,,,,,,,
400,,,,,,,,
400,,,,,,,,
400,,,,,,,,
400,,,,,,,,
400,,,,,,,,
400,,,,,,,,
400,,,,,,,,
400,,,,,,,,
400,,,,,,,,
400,,,,,,,,
400,,,,,,,,
400,,,,,,,,
400,,,,,,,,
400,,,,,,,,
400,,,,,,,,
400,,,,,,,,
400,,,,,,,,
400,,,,,,,,
400,,,,,,,,
400,,,,,,,,
400,,,,,,,,
400,,,,,,,,
400,,,,,,,,
400,,,,,,,,
400,,,,,,,,
400,,,,,,,,
400,,,,,,,,
400,,,,,,,,
400,,,,,,,,
400,,,,,,,,
400,,,,,,,,
400,,,,,,,,
400,,,,,,,,
400,,,,,,,,
400,,,,,,,,
400,,,,,,,,
400,,,,,,,,
400,,,,,,,,
400,,,,,,,,
400,,,,,,,,
400,,,,,,,,
400,,,,,,,,
400,,,,,,,,
400,,,,,,,,
400,,,,,,,,
400,,,,,,,,
400,,,,,,,,
400,,,,,,,,
400,,,,,,,,
400,,,,,,,,
400,,,,,,,,
400,,,,,,,,
400,,,,,,,,
400,,,,,,,,
400,,,,,,,,
400,,,,,,,,
400,,,,,,,,
400,,,,,,,,
400,,,,,,,,
400,,,,,,,,
400,,,,,,,,
400,,,,,,,,
400,,,,,,,,
400,,,,,,,,
400,,,,,,,,
400,,,,,,,,
400,,,,,,,,
400,,,,,,,,
400,,,,,,,,
400,,,,,,,,
400,,,,,,,,
400,,,,,,,,
400,,,,,,,,
400,,,,,,,,
400,,,,,,,,
400,,,,,,,,
400,,,,,,,,
400,,,,,,,,
400,,,,,,,,
400,,,,,,,,
400,,,,,,,,
400,,,,,,,,
400,,,,,,,,
400,,,,,,,,
400,,,,,,,,
400,,,,,,,,
400,,,,,,,,
400,,,,,,,,
400,,,,,,,,
400,,,,,,,,
400,,,,,,,,
400,,,,,,,,
400,,,,,,,,
400,,,,,,,,
400,,,,,,,,
400,,,,,,,,
400,,,,,,,,
400,,,,,,,,
400,,,,,,,,
400,,,,,,,,
400,,,,,,,,
400,,,,,,,,
400,,,,,,,,
400,,,,,,,,
400,,,,,,,,
400,,,,,,,,
400,,,,,,,,
400,,,,,,,,
400,,,,,,,,
400,,,,,,,,
400,,,,,,,,
400,,,,,,,,
400,,,,,,,,
400,,,,,,,,
400,,,,,,,,
400,,,,,,,,
400,,,,,,,,
400,,,,,,,,
400,,,,,,,,
400,,,,,,,,
400,,,,,,,,
400,,,,,,,,
400,,,,,,,,
400,,,,,,,,
400,,,,,,,,
400,,,,,,,,
400,,,,,,,,
400,,,,,,,,
400,,,,,,,,
400,,,,,,,,
400,,,,,,,,
400,,,,,,,,
400,,,,,,,,
400,,,,,,,,
400,,,,,,,,
400,,,,,,,,
400,,,,,,,,
400,,,,,,,,
400,,,,,,,,
400,,,,,,,,
400,,,,,,,,
400,,,,,,,,
400,,,,,,,,
400,,,,,,,,
400,,,,,,,,
400,,,,,,,,
400,,,,,,,,
400,,,,,,,,
400,,,,,,,,
400,,,,,,,,
400,,,,,,,,
400,,,,,,,,
400,,,,,,,,
400,,,,,,,,
400,,,,,,,,
400,,,,,,,,
400,,,,,,,,
400,,,,,,,,
400,,,,,,,,
400,,,,,,,,
400,,,,,,,,
400,,,,,,,,
400,,,,,,,,
400,,,,,,,,
400,,,,,,,,
400,,,,,,,,
400,,,,,,,,
400,,,,,,,,
400,,,,,,,,
400,,,,,,,,
400,,,,,,,,
400,,,,,,,,
400,,,,,,,,
400,,,,,,,,
400,,,,,,,,
400,,,,,,,,
400,,,,,,,,
400,,,,,,,,
400,,,,,,,,
400,,,,,,,,
400,,,,,,,,
400,,,,,,,,
400,,,,,,,,
400,,,,,,,,
400,,,,,,,,
400,,,,,,,,
400,,,,,,,,
400,,,,,,,,
400,,,,,,,,
400,,,,,,,,
400,,,,,,,,
400,,,,,,,,
400,,,,,,,,
400,,,,,,,,
400,,,,,,,,
400,,,,,,,,
400,,,,,,,,
400,,,,,,,,
400,,,,,,,,
400,,,,,,,,
400,,,,,,,,
400,,,,,,,,
400,,,,,,,,
400,,,,,,,,
400,,,,,,,,
400,,,,,,,,
400,,,,,,,,
400,,,,,,,,
400,,,,,,,,
400,,,,,,,,
400,,,,,,,,
400,,,,,,,,
400,,,,,,,,
400,,,,,,,,
400,,,,,,,,
400,,,,,,,,
400,,,,,,,,
400,,,,,,,,
400,,,,,,,,
400,,,,,,,,
400,,,,,,,,
400,,,,,,,,
400,,,,,,,,
400,,,,,,,,
400,,,,,,,,
400,,,,,,,,
400,,,,,,,,
400,,,,,,,,
400,,,,,,,,
400,,,,,,,,
400,,,,,,,,
400,,,,,,,,
400,,,,,,,,
400,,,,,,,,
400,,,,,,,,
400,,,,,,,,
400,,,,,,,,
400,,,,,,,,
400,,,,,,,,
400,,,,,,,,
400,,,,,,,,
400,,,,,,,,
400,,,,,,,,
400,,,,,,,,
400,,,,,,,,
400,,,,,,,,
400,,,,,,,,
400,,,,,,,,
400,,,,,,,,
400,,,,,,,,
400,,,,,,,,
400,,,,,,,,
400,,,,,,,,
400,,,,,,,,
400,,,,,,,,
400,,,,,,,,
400,,,,,,,,
400,,,,,,,,
400,,,,,,,,
400,,,,,,,,
400,,,,,,,,
400,,,,,,,,
400,,,,,,,,
400,,,,,,,,
400,,,,,,,,
400,,,,,,,,
400,,,,,,,,
400,,,,,,,,
400,,,,,,,,
400,,,,,,,,
400,,,,,,,,
400,,,,,,,,
400,,,,,,,,
400,,,,,,,,
400,,,,,,,,
400,,,,,,,,
400,,,,,,,,
400,,,,,,,,
400,,,,,,,,
400,,,,,,,,
400,,,,,,,,
400,,,,,,,,
400,,,,,,,,
400,,,,,,,,
400,,,,,,,,
400,,,,,,,,
400,,,,,,,,
400,,,,,,,,
400,,,,,,,,
400,,,,,,,,
400,,,,,,,,
400,,,,,,,,
400,,,,,,,,
400,,,,,,,,
400,,,,,,,,
400,,,,,,,,
400,,,,,,,,
400,,,,,,,,
400,,,,,,,,
400,,,,,,,,
400,,,,,,,,
400,,,,,,,,
400,,,,,,,,
400,,,,,,,,
400,,,,,,,,
400,,,,,,,,
400,,,,,,,,
400,,,,,,,,
400,,,,,,,,
400,,,,,,,,
400,,,,,,,,
400,,,,,,,,
400,,,,,,,,
400,,,,,,,,
400,,,,,,,,
400,,,,,,,,
400,,,,,,,,
400,,,,,,,,
400,,,,,,,,
400,,,,,,,,
400,,,,,,,,
400,,,,,,,,
400,,,,,,,,
400,,,,,,,,
400,,,,,,,,
400,,,,,,,,
400,,,,,,,,
400,,,,,,,,
400,,,,,,,,
400,,,,,,,,
400,,,,,,,,
400,,,,,,,,
400,,,,,,,,
400,,,,,,,,
400,,,,,,,,
400,,,,,,,,
400,,,,,,,,
400,,,,,,,,
400,,,,,,,,
400,,,,,,,,
400,,,,,,,,
400,,,,,,,,
400,,,,,,,,
400,,,,,,,,
400,,,,,,,,
400,,,,,,,,
400,,,,,,,,
400,,,,,,,,
400,,,,,,,,
400,,,,,,,,
400,,,,,,,,
400,,,,,,,,
400,,,,,,,,
400,,,,,,,,
400,,,,,,,,
400,,,,,,,,
400,,,,,,,,
400,,,,,,,,
400,,,,,,,,
400,,,,,,,,
400,,,,,,,,
400,,,,,,,,
400,,,,,,,,
400,,,,,,,,
400,,,,,,,,
400,,,,,,,,
400,,,,,,,,
400,,,,,,,,
400,,,,,,,,
400,,,,,,,,
400,,,,,,,,
400,,,,,,,,
400,,,,,,,,
400,,,,,,,,
400,,,,,,,,
400,,,,,,,,
400,,,,,,,,
400,,,,,,,,
400,,,,,,,,
400,,,,,,,,
400,,,,,,,,
400,,,,,,,,
400,,,,,,,,
400,,,,,,,,
400,,,,,,,,
400,,,,,,,,
400,,,,,,,,
400,,,,,,,,
400,,,,,,,,
400,,,,,,,,
400,,,,,,,,
400,,,,,,,,
400,,,,,,,,
400,,,,,,,,
400,,,,,,,,
400,,,,,,,,
400,,,,,,,,
400,,,,,,,,
400,,,,,,,,
400,,,,,,,,
400,,,,,,,,
400,,,,,,,,
400,,,,,,,,
400,,,,,,,,
400,,,,,,,,
400,,,,,,,,
400,,,,,,,,
400,,,,,,,,
400,,,,,,,,
400,,,,,,,,
400,,,,,,,,
400,,,,,,,,
400,,,,,,,,
400,,,,,,,,
400,,,,,,,,
400,,,,,,,,
400,,,,,,,,
400,,,,,,,,
400,,,,,,,,
400,,,,,,,,
400,,,,,,,,
400,,,,,,,,
400,,,,,,,,
400,,,,,,,,
400,,,,,,,,
400,,,,,,,,
400,,,,,,,,
400,,,,,,,,
400,,,,,,,,
400,,,,,,,,
400,,,,,,,,
400,,,,,,,,
400,,,,,,,,
400,,,,,,,,
400,,,,,,,,
400,,,,,,,,
400,,,,,,,,
400,,,,,,,,
400,,,,,,,,
400,,,,,,,,
400,,,,,,,,
400,,,,,,,,
400,,,,,,,,
400,,,,,,,,
400,,,,,,,,
400,,,,,,,,
400,,,,,,,,
400,,,,,,,,
400,,,,,,,,
400,,,,,,,,
400,,,,,,,,
400,,,,,,,,
400,,,,,,,,
400,,,,,,,,
400,,,,,,,,
400,,,,,,,,
400,,,,,,,,
400,,,,,,,,
400,,,,,,,,
400,,,,,,,,
400,,,,,,,,
400,,,,,,,,
400,,,,,,,,
400,,,,,,,,
400,,,,,,,,
400,,,,,,,,
400,,,,,,,,
400,,,,,,,,
400,,,,,,,,
400,,,,,,,,
400,,,,,,,,
400,,,,,,,,
400,,,,,,,,
400,,,,,,,,
400,,,,,,,,
400,,,,,,,,
400,,,,,,,,
400,,,,,,,,
400,,,,,,,,
400,,,,,,,,
400,,,,,,,,
400,,,,,,,,
400,,,,,,,,
400,,,,,,,,
400,,,,,,,,
400,,,,,,,,
400,,,,,,,,
400,,,,,,,,
400,,,,,,,,
400,,,,,,,,
400,,,,,,,,
400,,,,,,,,
400,,,,,,,,
400,,,,,,,,
400,,,,,,,,
400,,,,,,,,
400,,,,,,,,
400,,,,,,,,
400,,,,,,,,
400,,,,,,,,
400,,,,,,,,
400,,,,,,,,
400,,,,,,,,
400,,,,,,,,
400,,,,,,,,
400,,,,,,,,
400,,,,,,,,
400,,,,,,,,
400,,,,,,,,
400,,,,,,,,
400,,,,,,,,
400,,,,,,,,
400,,,,,,,,
400,,,,,,,,
400,,,,,,,,
400,,,,,,,,
400,,,,,,,,
400,,,,,,,,
400,,,,,,,,
400,,,,,,,,
400,,,,,,,,
400,,,,,,,,
400,,,,,,,,
400,,,,,,,,
400,,,,,,,,
400,,,,,,,,
400,,,,,,,,
400,,,,,,,,
400,,,,,,,,
400,,,,,,,,
400,,,,,,,,
400,,,,,,,,
400,,,,,,,,
400,,,,,,,,
400,,,,,,,,
400,,,,,,,,
400,,,,,,,,
400,,,,,,,,
400,,,,,,,,
400,,,,,,,,
400,,,,,,,,
400,,,,,,,,
400,,,,,,,,
400,,,,,,,,
400,,,,,,,,
400,,,,,,,,
400,,,,,,,,
400,,,,,,,,
400,,,,,,,,
400,,,,,,,,
400,,,,,,,,
400,,,,,,,,
400,,,,,,,,
400,,,,,,,,
400,,,,,,,,
400,,,,,,,,
400,,,,,,,,
400,,,,,,,,
400,,,,,,,,
400,,,,,,,,
400,,,,,,,,
400,,,,,,,,
400,,,,,,,,
400,,,,,,,,
400,,,,,,,,
400,,,,,,,,
400,,,,,,,,
400,,,,,,,,
400,,,,,,,,
400,,,,,,,,
400,,,,,,,,
400,,,,,,,,
400,,,,,,,,
400,,,,,,,,
400,,,,,,,,
400,,,,,,,,
400,,,,,,,,
400,,,,,,,,
400,,,,,,,,
400,,,,,,,,
400,,,,,,,,
400,,,,,,,,
400,,,,,,,,
400,,,,,,,,
400,,,,,,,,
400,,,,,,,,
400,,,,,,,,
400,,,,,,,,
400,,,,,,,,
400,,,,,,,,
400,,,,,,,,
400,,,,,,,,
400,,,,,,,,
400,,,,,,,,
400,,,,,,,,
400,,,,,,,,
400,,,,,,,,
400,,,,,,,,
400,,,,,,,,
400,,,,,,,,
400,,,,,,,,
400,,,,,,,,
400,,,,,,,,
400,,,,,,,,
400,,,,,,,,
400,,,,,,,,
400,,,,,,,,
400,,,,,,,,
400,,,,,,,,
400,,,,,,,,
400,,,,,,,,
400,,,,,,,,
400,,,,,,,,
400,,,,,,,,
400,,,,,,,,
400,,,,,,,,
400,,,,,,,,
400,,,,,,,,
400,,,,,,,,
400,,,,,,,,
400,,,,,,,,
400,,,,,,,,
400,,,,,,,,
400,,,,,,,,
400,,,,,,,,
400,,,,,,,,
400,,,,,,,,
400,,,,,,,,
400,,,,,,,,
400,,,,,,,,
400,,,,,,,,
400,,,,,,,,
400,,,,,,,,
400,,,,,,,,
400,,,,,,,,
400,,,,,,,,
400,,,,,,,,
400,,,,,,,,
400,,,,,,,,
400,,,,,,,,
400,,,,,,,,
400,,,,,,,,
400,,,,,,,,
400,,,,,,,,
400,,,,,,,,
400,,,,,,,,
400,,,,,,,,
400,,,,,,,,
400,,,,,,,,
400,,,,,,,,
400,,,,,,,,
400,,,,,,,,
400,,,,,,,,
400,,,,,,,,
400,,,,,,,,
400,,,,,,,,
400,,,,,,,,
400,,,,,,,,
400,,,,,,,,
400,,,,,,,,
400,,,,,,,,
400,,,,,,,,
400,,,,,,,,
400,,,,,,,,
400,,,,,,,,
400,,,,,,,,
400,,,,,,,,
400,,,,,,,,
400,,,,,,,,
400,,,,,,,,
400,,,,,,,,
400,,,,,,,,
400,,,,,,,,
400,,,,,,,,
400,,,,,,,,
400,,,,,,,,
400,,,,,,,,
400,,,,,,,,
400,,,,,,,,
400,,,,,,,,
400,,,,,,,,
400,,,,,,,,
400,,,,,,,,
400,,,,,,,,
400,,,,,,,,
400,,,,,,,,
400,,,,,,,,
400,,,,,,,,
400,,,,,,,,
400,,,,,,,,
400,,,,,,,,
400,,,,,,,,
400,,,,,,,,
400,,,,,,,,
400,,,,,,,,
400,,,,,,,,
400,,,,,,,,
400,,,,,,,,
400,,,,,,,,
400,,,,,,,,
400,,,,,,,,
400,,,,,,,,
400,,,,,,,,
400,,,,,,,,
400,,,,,,,,
400,,,,,,,,
400,,,,,,,,
400,,,,,,,,
400,,,,,,,,
400,,,,,,,,
400,,,,,,,,
400,,,,,,,,
400,,,,,,,,
400,,,,,,,,
400,,,,,,,,
400,,,,,,,,
400,,,,,,,,
400,,,,,,,,
400,,,,,,,,
400,,,,,,,,
400,,,,,,,,
400,,,,,,,,
400,,,,,,,,
400,,,,,,,,
400,,,,,,,,
400,,,,,,,,
400,,,,,,,,
400,,,,,,,,
400,,,,,,,,
400,,,,,,,,
400,,,,,,,,
400,,,,,,,,
400,,,,,,,,
400,,,,,,,,
400,,,,,,,,
400,,,,,,,,
400,,,,,,,,
400,,,,,,,,
400,,,,,,,,
400,,,,,,,,
400,,,,,,,,
400,,,,,,,,
400,,,,,,,,
400,,,,,,,,
400,,,,,,,,
400,,,,,,,,
400,,,,,,,,
400,,,,,,,,
400,,,,,,,,
400,,,,,,,,
400,,,,,,,,
400,,,,,,,,
400,,,,,,,,
400,,,,,,,,
400,,,,,,,,
400,,,,,,,,
400,,,,,,,,
400,,,,,,,,
400,,,,,,,,
400,,,,,,,,
400,,,,,,,,
400,,,,,,,,
400,,,,,,,,
400,,,,,,,,
400,,,,,,,,
400,,,,,,,,
400,,,,,,,,
400,,,,,,,,
400,,,,,,,,
400,,,,,,,,
400,,,,,,,,
400,,,,,,,,
400,,,,,,,,
400,,,,,,,,
400,,,,,,,,
400,,,,,,,,
400,,,,,,,,
400,,,,,,,,
400,,,,,,,,
400,,,,,,,,
400,,,,,,,,
400,,,,,,,,
400,,,,,,,,
400,,,,,,,,
400,,,,,,,,
400,,,,,,,,
400,,,,,,,,
400,,,,,,,,
400,,,,,,,,
400,,,,,,,,
400,,,,,,,,
400,,,,,,,,
400,,,,,,,,
400,,,,,,,,
400,,,,,,,,
400,,,,,,,,
400,,,,,,,,
400,,,,,,,,
400,,,,,,,,
400,,,,,,,,
400,,,,,,,,
400,,,,,,,,
400,,,,,,,,
400,,,,,,,,
400,,,,,,,,
400,,,,,,,,
400,,,,,,,,
400,,,,,,,,
400,,,,,,,,
400,,,,,,,,
400,,,,,,,,
400,,,,,,,,
400,,,,,,,,
400,,,,,,,,
400,,,,,,,,
400,,,,,,,,
400,,,,,,,,
400,,,,,,,,
400,,,,,,,,
400,,,,,,,,
400,,,,,,,,
400,,,,,,,,
400,,,,,,,,
400,,,,,,,,
400,,,,,,,,
400,,,,,,,,
400,,,,,,,,
400,,,,,,,,
400,,,,,,,,
400,,,,,,,,
400,,,,,,,,
400,,,,,,,,
400,,,,,,,,
400,,,,,,,,
400,,,,,,,,
400,,,,,,,,
400,,,,,,,,
400,,,,,,,,
400,,,,,,,,
400,,,,,,,,
400,,,,,,,,
400,,,,,,,,
400,,,,,,,,
400,,,,,,,,
400,,,,,,,,
400,,,,,,,,
400,,,,,,,,
400,,,,,,,,
400,,,,,,,,
400,,,,,,,,
400,,,,,,,,
400,,,,,,,,
400,,,,,,,,
400,,,,,,,,
400,,,,,,,,
400,,,,,,,,
400,,,,,,,,
400,,,,,,,,
400,,,,,,,,
400,,,,,,,,
400,,,,,,,,
400,,,,,,,,
400,,,,,,,,
400,,,,,,,,
400,,,,,,,,
400,,,,,,,,
400,,,,,,,,
400,,,,,,,,
400,,,,,,,,
400,,,,,,,,
400,,,,,,,,
400,,,,,,,,
400,,,,,,,,
400,,,,,,,,
400,,,,,,,,
400,,,,,,,,
400,,,,,,,,
400,,,,,,,,
400,,,,,,,,
400,,,,,,,,
400,,,,,,,,
400,,,,,,,,
400,,,,,,,,
400,,,,,,,,
400,,,,,,,,
400,,,,,,,,
400,,,,,,,,
400,,,,,,,,
400,,,,,,,,
400,,,,,,,,
400,,,,,,,,
400,,,,,,,,
400,,,,,,,,
400,,,,,,,,
400,,,,,,,,
400,,,,,,,,
400,,,,,,,,
400,,,,,,,,
400,,,,,,,,
400,,,,,,,,
400,,,,,,,,
400,,,,,,,,
400,,,,,,,,
400,,,,,,,,
400,,,,,,,,
400,,,,,,,,
400,,,,,,,,
400,,,,,,,,
400,,,,,,,,
400,,,,,,,,
400,,,,,,,,
400,,,,,,,,
400,,,,,,,,
400,,,,,,,,
400,,,,,,,,
400,,,,,,,,
400,,,,,,,,
400,,,,,,,,
400,,,,,,,,
400,,,,,,,,
400,,,,,,,,
400,,,,,,,,
400,,,,,,,,
400,,,,,,,,
400,,,,,,,,
400,,,,,,,,
400,,,,,,,,
400,,,,,,,,
400,,,,,,,,
400,,,,,,,,
400,,,,,,,,
400,,,,,,,,
400,,,,,,,,
400,,,,,,,,
400,,,,,,,,
400,,,,,,,,
400,,,,,,,,
400,,,,,,,,
400,,,,,,,,
400,,,,,,,,
400,,,,,,,,
400,,,,,,,,
400,,,,,,,,
400,,,,,,,,
400,,,,,,,,
400,,,,,,,,
400,,,,,,,,
400,,,,,,,,
400,,,,,,,,
400,,,,,,,,
400,,,,,,,,
400,,,,,,,,
400,,,,,,,,
400,,,,,,,,
400,,,,,,,,
400,,,,,,,,
400,,,,,,,,
400,,,,,,,,
400,,,,,,,,
400,,,,,,,,
400,,,,,,,,
400,,,,,,,,
400,,,,,,,,
400,,,,,,,,
400,,,,,,,,
400,,,,,,,,
400,,,,,,,,
400,,,,,,,,
400,,,,,,,,
400,,,,,,,,
400,,,,,,,,
400,,,,,,,,
400,,,,,,,,
400,,,,,,,,
400,,,,,,,,
400,,,,,,,,
400,,,,,,,,
400,,,,,,,,
400,,,,,,,,
400,,,,,,,,
400,,,,,,,,
400,,,,,,,,
400,,,,,,,,
400,,,,,,,,
400,,,,,,,,
400,,,,,,,,
400,,,,,,,,
400,,,,,,,,
400,,,,,,,,
400,,,,,,,,
400,,,,,,,,
400,,,,,,,,
400,,,,,,,,
400,,,,,,,,
400,,,,,,,,
400,,,,,,,,
400,,,,,,,,
400,,,,,,,,
400,,,,,,,,
400,,,,,,,,
400,,,,,,,,
400,,,,,,,,
400,,,,,,,,
400,,,,,,,,
400,,,,,,,,
400,,,,,,,,
400,,,,,,,,
400,,,,,,,,
400,,,,,,,,
400,,,,,,,,
400,,,,,,,,
400,,,,,,,,
400,,,,,,,,
400,,,,,,,,
400,,,,,,,,
400,,,,,,,,
400,,,,,,,,
400,,,,,,,,
400,,,,,,,,
400,,,,,,,,
400,,,,,,,,
400,,,,,,,,
400,,,,,,,,
400,,,,,,,,
400,,,,,,,,
400,,,,,,,,
400,,,,,,,,
400,,,,,,,,
400,,,,,,,,
400,,,,,,,,
400,,,,,,,,
400,,,,,,,,
400,,,,,,,,
400,,,,,,,,
400,,,,,,,,
400,,,,,,,,
400,,,,,,,,
400,,,,,,,,
400,,,,,,,,
400,,,,,,,,
400,,,,,,,,
400,,,,,,,,
400,,,,,,,,
400,,,,,,,,
400,,,,,,,,
400,,,,,,,,
400,,,,,,,,
400,,,,,,,,
400,,,,,,,,
400,,,,,,,,
400,,,,,,,,
400,,,,,,,,
400,,,,,,,,
400,,,,,,,,
400,,,,,,,,
400,,,,,,,,
400,,,,,,,,
400,,,,,,,,
400,,,,,,,,
400,,,,,,,,
400,,,,,,,,
400,,,,,,,,
400,,,,,,,,
400,,,,,,,,
400,,,,,,,,
400,,,,,,,,
400,,,,,,,,
400,,,,,,,,
400,,,,,,,,
400,,,,,,,,
400,,,,,,,,
400,,,,,,,,
400,,,,,,,,
400,,,,,,,,
400,,,,,,,,
400,,,,,,,,
400,,,,,,,,
400,,,,,,,,
400,,,,,,,,
400,,,,,,,,
400,,,,,,,,
400,,,,,,,,
400,,,,,,,,
400,,,,,,,,
400,,,,,,,,
400,,,,,,,,
400,,,,,,,,
400,,,,,,,,
400,,,,,,,,
400,,,,,,,,
400,,,,,,,,
400,,,,,,,,
400,,,,,,,,
400,,,,,,,,
400,,,,,,,,
400,,,,,,,,
400,,,,,,,,
400,,,,,,,,
400,,,,,,,,
400,,,,,,,,
400,,,,,,,,
400,,,,,,,,
400,,,,,,,,
400,,,,,,,,
400,,,,,,,,
400,,,,,,,,
400,,,,,,,,
400,,,,,,,,
400,,,,,,,,
400,,,,,,,,
400,,,,,,,,
400,,,,,,,,
400,,,,,,,,
400,,,,,,,,
400,,,,,,,,
400,,,,,,,,
400,,,,,,,,
400,,,,,,,,
400,,,,,,,,
400,,,,,,,,
400,,,,,,,,
400,,,,,,,,
400,,,,,,,,
400,,,,,,,,
400,,,,,,,,
400,,,,,,,,
400,,,,,,,,
400,,,,,,,,
400,,,,,,,,
400,,,,,,,,
400,,,,,,,,
400,,,,,,,,
400,,,,,,,,
400,,,,,,,,
400,,,,,,,,
400,,,,,,,,
400,,,,,,,,
400,,,,,,,,
400,,,,,,,,
400,,,,,,,,
400,,,,,,,,
400,,,,,,,,
400,,,,,,,,
400,,,,,,,,
400,,,,,,,,
400,,,,,,,,
400,,,,,,,,
400,,,,,,,,
400,,,,,,,,
400,,,,,,,,
400,,,,,,,,
400,,,,,,,,
400,,,,,,,,
400,,,,,,,,
400,,,,,,,,
400,,,,,,,,
400,,,,,,,,
400,,,,,,,,
400,,,,,,,,
400,,,,,,,,
400,,,,,,,,
400,,,,,,,,
400,,,,,,,,
400,,,,,,,,
400,,,,,,,,
400,,,,,,,,
400,,,,,,,,
400,,,,,,,,
400,,,,,,,,
400,,,,,,,,
400,,,,,,,,
400,,,,,,,,
400,,,,,,,,
400,,,,,,,,
400,,,,,,,,
400,,,,,,,,
400,,,,,,,,
400,,,,,,,,
400,,,,,,,,
400,,,,,,,,
400,,,,,,,,
400,,,,,,,,
400,,,,,,,,
400,,,,,,,,
400,,,,,,,,
400,,,,,,,,
400,,,,,,,,
400,,,,,,,,
400,,,,,,,,
400,,,,,,,,
400,,,,,,,,
400,,,,,,,,
400,,,,,,,,
400,,,,,,,,
400,,,,,,,,
400,,,,,,,,
400,,,,,,,,
400,,,,,,,,
400,,,,,,,,
400,,,,,,,,
400,,,,,,,,
400,,,,,,,,
400,,,,,,,,
400,,,,,,,,
400,,,,,,,,
400,,,,,,,,
400,,,,,,,,
400,,,,,,,,
400,,,,,,,,
400,,,,,,,,
400,,,,,,,,
400,,,,,,,,
400,,,,,,,,
400,,,,,,,,
400,,,,,,,,
400,,,,,,,,
400,,,,,,,,
400,,,,,,,,
400,,,,,,,,
400,,,,,,,,
400,,,,,,,,
400,,,,,,,,
400,,,,,,,,
400,,,,,,,,
400,,,,,,,,
400,,,,,,,,
400,,,,,,,,
400,,,,,,,,
400,,,,,,,,
400,,,,,,,,
400,,,,,,,,